[0.000000] (-) TimerEvent: {}
[0.000728] (nav_bot) JobQueued: {'identifier': 'nav_bot', 'dependencies': OrderedDict()}
[0.000775] (nav_bot) JobStarted: {'identifier': 'nav_bot'}
[0.014104] (nav_bot) JobProgress: {'identifier': 'nav_bot', 'progress': 'cmake'}
[0.014895] (nav_bot) JobProgress: {'identifier': 'nav_bot', 'progress': 'build'}
[0.015457] (nav_bot) Command: {'cmd': ['/usr/bin/cmake', '--build', '/home/rohan/cobotx/build/nav_bot', '--', '-j16', '-l16'], 'cwd': '/home/rohan/cobotx/build/nav_bot', 'env': OrderedDict([('GJS_DEBUG_TOPICS', 'JS ERROR;JS LOG'), ('PYTHON_BASIC_REPL', '1'), ('LESSOPEN', '| /usr/bin/lesspipe %s'), ('GZ_SIM_RESOURCE_PATH', ':/opt/ros/humble/share/ros_gz_sim_demos/models:/opt/ros/humble/share/ros_gz_sim_demos/models'), ('SVGA_VGPU10', '0'), ('LANGUAGE', 'en_IN:en'), ('USER', 'rohan'), ('XDG_SESSION_TYPE', 'wayland'), ('GIT_ASKPASS', '/usr/share/code/resources/app/extensions/git/dist/askpass.sh'), ('IGNITION_VERSION', 'fortress'), ('__GLX_VENDOR_LIBRARY_NAME', 'nvidia'), ('SHLVL', '1'), ('LD_LIBRARY_PATH', '/home/rohan/px4/ros2_ws/install/translation_node/lib:/home/rohan/px4/ros2_ws/install/px4_ros_com/lib:/home/rohan/px4/ros2_ws/install/px4_msgs_old/lib:/home/rohan/px4/ros2_ws/install/px4_msgs/lib:/home/rohan/px4/ros2_ws/install/px4/lib:/home/rohan/px4/px4_ros_uxrce_dds_ws/install/microxrcedds_agent/lib:/usr/local/lib:/usr/local/lib:/opt/ros/humble/opt/zenoh_cpp_vendor/lib:/usr/lib/x86_64-linux-gnu/gazebo-11/plugins:/opt/ros/humble/opt/rviz_ogre_vendor/lib:/opt/ros/humble/lib/x86_64-linux-gnu:/opt/ros/humble/lib:/usr/lib/x86_64-linux-gnu/gazebo-11/plugins::/usr/lib/x86_64-linux-gnu/gazebo-11/plugins:/usr/lib/x86_64-linux-gnu/gazebo-11/plugins::/usr/lib/x86_64-linux-gnu/gazebo-11/plugins:/usr/lib/x86_64-linux-gnu/gazebo-11/plugins:/usr/lib/x86_64-linux-gnu/gazebo-11/plugins::/usr/lib/x86_64-linux-gnu/gazebo-11/plugins:/usr/lib/x86_64-linux-gnu/gazebo-11/plugins:/usr/lib/x86_64-linux-gnu/gazebo-11/plugins:/usr/lib/x86_64-linux-gnu/gazebo-11/plugins:'), ('HOME', '/home/rohan'), ('CHROME_DESKTOP', 'code.desktop'), ('TERM_PROGRAM_VERSION', '1.112.0'), ('DESKTOP_SESSION', 'ubuntu'), ('GIO_LAUNCHED_DESKTOP_FILE', '/usr/share/applications/code.desktop'), ('GAZEBO_MASTER_URI', 'http://localhost:11345'), ('ROS_PYTHON_VERSION', '3'), ('GNOME_SHELL_SESSION_MODE', 'ubuntu'), ('GTK_MODULES', 'gail:atk-bridge'), ('VSCODE_GIT_ASKPASS_MAIN', '/usr/share/code/resources/app/extensions/git/dist/askpass-main.js'), ('VSCODE_GIT_ASKPASS_NODE', '/usr/share/code/code'), ('MANAGERPID', '1812'), ('PYDEVD_DISABLE_FILE_VALIDATION', '1'), ('SYSTEMD_EXEC_PID', '1999'), ('BUNDLED_DEBUGPY_PATH', '/home/rohan/.vscode/extensions/ms-python.debugpy-2026.6.0-linux-x64/bundled/libs/debugpy'), ('IM_CONFIG_CHECK_ENV', '1'), ('VSCODE_PYTHON_AUTOACTIVATE_GUARD', '1'), ('DBUS_SESSION_BUS_ADDRESS', 'unix:path=/run/user/1000/bus'), ('COLORTERM', 'truecolor'), ('GIO_LAUNCHED_DESKTOP_FILE_PID', '5376'), ('NVM_DIR', '/home/rohan/.nvm'), ('IM_CONFIG_PHASE', '1'), ('WAYLAND_DISPLAY', 'wayland-0'), ('COLCON_PREFIX_PATH', '/home/rohan/cobotx/install:/home/rohan/px4/ros2_ws/install:/home/rohan/px4/px4_ros_uxrce_dds_ws/install'), ('ROS_DISTRO', 'humble'), ('LOGNAME', 'rohan'), ('JOURNAL_STREAM', '8:18156'), ('_', '/usr/bin/colcon'), ('ROS_VERSION', '2'), ('CLAUDE_CODE_SSE_PORT', '24599'), ('XDG_SESSION_CLASS', 'user'), ('USERNAME', 'rohan'), ('TERM', 'xterm-256color'), ('GAZEBO_MODEL_PATH', '/usr/share/gazebo-11/models:/usr/share/gazebo-11/models:/usr/share/gazebo-11/models:/usr/share/gazebo-11/models::/trial/src/my_bot/urdf/my_bot.urdf:home/rohan/gazebo11_models/models:/trial/src/my_bot/urdf/my_bot.urdf:home/rohan/gazebo11_models/models'), ('GNOME_DESKTOP_SESSION_ID', 'this-is-deprecated'), ('FC_FONTATIONS', '1'), ('ROS_LOCALHOST_ONLY', '0'), ('OGRE_RESOURCE_PATH', '/usr/lib/x86_64-linux-gnu/OGRE-1.9.0'), ('PATH', '/home/rohan/px4/px4_ros_uxrce_dds_ws/install/microxrcedds_agent/bin:/home/rohan/.config/Code/User/globalStorage/github.copilot-chat/debugCommand:/home/rohan/.config/Code/User/globalStorage/github.copilot-chat/copilotCli:/home/rohan/.local/bin:/opt/ros/humble/bin:/home/rohan/.local/bin:/usr/local/sbin:/usr/local/bin:/usr/sbin:/usr/bin:/sbin:/bin:/usr/games:/usr/local/games:/snap/bin:/snap/bin:/opt/ros/humble/share/gazebo_dev/gz/bin:/opt/xtensa-esp-elf/bin/:/opt/xtensa-esp-elf/bin/:/home/rohan/.vscode/extensions/ms-python.debugpy-2026.6.0-linux-x64/bundled/scripts/noConfigScripts:/opt/ros/humble/share/gazebo_dev/gz/bin:/opt/xtensa-esp-elf/bin/:/opt/xtensa-esp-elf/bin/'), ('SESSION_MANAGER', 'local/rohan-IdeaPad-Gaming-3-15ACH6:@/tmp/.ICE-unix/1964,unix/rohan-IdeaPad-Gaming-3-15ACH6:/tmp/.ICE-unix/1964'), ('INVOCATION_ID', '4280bea335f543f6af5923b9d57b4750'), ('XDG_MENU_PREFIX', 'gnome-'), ('GNOME_SETUP_DISPLAY', ':1'), ('XDG_RUNTIME_DIR', '/run/user/1000'), ('GDK_BACKEND', 'wayland'), ('DISPLAY', ':0'), ('VSCODE_DEBUGPY_ADAPTER_ENDPOINTS', '/home/rohan/.vscode/extensions/ms-python.debugpy-2026.6.0-linux-x64/.noConfigDebugAdapterEndpoints/endpoint-2ff497d661051a45.txt'), ('LANG', 'en_US.UTF-8'), ('XDG_CURRENT_DESKTOP', 'ubuntu:GNOME'), ('PYTHONSTARTUP', '/home/rohan/.config/Code/User/workspaceStorage/99f73eee95fb8c5f9c1d66af55c24b55/ms-python.python/pythonrc.py'), ('__NV_PRIME_RENDER_OFFLOAD', '1'), ('RMW_IMPLEMENTATION', 'rmw_cyclonedds_cpp'), ('XMODIFIERS', '@im=ibus'), ('XDG_SESSION_DESKTOP', 'ubuntu'), ('XAUTHORITY', '/run/user/1000/.mutter-Xwaylandauth.BR6FR3'), ('LS_COLORS', 'rs=0:di=01;34:ln=01;36:mh=00:pi=40;33:so=01;35:do=01;35:bd=40;33;01:cd=40;33;01:or=40;31;01:mi=00:su=37;41:sg=30;43:ca=30;41:tw=30;42:ow=34;42:st=37;44:ex=01;32:*.tar=01;31:*.tgz=01;31:*.arc=01;31:*.arj=01;31:*.taz=01;31:*.lha=01;31:*.lz4=01;31:*.lzh=01;31:*.lzma=01;31:*.tlz=01;31:*.txz=01;31:*.tzo=01;31:*.t7z=01;31:*.zip=01;31:*.z=01;31:*.dz=01;31:*.gz=01;31:*.lrz=01;31:*.lz=01;31:*.lzo=01;31:*.xz=01;31:*.zst=01;31:*.tzst=01;31:*.bz2=01;31:*.bz=01;31:*.tbz=01;31:*.tbz2=01;31:*.tz=01;31:*.deb=01;31:*.rpm=01;31:*.jar=01;31:*.war=01;31:*.ear=01;31:*.sar=01;31:*.rar=01;31:*.alz=01;31:*.ace=01;31:*.zoo=01;31:*.cpio=01;31:*.7z=01;31:*.rz=01;31:*.cab=01;31:*.wim=01;31:*.swm=01;31:*.dwm=01;31:*.esd=01;31:*.jpg=01;35:*.jpeg=01;35:*.mjpg=01;35:*.mjpeg=01;35:*.gif=01;35:*.bmp=01;35:*.pbm=01;35:*.pgm=01;35:*.ppm=01;35:*.tga=01;35:*.xbm=01;35:*.xpm=01;35:*.tif=01;35:*.tiff=01;35:*.png=01;35:*.svg=01;35:*.svgz=01;35:*.mng=01;35:*.pcx=01;35:*.mov=01;35:*.mpg=01;35:*.mpeg=01;35:*.m2v=01;35:*.mkv=01;35:*.webm=01;35:*.webp=01;35:*.ogm=01;35:*.mp4=01;35:*.m4v=01;35:*.mp4v=01;35:*.vob=01;35:*.qt=01;35:*.nuv=01;35:*.wmv=01;35:*.asf=01;35:*.rm=01;35:*.rmvb=01;35:*.flc=01;35:*.avi=01;35:*.fli=01;35:*.flv=01;35:*.gl=01;35:*.dl=01;35:*.xcf=01;35:*.xwd=01;35:*.yuv=01;35:*.cgm=01;35:*.emf=01;35:*.ogv=01;35:*.ogx=01;35:*.aac=00;36:*.au=00;36:*.flac=00;36:*.m4a=00;36:*.mid=00;36:*.midi=00;36:*.mka=00;36:*.mp3=00;36:*.mpc=00;36:*.ogg=00;36:*.ra=00;36:*.wav=00;36:*.oga=00;36:*.opus=00;36:*.spx=00;36:*.xspf=00;36:'), ('VSCODE_GIT_IPC_HANDLE', '/run/user/1000/vscode-git-330fa3cde8.sock'), ('TERM_PROGRAM', 'vscode'), ('SSH_AGENT_LAUNCHER', 'gnome-keyring'), ('SSH_AUTH_SOCK', '/run/user/1000/keyring/ssh'), ('ROS_DOMAIN_ID', '0'), ('AMENT_PREFIX_PATH', '/home/rohan/cobotx/install/nav_bot:/home/rohan/px4/ros2_ws/install/translation_node:/home/rohan/px4/ros2_ws/install/px4_ros_com:/home/rohan/px4/ros2_ws/install/px4_offboard:/home/rohan/px4/ros2_ws/install/px4_msgs_old:/home/rohan/px4/ros2_ws/install/px4_msgs:/home/rohan/px4/ros2_ws/install/px4:/home/rohan/px4/ros2_ws/install/com_bridge:/opt/ros/humble'), ('SHELL', '/bin/bash'), ('QT_ACCESSIBILITY', '1'), ('GDMSESSION', 'ubuntu'), ('LESSCLOSE', '/usr/bin/lesspipe %s %s'), ('IGN_GAZEBO_RESOURCE_PATH', ':/home/rohan/cobotx/src/nav_bot/models:/home/rohan/cobotx/src/nav_bot/models'), ('GAZEBO_RESOURCE_PATH', '/usr/share/gazebo-11:/usr/share/gazebo-11:/usr/share/gazebo-11:/usr/share/gazebo-11::home/rohan/gazebo11_models/worlds:home/rohan/gazebo11_models/worlds'), ('GJS_DEBUG_OUTPUT', 'stderr'), ('GZ_VERSION', 'fortress'), ('GAZEBO_MODEL_DATABASE_URI', 'http://models.gazebosim.org'), ('VSCODE_GIT_ASKPASS_EXTRA_ARGS', ''), ('QT_IM_MODULE', 'ibus'), ('PWD', '/home/rohan/cobotx/build/nav_bot'), ('QT_QPA_PLATFORM', 'xcb'), ('TURTLEBOT3_MODEL', 'waffle'), ('LC_ALL', 'en_US.UTF-8'), ('XDG_CONFIG_DIRS', '/etc/xdg/xdg-ubuntu:/etc/xdg'), ('GAZEBO_PLUGIN_PATH', '/usr/lib/x86_64-linux-gnu/gazebo-11/plugins:/usr/lib/x86_64-linux-gnu/gazebo-11/plugins:/usr/lib/x86_64-linux-gnu/gazebo-11/plugins:/usr/lib/x86_64-linux-gnu/gazebo-11/plugins:'), ('NVM_CD_FLAGS', ''), ('XDG_DATA_DIRS', '/usr/share/ubuntu:/usr/local/share/:/usr/share/:/var/lib/snapd/desktop'), ('PYTHONPATH', '/home/rohan/cobotx/install/nav_bot/local/lib/python3.10/dist-packages:/home/rohan/px4/ros2_ws/install/translation_node/local/lib/python3.10/dist-packages:/home/rohan/px4/ros2_ws/install/px4_ros_com/local/lib/python3.10/dist-packages:/home/rohan/px4/ros2_ws/install/px4_offboard/lib/python3.10/site-packages:/home/rohan/px4/ros2_ws/install/px4_msgs_old/local/lib/python3.10/dist-packages:/home/rohan/px4/ros2_ws/install/px4_msgs/local/lib/python3.10/dist-packages:/home/rohan/px4/ros2_ws/install/com_bridge/lib/python3.10/site-packages:/opt/ros/humble/lib/python3.10/site-packages:/opt/ros/humble/local/lib/python3.10/dist-packages'), ('COLCON', '1'), ('NVM_RC_VERSION', ''), ('CMAKE_PREFIX_PATH', '/home/rohan/cobotx/install/nav_bot:/home/rohan/px4/ros2_ws/install/translation_node:/home/rohan/px4/ros2_ws/install/px4_ros_com:/home/rohan/px4/ros2_ws/install/px4_msgs_old:/home/rohan/px4/ros2_ws/install/px4_msgs:/home/rohan/px4/ros2_ws/install/px4:/home/rohan/px4/px4_ros_uxrce_dds_ws/install/microxrcedds_agent:/home/rohan/px4/ros2_ws/install/px4_offboard:/home/rohan/px4/ros2_ws/install/com_bridge:/opt/ros/humble')]), 'shell': False}
[0.099792] (-) TimerEvent: {}
[0.138528] (nav_bot) StdoutLine: {'line': b'Built target ament_cmake_python_symlink_scripts\n'}
[0.199905] (-) TimerEvent: {}
[0.300189] (-) TimerEvent: {}
[0.400467] (-) TimerEvent: {}
[0.416348] (nav_bot) StdoutLine: {'line': b'running egg_info\n'}
[0.416939] (nav_bot) StdoutLine: {'line': b'writing scripts.egg-info/PKG-INFO\n'}
[0.417227] (nav_bot) StdoutLine: {'line': b'writing dependency_links to scripts.egg-info/dependency_links.txt\n'}
[0.417409] (nav_bot) StdoutLine: {'line': b'writing top-level names to scripts.egg-info/top_level.txt\n'}
[0.420162] (nav_bot) StdoutLine: {'line': b"reading manifest file 'scripts.egg-info/SOURCES.txt'\n"}
[0.420799] (nav_bot) StdoutLine: {'line': b"writing manifest file 'scripts.egg-info/SOURCES.txt'\n"}
[0.451451] (nav_bot) StdoutLine: {'line': b'Built target ament_cmake_python_build_scripts_egg\n'}
[0.463661] (nav_bot) CommandEnded: {'returncode': 0}
[0.464701] (nav_bot) JobProgress: {'identifier': 'nav_bot', 'progress': 'install'}
[0.474656] (nav_bot) Command: {'cmd': ['/usr/bin/cmake', '--install', '/home/rohan/cobotx/build/nav_bot'], 'cwd': '/home/rohan/cobotx/build/nav_bot', 'env': OrderedDict([('GJS_DEBUG_TOPICS', 'JS ERROR;JS LOG'), ('PYTHON_BASIC_REPL', '1'), ('LESSOPEN', '| /usr/bin/lesspipe %s'), ('GZ_SIM_RESOURCE_PATH', ':/opt/ros/humble/share/ros_gz_sim_demos/models:/opt/ros/humble/share/ros_gz_sim_demos/models'), ('SVGA_VGPU10', '0'), ('LANGUAGE', 'en_IN:en'), ('USER', 'rohan'), ('XDG_SESSION_TYPE', 'wayland'), ('GIT_ASKPASS', '/usr/share/code/resources/app/extensions/git/dist/askpass.sh'), ('IGNITION_VERSION', 'fortress'), ('__GLX_VENDOR_LIBRARY_NAME', 'nvidia'), ('SHLVL', '1'), ('LD_LIBRARY_PATH', '/home/rohan/px4/ros2_ws/install/translation_node/lib:/home/rohan/px4/ros2_ws/install/px4_ros_com/lib:/home/rohan/px4/ros2_ws/install/px4_msgs_old/lib:/home/rohan/px4/ros2_ws/install/px4_msgs/lib:/home/rohan/px4/ros2_ws/install/px4/lib:/home/rohan/px4/px4_ros_uxrce_dds_ws/install/microxrcedds_agent/lib:/usr/local/lib:/usr/local/lib:/opt/ros/humble/opt/zenoh_cpp_vendor/lib:/usr/lib/x86_64-linux-gnu/gazebo-11/plugins:/opt/ros/humble/opt/rviz_ogre_vendor/lib:/opt/ros/humble/lib/x86_64-linux-gnu:/opt/ros/humble/lib:/usr/lib/x86_64-linux-gnu/gazebo-11/plugins::/usr/lib/x86_64-linux-gnu/gazebo-11/plugins:/usr/lib/x86_64-linux-gnu/gazebo-11/plugins::/usr/lib/x86_64-linux-gnu/gazebo-11/plugins:/usr/lib/x86_64-linux-gnu/gazebo-11/plugins:/usr/lib/x86_64-linux-gnu/gazebo-11/plugins::/usr/lib/x86_64-linux-gnu/gazebo-11/plugins:/usr/lib/x86_64-linux-gnu/gazebo-11/plugins:/usr/lib/x86_64-linux-gnu/gazebo-11/plugins:/usr/lib/x86_64-linux-gnu/gazebo-11/plugins:'), ('HOME', '/home/rohan'), ('CHROME_DESKTOP', 'code.desktop'), ('TERM_PROGRAM_VERSION', '1.112.0'), ('DESKTOP_SESSION', 'ubuntu'), ('GIO_LAUNCHED_DESKTOP_FILE', '/usr/share/applications/code.desktop'), ('GAZEBO_MASTER_URI', 'http://localhost:11345'), ('ROS_PYTHON_VERSION', '3'), ('GNOME_SHELL_SESSION_MODE', 'ubuntu'), ('GTK_MODULES', 'gail:atk-bridge'), ('VSCODE_GIT_ASKPASS_MAIN', '/usr/share/code/resources/app/extensions/git/dist/askpass-main.js'), ('VSCODE_GIT_ASKPASS_NODE', '/usr/share/code/code'), ('MANAGERPID', '1812'), ('PYDEVD_DISABLE_FILE_VALIDATION', '1'), ('SYSTEMD_EXEC_PID', '1999'), ('BUNDLED_DEBUGPY_PATH', '/home/rohan/.vscode/extensions/ms-python.debugpy-2026.6.0-linux-x64/bundled/libs/debugpy'), ('IM_CONFIG_CHECK_ENV', '1'), ('VSCODE_PYTHON_AUTOACTIVATE_GUARD', '1'), ('DBUS_SESSION_BUS_ADDRESS', 'unix:path=/run/user/1000/bus'), ('COLORTERM', 'truecolor'), ('GIO_LAUNCHED_DESKTOP_FILE_PID', '5376'), ('NVM_DIR', '/home/rohan/.nvm'), ('IM_CONFIG_PHASE', '1'), ('WAYLAND_DISPLAY', 'wayland-0'), ('COLCON_PREFIX_PATH', '/home/rohan/cobotx/install:/home/rohan/px4/ros2_ws/install:/home/rohan/px4/px4_ros_uxrce_dds_ws/install'), ('ROS_DISTRO', 'humble'), ('LOGNAME', 'rohan'), ('JOURNAL_STREAM', '8:18156'), ('_', '/usr/bin/colcon'), ('ROS_VERSION', '2'), ('CLAUDE_CODE_SSE_PORT', '24599'), ('XDG_SESSION_CLASS', 'user'), ('USERNAME', 'rohan'), ('TERM', 'xterm-256color'), ('GAZEBO_MODEL_PATH', '/usr/share/gazebo-11/models:/usr/share/gazebo-11/models:/usr/share/gazebo-11/models:/usr/share/gazebo-11/models::/trial/src/my_bot/urdf/my_bot.urdf:home/rohan/gazebo11_models/models:/trial/src/my_bot/urdf/my_bot.urdf:home/rohan/gazebo11_models/models'), ('GNOME_DESKTOP_SESSION_ID', 'this-is-deprecated'), ('FC_FONTATIONS', '1'), ('ROS_LOCALHOST_ONLY', '0'), ('OGRE_RESOURCE_PATH', '/usr/lib/x86_64-linux-gnu/OGRE-1.9.0'), ('PATH', '/home/rohan/px4/px4_ros_uxrce_dds_ws/install/microxrcedds_agent/bin:/home/rohan/.config/Code/User/globalStorage/github.copilot-chat/debugCommand:/home/rohan/.config/Code/User/globalStorage/github.copilot-chat/copilotCli:/home/rohan/.local/bin:/opt/ros/humble/bin:/home/rohan/.local/bin:/usr/local/sbin:/usr/local/bin:/usr/sbin:/usr/bin:/sbin:/bin:/usr/games:/usr/local/games:/snap/bin:/snap/bin:/opt/ros/humble/share/gazebo_dev/gz/bin:/opt/xtensa-esp-elf/bin/:/opt/xtensa-esp-elf/bin/:/home/rohan/.vscode/extensions/ms-python.debugpy-2026.6.0-linux-x64/bundled/scripts/noConfigScripts:/opt/ros/humble/share/gazebo_dev/gz/bin:/opt/xtensa-esp-elf/bin/:/opt/xtensa-esp-elf/bin/'), ('SESSION_MANAGER', 'local/rohan-IdeaPad-Gaming-3-15ACH6:@/tmp/.ICE-unix/1964,unix/rohan-IdeaPad-Gaming-3-15ACH6:/tmp/.ICE-unix/1964'), ('INVOCATION_ID', '4280bea335f543f6af5923b9d57b4750'), ('XDG_MENU_PREFIX', 'gnome-'), ('GNOME_SETUP_DISPLAY', ':1'), ('XDG_RUNTIME_DIR', '/run/user/1000'), ('GDK_BACKEND', 'wayland'), ('DISPLAY', ':0'), ('VSCODE_DEBUGPY_ADAPTER_ENDPOINTS', '/home/rohan/.vscode/extensions/ms-python.debugpy-2026.6.0-linux-x64/.noConfigDebugAdapterEndpoints/endpoint-2ff497d661051a45.txt'), ('LANG', 'en_US.UTF-8'), ('XDG_CURRENT_DESKTOP', 'ubuntu:GNOME'), ('PYTHONSTARTUP', '/home/rohan/.config/Code/User/workspaceStorage/99f73eee95fb8c5f9c1d66af55c24b55/ms-python.python/pythonrc.py'), ('__NV_PRIME_RENDER_OFFLOAD', '1'), ('RMW_IMPLEMENTATION', 'rmw_cyclonedds_cpp'), ('XMODIFIERS', '@im=ibus'), ('XDG_SESSION_DESKTOP', 'ubuntu'), ('XAUTHORITY', '/run/user/1000/.mutter-Xwaylandauth.BR6FR3'), ('LS_COLORS', 'rs=0:di=01;34:ln=01;36:mh=00:pi=40;33:so=01;35:do=01;35:bd=40;33;01:cd=40;33;01:or=40;31;01:mi=00:su=37;41:sg=30;43:ca=30;41:tw=30;42:ow=34;42:st=37;44:ex=01;32:*.tar=01;31:*.tgz=01;31:*.arc=01;31:*.arj=01;31:*.taz=01;31:*.lha=01;31:*.lz4=01;31:*.lzh=01;31:*.lzma=01;31:*.tlz=01;31:*.txz=01;31:*.tzo=01;31:*.t7z=01;31:*.zip=01;31:*.z=01;31:*.dz=01;31:*.gz=01;31:*.lrz=01;31:*.lz=01;31:*.lzo=01;31:*.xz=01;31:*.zst=01;31:*.tzst=01;31:*.bz2=01;31:*.bz=01;31:*.tbz=01;31:*.tbz2=01;31:*.tz=01;31:*.deb=01;31:*.rpm=01;31:*.jar=01;31:*.war=01;31:*.ear=01;31:*.sar=01;31:*.rar=01;31:*.alz=01;31:*.ace=01;31:*.zoo=01;31:*.cpio=01;31:*.7z=01;31:*.rz=01;31:*.cab=01;31:*.wim=01;31:*.swm=01;31:*.dwm=01;31:*.esd=01;31:*.jpg=01;35:*.jpeg=01;35:*.mjpg=01;35:*.mjpeg=01;35:*.gif=01;35:*.bmp=01;35:*.pbm=01;35:*.pgm=01;35:*.ppm=01;35:*.tga=01;35:*.xbm=01;35:*.xpm=01;35:*.tif=01;35:*.tiff=01;35:*.png=01;35:*.svg=01;35:*.svgz=01;35:*.mng=01;35:*.pcx=01;35:*.mov=01;35:*.mpg=01;35:*.mpeg=01;35:*.m2v=01;35:*.mkv=01;35:*.webm=01;35:*.webp=01;35:*.ogm=01;35:*.mp4=01;35:*.m4v=01;35:*.mp4v=01;35:*.vob=01;35:*.qt=01;35:*.nuv=01;35:*.wmv=01;35:*.asf=01;35:*.rm=01;35:*.rmvb=01;35:*.flc=01;35:*.avi=01;35:*.fli=01;35:*.flv=01;35:*.gl=01;35:*.dl=01;35:*.xcf=01;35:*.xwd=01;35:*.yuv=01;35:*.cgm=01;35:*.emf=01;35:*.ogv=01;35:*.ogx=01;35:*.aac=00;36:*.au=00;36:*.flac=00;36:*.m4a=00;36:*.mid=00;36:*.midi=00;36:*.mka=00;36:*.mp3=00;36:*.mpc=00;36:*.ogg=00;36:*.ra=00;36:*.wav=00;36:*.oga=00;36:*.opus=00;36:*.spx=00;36:*.xspf=00;36:'), ('VSCODE_GIT_IPC_HANDLE', '/run/user/1000/vscode-git-330fa3cde8.sock'), ('TERM_PROGRAM', 'vscode'), ('SSH_AGENT_LAUNCHER', 'gnome-keyring'), ('SSH_AUTH_SOCK', '/run/user/1000/keyring/ssh'), ('ROS_DOMAIN_ID', '0'), ('AMENT_PREFIX_PATH', '/home/rohan/cobotx/install/nav_bot:/home/rohan/px4/ros2_ws/install/translation_node:/home/rohan/px4/ros2_ws/install/px4_ros_com:/home/rohan/px4/ros2_ws/install/px4_offboard:/home/rohan/px4/ros2_ws/install/px4_msgs_old:/home/rohan/px4/ros2_ws/install/px4_msgs:/home/rohan/px4/ros2_ws/install/px4:/home/rohan/px4/ros2_ws/install/com_bridge:/opt/ros/humble'), ('SHELL', '/bin/bash'), ('QT_ACCESSIBILITY', '1'), ('GDMSESSION', 'ubuntu'), ('LESSCLOSE', '/usr/bin/lesspipe %s %s'), ('IGN_GAZEBO_RESOURCE_PATH', ':/home/rohan/cobotx/src/nav_bot/models:/home/rohan/cobotx/src/nav_bot/models'), ('GAZEBO_RESOURCE_PATH', '/usr/share/gazebo-11:/usr/share/gazebo-11:/usr/share/gazebo-11:/usr/share/gazebo-11::home/rohan/gazebo11_models/worlds:home/rohan/gazebo11_models/worlds'), ('GJS_DEBUG_OUTPUT', 'stderr'), ('GZ_VERSION', 'fortress'), ('GAZEBO_MODEL_DATABASE_URI', 'http://models.gazebosim.org'), ('VSCODE_GIT_ASKPASS_EXTRA_ARGS', ''), ('QT_IM_MODULE', 'ibus'), ('PWD', '/home/rohan/cobotx/build/nav_bot'), ('QT_QPA_PLATFORM', 'xcb'), ('TURTLEBOT3_MODEL', 'waffle'), ('LC_ALL', 'en_US.UTF-8'), ('XDG_CONFIG_DIRS', '/etc/xdg/xdg-ubuntu:/etc/xdg'), ('GAZEBO_PLUGIN_PATH', '/usr/lib/x86_64-linux-gnu/gazebo-11/plugins:/usr/lib/x86_64-linux-gnu/gazebo-11/plugins:/usr/lib/x86_64-linux-gnu/gazebo-11/plugins:/usr/lib/x86_64-linux-gnu/gazebo-11/plugins:'), ('NVM_CD_FLAGS', ''), ('XDG_DATA_DIRS', '/usr/share/ubuntu:/usr/local/share/:/usr/share/:/var/lib/snapd/desktop'), ('PYTHONPATH', '/home/rohan/cobotx/install/nav_bot/local/lib/python3.10/dist-packages:/home/rohan/px4/ros2_ws/install/translation_node/local/lib/python3.10/dist-packages:/home/rohan/px4/ros2_ws/install/px4_ros_com/local/lib/python3.10/dist-packages:/home/rohan/px4/ros2_ws/install/px4_offboard/lib/python3.10/site-packages:/home/rohan/px4/ros2_ws/install/px4_msgs_old/local/lib/python3.10/dist-packages:/home/rohan/px4/ros2_ws/install/px4_msgs/local/lib/python3.10/dist-packages:/home/rohan/px4/ros2_ws/install/com_bridge/lib/python3.10/site-packages:/opt/ros/humble/lib/python3.10/site-packages:/opt/ros/humble/local/lib/python3.10/dist-packages'), ('COLCON', '1'), ('NVM_RC_VERSION', ''), ('CMAKE_PREFIX_PATH', '/home/rohan/cobotx/install/nav_bot:/home/rohan/px4/ros2_ws/install/translation_node:/home/rohan/px4/ros2_ws/install/px4_ros_com:/home/rohan/px4/ros2_ws/install/px4_msgs_old:/home/rohan/px4/ros2_ws/install/px4_msgs:/home/rohan/px4/ros2_ws/install/px4:/home/rohan/px4/px4_ros_uxrce_dds_ws/install/microxrcedds_agent:/home/rohan/px4/ros2_ws/install/px4_offboard:/home/rohan/px4/ros2_ws/install/com_bridge:/opt/ros/humble')]), 'shell': False}
[0.483435] (nav_bot) StdoutLine: {'line': b'-- Install configuration: ""\n'}
[0.484047] (nav_bot) StdoutLine: {'line': b'-- Execute custom install script\n'}
[0.484392] (nav_bot) StdoutLine: {'line': b'-- Up-to-date symlink: /home/rohan/cobotx/install/nav_bot/share/nav_bot/config/config.rviz\n'}
[0.484512] (nav_bot) StdoutLine: {'line': b'-- Up-to-date symlink: /home/rohan/cobotx/install/nav_bot/share/nav_bot/config/drive_bot.rviz\n'}
[0.484616] (nav_bot) StdoutLine: {'line': b'-- Up-to-date symlink: /home/rohan/cobotx/install/nav_bot/share/nav_bot/config/gz_bridge.yaml\n'}
[0.484673] (nav_bot) StdoutLine: {'line': b'-- Up-to-date symlink: /home/rohan/cobotx/install/nav_bot/share/nav_bot/config/joystick.yaml\n'}
[0.484820] (nav_bot) StdoutLine: {'line': b'-- Up-to-date symlink: /home/rohan/cobotx/install/nav_bot/share/nav_bot/config/mapper_params_online_async.yaml\n'}
[0.484930] (nav_bot) StdoutLine: {'line': b'-- Up-to-date symlink: /home/rohan/cobotx/install/nav_bot/share/nav_bot/config/multi_bot_config.rviz\n'}
[0.485015] (nav_bot) StdoutLine: {'line': b'-- Up-to-date symlink: /home/rohan/cobotx/install/nav_bot/share/nav_bot/config/my_controllers.yaml\n'}
[0.485093] (nav_bot) StdoutLine: {'line': b'-- Up-to-date symlink: /home/rohan/cobotx/install/nav_bot/share/nav_bot/config/nav2_params.yaml\n'}
[0.485176] (nav_bot) StdoutLine: {'line': b'-- Up-to-date symlink: /home/rohan/cobotx/install/nav_bot/share/nav_bot/config/nav2_params1.yaml\n'}
[0.485259] (nav_bot) StdoutLine: {'line': b'-- Up-to-date symlink: /home/rohan/cobotx/install/nav_bot/share/nav_bot/config/robots.yaml\n'}
[0.485342] (nav_bot) StdoutLine: {'line': b'-- Up-to-date symlink: /home/rohan/cobotx/install/nav_bot/share/nav_bot/config/slam_toolbox.yaml\n'}
[0.485418] (nav_bot) StdoutLine: {'line': b'-- Up-to-date symlink: /home/rohan/cobotx/install/nav_bot/share/nav_bot/config/twist_mux.yaml\n'}
[0.485661] (nav_bot) StdoutLine: {'line': b'-- Up-to-date symlink: /home/rohan/cobotx/install/nav_bot/share/nav_bot/description/bot.urdf.xacro\n'}
[0.486142] (nav_bot) StdoutLine: {'line': b'-- Up-to-date symlink: /home/rohan/cobotx/install/nav_bot/share/nav_bot/description/bot_core.xacro\n'}
[0.486276] (nav_bot) StdoutLine: {'line': b'-- Up-to-date symlink: /home/rohan/cobotx/install/nav_bot/share/nav_bot/description/camera.xacro\n'}
[0.486582] (nav_bot) StdoutLine: {'line': b'-- Up-to-date symlink: /home/rohan/cobotx/install/nav_bot/share/nav_bot/description/depth_camera.xacro\n'}
[0.486878] (nav_bot) StdoutLine: {'line': b'-- Up-to-date symlink: /home/rohan/cobotx/install/nav_bot/share/nav_bot/description/gazebo_control.xacro\n'}
[0.487002] (nav_bot) StdoutLine: {'line': b'-- Up-to-date symlink: /home/rohan/cobotx/install/nav_bot/share/nav_bot/description/gz_control.xacro\n'}
[0.487223] (nav_bot) StdoutLine: {'line': b'-- Up-to-date symlink: /home/rohan/cobotx/install/nav_bot/share/nav_bot/description/inertial_macros.xacro\n'}
[0.487306] (nav_bot) StdoutLine: {'line': b'-- Up-to-date symlink: /home/rohan/cobotx/install/nav_bot/share/nav_bot/description/lidar.xacro\n'}
[0.487567] (nav_bot) StdoutLine: {'line': b'-- Up-to-date symlink: /home/rohan/cobotx/install/nav_bot/share/nav_bot/description/multi_camera.xacro\n'}
[0.487837] (nav_bot) StdoutLine: {'line': b'-- Up-to-date symlink: /home/rohan/cobotx/install/nav_bot/share/nav_bot/description/multi_lidar.xacro\n'}
[0.487948] (nav_bot) StdoutLine: {'line': b'-- Up-to-date symlink: /home/rohan/cobotx/install/nav_bot/share/nav_bot/description/robot.urdf.xacro\n'}
[0.488022] (nav_bot) StdoutLine: {'line': b'-- Up-to-date symlink: /home/rohan/cobotx/install/nav_bot/share/nav_bot/description/robot_core.xacro\n'}
[0.488259] (nav_bot) StdoutLine: {'line': b'-- Up-to-date symlink: /home/rohan/cobotx/install/nav_bot/share/nav_bot/description/ros2_control.xacro\n'}
[0.488469] (nav_bot) StdoutLine: {'line': b'-- Up-to-date symlink: /home/rohan/cobotx/install/nav_bot/share/nav_bot/launch/joystick.launch.py\n'}
[0.488549] (nav_bot) StdoutLine: {'line': b'-- Up-to-date symlink: /home/rohan/cobotx/install/nav_bot/share/nav_bot/launch/launch_sim.launch.py\n'}
[0.489095] (nav_bot) StdoutLine: {'line': b'-- Up-to-date symlink: /home/rohan/cobotx/install/nav_bot/share/nav_bot/launch/localization_launch.py\n'}
[0.489377] (nav_bot) StdoutLine: {'line': b'-- Up-to-date symlink: /home/rohan/cobotx/install/nav_bot/share/nav_bot/launch/multi_robot_main.launch.py\n'}
[0.489467] (nav_bot) StdoutLine: {'line': b'-- Up-to-date symlink: /home/rohan/cobotx/install/nav_bot/share/nav_bot/launch/navigation_launch.py\n'}
[0.489547] (nav_bot) StdoutLine: {'line': b'-- Up-to-date symlink: /home/rohan/cobotx/install/nav_bot/share/nav_bot/launch/rsp.launch.py\n'}
[0.489629] (nav_bot) StdoutLine: {'line': b'-- Up-to-date symlink: /home/rohan/cobotx/install/nav_bot/share/nav_bot/launch/spawn_robot.launch.py\n'}
[0.489712] (nav_bot) StdoutLine: {'line': b'-- Up-to-date symlink: /home/rohan/cobotx/install/nav_bot/share/nav_bot/launch/start.launch.py\n'}
[0.496805] (nav_bot) StdoutLine: {'line': b'-- Up-to-date symlink: /home/rohan/cobotx/install/nav_bot/share/nav_bot/worlds/empty_world.sdf\n'}
[0.497052] (nav_bot) StdoutLine: {'line': b'-- Up-to-date symlink: /home/rohan/cobotx/install/nav_bot/share/nav_bot/worlds/meshes/nxt_racks/Asphalt010_1K_Color.jpg\n'}
[0.497352] (nav_bot) StdoutLine: {'line': b'-- Up-to-date symlink: /home/rohan/cobotx/install/nav_bot/share/nav_bot/worlds/meshes/nxt_racks/BTS00068631.png\n'}
[0.497598] (nav_bot) StdoutLine: {'line': b'-- Up-to-date symlink: /home/rohan/cobotx/install/nav_bot/share/nav_bot/worlds/meshes/nxt_racks/BTS00068631.png.001.png\n'}
[0.497901] (nav_bot) StdoutLine: {'line': b'-- Up-to-date symlink: /home/rohan/cobotx/install/nav_bot/share/nav_bot/worlds/meshes/nxt_racks/BTS00068631.png.002.png\n'}
[0.498149] (nav_bot) StdoutLine: {'line': b'-- Up-to-date symlink: /home/rohan/cobotx/install/nav_bot/share/nav_bot/worlds/meshes/nxt_racks/BTS00068631.png.003.png\n'}
[0.498450] (nav_bot) StdoutLine: {'line': b'-- Up-to-date symlink: /home/rohan/cobotx/install/nav_bot/share/nav_bot/worlds/meshes/nxt_racks/BTS00068631.png.004.png\n'}
[0.498636] (nav_bot) StdoutLine: {'line': b'-- Up-to-date symlink: /home/rohan/cobotx/install/nav_bot/share/nav_bot/worlds/meshes/nxt_racks/BTS00068631.png.005.png\n'}
[0.498798] (nav_bot) StdoutLine: {'line': b'-- Up-to-date symlink: /home/rohan/cobotx/install/nav_bot/share/nav_bot/worlds/meshes/nxt_racks/BTS00068631.png.006.png\n'}
[0.498978] (nav_bot) StdoutLine: {'line': b'-- Up-to-date symlink: /home/rohan/cobotx/install/nav_bot/share/nav_bot/worlds/meshes/nxt_racks/BTS00068631.png.007.png\n'}
[0.499140] (nav_bot) StdoutLine: {'line': b'-- Up-to-date symlink: /home/rohan/cobotx/install/nav_bot/share/nav_bot/worlds/meshes/nxt_racks/BTS00068631.png.008.png\n'}
[0.499301] (nav_bot) StdoutLine: {'line': b'-- Up-to-date symlink: /home/rohan/cobotx/install/nav_bot/share/nav_bot/worlds/meshes/nxt_racks/BTS00068631.png.009.png\n'}
[0.499462] (nav_bot) StdoutLine: {'line': b'-- Up-to-date symlink: /home/rohan/cobotx/install/nav_bot/share/nav_bot/worlds/meshes/nxt_racks/BTS00068631.png.010.png\n'}
[0.499625] (nav_bot) StdoutLine: {'line': b'-- Up-to-date symlink: /home/rohan/cobotx/install/nav_bot/share/nav_bot/worlds/meshes/nxt_racks/BTS00068631.png.011.png\n'}
[0.499802] (nav_bot) StdoutLine: {'line': b'-- Up-to-date symlink: /home/rohan/cobotx/install/nav_bot/share/nav_bot/worlds/meshes/nxt_racks/BTS00068631.png.012.png\n'}
[0.499967] (nav_bot) StdoutLine: {'line': b'-- Up-to-date symlink: /home/rohan/cobotx/install/nav_bot/share/nav_bot/worlds/meshes/nxt_racks/BTS00068631.png.013.png\n'}
[0.500130] (nav_bot) StdoutLine: {'line': b'-- Up-to-date symlink: /home/rohan/cobotx/install/nav_bot/share/nav_bot/worlds/meshes/nxt_racks/BTS00068631.png.014.png\n'}
[0.500290] (nav_bot) StdoutLine: {'line': b'-- Up-to-date symlink: /home/rohan/cobotx/install/nav_bot/share/nav_bot/worlds/meshes/nxt_racks/BTS00068631.png.015.png\n'}
[0.500449] (nav_bot) StdoutLine: {'line': b'-- Up-to-date symlink: /home/rohan/cobotx/install/nav_bot/share/nav_bot/worlds/meshes/nxt_racks/BTS00068631.png.016.png\n'}
[0.500493] (-) TimerEvent: {}
[0.500619] (nav_bot) StdoutLine: {'line': b'-- Up-to-date symlink: /home/rohan/cobotx/install/nav_bot/share/nav_bot/worlds/meshes/nxt_racks/BTS00068631.png.017.png\n'}
[0.500780] (nav_bot) StdoutLine: {'line': b'-- Up-to-date symlink: /home/rohan/cobotx/install/nav_bot/share/nav_bot/worlds/meshes/nxt_racks/BTS00068631.png.018.png\n'}
[0.500953] (nav_bot) StdoutLine: {'line': b'-- Up-to-date symlink: /home/rohan/cobotx/install/nav_bot/share/nav_bot/worlds/meshes/nxt_racks/BTS00068631.png.019.png\n'}
[0.501123] (nav_bot) StdoutLine: {'line': b'-- Up-to-date symlink: /home/rohan/cobotx/install/nav_bot/share/nav_bot/worlds/meshes/nxt_racks/BTS00068631.png.020.png\n'}
[0.501289] (nav_bot) StdoutLine: {'line': b'-- Up-to-date symlink: /home/rohan/cobotx/install/nav_bot/share/nav_bot/worlds/meshes/nxt_racks/BTS00068631.png.021.png\n'}
[0.501460] (nav_bot) StdoutLine: {'line': b'-- Up-to-date symlink: /home/rohan/cobotx/install/nav_bot/share/nav_bot/worlds/meshes/nxt_racks/BTS00068631.png.022.png\n'}
[0.501636] (nav_bot) StdoutLine: {'line': b'-- Up-to-date symlink: /home/rohan/cobotx/install/nav_bot/share/nav_bot/worlds/meshes/nxt_racks/BTS00068631.png.023.png\n'}
[0.501975] (nav_bot) StdoutLine: {'line': b'-- Up-to-date symlink: /home/rohan/cobotx/install/nav_bot/share/nav_bot/worlds/meshes/nxt_racks/BTS00068631.png.024.png\n'}
[0.502266] (nav_bot) StdoutLine: {'line': b'-- Up-to-date symlink: /home/rohan/cobotx/install/nav_bot/share/nav_bot/worlds/meshes/nxt_racks/BTS00068631.png.025.png\n'}
[0.502557] (nav_bot) StdoutLine: {'line': b'-- Up-to-date symlink: /home/rohan/cobotx/install/nav_bot/share/nav_bot/worlds/meshes/nxt_racks/BTS00068631.png.026.png\n'}
[0.502795] (nav_bot) StdoutLine: {'line': b'-- Up-to-date symlink: /home/rohan/cobotx/install/nav_bot/share/nav_bot/worlds/meshes/nxt_racks/BTS00068631.png.027.png\n'}
[0.503024] (nav_bot) StdoutLine: {'line': b'-- Up-to-date symlink: /home/rohan/cobotx/install/nav_bot/share/nav_bot/worlds/meshes/nxt_racks/BTS00068631.png.028.png\n'}
[0.503217] (nav_bot) StdoutLine: {'line': b'-- Up-to-date symlink: /home/rohan/cobotx/install/nav_bot/share/nav_bot/worlds/meshes/nxt_racks/BTS00068631.png.029.png\n'}
[0.503487] (nav_bot) StdoutLine: {'line': b'-- Up-to-date symlink: /home/rohan/cobotx/install/nav_bot/share/nav_bot/worlds/meshes/nxt_racks/BTS00068631.png.030.png\n'}
[0.503714] (nav_bot) StdoutLine: {'line': b'-- Up-to-date symlink: /home/rohan/cobotx/install/nav_bot/share/nav_bot/worlds/meshes/nxt_racks/BTS00068631.png.031.png\n'}
[0.503960] (nav_bot) StdoutLine: {'line': b'-- Up-to-date symlink: /home/rohan/cobotx/install/nav_bot/share/nav_bot/worlds/meshes/nxt_racks/BTS00068631.png.032.png\n'}
[0.504173] (nav_bot) StdoutLine: {'line': b'-- Up-to-date symlink: /home/rohan/cobotx/install/nav_bot/share/nav_bot/worlds/meshes/nxt_racks/BTS00068631.png.033.png\n'}
[0.504456] (nav_bot) StdoutLine: {'line': b'-- Up-to-date symlink: /home/rohan/cobotx/install/nav_bot/share/nav_bot/worlds/meshes/nxt_racks/BTS00068631.png.034.png\n'}
[0.504617] (nav_bot) StdoutLine: {'line': b'-- Up-to-date symlink: /home/rohan/cobotx/install/nav_bot/share/nav_bot/worlds/meshes/nxt_racks/BTS00068631.png.035.png\n'}
[0.504745] (nav_bot) StdoutLine: {'line': b'-- Up-to-date symlink: /home/rohan/cobotx/install/nav_bot/share/nav_bot/worlds/meshes/nxt_racks/BTS00068631.png.036.png\n'}
[0.504880] (nav_bot) StdoutLine: {'line': b'-- Up-to-date symlink: /home/rohan/cobotx/install/nav_bot/share/nav_bot/worlds/meshes/nxt_racks/BTS00068631.png.037.png\n'}
[0.505031] (nav_bot) StdoutLine: {'line': b'-- Up-to-date symlink: /home/rohan/cobotx/install/nav_bot/share/nav_bot/worlds/meshes/nxt_racks/BTS00068631.png.038.png\n'}
[0.505140] (nav_bot) StdoutLine: {'line': b'-- Up-to-date symlink: /home/rohan/cobotx/install/nav_bot/share/nav_bot/worlds/meshes/nxt_racks/BTS00068631.png.039.png\n'}
[0.505256] (nav_bot) StdoutLine: {'line': b'-- Up-to-date symlink: /home/rohan/cobotx/install/nav_bot/share/nav_bot/worlds/meshes/nxt_racks/BTS00068631.png.040.png\n'}
[0.505378] (nav_bot) StdoutLine: {'line': b'-- Up-to-date symlink: /home/rohan/cobotx/install/nav_bot/share/nav_bot/worlds/meshes/nxt_racks/BTS00068631.png.041.png\n'}
[0.505505] (nav_bot) StdoutLine: {'line': b'-- Up-to-date symlink: /home/rohan/cobotx/install/nav_bot/share/nav_bot/worlds/meshes/nxt_racks/BTS00068631.png.042.png\n'}
[0.505649] (nav_bot) StdoutLine: {'line': b'-- Up-to-date symlink: /home/rohan/cobotx/install/nav_bot/share/nav_bot/worlds/meshes/nxt_racks/BTS00068631.png.043.png\n'}
[0.505797] (nav_bot) StdoutLine: {'line': b'-- Up-to-date symlink: /home/rohan/cobotx/install/nav_bot/share/nav_bot/worlds/meshes/nxt_racks/BTS00068631.png.044.png\n'}
[0.505928] (nav_bot) StdoutLine: {'line': b'-- Up-to-date symlink: /home/rohan/cobotx/install/nav_bot/share/nav_bot/worlds/meshes/nxt_racks/BTS00068631.png.045.png\n'}
[0.506052] (nav_bot) StdoutLine: {'line': b'-- Up-to-date symlink: /home/rohan/cobotx/install/nav_bot/share/nav_bot/worlds/meshes/nxt_racks/BTS00068631.png.046.png\n'}
[0.506197] (nav_bot) StdoutLine: {'line': b'-- Up-to-date symlink: /home/rohan/cobotx/install/nav_bot/share/nav_bot/worlds/meshes/nxt_racks/BTS00068631.png.047.png\n'}
[0.506315] (nav_bot) StdoutLine: {'line': b'-- Up-to-date symlink: /home/rohan/cobotx/install/nav_bot/share/nav_bot/worlds/meshes/nxt_racks/BTS00068631.png.048.png\n'}
[0.506448] (nav_bot) StdoutLine: {'line': b'-- Up-to-date symlink: /home/rohan/cobotx/install/nav_bot/share/nav_bot/worlds/meshes/nxt_racks/BTS00068631.png.049.png\n'}
[0.506737] (nav_bot) StdoutLine: {'line': b'-- Up-to-date symlink: /home/rohan/cobotx/install/nav_bot/share/nav_bot/worlds/meshes/nxt_racks/BTS00068631.png.051.png\n'}
[0.506986] (nav_bot) StdoutLine: {'line': b'-- Up-to-date symlink: /home/rohan/cobotx/install/nav_bot/share/nav_bot/worlds/meshes/nxt_racks/BTS00068631.png.052.png\n'}
[0.507279] (nav_bot) StdoutLine: {'line': b'-- Up-to-date symlink: /home/rohan/cobotx/install/nav_bot/share/nav_bot/worlds/meshes/nxt_racks/BTS00068631.png.053.png\n'}
[0.507548] (nav_bot) StdoutLine: {'line': b'-- Up-to-date symlink: /home/rohan/cobotx/install/nav_bot/share/nav_bot/worlds/meshes/nxt_racks/BTS00068631.png.054.png\n'}
[0.507759] (nav_bot) StdoutLine: {'line': b'-- Up-to-date symlink: /home/rohan/cobotx/install/nav_bot/share/nav_bot/worlds/meshes/nxt_racks/BTS00068631.png.055.png\n'}
[0.507986] (nav_bot) StdoutLine: {'line': b'-- Up-to-date symlink: /home/rohan/cobotx/install/nav_bot/share/nav_bot/worlds/meshes/nxt_racks/BTS00068631.png.056.png\n'}
[0.508305] (nav_bot) StdoutLine: {'line': b'-- Up-to-date symlink: /home/rohan/cobotx/install/nav_bot/share/nav_bot/worlds/meshes/nxt_racks/BTS00068631.png.057.png\n'}
[0.508562] (nav_bot) StdoutLine: {'line': b'-- Up-to-date symlink: /home/rohan/cobotx/install/nav_bot/share/nav_bot/worlds/meshes/nxt_racks/BTS00068631.png.058.png\n'}
[0.508847] (nav_bot) StdoutLine: {'line': b'-- Up-to-date symlink: /home/rohan/cobotx/install/nav_bot/share/nav_bot/worlds/meshes/nxt_racks/BTS00068631.png.059.png\n'}
[0.509096] (nav_bot) StdoutLine: {'line': b'-- Up-to-date symlink: /home/rohan/cobotx/install/nav_bot/share/nav_bot/worlds/meshes/nxt_racks/BTS00068631.png.060.png\n'}
[0.509347] (nav_bot) StdoutLine: {'line': b'-- Up-to-date symlink: /home/rohan/cobotx/install/nav_bot/share/nav_bot/worlds/meshes/nxt_racks/BTS00068631.png.061.png\n'}
[0.509509] (nav_bot) StdoutLine: {'line': b'-- Up-to-date symlink: /home/rohan/cobotx/install/nav_bot/share/nav_bot/worlds/meshes/nxt_racks/BTS00068631.png.062.png\n'}
[0.509634] (nav_bot) StdoutLine: {'line': b'-- Up-to-date symlink: /home/rohan/cobotx/install/nav_bot/share/nav_bot/worlds/meshes/nxt_racks/BTS00068631.png.063.png\n'}
[0.509765] (nav_bot) StdoutLine: {'line': b'-- Up-to-date symlink: /home/rohan/cobotx/install/nav_bot/share/nav_bot/worlds/meshes/nxt_racks/BTS00068631.png.064.png\n'}
[0.509903] (nav_bot) StdoutLine: {'line': b'-- Up-to-date symlink: /home/rohan/cobotx/install/nav_bot/share/nav_bot/worlds/meshes/nxt_racks/BTS00068631.png.065.png\n'}
[0.510038] (nav_bot) StdoutLine: {'line': b'-- Up-to-date symlink: /home/rohan/cobotx/install/nav_bot/share/nav_bot/worlds/meshes/nxt_racks/BTS00068631.png.066.png\n'}
[0.510173] (nav_bot) StdoutLine: {'line': b'-- Up-to-date symlink: /home/rohan/cobotx/install/nav_bot/share/nav_bot/worlds/meshes/nxt_racks/BTS00068631.png.067.png\n'}
[0.510301] (nav_bot) StdoutLine: {'line': b'-- Up-to-date symlink: /home/rohan/cobotx/install/nav_bot/share/nav_bot/worlds/meshes/nxt_racks/BTS00068631.png.068.png\n'}
[0.510439] (nav_bot) StdoutLine: {'line': b'-- Up-to-date symlink: /home/rohan/cobotx/install/nav_bot/share/nav_bot/worlds/meshes/nxt_racks/BTS00068631.png.069.png\n'}
[0.510575] (nav_bot) StdoutLine: {'line': b'-- Up-to-date symlink: /home/rohan/cobotx/install/nav_bot/share/nav_bot/worlds/meshes/nxt_racks/BTS00068631.png.070.png\n'}
[0.510712] (nav_bot) StdoutLine: {'line': b'-- Up-to-date symlink: /home/rohan/cobotx/install/nav_bot/share/nav_bot/worlds/meshes/nxt_racks/BTS00068631.png.071.png\n'}
[0.510848] (nav_bot) StdoutLine: {'line': b'-- Up-to-date symlink: /home/rohan/cobotx/install/nav_bot/share/nav_bot/worlds/meshes/nxt_racks/BTS00068631.png.072.png\n'}
[0.510989] (nav_bot) StdoutLine: {'line': b'-- Up-to-date symlink: /home/rohan/cobotx/install/nav_bot/share/nav_bot/worlds/meshes/nxt_racks/BTS00068631.png.073.png\n'}
[0.511123] (nav_bot) StdoutLine: {'line': b'-- Up-to-date symlink: /home/rohan/cobotx/install/nav_bot/share/nav_bot/worlds/meshes/nxt_racks/BTS00068631.png.074.png\n'}
[0.511255] (nav_bot) StdoutLine: {'line': b'-- Up-to-date symlink: /home/rohan/cobotx/install/nav_bot/share/nav_bot/worlds/meshes/nxt_racks/BTS00068631.png.075.png\n'}
[0.511385] (nav_bot) StdoutLine: {'line': b'-- Up-to-date symlink: /home/rohan/cobotx/install/nav_bot/share/nav_bot/worlds/meshes/nxt_racks/BTS00068631.png.076.png\n'}
[0.511521] (nav_bot) StdoutLine: {'line': b'-- Up-to-date symlink: /home/rohan/cobotx/install/nav_bot/share/nav_bot/worlds/meshes/nxt_racks/BTS00068631.png.077.png\n'}
[0.511655] (nav_bot) StdoutLine: {'line': b'-- Up-to-date symlink: /home/rohan/cobotx/install/nav_bot/share/nav_bot/worlds/meshes/nxt_racks/BTS00068631.png.078.png\n'}
[0.511781] (nav_bot) StdoutLine: {'line': b'-- Up-to-date symlink: /home/rohan/cobotx/install/nav_bot/share/nav_bot/worlds/meshes/nxt_racks/BTS00068631.png.079.png\n'}
[0.511908] (nav_bot) StdoutLine: {'line': b'-- Up-to-date symlink: /home/rohan/cobotx/install/nav_bot/share/nav_bot/worlds/meshes/nxt_racks/BTS00068631.png.080.png\n'}
[0.512035] (nav_bot) StdoutLine: {'line': b'-- Up-to-date symlink: /home/rohan/cobotx/install/nav_bot/share/nav_bot/worlds/meshes/nxt_racks/BTS00068631.png.081.png\n'}
[0.512162] (nav_bot) StdoutLine: {'line': b'-- Up-to-date symlink: /home/rohan/cobotx/install/nav_bot/share/nav_bot/worlds/meshes/nxt_racks/BTS00068631.png.082.png\n'}
[0.512392] (nav_bot) StdoutLine: {'line': b'-- Up-to-date symlink: /home/rohan/cobotx/install/nav_bot/share/nav_bot/worlds/meshes/nxt_racks/BTS00068631.png.083.png\n'}
[0.512637] (nav_bot) StdoutLine: {'line': b'-- Up-to-date symlink: /home/rohan/cobotx/install/nav_bot/share/nav_bot/worlds/meshes/nxt_racks/BTS00068631.png.084.png\n'}
[0.512901] (nav_bot) StdoutLine: {'line': b'-- Up-to-date symlink: /home/rohan/cobotx/install/nav_bot/share/nav_bot/worlds/meshes/nxt_racks/BTS00068631.png.085.png\n'}
[0.513183] (nav_bot) StdoutLine: {'line': b'-- Up-to-date symlink: /home/rohan/cobotx/install/nav_bot/share/nav_bot/worlds/meshes/nxt_racks/BTS00068631.png.086.png\n'}
[0.513383] (nav_bot) StdoutLine: {'line': b'-- Up-to-date symlink: /home/rohan/cobotx/install/nav_bot/share/nav_bot/worlds/meshes/nxt_racks/BTS00068631.png.087.png\n'}
[0.513575] (nav_bot) StdoutLine: {'line': b'-- Up-to-date symlink: /home/rohan/cobotx/install/nav_bot/share/nav_bot/worlds/meshes/nxt_racks/BTS00068631.png.088.png\n'}
[0.513799] (nav_bot) StdoutLine: {'line': b'-- Up-to-date symlink: /home/rohan/cobotx/install/nav_bot/share/nav_bot/worlds/meshes/nxt_racks/BTS00068631.png.089.png\n'}
[0.514023] (nav_bot) StdoutLine: {'line': b'-- Up-to-date symlink: /home/rohan/cobotx/install/nav_bot/share/nav_bot/worlds/meshes/nxt_racks/BTS00068631.png.090.png\n'}
[0.514245] (nav_bot) StdoutLine: {'line': b'-- Up-to-date symlink: /home/rohan/cobotx/install/nav_bot/share/nav_bot/worlds/meshes/nxt_racks/BTS00068631.png.091.png\n'}
[0.514466] (nav_bot) StdoutLine: {'line': b'-- Up-to-date symlink: /home/rohan/cobotx/install/nav_bot/share/nav_bot/worlds/meshes/nxt_racks/BTS00068631.png.092.png\n'}
[0.514687] (nav_bot) StdoutLine: {'line': b'-- Up-to-date symlink: /home/rohan/cobotx/install/nav_bot/share/nav_bot/worlds/meshes/nxt_racks/BTS00068631.png.093.png\n'}
[0.514917] (nav_bot) StdoutLine: {'line': b'-- Up-to-date symlink: /home/rohan/cobotx/install/nav_bot/share/nav_bot/worlds/meshes/nxt_racks/BTS00068631.png.094.png\n'}
[0.515049] (nav_bot) StdoutLine: {'line': b'-- Up-to-date symlink: /home/rohan/cobotx/install/nav_bot/share/nav_bot/worlds/meshes/nxt_racks/BTS00068631.png.095.png\n'}
[0.515176] (nav_bot) StdoutLine: {'line': b'-- Up-to-date symlink: /home/rohan/cobotx/install/nav_bot/share/nav_bot/worlds/meshes/nxt_racks/BTS00068631.png.096.png\n'}
[0.515323] (nav_bot) StdoutLine: {'line': b'-- Up-to-date symlink: /home/rohan/cobotx/install/nav_bot/share/nav_bot/worlds/meshes/nxt_racks/BTS00068631.png.097.png\n'}
[0.515435] (nav_bot) StdoutLine: {'line': b'-- Up-to-date symlink: /home/rohan/cobotx/install/nav_bot/share/nav_bot/worlds/meshes/nxt_racks/BTS00068631.png.098.png\n'}
[0.515576] (nav_bot) StdoutLine: {'line': b'-- Up-to-date symlink: /home/rohan/cobotx/install/nav_bot/share/nav_bot/worlds/meshes/nxt_racks/BTS00068631.png.099.png\n'}
[0.515703] (nav_bot) StdoutLine: {'line': b'-- Up-to-date symlink: /home/rohan/cobotx/install/nav_bot/share/nav_bot/worlds/meshes/nxt_racks/BTS00068631.png.100.png\n'}
[0.515841] (nav_bot) StdoutLine: {'line': b'-- Up-to-date symlink: /home/rohan/cobotx/install/nav_bot/share/nav_bot/worlds/meshes/nxt_racks/BTS00068631.png.101.png\n'}
[0.515959] (nav_bot) StdoutLine: {'line': b'-- Up-to-date symlink: /home/rohan/cobotx/install/nav_bot/share/nav_bot/worlds/meshes/nxt_racks/BTS00068631.png.102.png\n'}
[0.516122] (nav_bot) StdoutLine: {'line': b'-- Up-to-date symlink: /home/rohan/cobotx/install/nav_bot/share/nav_bot/worlds/meshes/nxt_racks/BTS00068631.png.103.png\n'}
[0.516317] (nav_bot) StdoutLine: {'line': b'-- Up-to-date symlink: /home/rohan/cobotx/install/nav_bot/share/nav_bot/worlds/meshes/nxt_racks/BTS00068631.png.104.png\n'}
[0.516468] (nav_bot) StdoutLine: {'line': b'-- Up-to-date symlink: /home/rohan/cobotx/install/nav_bot/share/nav_bot/worlds/meshes/nxt_racks/BTS00068631.png.105.png\n'}
[0.516607] (nav_bot) StdoutLine: {'line': b'-- Up-to-date symlink: /home/rohan/cobotx/install/nav_bot/share/nav_bot/worlds/meshes/nxt_racks/BTS00068631.png.106.png\n'}
[0.516730] (nav_bot) StdoutLine: {'line': b'-- Up-to-date symlink: /home/rohan/cobotx/install/nav_bot/share/nav_bot/worlds/meshes/nxt_racks/BTS00068632.png\n'}
[0.516854] (nav_bot) StdoutLine: {'line': b'-- Up-to-date symlink: /home/rohan/cobotx/install/nav_bot/share/nav_bot/worlds/meshes/nxt_racks/BTS00068633.png\n'}
[0.516995] (nav_bot) StdoutLine: {'line': b'-- Up-to-date symlink: /home/rohan/cobotx/install/nav_bot/share/nav_bot/worlds/meshes/nxt_racks/BTS00068634.png\n'}
[0.517138] (nav_bot) StdoutLine: {'line': b'-- Up-to-date symlink: /home/rohan/cobotx/install/nav_bot/share/nav_bot/worlds/meshes/nxt_racks/BTS00068635.png\n'}
[0.517256] (nav_bot) StdoutLine: {'line': b'-- Up-to-date symlink: /home/rohan/cobotx/install/nav_bot/share/nav_bot/worlds/meshes/nxt_racks/BTS00068636.png\n'}
[0.517377] (nav_bot) StdoutLine: {'line': b'-- Up-to-date symlink: /home/rohan/cobotx/install/nav_bot/share/nav_bot/worlds/meshes/nxt_racks/BTS00068637.png\n'}
[0.517656] (nav_bot) StdoutLine: {'line': b'-- Up-to-date symlink: /home/rohan/cobotx/install/nav_bot/share/nav_bot/worlds/meshes/nxt_racks/BTS00068638.png\n'}
[0.517939] (nav_bot) StdoutLine: {'line': b'-- Up-to-date symlink: /home/rohan/cobotx/install/nav_bot/share/nav_bot/worlds/meshes/nxt_racks/BTS00068639.png\n'}
[0.518214] (nav_bot) StdoutLine: {'line': b'-- Up-to-date symlink: /home/rohan/cobotx/install/nav_bot/share/nav_bot/worlds/meshes/nxt_racks/BTS00068640.png\n'}
[0.518504] (nav_bot) StdoutLine: {'line': b'-- Up-to-date symlink: /home/rohan/cobotx/install/nav_bot/share/nav_bot/worlds/meshes/nxt_racks/BTS00068641.png\n'}
[0.518724] (nav_bot) StdoutLine: {'line': b'-- Up-to-date symlink: /home/rohan/cobotx/install/nav_bot/share/nav_bot/worlds/meshes/nxt_racks/BTS00068642.png\n'}
[0.518924] (nav_bot) StdoutLine: {'line': b'-- Up-to-date symlink: /home/rohan/cobotx/install/nav_bot/share/nav_bot/worlds/meshes/nxt_racks/BTS00068643.png\n'}
[0.519149] (nav_bot) StdoutLine: {'line': b'-- Up-to-date symlink: /home/rohan/cobotx/install/nav_bot/share/nav_bot/worlds/meshes/nxt_racks/BTS00068644.png\n'}
[0.519366] (nav_bot) StdoutLine: {'line': b'-- Up-to-date symlink: /home/rohan/cobotx/install/nav_bot/share/nav_bot/worlds/meshes/nxt_racks/BTS00068645.png\n'}
[0.519624] (nav_bot) StdoutLine: {'line': b'-- Up-to-date symlink: /home/rohan/cobotx/install/nav_bot/share/nav_bot/worlds/meshes/nxt_racks/BTS00068646.png\n'}
[0.519839] (nav_bot) StdoutLine: {'line': b'-- Up-to-date symlink: /home/rohan/cobotx/install/nav_bot/share/nav_bot/worlds/meshes/nxt_racks/BTS00068647.png\n'}
[0.520071] (nav_bot) StdoutLine: {'line': b'-- Up-to-date symlink: /home/rohan/cobotx/install/nav_bot/share/nav_bot/worlds/meshes/nxt_racks/BTS00068648.png\n'}
[0.520239] (nav_bot) StdoutLine: {'line': b'-- Up-to-date symlink: /home/rohan/cobotx/install/nav_bot/share/nav_bot/worlds/meshes/nxt_racks/BTS00068649.png\n'}
[0.520369] (nav_bot) StdoutLine: {'line': b'-- Up-to-date symlink: /home/rohan/cobotx/install/nav_bot/share/nav_bot/worlds/meshes/nxt_racks/BTS00068650.png\n'}
[0.520497] (nav_bot) StdoutLine: {'line': b'-- Up-to-date symlink: /home/rohan/cobotx/install/nav_bot/share/nav_bot/worlds/meshes/nxt_racks/BTS00068651.png\n'}
[0.520629] (nav_bot) StdoutLine: {'line': b'-- Up-to-date symlink: /home/rohan/cobotx/install/nav_bot/share/nav_bot/worlds/meshes/nxt_racks/BTS00068652.png\n'}
[0.520755] (nav_bot) StdoutLine: {'line': b'-- Up-to-date symlink: /home/rohan/cobotx/install/nav_bot/share/nav_bot/worlds/meshes/nxt_racks/BTS00068653.png\n'}
[0.520884] (nav_bot) StdoutLine: {'line': b'-- Up-to-date symlink: /home/rohan/cobotx/install/nav_bot/share/nav_bot/worlds/meshes/nxt_racks/BTS00068654.png\n'}
[0.521014] (nav_bot) StdoutLine: {'line': b'-- Up-to-date symlink: /home/rohan/cobotx/install/nav_bot/share/nav_bot/worlds/meshes/nxt_racks/BTS00068655.png\n'}
[0.521136] (nav_bot) StdoutLine: {'line': b'-- Up-to-date symlink: /home/rohan/cobotx/install/nav_bot/share/nav_bot/worlds/meshes/nxt_racks/BTS00068656.png\n'}
[0.521258] (nav_bot) StdoutLine: {'line': b'-- Up-to-date symlink: /home/rohan/cobotx/install/nav_bot/share/nav_bot/worlds/meshes/nxt_racks/BTS00068657.png\n'}
[0.521402] (nav_bot) StdoutLine: {'line': b'-- Up-to-date symlink: /home/rohan/cobotx/install/nav_bot/share/nav_bot/worlds/meshes/nxt_racks/BTS00068658.png\n'}
[0.521519] (nav_bot) StdoutLine: {'line': b'-- Up-to-date symlink: /home/rohan/cobotx/install/nav_bot/share/nav_bot/worlds/meshes/nxt_racks/BTS00068659.png\n'}
[0.521646] (nav_bot) StdoutLine: {'line': b'-- Up-to-date symlink: /home/rohan/cobotx/install/nav_bot/share/nav_bot/worlds/meshes/nxt_racks/BTS00068660.png\n'}
[0.521779] (nav_bot) StdoutLine: {'line': b'-- Up-to-date symlink: /home/rohan/cobotx/install/nav_bot/share/nav_bot/worlds/meshes/nxt_racks/BTS00068661.png\n'}
[0.521919] (nav_bot) StdoutLine: {'line': b'-- Up-to-date symlink: /home/rohan/cobotx/install/nav_bot/share/nav_bot/worlds/meshes/nxt_racks/BTS00068662.png\n'}
[0.522052] (nav_bot) StdoutLine: {'line': b'-- Up-to-date symlink: /home/rohan/cobotx/install/nav_bot/share/nav_bot/worlds/meshes/nxt_racks/BTS00068663.png\n'}
[0.522191] (nav_bot) StdoutLine: {'line': b'-- Up-to-date symlink: /home/rohan/cobotx/install/nav_bot/share/nav_bot/worlds/meshes/nxt_racks/BTS00068664.png\n'}
[0.522321] (nav_bot) StdoutLine: {'line': b'-- Up-to-date symlink: /home/rohan/cobotx/install/nav_bot/share/nav_bot/worlds/meshes/nxt_racks/BTS00068665.png\n'}
[0.522445] (nav_bot) StdoutLine: {'line': b'-- Up-to-date symlink: /home/rohan/cobotx/install/nav_bot/share/nav_bot/worlds/meshes/nxt_racks/BTS00068666.png\n'}
[0.522570] (nav_bot) StdoutLine: {'line': b'-- Up-to-date symlink: /home/rohan/cobotx/install/nav_bot/share/nav_bot/worlds/meshes/nxt_racks/BTS00068667.png\n'}
[0.522701] (nav_bot) StdoutLine: {'line': b'-- Up-to-date symlink: /home/rohan/cobotx/install/nav_bot/share/nav_bot/worlds/meshes/nxt_racks/BTS00068668.png.001.png\n'}
[0.522826] (nav_bot) StdoutLine: {'line': b'-- Up-to-date symlink: /home/rohan/cobotx/install/nav_bot/share/nav_bot/worlds/meshes/nxt_racks/BTS00068669.png.001.png\n'}
[0.522964] (nav_bot) StdoutLine: {'line': b'-- Up-to-date symlink: /home/rohan/cobotx/install/nav_bot/share/nav_bot/worlds/meshes/nxt_racks/BTS00068670.png.001.png\n'}
[0.523101] (nav_bot) StdoutLine: {'line': b'-- Up-to-date symlink: /home/rohan/cobotx/install/nav_bot/share/nav_bot/worlds/meshes/nxt_racks/BTS00068671.png\n'}
[0.523237] (nav_bot) StdoutLine: {'line': b'-- Up-to-date symlink: /home/rohan/cobotx/install/nav_bot/share/nav_bot/worlds/meshes/nxt_racks/BTS00068672.png\n'}
[0.523368] (nav_bot) StdoutLine: {'line': b'-- Up-to-date symlink: /home/rohan/cobotx/install/nav_bot/share/nav_bot/worlds/meshes/nxt_racks/BTS00068673.png\n'}
[0.523496] (nav_bot) StdoutLine: {'line': b'-- Up-to-date symlink: /home/rohan/cobotx/install/nav_bot/share/nav_bot/worlds/meshes/nxt_racks/BTS00068674.png\n'}
[0.523634] (nav_bot) StdoutLine: {'line': b'-- Up-to-date symlink: /home/rohan/cobotx/install/nav_bot/share/nav_bot/worlds/meshes/nxt_racks/BTS00068675.png\n'}
[0.523760] (nav_bot) StdoutLine: {'line': b'-- Up-to-date symlink: /home/rohan/cobotx/install/nav_bot/share/nav_bot/worlds/meshes/nxt_racks/BTS00068676.png\n'}
[0.523901] (nav_bot) StdoutLine: {'line': b'-- Up-to-date symlink: /home/rohan/cobotx/install/nav_bot/share/nav_bot/worlds/meshes/nxt_racks/BTS00068677.png\n'}
[0.524026] (nav_bot) StdoutLine: {'line': b'-- Up-to-date symlink: /home/rohan/cobotx/install/nav_bot/share/nav_bot/worlds/meshes/nxt_racks/BTS00068678.png\n'}
[0.524154] (nav_bot) StdoutLine: {'line': b'-- Up-to-date symlink: /home/rohan/cobotx/install/nav_bot/share/nav_bot/worlds/meshes/nxt_racks/BTS00068679.png\n'}
[0.524285] (nav_bot) StdoutLine: {'line': b'-- Up-to-date symlink: /home/rohan/cobotx/install/nav_bot/share/nav_bot/worlds/meshes/nxt_racks/BTS00068680.png\n'}
[0.524427] (nav_bot) StdoutLine: {'line': b'-- Up-to-date symlink: /home/rohan/cobotx/install/nav_bot/share/nav_bot/worlds/meshes/nxt_racks/BTS00068681.png\n'}
[0.524561] (nav_bot) StdoutLine: {'line': b'-- Up-to-date symlink: /home/rohan/cobotx/install/nav_bot/share/nav_bot/worlds/meshes/nxt_racks/BTS00068682.png.001.png\n'}
[0.524674] (nav_bot) StdoutLine: {'line': b'-- Up-to-date symlink: /home/rohan/cobotx/install/nav_bot/share/nav_bot/worlds/meshes/nxt_racks/BTS00068683.png.001.png\n'}
[0.524793] (nav_bot) StdoutLine: {'line': b'-- Up-to-date symlink: /home/rohan/cobotx/install/nav_bot/share/nav_bot/worlds/meshes/nxt_racks/BTS00068684.png\n'}
[0.524938] (nav_bot) StdoutLine: {'line': b'-- Up-to-date symlink: /home/rohan/cobotx/install/nav_bot/share/nav_bot/worlds/meshes/nxt_racks/BTS00068685.png\n'}
[0.525063] (nav_bot) StdoutLine: {'line': b'-- Up-to-date symlink: /home/rohan/cobotx/install/nav_bot/share/nav_bot/worlds/meshes/nxt_racks/BTS00068686.png\n'}
[0.525192] (nav_bot) StdoutLine: {'line': b'-- Up-to-date symlink: /home/rohan/cobotx/install/nav_bot/share/nav_bot/worlds/meshes/nxt_racks/BTS00068687.png\n'}
[0.525314] (nav_bot) StdoutLine: {'line': b'-- Up-to-date symlink: /home/rohan/cobotx/install/nav_bot/share/nav_bot/worlds/meshes/nxt_racks/BTS00068688.png\n'}
[0.525443] (nav_bot) StdoutLine: {'line': b'-- Up-to-date symlink: /home/rohan/cobotx/install/nav_bot/share/nav_bot/worlds/meshes/nxt_racks/BTS00068689.png\n'}
[0.525573] (nav_bot) StdoutLine: {'line': b'-- Up-to-date symlink: /home/rohan/cobotx/install/nav_bot/share/nav_bot/worlds/meshes/nxt_racks/BTS00068690.png\n'}
[0.525709] (nav_bot) StdoutLine: {'line': b'-- Up-to-date symlink: /home/rohan/cobotx/install/nav_bot/share/nav_bot/worlds/meshes/nxt_racks/BTS00068691.png\n'}
[0.525845] (nav_bot) StdoutLine: {'line': b'-- Up-to-date symlink: /home/rohan/cobotx/install/nav_bot/share/nav_bot/worlds/meshes/nxt_racks/BTS00068692.png\n'}
[0.525984] (nav_bot) StdoutLine: {'line': b'-- Up-to-date symlink: /home/rohan/cobotx/install/nav_bot/share/nav_bot/worlds/meshes/nxt_racks/BTS00068693.png\n'}
[0.526122] (nav_bot) StdoutLine: {'line': b'-- Up-to-date symlink: /home/rohan/cobotx/install/nav_bot/share/nav_bot/worlds/meshes/nxt_racks/BTS00068694.png\n'}
[0.526258] (nav_bot) StdoutLine: {'line': b'-- Up-to-date symlink: /home/rohan/cobotx/install/nav_bot/share/nav_bot/worlds/meshes/nxt_racks/BTS00068695.png\n'}
[0.526393] (nav_bot) StdoutLine: {'line': b'-- Up-to-date symlink: /home/rohan/cobotx/install/nav_bot/share/nav_bot/worlds/meshes/nxt_racks/BTS00068696.png\n'}
[0.526530] (nav_bot) StdoutLine: {'line': b'-- Up-to-date symlink: /home/rohan/cobotx/install/nav_bot/share/nav_bot/worlds/meshes/nxt_racks/BTS00068697.png\n'}
[0.526665] (nav_bot) StdoutLine: {'line': b'-- Up-to-date symlink: /home/rohan/cobotx/install/nav_bot/share/nav_bot/worlds/meshes/nxt_racks/BTS00068698.png\n'}
[0.526801] (nav_bot) StdoutLine: {'line': b'-- Up-to-date symlink: /home/rohan/cobotx/install/nav_bot/share/nav_bot/worlds/meshes/nxt_racks/BTS00068699.png.001.png\n'}
[0.527095] (nav_bot) StdoutLine: {'line': b'-- Up-to-date symlink: /home/rohan/cobotx/install/nav_bot/share/nav_bot/worlds/meshes/nxt_racks/BTS00068700.png\n'}
[0.527381] (nav_bot) StdoutLine: {'line': b'-- Up-to-date symlink: /home/rohan/cobotx/install/nav_bot/share/nav_bot/worlds/meshes/nxt_racks/BTS00068701.png.001.png\n'}
[0.527660] (nav_bot) StdoutLine: {'line': b'-- Up-to-date symlink: /home/rohan/cobotx/install/nav_bot/share/nav_bot/worlds/meshes/nxt_racks/BTS00068702.png.001.png\n'}
[0.527941] (nav_bot) StdoutLine: {'line': b'-- Up-to-date symlink: /home/rohan/cobotx/install/nav_bot/share/nav_bot/worlds/meshes/nxt_racks/BTS00068703.png\n'}
[0.528191] (nav_bot) StdoutLine: {'line': b'-- Up-to-date symlink: /home/rohan/cobotx/install/nav_bot/share/nav_bot/worlds/meshes/nxt_racks/BTS00068704.png\n'}
[0.528415] (nav_bot) StdoutLine: {'line': b'-- Up-to-date symlink: /home/rohan/cobotx/install/nav_bot/share/nav_bot/worlds/meshes/nxt_racks/BTS00068705.png\n'}
[0.528641] (nav_bot) StdoutLine: {'line': b'-- Up-to-date symlink: /home/rohan/cobotx/install/nav_bot/share/nav_bot/worlds/meshes/nxt_racks/BTS00068706.png\n'}
[0.528872] (nav_bot) StdoutLine: {'line': b'-- Up-to-date symlink: /home/rohan/cobotx/install/nav_bot/share/nav_bot/worlds/meshes/nxt_racks/BTS00068707.png\n'}
[0.529104] (nav_bot) StdoutLine: {'line': b'-- Up-to-date symlink: /home/rohan/cobotx/install/nav_bot/share/nav_bot/worlds/meshes/nxt_racks/BTS00068708.png\n'}
[0.529305] (nav_bot) StdoutLine: {'line': b'-- Up-to-date symlink: /home/rohan/cobotx/install/nav_bot/share/nav_bot/worlds/meshes/nxt_racks/BTS00068709.png\n'}
[0.529455] (nav_bot) StdoutLine: {'line': b'-- Up-to-date symlink: /home/rohan/cobotx/install/nav_bot/share/nav_bot/worlds/meshes/nxt_racks/BTS00068710.png\n'}
[0.529574] (nav_bot) StdoutLine: {'line': b'-- Up-to-date symlink: /home/rohan/cobotx/install/nav_bot/share/nav_bot/worlds/meshes/nxt_racks/BTS00068711.png\n'}
[0.529704] (nav_bot) StdoutLine: {'line': b'-- Up-to-date symlink: /home/rohan/cobotx/install/nav_bot/share/nav_bot/worlds/meshes/nxt_racks/BTS00068712.png\n'}
[0.529831] (nav_bot) StdoutLine: {'line': b'-- Up-to-date symlink: /home/rohan/cobotx/install/nav_bot/share/nav_bot/worlds/meshes/nxt_racks/BTS00068713.png\n'}
[0.529965] (nav_bot) StdoutLine: {'line': b'-- Up-to-date symlink: /home/rohan/cobotx/install/nav_bot/share/nav_bot/worlds/meshes/nxt_racks/BTS00068714.png\n'}
[0.530103] (nav_bot) StdoutLine: {'line': b'-- Up-to-date symlink: /home/rohan/cobotx/install/nav_bot/share/nav_bot/worlds/meshes/nxt_racks/BTS00068715.png\n'}
[0.530237] (nav_bot) StdoutLine: {'line': b'-- Up-to-date symlink: /home/rohan/cobotx/install/nav_bot/share/nav_bot/worlds/meshes/nxt_racks/BTS00068716.png\n'}
[0.530373] (nav_bot) StdoutLine: {'line': b'-- Up-to-date symlink: /home/rohan/cobotx/install/nav_bot/share/nav_bot/worlds/meshes/nxt_racks/BTS00068717.png\n'}
[0.530505] (nav_bot) StdoutLine: {'line': b'-- Up-to-date symlink: /home/rohan/cobotx/install/nav_bot/share/nav_bot/worlds/meshes/nxt_racks/BTS00068718.png\n'}
[0.530633] (nav_bot) StdoutLine: {'line': b'-- Up-to-date symlink: /home/rohan/cobotx/install/nav_bot/share/nav_bot/worlds/meshes/nxt_racks/BTS00068719.png\n'}
[0.530763] (nav_bot) StdoutLine: {'line': b'-- Up-to-date symlink: /home/rohan/cobotx/install/nav_bot/share/nav_bot/worlds/meshes/nxt_racks/BTS00068720.png\n'}
[0.530898] (nav_bot) StdoutLine: {'line': b'-- Up-to-date symlink: /home/rohan/cobotx/install/nav_bot/share/nav_bot/worlds/meshes/nxt_racks/BTS00068721.png\n'}
[0.531033] (nav_bot) StdoutLine: {'line': b'-- Up-to-date symlink: /home/rohan/cobotx/install/nav_bot/share/nav_bot/worlds/meshes/nxt_racks/BTS00068722.png\n'}
[0.531162] (nav_bot) StdoutLine: {'line': b'-- Up-to-date symlink: /home/rohan/cobotx/install/nav_bot/share/nav_bot/worlds/meshes/nxt_racks/BTS00068723.png\n'}
[0.531292] (nav_bot) StdoutLine: {'line': b'-- Up-to-date symlink: /home/rohan/cobotx/install/nav_bot/share/nav_bot/worlds/meshes/nxt_racks/BTS00068724.png\n'}
[0.531429] (nav_bot) StdoutLine: {'line': b'-- Up-to-date symlink: /home/rohan/cobotx/install/nav_bot/share/nav_bot/worlds/meshes/nxt_racks/BTS00068725.png\n'}
[0.531561] (nav_bot) StdoutLine: {'line': b'-- Up-to-date symlink: /home/rohan/cobotx/install/nav_bot/share/nav_bot/worlds/meshes/nxt_racks/BTS00068726.png\n'}
[0.531692] (nav_bot) StdoutLine: {'line': b'-- Up-to-date symlink: /home/rohan/cobotx/install/nav_bot/share/nav_bot/worlds/meshes/nxt_racks/BTS00068727.png\n'}
[0.531812] (nav_bot) StdoutLine: {'line': b'-- Up-to-date symlink: /home/rohan/cobotx/install/nav_bot/share/nav_bot/worlds/meshes/nxt_racks/BTS00068728.png\n'}
[0.531943] (nav_bot) StdoutLine: {'line': b'-- Up-to-date symlink: /home/rohan/cobotx/install/nav_bot/share/nav_bot/worlds/meshes/nxt_racks/BTS00068729.png\n'}
[0.532072] (nav_bot) StdoutLine: {'line': b'-- Up-to-date symlink: /home/rohan/cobotx/install/nav_bot/share/nav_bot/worlds/meshes/nxt_racks/BTS00068730.png\n'}
[0.532215] (nav_bot) StdoutLine: {'line': b'-- Up-to-date symlink: /home/rohan/cobotx/install/nav_bot/share/nav_bot/worlds/meshes/nxt_racks/BTS00069884.png\n'}
[0.532341] (nav_bot) StdoutLine: {'line': b'-- Up-to-date symlink: /home/rohan/cobotx/install/nav_bot/share/nav_bot/worlds/meshes/nxt_racks/BTS00069885.png\n'}
[0.532463] (nav_bot) StdoutLine: {'line': b'-- Up-to-date symlink: /home/rohan/cobotx/install/nav_bot/share/nav_bot/worlds/meshes/nxt_racks/BTS00069886.png\n'}
[0.532593] (nav_bot) StdoutLine: {'line': b'-- Up-to-date symlink: /home/rohan/cobotx/install/nav_bot/share/nav_bot/worlds/meshes/nxt_racks/BTS00069887.png\n'}
[0.532718] (nav_bot) StdoutLine: {'line': b'-- Up-to-date symlink: /home/rohan/cobotx/install/nav_bot/share/nav_bot/worlds/meshes/nxt_racks/BTS00069888.png\n'}
[0.532846] (nav_bot) StdoutLine: {'line': b'-- Up-to-date symlink: /home/rohan/cobotx/install/nav_bot/share/nav_bot/worlds/meshes/nxt_racks/BTS00069889.png\n'}
[0.532974] (nav_bot) StdoutLine: {'line': b'-- Up-to-date symlink: /home/rohan/cobotx/install/nav_bot/share/nav_bot/worlds/meshes/nxt_racks/Bois_palette.jpg\n'}
[0.533105] (nav_bot) StdoutLine: {'line': b'-- Up-to-date symlink: /home/rohan/cobotx/install/nav_bot/share/nav_bot/worlds/meshes/nxt_racks/Box_paper_04_1_Base_Color.png\n'}
[0.533257] (nav_bot) StdoutLine: {'line': b'-- Up-to-date symlink: /home/rohan/cobotx/install/nav_bot/share/nav_bot/worlds/meshes/nxt_racks/Box_paper_04_1_Base_Color.png.001.png\n'}
[0.533365] (nav_bot) StdoutLine: {'line': b'-- Up-to-date symlink: /home/rohan/cobotx/install/nav_bot/share/nav_bot/worlds/meshes/nxt_racks/HD-01_A_01.png\n'}
[0.533484] (nav_bot) StdoutLine: {'line': b'-- Up-to-date symlink: /home/rohan/cobotx/install/nav_bot/share/nav_bot/worlds/meshes/nxt_racks/HD-01_A_01.png.002.png\n'}
[0.533606] (nav_bot) StdoutLine: {'line': b'-- Up-to-date symlink: /home/rohan/cobotx/install/nav_bot/share/nav_bot/worlds/meshes/nxt_racks/HD-01_A_01.png.003.png\n'}
[0.533735] (nav_bot) StdoutLine: {'line': b'-- Up-to-date symlink: /home/rohan/cobotx/install/nav_bot/share/nav_bot/worlds/meshes/nxt_racks/HD-01_A_01.png.004.png\n'}
[0.533873] (nav_bot) StdoutLine: {'line': b'-- Up-to-date symlink: /home/rohan/cobotx/install/nav_bot/share/nav_bot/worlds/meshes/nxt_racks/HD-01_A_01.png.005.png\n'}
[0.534008] (nav_bot) StdoutLine: {'line': b'-- Up-to-date symlink: /home/rohan/cobotx/install/nav_bot/share/nav_bot/worlds/meshes/nxt_racks/HD-01_A_01.png.006.png\n'}
[0.534147] (nav_bot) StdoutLine: {'line': b'-- Up-to-date symlink: /home/rohan/cobotx/install/nav_bot/share/nav_bot/worlds/meshes/nxt_racks/HD-01_A_01.png.007.png\n'}
[0.534282] (nav_bot) StdoutLine: {'line': b'-- Up-to-date symlink: /home/rohan/cobotx/install/nav_bot/share/nav_bot/worlds/meshes/nxt_racks/HD-01_A_01.png.008.png\n'}
[0.534573] (nav_bot) StdoutLine: {'line': b'-- Up-to-date symlink: /home/rohan/cobotx/install/nav_bot/share/nav_bot/worlds/meshes/nxt_racks/HD-01_A_01.png.009.png\n'}
[0.534871] (nav_bot) StdoutLine: {'line': b'-- Up-to-date symlink: /home/rohan/cobotx/install/nav_bot/share/nav_bot/worlds/meshes/nxt_racks/HD-01_A_01.png.010.png\n'}
[0.535090] (nav_bot) StdoutLine: {'line': b'-- Up-to-date symlink: /home/rohan/cobotx/install/nav_bot/share/nav_bot/worlds/meshes/nxt_racks/HD-01_A_01.png.011.png\n'}
[0.535360] (nav_bot) StdoutLine: {'line': b'-- Up-to-date symlink: /home/rohan/cobotx/install/nav_bot/share/nav_bot/worlds/meshes/nxt_racks/HD-01_A_01.png.016.png\n'}
[0.535637] (nav_bot) StdoutLine: {'line': b'-- Up-to-date symlink: /home/rohan/cobotx/install/nav_bot/share/nav_bot/worlds/meshes/nxt_racks/HD-01_A_01.png.017.png\n'}
[0.535842] (nav_bot) StdoutLine: {'line': b'-- Up-to-date symlink: /home/rohan/cobotx/install/nav_bot/share/nav_bot/worlds/meshes/nxt_racks/HD-01_A_01.png.018.png\n'}
[0.536079] (nav_bot) StdoutLine: {'line': b'-- Up-to-date symlink: /home/rohan/cobotx/install/nav_bot/share/nav_bot/worlds/meshes/nxt_racks/HD-01_A_01.png.019.png\n'}
[0.536300] (nav_bot) StdoutLine: {'line': b'-- Up-to-date symlink: /home/rohan/cobotx/install/nav_bot/share/nav_bot/worlds/meshes/nxt_racks/HD-01_A_01.png.020.png\n'}
[0.536520] (nav_bot) StdoutLine: {'line': b'-- Up-to-date symlink: /home/rohan/cobotx/install/nav_bot/share/nav_bot/worlds/meshes/nxt_racks/HD-01_A_01.png.021.png\n'}
[0.536816] (nav_bot) StdoutLine: {'line': b'-- Up-to-date symlink: /home/rohan/cobotx/install/nav_bot/share/nav_bot/worlds/meshes/nxt_racks/HD-01_A_01.png.022.png\n'}
[0.537051] (nav_bot) StdoutLine: {'line': b'-- Up-to-date symlink: /home/rohan/cobotx/install/nav_bot/share/nav_bot/worlds/meshes/nxt_racks/HD-01_A_01.png.023.png\n'}
[0.537281] (nav_bot) StdoutLine: {'line': b'-- Up-to-date symlink: /home/rohan/cobotx/install/nav_bot/share/nav_bot/worlds/meshes/nxt_racks/HD-01_A_01.png.024.png\n'}
[0.537516] (nav_bot) StdoutLine: {'line': b'-- Up-to-date symlink: /home/rohan/cobotx/install/nav_bot/share/nav_bot/worlds/meshes/nxt_racks/HD-01_A_01.png.025.png\n'}
[0.537730] (nav_bot) StdoutLine: {'line': b'-- Up-to-date symlink: /home/rohan/cobotx/install/nav_bot/share/nav_bot/worlds/meshes/nxt_racks/HD-01_A_01.png.030.png\n'}
[0.537948] (nav_bot) StdoutLine: {'line': b'-- Up-to-date symlink: /home/rohan/cobotx/install/nav_bot/share/nav_bot/worlds/meshes/nxt_racks/HD-01_A_01.png.031.png\n'}
[0.538221] (nav_bot) StdoutLine: {'line': b'-- Up-to-date symlink: /home/rohan/cobotx/install/nav_bot/share/nav_bot/worlds/meshes/nxt_racks/HD-01_A_01.png.032.png\n'}
[0.538448] (nav_bot) StdoutLine: {'line': b'-- Up-to-date symlink: /home/rohan/cobotx/install/nav_bot/share/nav_bot/worlds/meshes/nxt_racks/HD-01_A_01.png.033.png\n'}
[0.538816] (nav_bot) StdoutLine: {'line': b'-- Up-to-date symlink: /home/rohan/cobotx/install/nav_bot/share/nav_bot/worlds/meshes/nxt_racks/HD-01_A_01.png.034.png\n'}
[0.539036] (nav_bot) StdoutLine: {'line': b'-- Up-to-date symlink: /home/rohan/cobotx/install/nav_bot/share/nav_bot/worlds/meshes/nxt_racks/HD-01_A_01.png.035.png\n'}
[0.539254] (nav_bot) StdoutLine: {'line': b'-- Up-to-date symlink: /home/rohan/cobotx/install/nav_bot/share/nav_bot/worlds/meshes/nxt_racks/HD-01_A_01.png.036.png\n'}
[0.539473] (nav_bot) StdoutLine: {'line': b'-- Up-to-date symlink: /home/rohan/cobotx/install/nav_bot/share/nav_bot/worlds/meshes/nxt_racks/HD-01_A_01.png.037.png\n'}
[0.539623] (nav_bot) StdoutLine: {'line': b'-- Up-to-date symlink: /home/rohan/cobotx/install/nav_bot/share/nav_bot/worlds/meshes/nxt_racks/HD-01_A_01.png.038.png\n'}
[0.539841] (nav_bot) StdoutLine: {'line': b'-- Up-to-date symlink: /home/rohan/cobotx/install/nav_bot/share/nav_bot/worlds/meshes/nxt_racks/HD-01_A_01.png.039.png\n'}
[0.540069] (nav_bot) StdoutLine: {'line': b'-- Up-to-date symlink: /home/rohan/cobotx/install/nav_bot/share/nav_bot/worlds/meshes/nxt_racks/HD-01_A_01.png.044.png\n'}
[0.540292] (nav_bot) StdoutLine: {'line': b'-- Up-to-date symlink: /home/rohan/cobotx/install/nav_bot/share/nav_bot/worlds/meshes/nxt_racks/HD-01_A_01.png.045.png\n'}
[0.540520] (nav_bot) StdoutLine: {'line': b'-- Up-to-date symlink: /home/rohan/cobotx/install/nav_bot/share/nav_bot/worlds/meshes/nxt_racks/HD-01_A_01.png.046.png\n'}
[0.540739] (nav_bot) StdoutLine: {'line': b'-- Up-to-date symlink: /home/rohan/cobotx/install/nav_bot/share/nav_bot/worlds/meshes/nxt_racks/HD-01_A_01.png.047.png\n'}
[0.541022] (nav_bot) StdoutLine: {'line': b'-- Up-to-date symlink: /home/rohan/cobotx/install/nav_bot/share/nav_bot/worlds/meshes/nxt_racks/HD-01_A_01.png.048.png\n'}
[0.541252] (nav_bot) StdoutLine: {'line': b'-- Up-to-date symlink: /home/rohan/cobotx/install/nav_bot/share/nav_bot/worlds/meshes/nxt_racks/HD-01_A_01.png.049.png\n'}
[0.541479] (nav_bot) StdoutLine: {'line': b'-- Up-to-date symlink: /home/rohan/cobotx/install/nav_bot/share/nav_bot/worlds/meshes/nxt_racks/HD-01_A_01.png.050.png\n'}
[0.541735] (nav_bot) StdoutLine: {'line': b'-- Up-to-date symlink: /home/rohan/cobotx/install/nav_bot/share/nav_bot/worlds/meshes/nxt_racks/HD-01_A_01.png.051.png\n'}
[0.541948] (nav_bot) StdoutLine: {'line': b'-- Up-to-date symlink: /home/rohan/cobotx/install/nav_bot/share/nav_bot/worlds/meshes/nxt_racks/HD-01_A_01.png.052.png\n'}
[0.542235] (nav_bot) StdoutLine: {'line': b'-- Up-to-date symlink: /home/rohan/cobotx/install/nav_bot/share/nav_bot/worlds/meshes/nxt_racks/HD-01_A_01.png.053.png\n'}
[0.542453] (nav_bot) StdoutLine: {'line': b'-- Up-to-date symlink: /home/rohan/cobotx/install/nav_bot/share/nav_bot/worlds/meshes/nxt_racks/HD-01_A_01.png.058.png\n'}
[0.542675] (nav_bot) StdoutLine: {'line': b'-- Up-to-date symlink: /home/rohan/cobotx/install/nav_bot/share/nav_bot/worlds/meshes/nxt_racks/HD-01_A_01.png.059.png\n'}
[0.542903] (nav_bot) StdoutLine: {'line': b'-- Up-to-date symlink: /home/rohan/cobotx/install/nav_bot/share/nav_bot/worlds/meshes/nxt_racks/HD-01_A_01.png.060.png\n'}
[0.543123] (nav_bot) StdoutLine: {'line': b'-- Up-to-date symlink: /home/rohan/cobotx/install/nav_bot/share/nav_bot/worlds/meshes/nxt_racks/HD-01_A_01.png.061.png\n'}
[0.543338] (nav_bot) StdoutLine: {'line': b'-- Up-to-date symlink: /home/rohan/cobotx/install/nav_bot/share/nav_bot/worlds/meshes/nxt_racks/HD-01_A_01.png.062.png\n'}
[0.543491] (nav_bot) StdoutLine: {'line': b'-- Up-to-date symlink: /home/rohan/cobotx/install/nav_bot/share/nav_bot/worlds/meshes/nxt_racks/HD-01_A_01.png.063.png\n'}
[0.543719] (nav_bot) StdoutLine: {'line': b'-- Up-to-date symlink: /home/rohan/cobotx/install/nav_bot/share/nav_bot/worlds/meshes/nxt_racks/HD-01_A_01.png.064.png\n'}
[0.543949] (nav_bot) StdoutLine: {'line': b'-- Up-to-date symlink: /home/rohan/cobotx/install/nav_bot/share/nav_bot/worlds/meshes/nxt_racks/HD-01_A_01.png.065.png\n'}
[0.544173] (nav_bot) StdoutLine: {'line': b'-- Up-to-date symlink: /home/rohan/cobotx/install/nav_bot/share/nav_bot/worlds/meshes/nxt_racks/HD-01_A_01.png.066.png\n'}
[0.544440] (nav_bot) StdoutLine: {'line': b'-- Up-to-date symlink: /home/rohan/cobotx/install/nav_bot/share/nav_bot/worlds/meshes/nxt_racks/HD-01_A_01.png.067.png\n'}
[0.544661] (nav_bot) StdoutLine: {'line': b'-- Up-to-date symlink: /home/rohan/cobotx/install/nav_bot/share/nav_bot/worlds/meshes/nxt_racks/HD-01_A_01.png.072.png\n'}
[0.544892] (nav_bot) StdoutLine: {'line': b'-- Up-to-date symlink: /home/rohan/cobotx/install/nav_bot/share/nav_bot/worlds/meshes/nxt_racks/HD-01_A_01.png.073.png\n'}
[0.545113] (nav_bot) StdoutLine: {'line': b'-- Up-to-date symlink: /home/rohan/cobotx/install/nav_bot/share/nav_bot/worlds/meshes/nxt_racks/HD-01_A_01.png.074.png\n'}
[0.545331] (nav_bot) StdoutLine: {'line': b'-- Up-to-date symlink: /home/rohan/cobotx/install/nav_bot/share/nav_bot/worlds/meshes/nxt_racks/HD-01_A_01.png.075.png\n'}
[0.545612] (nav_bot) StdoutLine: {'line': b'-- Up-to-date symlink: /home/rohan/cobotx/install/nav_bot/share/nav_bot/worlds/meshes/nxt_racks/HD-01_A_01.png.076.png\n'}
[0.545820] (nav_bot) StdoutLine: {'line': b'-- Up-to-date symlink: /home/rohan/cobotx/install/nav_bot/share/nav_bot/worlds/meshes/nxt_racks/HD-01_A_01.png.079.png\n'}
[0.546074] (nav_bot) StdoutLine: {'line': b'-- Up-to-date symlink: /home/rohan/cobotx/install/nav_bot/share/nav_bot/worlds/meshes/nxt_racks/HD-01_A_01.png.080.png\n'}
[0.546292] (nav_bot) StdoutLine: {'line': b'-- Up-to-date symlink: /home/rohan/cobotx/install/nav_bot/share/nav_bot/worlds/meshes/nxt_racks/HD-01_A_01.png.081.png\n'}
[0.546509] (nav_bot) StdoutLine: {'line': b'-- Up-to-date symlink: /home/rohan/cobotx/install/nav_bot/share/nav_bot/worlds/meshes/nxt_racks/HD-01_A_01.png.082.png\n'}
[0.546726] (nav_bot) StdoutLine: {'line': b'-- Up-to-date symlink: /home/rohan/cobotx/install/nav_bot/share/nav_bot/worlds/meshes/nxt_racks/HD-01_A_01.png.083.png\n'}
[0.546949] (nav_bot) StdoutLine: {'line': b'-- Up-to-date symlink: /home/rohan/cobotx/install/nav_bot/share/nav_bot/worlds/meshes/nxt_racks/HD-01_A_01.png.084.png\n'}
[0.547177] (nav_bot) StdoutLine: {'line': b'-- Up-to-date symlink: /home/rohan/cobotx/install/nav_bot/share/nav_bot/worlds/meshes/nxt_racks/HD-01_A_01.png.085.png\n'}
[0.547395] (nav_bot) StdoutLine: {'line': b'-- Up-to-date symlink: /home/rohan/cobotx/install/nav_bot/share/nav_bot/worlds/meshes/nxt_racks/HD-01_A_01.png.086.png\n'}
[0.547659] (nav_bot) StdoutLine: {'line': b'-- Up-to-date symlink: /home/rohan/cobotx/install/nav_bot/share/nav_bot/worlds/meshes/nxt_racks/HD-01_A_01.png.087.png\n'}
[0.547806] (nav_bot) StdoutLine: {'line': b'-- Up-to-date symlink: /home/rohan/cobotx/install/nav_bot/share/nav_bot/worlds/meshes/nxt_racks/HD-01_A_01.png.088.png\n'}
[0.548028] (nav_bot) StdoutLine: {'line': b'-- Up-to-date symlink: /home/rohan/cobotx/install/nav_bot/share/nav_bot/worlds/meshes/nxt_racks/HD-01_A_01.png.093.png\n'}
[0.548250] (nav_bot) StdoutLine: {'line': b'-- Up-to-date symlink: /home/rohan/cobotx/install/nav_bot/share/nav_bot/worlds/meshes/nxt_racks/HD-01_A_01.png.094.png\n'}
[0.548532] (nav_bot) StdoutLine: {'line': b'-- Up-to-date symlink: /home/rohan/cobotx/install/nav_bot/share/nav_bot/worlds/meshes/nxt_racks/HD-01_A_01.png.095.png\n'}
[0.548756] (nav_bot) StdoutLine: {'line': b'-- Up-to-date symlink: /home/rohan/cobotx/install/nav_bot/share/nav_bot/worlds/meshes/nxt_racks/HD-01_A_01.png.096.png\n'}
[0.549031] (nav_bot) StdoutLine: {'line': b'-- Up-to-date symlink: /home/rohan/cobotx/install/nav_bot/share/nav_bot/worlds/meshes/nxt_racks/HD-01_A_01.png.097.png\n'}
[0.549247] (nav_bot) StdoutLine: {'line': b'-- Up-to-date symlink: /home/rohan/cobotx/install/nav_bot/share/nav_bot/worlds/meshes/nxt_racks/HD-01_A_01.png.098.png\n'}
[0.549454] (nav_bot) StdoutLine: {'line': b'-- Up-to-date symlink: /home/rohan/cobotx/install/nav_bot/share/nav_bot/worlds/meshes/nxt_racks/HD-01_A_01.png.099.png\n'}
[0.549657] (nav_bot) StdoutLine: {'line': b'-- Up-to-date symlink: /home/rohan/cobotx/install/nav_bot/share/nav_bot/worlds/meshes/nxt_racks/HD-01_A_01.png.100.png\n'}
[0.549871] (nav_bot) StdoutLine: {'line': b'-- Up-to-date symlink: /home/rohan/cobotx/install/nav_bot/share/nav_bot/worlds/meshes/nxt_racks/HD-01_A_01.png.101.png\n'}
[0.550088] (nav_bot) StdoutLine: {'line': b'-- Up-to-date symlink: /home/rohan/cobotx/install/nav_bot/share/nav_bot/worlds/meshes/nxt_racks/HD-01_A_01.png.102.png\n'}
[0.550305] (nav_bot) StdoutLine: {'line': b'-- Up-to-date symlink: /home/rohan/cobotx/install/nav_bot/share/nav_bot/worlds/meshes/nxt_racks/HD-01_A_01.png.107.png\n'}
[0.550523] (nav_bot) StdoutLine: {'line': b'-- Up-to-date symlink: /home/rohan/cobotx/install/nav_bot/share/nav_bot/worlds/meshes/nxt_racks/HD-01_A_01.png.108.png\n'}
[0.550741] (nav_bot) StdoutLine: {'line': b'-- Up-to-date symlink: /home/rohan/cobotx/install/nav_bot/share/nav_bot/worlds/meshes/nxt_racks/HD-01_A_01.png.109.png\n'}
[0.550907] (nav_bot) StdoutLine: {'line': b'-- Up-to-date symlink: /home/rohan/cobotx/install/nav_bot/share/nav_bot/worlds/meshes/nxt_racks/HD-01_A_01.png.110.png\n'}
[0.551042] (nav_bot) StdoutLine: {'line': b'-- Up-to-date symlink: /home/rohan/cobotx/install/nav_bot/share/nav_bot/worlds/meshes/nxt_racks/HD-01_A_01.png.111.png\n'}
[0.551172] (nav_bot) StdoutLine: {'line': b'-- Up-to-date symlink: /home/rohan/cobotx/install/nav_bot/share/nav_bot/worlds/meshes/nxt_racks/HD-01_A_01.png.112.png\n'}
[0.551450] (nav_bot) StdoutLine: {'line': b'-- Up-to-date symlink: /home/rohan/cobotx/install/nav_bot/share/nav_bot/worlds/meshes/nxt_racks/HD-01_A_01.png.113.png\n'}
[0.551724] (nav_bot) StdoutLine: {'line': b'-- Up-to-date symlink: /home/rohan/cobotx/install/nav_bot/share/nav_bot/worlds/meshes/nxt_racks/HD-01_A_01.png.114.png\n'}
[0.551999] (nav_bot) StdoutLine: {'line': b'-- Up-to-date symlink: /home/rohan/cobotx/install/nav_bot/share/nav_bot/worlds/meshes/nxt_racks/HD-01_A_01.png.115.png\n'}
[0.552268] (nav_bot) StdoutLine: {'line': b'-- Up-to-date symlink: /home/rohan/cobotx/install/nav_bot/share/nav_bot/worlds/meshes/nxt_racks/HD-01_A_01.png.122.png\n'}
[0.552488] (nav_bot) StdoutLine: {'line': b'-- Up-to-date symlink: /home/rohan/cobotx/install/nav_bot/share/nav_bot/worlds/meshes/nxt_racks/HD-01_A_01.png.123.png\n'}
[0.552673] (nav_bot) StdoutLine: {'line': b'-- Up-to-date symlink: /home/rohan/cobotx/install/nav_bot/share/nav_bot/worlds/meshes/nxt_racks/HD-01_A_01.png.124.png\n'}
[0.552961] (nav_bot) StdoutLine: {'line': b'-- Up-to-date symlink: /home/rohan/cobotx/install/nav_bot/share/nav_bot/worlds/meshes/nxt_racks/HD-01_A_01.png.125.png\n'}
[0.553235] (nav_bot) StdoutLine: {'line': b'-- Up-to-date symlink: /home/rohan/cobotx/install/nav_bot/share/nav_bot/worlds/meshes/nxt_racks/HD-01_A_01.png.126.png\n'}
[0.553466] (nav_bot) StdoutLine: {'line': b'-- Up-to-date symlink: /home/rohan/cobotx/install/nav_bot/share/nav_bot/worlds/meshes/nxt_racks/HD-01_A_01.png.127.png\n'}
[0.553689] (nav_bot) StdoutLine: {'line': b'-- Up-to-date symlink: /home/rohan/cobotx/install/nav_bot/share/nav_bot/worlds/meshes/nxt_racks/HD-01_A_01.png.128.png\n'}
[0.553916] (nav_bot) StdoutLine: {'line': b'-- Up-to-date symlink: /home/rohan/cobotx/install/nav_bot/share/nav_bot/worlds/meshes/nxt_racks/HD-01_A_01.png.129.png\n'}
[0.554144] (nav_bot) StdoutLine: {'line': b'-- Up-to-date symlink: /home/rohan/cobotx/install/nav_bot/share/nav_bot/worlds/meshes/nxt_racks/HD-01_A_01.png.130.png\n'}
[0.554361] (nav_bot) StdoutLine: {'line': b'-- Up-to-date symlink: /home/rohan/cobotx/install/nav_bot/share/nav_bot/worlds/meshes/nxt_racks/HD-01_A_01.png.135.png\n'}
[0.554582] (nav_bot) StdoutLine: {'line': b'-- Up-to-date symlink: /home/rohan/cobotx/install/nav_bot/share/nav_bot/worlds/meshes/nxt_racks/HD-01_A_01.png.136.png\n'}
[0.554800] (nav_bot) StdoutLine: {'line': b'-- Up-to-date symlink: /home/rohan/cobotx/install/nav_bot/share/nav_bot/worlds/meshes/nxt_racks/HD-01_A_01.png.137.png\n'}
[0.555071] (nav_bot) StdoutLine: {'line': b'-- Up-to-date symlink: /home/rohan/cobotx/install/nav_bot/share/nav_bot/worlds/meshes/nxt_racks/HD-01_A_01.png.138.png\n'}
[0.555230] (nav_bot) StdoutLine: {'line': b'-- Up-to-date symlink: /home/rohan/cobotx/install/nav_bot/share/nav_bot/worlds/meshes/nxt_racks/HD-01_A_01.png.139.png\n'}
[0.555457] (nav_bot) StdoutLine: {'line': b'-- Up-to-date symlink: /home/rohan/cobotx/install/nav_bot/share/nav_bot/worlds/meshes/nxt_racks/HD-01_A_01.png.142.png\n'}
[0.555684] (nav_bot) StdoutLine: {'line': b'-- Up-to-date symlink: /home/rohan/cobotx/install/nav_bot/share/nav_bot/worlds/meshes/nxt_racks/HD-01_A_01.png.143.png\n'}
[0.555908] (nav_bot) StdoutLine: {'line': b'-- Up-to-date symlink: /home/rohan/cobotx/install/nav_bot/share/nav_bot/worlds/meshes/nxt_racks/HD-01_A_01.png.144.png\n'}
[0.556173] (nav_bot) StdoutLine: {'line': b'-- Up-to-date symlink: /home/rohan/cobotx/install/nav_bot/share/nav_bot/worlds/meshes/nxt_racks/HD-01_A_01.png.145.png\n'}
[0.556463] (nav_bot) StdoutLine: {'line': b'-- Up-to-date symlink: /home/rohan/cobotx/install/nav_bot/share/nav_bot/worlds/meshes/nxt_racks/HD-01_A_01.png.146.png\n'}
[0.556680] (nav_bot) StdoutLine: {'line': b'-- Up-to-date symlink: /home/rohan/cobotx/install/nav_bot/share/nav_bot/worlds/meshes/nxt_racks/HD-01_A_01.png.147.png\n'}
[0.556819] (nav_bot) StdoutLine: {'line': b'-- Up-to-date symlink: /home/rohan/cobotx/install/nav_bot/share/nav_bot/worlds/meshes/nxt_racks/HD-01_A_01.png.148.png\n'}
[0.556955] (nav_bot) StdoutLine: {'line': b'-- Up-to-date symlink: /home/rohan/cobotx/install/nav_bot/share/nav_bot/worlds/meshes/nxt_racks/HD-01_A_01.png.149.png\n'}
[0.557080] (nav_bot) StdoutLine: {'line': b'-- Up-to-date symlink: /home/rohan/cobotx/install/nav_bot/share/nav_bot/worlds/meshes/nxt_racks/HD-01_A_01.png.150.png\n'}
[0.557214] (nav_bot) StdoutLine: {'line': b'-- Up-to-date symlink: /home/rohan/cobotx/install/nav_bot/share/nav_bot/worlds/meshes/nxt_racks/HD-01_A_01.png.151.png\n'}
[0.557340] (nav_bot) StdoutLine: {'line': b'-- Up-to-date symlink: /home/rohan/cobotx/install/nav_bot/share/nav_bot/worlds/meshes/nxt_racks/HD-01_A_01.png.156.png\n'}
[0.557464] (nav_bot) StdoutLine: {'line': b'-- Up-to-date symlink: /home/rohan/cobotx/install/nav_bot/share/nav_bot/worlds/meshes/nxt_racks/HD-01_A_01.png.157.png\n'}
[0.557589] (nav_bot) StdoutLine: {'line': b'-- Up-to-date symlink: /home/rohan/cobotx/install/nav_bot/share/nav_bot/worlds/meshes/nxt_racks/HD-01_A_01.png.158.png\n'}
[0.557714] (nav_bot) StdoutLine: {'line': b'-- Up-to-date symlink: /home/rohan/cobotx/install/nav_bot/share/nav_bot/worlds/meshes/nxt_racks/HD-01_A_01.png.159.png\n'}
[0.557850] (nav_bot) StdoutLine: {'line': b'-- Up-to-date symlink: /home/rohan/cobotx/install/nav_bot/share/nav_bot/worlds/meshes/nxt_racks/HD-01_A_01.png.160.png\n'}
[0.557974] (nav_bot) StdoutLine: {'line': b'-- Up-to-date symlink: /home/rohan/cobotx/install/nav_bot/share/nav_bot/worlds/meshes/nxt_racks/HD-01_A_01.png.161.png\n'}
[0.558102] (nav_bot) StdoutLine: {'line': b'-- Up-to-date symlink: /home/rohan/cobotx/install/nav_bot/share/nav_bot/worlds/meshes/nxt_racks/HD-01_A_01.png.162.png\n'}
[0.558245] (nav_bot) StdoutLine: {'line': b'-- Up-to-date symlink: /home/rohan/cobotx/install/nav_bot/share/nav_bot/worlds/meshes/nxt_racks/HD-01_A_01.png.163.png\n'}
[0.558360] (nav_bot) StdoutLine: {'line': b'-- Up-to-date symlink: /home/rohan/cobotx/install/nav_bot/share/nav_bot/worlds/meshes/nxt_racks/HD-01_A_01.png.164.png\n'}
[0.558479] (nav_bot) StdoutLine: {'line': b'-- Up-to-date symlink: /home/rohan/cobotx/install/nav_bot/share/nav_bot/worlds/meshes/nxt_racks/HD-01_A_01.png.165.png\n'}
[0.558602] (nav_bot) StdoutLine: {'line': b'-- Up-to-date symlink: /home/rohan/cobotx/install/nav_bot/share/nav_bot/worlds/meshes/nxt_racks/HD-01_A_01.png.170.png\n'}
[0.558734] (nav_bot) StdoutLine: {'line': b'-- Up-to-date symlink: /home/rohan/cobotx/install/nav_bot/share/nav_bot/worlds/meshes/nxt_racks/HD-01_A_01.png.171.png\n'}
[0.558871] (nav_bot) StdoutLine: {'line': b'-- Up-to-date symlink: /home/rohan/cobotx/install/nav_bot/share/nav_bot/worlds/meshes/nxt_racks/HD-01_A_01.png.172.png\n'}
[0.559006] (nav_bot) StdoutLine: {'line': b'-- Up-to-date symlink: /home/rohan/cobotx/install/nav_bot/share/nav_bot/worlds/meshes/nxt_racks/HD-01_A_01.png.173.png\n'}
[0.559139] (nav_bot) StdoutLine: {'line': b'-- Up-to-date symlink: /home/rohan/cobotx/install/nav_bot/share/nav_bot/worlds/meshes/nxt_racks/HD-01_A_01.png.174.png\n'}
[0.559275] (nav_bot) StdoutLine: {'line': b'-- Up-to-date symlink: /home/rohan/cobotx/install/nav_bot/share/nav_bot/worlds/meshes/nxt_racks/HD-01_A_01.png.175.png\n'}
[0.559406] (nav_bot) StdoutLine: {'line': b'-- Up-to-date symlink: /home/rohan/cobotx/install/nav_bot/share/nav_bot/worlds/meshes/nxt_racks/HD-01_A_01.png.176.png\n'}
[0.559540] (nav_bot) StdoutLine: {'line': b'-- Up-to-date symlink: /home/rohan/cobotx/install/nav_bot/share/nav_bot/worlds/meshes/nxt_racks/HD-01_A_01.png.177.png\n'}
[0.559672] (nav_bot) StdoutLine: {'line': b'-- Up-to-date symlink: /home/rohan/cobotx/install/nav_bot/share/nav_bot/worlds/meshes/nxt_racks/HD-01_A_01.png.178.png\n'}
[0.559807] (nav_bot) StdoutLine: {'line': b'-- Up-to-date symlink: /home/rohan/cobotx/install/nav_bot/share/nav_bot/worlds/meshes/nxt_racks/HD-01_A_01.png.179.png\n'}
[0.559947] (nav_bot) StdoutLine: {'line': b'-- Up-to-date symlink: /home/rohan/cobotx/install/nav_bot/share/nav_bot/worlds/meshes/nxt_racks/HD-01_A_01.png.184.png\n'}
[0.560088] (nav_bot) StdoutLine: {'line': b'-- Up-to-date symlink: /home/rohan/cobotx/install/nav_bot/share/nav_bot/worlds/meshes/nxt_racks/HD-01_A_01.png.185.png\n'}
[0.560220] (nav_bot) StdoutLine: {'line': b'-- Up-to-date symlink: /home/rohan/cobotx/install/nav_bot/share/nav_bot/worlds/meshes/nxt_racks/HD-01_A_01.png.186.png\n'}
[0.560350] (nav_bot) StdoutLine: {'line': b'-- Up-to-date symlink: /home/rohan/cobotx/install/nav_bot/share/nav_bot/worlds/meshes/nxt_racks/HD-01_A_01.png.187.png\n'}
[0.560486] (nav_bot) StdoutLine: {'line': b'-- Up-to-date symlink: /home/rohan/cobotx/install/nav_bot/share/nav_bot/worlds/meshes/nxt_racks/HD-01_A_01.png.188.png\n'}
[0.560623] (nav_bot) StdoutLine: {'line': b'-- Up-to-date symlink: /home/rohan/cobotx/install/nav_bot/share/nav_bot/worlds/meshes/nxt_racks/HD-01_A_01.png.189.png\n'}
[0.560747] (nav_bot) StdoutLine: {'line': b'-- Up-to-date symlink: /home/rohan/cobotx/install/nav_bot/share/nav_bot/worlds/meshes/nxt_racks/HD-01_A_01.png.190.png\n'}
[0.560880] (nav_bot) StdoutLine: {'line': b'-- Up-to-date symlink: /home/rohan/cobotx/install/nav_bot/share/nav_bot/worlds/meshes/nxt_racks/HD-01_A_01.png.191.png\n'}
[0.561009] (nav_bot) StdoutLine: {'line': b'-- Up-to-date symlink: /home/rohan/cobotx/install/nav_bot/share/nav_bot/worlds/meshes/nxt_racks/HD-01_A_01.png.192.png\n'}
[0.561141] (nav_bot) StdoutLine: {'line': b'-- Up-to-date symlink: /home/rohan/cobotx/install/nav_bot/share/nav_bot/worlds/meshes/nxt_racks/HD-01_A_01.png.193.png\n'}
[0.561265] (nav_bot) StdoutLine: {'line': b'-- Up-to-date symlink: /home/rohan/cobotx/install/nav_bot/share/nav_bot/worlds/meshes/nxt_racks/HD-01_A_01.png.198.png\n'}
[0.561389] (nav_bot) StdoutLine: {'line': b'-- Up-to-date symlink: /home/rohan/cobotx/install/nav_bot/share/nav_bot/worlds/meshes/nxt_racks/HD-01_A_01.png.199.png\n'}
[0.561518] (nav_bot) StdoutLine: {'line': b'-- Up-to-date symlink: /home/rohan/cobotx/install/nav_bot/share/nav_bot/worlds/meshes/nxt_racks/HD-01_A_01.png.200.png\n'}
[0.561648] (nav_bot) StdoutLine: {'line': b'-- Up-to-date symlink: /home/rohan/cobotx/install/nav_bot/share/nav_bot/worlds/meshes/nxt_racks/HD-01_A_01.png.201.png\n'}
[0.561772] (nav_bot) StdoutLine: {'line': b'-- Up-to-date symlink: /home/rohan/cobotx/install/nav_bot/share/nav_bot/worlds/meshes/nxt_racks/HD-01_A_01.png.202.png\n'}
[0.561904] (nav_bot) StdoutLine: {'line': b'-- Up-to-date symlink: /home/rohan/cobotx/install/nav_bot/share/nav_bot/worlds/meshes/nxt_racks/HD-01_A_01.png.203.png\n'}
[0.562041] (nav_bot) StdoutLine: {'line': b'-- Up-to-date symlink: /home/rohan/cobotx/install/nav_bot/share/nav_bot/worlds/meshes/nxt_racks/HD-01_A_01.png.204.png\n'}
[0.562161] (nav_bot) StdoutLine: {'line': b'-- Up-to-date symlink: /home/rohan/cobotx/install/nav_bot/share/nav_bot/worlds/meshes/nxt_racks/HD-01_A_01.png.205.png\n'}
[0.562324] (nav_bot) StdoutLine: {'line': b'-- Up-to-date symlink: /home/rohan/cobotx/install/nav_bot/share/nav_bot/worlds/meshes/nxt_racks/HD-01_A_01.png.206.png\n'}
[0.562452] (nav_bot) StdoutLine: {'line': b'-- Up-to-date symlink: /home/rohan/cobotx/install/nav_bot/share/nav_bot/worlds/meshes/nxt_racks/HD-01_A_01.png.207.png\n'}
[0.562568] (nav_bot) StdoutLine: {'line': b'-- Up-to-date symlink: /home/rohan/cobotx/install/nav_bot/share/nav_bot/worlds/meshes/nxt_racks/HD-01_A_01.png.212.png\n'}
[0.562699] (nav_bot) StdoutLine: {'line': b'-- Up-to-date symlink: /home/rohan/cobotx/install/nav_bot/share/nav_bot/worlds/meshes/nxt_racks/HD-01_A_01.png.213.png\n'}
[0.562823] (nav_bot) StdoutLine: {'line': b'-- Up-to-date symlink: /home/rohan/cobotx/install/nav_bot/share/nav_bot/worlds/meshes/nxt_racks/HD-01_A_01.png.214.png\n'}
[0.562954] (nav_bot) StdoutLine: {'line': b'-- Up-to-date symlink: /home/rohan/cobotx/install/nav_bot/share/nav_bot/worlds/meshes/nxt_racks/HD-01_A_01.png.215.png\n'}
[0.563085] (nav_bot) StdoutLine: {'line': b'-- Up-to-date symlink: /home/rohan/cobotx/install/nav_bot/share/nav_bot/worlds/meshes/nxt_racks/HD-01_A_01.png.216.png\n'}
[0.563214] (nav_bot) StdoutLine: {'line': b'-- Up-to-date symlink: /home/rohan/cobotx/install/nav_bot/share/nav_bot/worlds/meshes/nxt_racks/HD-01_A_01.png.217.png\n'}
[0.563345] (nav_bot) StdoutLine: {'line': b'-- Up-to-date symlink: /home/rohan/cobotx/install/nav_bot/share/nav_bot/worlds/meshes/nxt_racks/HD-01_A_01.png.218.png\n'}
[0.563469] (nav_bot) StdoutLine: {'line': b'-- Up-to-date symlink: /home/rohan/cobotx/install/nav_bot/share/nav_bot/worlds/meshes/nxt_racks/HD-01_A_01.png.219.png\n'}
[0.563593] (nav_bot) StdoutLine: {'line': b'-- Up-to-date symlink: /home/rohan/cobotx/install/nav_bot/share/nav_bot/worlds/meshes/nxt_racks/HD-01_A_01.png.220.png\n'}
[0.563715] (nav_bot) StdoutLine: {'line': b'-- Up-to-date symlink: /home/rohan/cobotx/install/nav_bot/share/nav_bot/worlds/meshes/nxt_racks/HD-01_A_01.png.221.png\n'}
[0.563841] (nav_bot) StdoutLine: {'line': b'-- Up-to-date symlink: /home/rohan/cobotx/install/nav_bot/share/nav_bot/worlds/meshes/nxt_racks/HD-01_A_01.png.226.png\n'}
[0.563966] (nav_bot) StdoutLine: {'line': b'-- Up-to-date symlink: /home/rohan/cobotx/install/nav_bot/share/nav_bot/worlds/meshes/nxt_racks/HD-01_A_01.png.227.png\n'}
[0.564104] (nav_bot) StdoutLine: {'line': b'-- Up-to-date symlink: /home/rohan/cobotx/install/nav_bot/share/nav_bot/worlds/meshes/nxt_racks/HD-01_A_01.png.228.png\n'}
[0.564239] (nav_bot) StdoutLine: {'line': b'-- Up-to-date symlink: /home/rohan/cobotx/install/nav_bot/share/nav_bot/worlds/meshes/nxt_racks/HD-01_A_01.png.229.png\n'}
[0.564375] (nav_bot) StdoutLine: {'line': b'-- Up-to-date symlink: /home/rohan/cobotx/install/nav_bot/share/nav_bot/worlds/meshes/nxt_racks/HD-01_A_01.png.230.png\n'}
[0.564511] (nav_bot) StdoutLine: {'line': b'-- Up-to-date symlink: /home/rohan/cobotx/install/nav_bot/share/nav_bot/worlds/meshes/nxt_racks/HD-01_A_01.png.231.png\n'}
[0.564648] (nav_bot) StdoutLine: {'line': b'-- Up-to-date symlink: /home/rohan/cobotx/install/nav_bot/share/nav_bot/worlds/meshes/nxt_racks/HD-01_A_01.png.232.png\n'}
[0.564784] (nav_bot) StdoutLine: {'line': b'-- Up-to-date symlink: /home/rohan/cobotx/install/nav_bot/share/nav_bot/worlds/meshes/nxt_racks/HD-01_A_01.png.233.png\n'}
[0.565066] (nav_bot) StdoutLine: {'line': b'-- Up-to-date symlink: /home/rohan/cobotx/install/nav_bot/share/nav_bot/worlds/meshes/nxt_racks/HD-01_A_01.png.234.png\n'}
[0.565351] (nav_bot) StdoutLine: {'line': b'-- Up-to-date symlink: /home/rohan/cobotx/install/nav_bot/share/nav_bot/worlds/meshes/nxt_racks/HD-01_A_01.png.235.png\n'}
[0.565634] (nav_bot) StdoutLine: {'line': b'-- Up-to-date symlink: /home/rohan/cobotx/install/nav_bot/share/nav_bot/worlds/meshes/nxt_racks/HD-01_A_01.png.240.png\n'}
[0.565912] (nav_bot) StdoutLine: {'line': b'-- Up-to-date symlink: /home/rohan/cobotx/install/nav_bot/share/nav_bot/worlds/meshes/nxt_racks/HD-01_A_01.png.241.png\n'}
[0.566172] (nav_bot) StdoutLine: {'line': b'-- Up-to-date symlink: /home/rohan/cobotx/install/nav_bot/share/nav_bot/worlds/meshes/nxt_racks/HD-01_A_01.png.242.png\n'}
[0.566439] (nav_bot) StdoutLine: {'line': b'-- Up-to-date symlink: /home/rohan/cobotx/install/nav_bot/share/nav_bot/worlds/meshes/nxt_racks/HD-01_A_01.png.243.png\n'}
[0.566696] (nav_bot) StdoutLine: {'line': b'-- Up-to-date symlink: /home/rohan/cobotx/install/nav_bot/share/nav_bot/worlds/meshes/nxt_racks/HD-01_A_01.png.244.png\n'}
[0.566987] (nav_bot) StdoutLine: {'line': b'-- Up-to-date symlink: /home/rohan/cobotx/install/nav_bot/share/nav_bot/worlds/meshes/nxt_racks/HD-01_A_01.png.245.png\n'}
[0.567212] (nav_bot) StdoutLine: {'line': b'-- Up-to-date symlink: /home/rohan/cobotx/install/nav_bot/share/nav_bot/worlds/meshes/nxt_racks/HD-01_A_01.png.246.png\n'}
[0.567434] (nav_bot) StdoutLine: {'line': b'-- Up-to-date symlink: /home/rohan/cobotx/install/nav_bot/share/nav_bot/worlds/meshes/nxt_racks/HD-01_A_01.png.247.png\n'}
[0.567657] (nav_bot) StdoutLine: {'line': b'-- Up-to-date symlink: /home/rohan/cobotx/install/nav_bot/share/nav_bot/worlds/meshes/nxt_racks/HD-01_A_01.png.248.png\n'}
[0.567816] (nav_bot) StdoutLine: {'line': b'-- Up-to-date symlink: /home/rohan/cobotx/install/nav_bot/share/nav_bot/worlds/meshes/nxt_racks/HD-01_A_01.png.249.png\n'}
[0.567948] (nav_bot) StdoutLine: {'line': b'-- Up-to-date symlink: /home/rohan/cobotx/install/nav_bot/share/nav_bot/worlds/meshes/nxt_racks/HD-01_A_01.png.254.png\n'}
[0.568078] (nav_bot) StdoutLine: {'line': b'-- Up-to-date symlink: /home/rohan/cobotx/install/nav_bot/share/nav_bot/worlds/meshes/nxt_racks/HD-01_A_01.png.255.png\n'}
[0.568209] (nav_bot) StdoutLine: {'line': b'-- Up-to-date symlink: /home/rohan/cobotx/install/nav_bot/share/nav_bot/worlds/meshes/nxt_racks/HD-01_A_01.png.256.png\n'}
[0.568346] (nav_bot) StdoutLine: {'line': b'-- Up-to-date symlink: /home/rohan/cobotx/install/nav_bot/share/nav_bot/worlds/meshes/nxt_racks/HD-01_A_01.png.257.png\n'}
[0.568482] (nav_bot) StdoutLine: {'line': b'-- Up-to-date symlink: /home/rohan/cobotx/install/nav_bot/share/nav_bot/worlds/meshes/nxt_racks/HD-01_A_01.png.258.png\n'}
[0.568618] (nav_bot) StdoutLine: {'line': b'-- Up-to-date symlink: /home/rohan/cobotx/install/nav_bot/share/nav_bot/worlds/meshes/nxt_racks/HD-01_A_02.png\n'}
[0.568753] (nav_bot) StdoutLine: {'line': b'-- Up-to-date symlink: /home/rohan/cobotx/install/nav_bot/share/nav_bot/worlds/meshes/nxt_racks/HD-01_A_03.png\n'}
[0.568893] (nav_bot) StdoutLine: {'line': b'-- Up-to-date symlink: /home/rohan/cobotx/install/nav_bot/share/nav_bot/worlds/meshes/nxt_racks/HD-01_A_04.png\n'}
[0.569019] (nav_bot) StdoutLine: {'line': b'-- Up-to-date symlink: /home/rohan/cobotx/install/nav_bot/share/nav_bot/worlds/meshes/nxt_racks/HD-01_A_05.png\n'}
[0.569144] (nav_bot) StdoutLine: {'line': b'-- Up-to-date symlink: /home/rohan/cobotx/install/nav_bot/share/nav_bot/worlds/meshes/nxt_racks/HD-01_A_06.png\n'}
[0.569269] (nav_bot) StdoutLine: {'line': b'-- Up-to-date symlink: /home/rohan/cobotx/install/nav_bot/share/nav_bot/worlds/meshes/nxt_racks/HD-01_A_07.png\n'}
[0.569392] (nav_bot) StdoutLine: {'line': b'-- Up-to-date symlink: /home/rohan/cobotx/install/nav_bot/share/nav_bot/worlds/meshes/nxt_racks/HD-01_A_08.png\n'}
[0.569523] (nav_bot) StdoutLine: {'line': b'-- Up-to-date symlink: /home/rohan/cobotx/install/nav_bot/share/nav_bot/worlds/meshes/nxt_racks/HD-01_A_09.png\n'}
[0.569647] (nav_bot) StdoutLine: {'line': b'-- Up-to-date symlink: /home/rohan/cobotx/install/nav_bot/share/nav_bot/worlds/meshes/nxt_racks/HD-01_A_10.png\n'}
[0.569782] (nav_bot) StdoutLine: {'line': b'-- Up-to-date symlink: /home/rohan/cobotx/install/nav_bot/share/nav_bot/worlds/meshes/nxt_racks/HD-01_A_11.png\n'}
[0.569907] (nav_bot) StdoutLine: {'line': b'-- Up-to-date symlink: /home/rohan/cobotx/install/nav_bot/share/nav_bot/worlds/meshes/nxt_racks/HD-01_A_12.png\n'}
[0.570035] (nav_bot) StdoutLine: {'line': b'-- Up-to-date symlink: /home/rohan/cobotx/install/nav_bot/share/nav_bot/worlds/meshes/nxt_racks/HD-01_A_13.png\n'}
[0.570160] (nav_bot) StdoutLine: {'line': b'-- Up-to-date symlink: /home/rohan/cobotx/install/nav_bot/share/nav_bot/worlds/meshes/nxt_racks/HD-01_A_14.png\n'}
[0.570283] (nav_bot) StdoutLine: {'line': b'-- Up-to-date symlink: /home/rohan/cobotx/install/nav_bot/share/nav_bot/worlds/meshes/nxt_racks/HD-01_A_15.png\n'}
[0.570414] (nav_bot) StdoutLine: {'line': b'-- Up-to-date symlink: /home/rohan/cobotx/install/nav_bot/share/nav_bot/worlds/meshes/nxt_racks/HD-01_A_15.png.001.png\n'}
[0.570536] (nav_bot) StdoutLine: {'line': b'-- Up-to-date symlink: /home/rohan/cobotx/install/nav_bot/share/nav_bot/worlds/meshes/nxt_racks/HD-01_A_16.png\n'}
[0.570656] (nav_bot) StdoutLine: {'line': b'-- Up-to-date symlink: /home/rohan/cobotx/install/nav_bot/share/nav_bot/worlds/meshes/nxt_racks/HD-01_A_19.png\n'}
[0.570780] (nav_bot) StdoutLine: {'line': b'-- Up-to-date symlink: /home/rohan/cobotx/install/nav_bot/share/nav_bot/worlds/meshes/nxt_racks/HD-01_A_20.png\n'}
[0.570922] (nav_bot) StdoutLine: {'line': b'-- Up-to-date symlink: /home/rohan/cobotx/install/nav_bot/share/nav_bot/worlds/meshes/nxt_racks/HD-01_A_21.png\n'}
[0.571045] (nav_bot) StdoutLine: {'line': b'-- Up-to-date symlink: /home/rohan/cobotx/install/nav_bot/share/nav_bot/worlds/meshes/nxt_racks/HD-01_A_21.png.001.png\n'}
[0.571170] (nav_bot) StdoutLine: {'line': b'-- Up-to-date symlink: /home/rohan/cobotx/install/nav_bot/share/nav_bot/worlds/meshes/nxt_racks/HD-01_A_22.png\n'}
[0.571294] (nav_bot) StdoutLine: {'line': b'-- Up-to-date symlink: /home/rohan/cobotx/install/nav_bot/share/nav_bot/worlds/meshes/nxt_racks/HD-01_A_23.png\n'}
[0.571415] (nav_bot) StdoutLine: {'line': b'-- Up-to-date symlink: /home/rohan/cobotx/install/nav_bot/share/nav_bot/worlds/meshes/nxt_racks/HD-01_A_24.png\n'}
[0.571541] (nav_bot) StdoutLine: {'line': b'-- Up-to-date symlink: /home/rohan/cobotx/install/nav_bot/share/nav_bot/worlds/meshes/nxt_racks/HD-01_A_25.png\n'}
[0.571669] (nav_bot) StdoutLine: {'line': b'-- Up-to-date symlink: /home/rohan/cobotx/install/nav_bot/share/nav_bot/worlds/meshes/nxt_racks/HD-01_A_26.png\n'}
[0.571790] (nav_bot) StdoutLine: {'line': b'-- Up-to-date symlink: /home/rohan/cobotx/install/nav_bot/share/nav_bot/worlds/meshes/nxt_racks/HD-01_A_27.png\n'}
[0.571933] (nav_bot) StdoutLine: {'line': b'-- Up-to-date symlink: /home/rohan/cobotx/install/nav_bot/share/nav_bot/worlds/meshes/nxt_racks/HD-01_A_28.png\n'}
[0.572079] (nav_bot) StdoutLine: {'line': b'-- Up-to-date symlink: /home/rohan/cobotx/install/nav_bot/share/nav_bot/worlds/meshes/nxt_racks/HD-01_A_29.png\n'}
[0.572213] (nav_bot) StdoutLine: {'line': b'-- Up-to-date symlink: /home/rohan/cobotx/install/nav_bot/share/nav_bot/worlds/meshes/nxt_racks/HD-01_A_30.png\n'}
[0.572343] (nav_bot) StdoutLine: {'line': b'-- Up-to-date symlink: /home/rohan/cobotx/install/nav_bot/share/nav_bot/worlds/meshes/nxt_racks/HD-01_A_31.png\n'}
[0.572475] (nav_bot) StdoutLine: {'line': b'-- Up-to-date symlink: /home/rohan/cobotx/install/nav_bot/share/nav_bot/worlds/meshes/nxt_racks/HD-01_A_32.png\n'}
[0.572606] (nav_bot) StdoutLine: {'line': b'-- Up-to-date symlink: /home/rohan/cobotx/install/nav_bot/share/nav_bot/worlds/meshes/nxt_racks/HD-01_A_33.png\n'}
[0.572741] (nav_bot) StdoutLine: {'line': b'-- Up-to-date symlink: /home/rohan/cobotx/install/nav_bot/share/nav_bot/worlds/meshes/nxt_racks/HD-01_A_33.png.001.png\n'}
[0.572872] (nav_bot) StdoutLine: {'line': b'-- Up-to-date symlink: /home/rohan/cobotx/install/nav_bot/share/nav_bot/worlds/meshes/nxt_racks/HD-01_A_34.png\n'}
[0.573003] (nav_bot) StdoutLine: {'line': b'-- Up-to-date symlink: /home/rohan/cobotx/install/nav_bot/share/nav_bot/worlds/meshes/nxt_racks/HD-01_A_35.png\n'}
[0.573132] (nav_bot) StdoutLine: {'line': b'-- Up-to-date symlink: /home/rohan/cobotx/install/nav_bot/share/nav_bot/worlds/meshes/nxt_racks/HD-01_A_36.png\n'}
[0.573262] (nav_bot) StdoutLine: {'line': b'-- Up-to-date symlink: /home/rohan/cobotx/install/nav_bot/share/nav_bot/worlds/meshes/nxt_racks/HD-01_A_37.png\n'}
[0.573389] (nav_bot) StdoutLine: {'line': b'-- Up-to-date symlink: /home/rohan/cobotx/install/nav_bot/share/nav_bot/worlds/meshes/nxt_racks/HD-01_A_37.png.001.png\n'}
[0.573516] (nav_bot) StdoutLine: {'line': b'-- Up-to-date symlink: /home/rohan/cobotx/install/nav_bot/share/nav_bot/worlds/meshes/nxt_racks/HD-01_A_38.png\n'}
[0.573646] (nav_bot) StdoutLine: {'line': b'-- Up-to-date symlink: /home/rohan/cobotx/install/nav_bot/share/nav_bot/worlds/meshes/nxt_racks/HD-01_B_01.png\n'}
[0.573771] (nav_bot) StdoutLine: {'line': b'-- Up-to-date symlink: /home/rohan/cobotx/install/nav_bot/share/nav_bot/worlds/meshes/nxt_racks/HD-01_B_02.png\n'}
[0.573920] (nav_bot) StdoutLine: {'line': b'-- Up-to-date symlink: /home/rohan/cobotx/install/nav_bot/share/nav_bot/worlds/meshes/nxt_racks/HD-01_B_03.png\n'}
[0.574054] (nav_bot) StdoutLine: {'line': b'-- Up-to-date symlink: /home/rohan/cobotx/install/nav_bot/share/nav_bot/worlds/meshes/nxt_racks/HD-01_B_04.png\n'}
[0.574176] (nav_bot) StdoutLine: {'line': b'-- Up-to-date symlink: /home/rohan/cobotx/install/nav_bot/share/nav_bot/worlds/meshes/nxt_racks/HD-01_B_05.png\n'}
[0.574287] (nav_bot) StdoutLine: {'line': b'-- Up-to-date symlink: /home/rohan/cobotx/install/nav_bot/share/nav_bot/worlds/meshes/nxt_racks/HD-01_B_06.png\n'}
[0.574406] (nav_bot) StdoutLine: {'line': b'-- Up-to-date symlink: /home/rohan/cobotx/install/nav_bot/share/nav_bot/worlds/meshes/nxt_racks/HD-01_B_07.png\n'}
[0.574536] (nav_bot) StdoutLine: {'line': b'-- Up-to-date symlink: /home/rohan/cobotx/install/nav_bot/share/nav_bot/worlds/meshes/nxt_racks/HD-01_B_07.png.001.png\n'}
[0.574669] (nav_bot) StdoutLine: {'line': b'-- Up-to-date symlink: /home/rohan/cobotx/install/nav_bot/share/nav_bot/worlds/meshes/nxt_racks/HD-01_B_08.png\n'}
[0.574790] (nav_bot) StdoutLine: {'line': b'-- Up-to-date symlink: /home/rohan/cobotx/install/nav_bot/share/nav_bot/worlds/meshes/nxt_racks/HD-01_B_09.png\n'}
[0.574918] (nav_bot) StdoutLine: {'line': b'-- Up-to-date symlink: /home/rohan/cobotx/install/nav_bot/share/nav_bot/worlds/meshes/nxt_racks/HD-01_B_10.png\n'}
[0.575047] (nav_bot) StdoutLine: {'line': b'-- Up-to-date symlink: /home/rohan/cobotx/install/nav_bot/share/nav_bot/worlds/meshes/nxt_racks/HD-01_B_11.png\n'}
[0.575172] (nav_bot) StdoutLine: {'line': b'-- Up-to-date symlink: /home/rohan/cobotx/install/nav_bot/share/nav_bot/worlds/meshes/nxt_racks/HD-01_B_12.png\n'}
[0.575297] (nav_bot) StdoutLine: {'line': b'-- Up-to-date symlink: /home/rohan/cobotx/install/nav_bot/share/nav_bot/worlds/meshes/nxt_racks/HD-01_B_13.png\n'}
[0.575426] (nav_bot) StdoutLine: {'line': b'-- Up-to-date symlink: /home/rohan/cobotx/install/nav_bot/share/nav_bot/worlds/meshes/nxt_racks/HD-01_B_14.png\n'}
[0.575552] (nav_bot) StdoutLine: {'line': b'-- Up-to-date symlink: /home/rohan/cobotx/install/nav_bot/share/nav_bot/worlds/meshes/nxt_racks/HD-01_B_15.png\n'}
[0.575675] (nav_bot) StdoutLine: {'line': b'-- Up-to-date symlink: /home/rohan/cobotx/install/nav_bot/share/nav_bot/worlds/meshes/nxt_racks/HD-01_B_16.png\n'}
[0.575801] (nav_bot) StdoutLine: {'line': b'-- Up-to-date symlink: /home/rohan/cobotx/install/nav_bot/share/nav_bot/worlds/meshes/nxt_racks/HD-01_B_19.png\n'}
[0.575957] (nav_bot) StdoutLine: {'line': b'-- Up-to-date symlink: /home/rohan/cobotx/install/nav_bot/share/nav_bot/worlds/meshes/nxt_racks/HD-01_B_20.png\n'}
[0.576097] (nav_bot) StdoutLine: {'line': b'-- Up-to-date symlink: /home/rohan/cobotx/install/nav_bot/share/nav_bot/worlds/meshes/nxt_racks/HD-01_B_22.png\n'}
[0.576227] (nav_bot) StdoutLine: {'line': b'-- Up-to-date symlink: /home/rohan/cobotx/install/nav_bot/share/nav_bot/worlds/meshes/nxt_racks/HD-01_B_23.png\n'}
[0.576360] (nav_bot) StdoutLine: {'line': b'-- Up-to-date symlink: /home/rohan/cobotx/install/nav_bot/share/nav_bot/worlds/meshes/nxt_racks/HD-01_B_24.png\n'}
[0.576489] (nav_bot) StdoutLine: {'line': b'-- Up-to-date symlink: /home/rohan/cobotx/install/nav_bot/share/nav_bot/worlds/meshes/nxt_racks/HD-01_B_25.png\n'}
[0.576617] (nav_bot) StdoutLine: {'line': b'-- Up-to-date symlink: /home/rohan/cobotx/install/nav_bot/share/nav_bot/worlds/meshes/nxt_racks/HD-01_B_26.png\n'}
[0.576749] (nav_bot) StdoutLine: {'line': b'-- Up-to-date symlink: /home/rohan/cobotx/install/nav_bot/share/nav_bot/worlds/meshes/nxt_racks/HD-01_B_27.png\n'}
[0.576882] (nav_bot) StdoutLine: {'line': b'-- Up-to-date symlink: /home/rohan/cobotx/install/nav_bot/share/nav_bot/worlds/meshes/nxt_racks/HD-01_B_28.png\n'}
[0.577021] (nav_bot) StdoutLine: {'line': b'-- Up-to-date symlink: /home/rohan/cobotx/install/nav_bot/share/nav_bot/worlds/meshes/nxt_racks/HD-01_B_29.png\n'}
[0.577152] (nav_bot) StdoutLine: {'line': b'-- Up-to-date symlink: /home/rohan/cobotx/install/nav_bot/share/nav_bot/worlds/meshes/nxt_racks/HD-01_B_30.png\n'}
[0.577283] (nav_bot) StdoutLine: {'line': b'-- Up-to-date symlink: /home/rohan/cobotx/install/nav_bot/share/nav_bot/worlds/meshes/nxt_racks/HD-01_B_31.png\n'}
[0.577420] (nav_bot) StdoutLine: {'line': b'-- Up-to-date symlink: /home/rohan/cobotx/install/nav_bot/share/nav_bot/worlds/meshes/nxt_racks/HD-01_B_32.png\n'}
[0.577556] (nav_bot) StdoutLine: {'line': b'-- Up-to-date symlink: /home/rohan/cobotx/install/nav_bot/share/nav_bot/worlds/meshes/nxt_racks/HD-01_B_34.png\n'}
[0.577694] (nav_bot) StdoutLine: {'line': b'-- Up-to-date symlink: /home/rohan/cobotx/install/nav_bot/share/nav_bot/worlds/meshes/nxt_racks/HD-01_B_35.png\n'}
[0.577976] (nav_bot) StdoutLine: {'line': b'-- Up-to-date symlink: /home/rohan/cobotx/install/nav_bot/share/nav_bot/worlds/meshes/nxt_racks/HD-01_B_36.png\n'}
[0.578255] (nav_bot) StdoutLine: {'line': b'-- Up-to-date symlink: /home/rohan/cobotx/install/nav_bot/share/nav_bot/worlds/meshes/nxt_racks/HD-01_B_38.png.001.png\n'}
[0.578534] (nav_bot) StdoutLine: {'line': b'-- Up-to-date symlink: /home/rohan/cobotx/install/nav_bot/share/nav_bot/worlds/meshes/nxt_racks/HD-01_C_01.png\n'}
[0.578831] (nav_bot) StdoutLine: {'line': b'-- Up-to-date symlink: /home/rohan/cobotx/install/nav_bot/share/nav_bot/worlds/meshes/nxt_racks/HD-01_C_02.png\n'}
[0.579061] (nav_bot) StdoutLine: {'line': b'-- Up-to-date symlink: /home/rohan/cobotx/install/nav_bot/share/nav_bot/worlds/meshes/nxt_racks/HD-01_C_03.png\n'}
[0.579244] (nav_bot) StdoutLine: {'line': b'-- Up-to-date symlink: /home/rohan/cobotx/install/nav_bot/share/nav_bot/worlds/meshes/nxt_racks/HD-01_C_04.png\n'}
[0.579461] (nav_bot) StdoutLine: {'line': b'-- Up-to-date symlink: /home/rohan/cobotx/install/nav_bot/share/nav_bot/worlds/meshes/nxt_racks/HD-01_C_05.png\n'}
[0.579726] (nav_bot) StdoutLine: {'line': b'-- Up-to-date symlink: /home/rohan/cobotx/install/nav_bot/share/nav_bot/worlds/meshes/nxt_racks/HD-01_C_06.png\n'}
[0.579993] (nav_bot) StdoutLine: {'line': b'-- Up-to-date symlink: /home/rohan/cobotx/install/nav_bot/share/nav_bot/worlds/meshes/nxt_racks/HD-01_C_07.png\n'}
[0.580216] (nav_bot) StdoutLine: {'line': b'-- Up-to-date symlink: /home/rohan/cobotx/install/nav_bot/share/nav_bot/worlds/meshes/nxt_racks/HD-01_C_08.png\n'}
[0.580439] (nav_bot) StdoutLine: {'line': b'-- Up-to-date symlink: /home/rohan/cobotx/install/nav_bot/share/nav_bot/worlds/meshes/nxt_racks/HD-01_C_09.png\n'}
[0.580645] (nav_bot) StdoutLine: {'line': b'-- Up-to-date symlink: /home/rohan/cobotx/install/nav_bot/share/nav_bot/worlds/meshes/nxt_racks/HD-01_C_10.png\n'}
[0.580774] (nav_bot) StdoutLine: {'line': b'-- Up-to-date symlink: /home/rohan/cobotx/install/nav_bot/share/nav_bot/worlds/meshes/nxt_racks/HD-01_C_11.png\n'}
[0.580905] (nav_bot) StdoutLine: {'line': b'-- Up-to-date symlink: /home/rohan/cobotx/install/nav_bot/share/nav_bot/worlds/meshes/nxt_racks/HD-01_C_12.png\n'}
[0.581038] (nav_bot) StdoutLine: {'line': b'-- Up-to-date symlink: /home/rohan/cobotx/install/nav_bot/share/nav_bot/worlds/meshes/nxt_racks/HD-01_C_13.png\n'}
[0.581169] (nav_bot) StdoutLine: {'line': b'-- Up-to-date symlink: /home/rohan/cobotx/install/nav_bot/share/nav_bot/worlds/meshes/nxt_racks/HD-01_C_14.png\n'}
[0.581300] (nav_bot) StdoutLine: {'line': b'-- Up-to-date symlink: /home/rohan/cobotx/install/nav_bot/share/nav_bot/worlds/meshes/nxt_racks/HD-01_C_15.png\n'}
[0.581432] (nav_bot) StdoutLine: {'line': b'-- Up-to-date symlink: /home/rohan/cobotx/install/nav_bot/share/nav_bot/worlds/meshes/nxt_racks/HD-01_C_16.png\n'}
[0.581701] (nav_bot) StdoutLine: {'line': b'-- Up-to-date symlink: /home/rohan/cobotx/install/nav_bot/share/nav_bot/worlds/meshes/nxt_racks/HD-01_C_19.png\n'}
[0.581977] (nav_bot) StdoutLine: {'line': b'-- Up-to-date symlink: /home/rohan/cobotx/install/nav_bot/share/nav_bot/worlds/meshes/nxt_racks/HD-01_C_20.png\n'}
[0.582263] (nav_bot) StdoutLine: {'line': b'-- Up-to-date symlink: /home/rohan/cobotx/install/nav_bot/share/nav_bot/worlds/meshes/nxt_racks/HD-01_C_21.png\n'}
[0.582533] (nav_bot) StdoutLine: {'line': b'-- Up-to-date symlink: /home/rohan/cobotx/install/nav_bot/share/nav_bot/worlds/meshes/nxt_racks/HD-01_C_22.png\n'}
[0.582751] (nav_bot) StdoutLine: {'line': b'-- Up-to-date symlink: /home/rohan/cobotx/install/nav_bot/share/nav_bot/worlds/meshes/nxt_racks/HD-01_C_23.png\n'}
[0.583010] (nav_bot) StdoutLine: {'line': b'-- Up-to-date symlink: /home/rohan/cobotx/install/nav_bot/share/nav_bot/worlds/meshes/nxt_racks/HD-01_C_24.png\n'}
[0.583288] (nav_bot) StdoutLine: {'line': b'-- Up-to-date symlink: /home/rohan/cobotx/install/nav_bot/share/nav_bot/worlds/meshes/nxt_racks/HD-01_C_25.png\n'}
[0.583499] (nav_bot) StdoutLine: {'line': b'-- Up-to-date symlink: /home/rohan/cobotx/install/nav_bot/share/nav_bot/worlds/meshes/nxt_racks/HD-01_C_26.png\n'}
[0.583761] (nav_bot) StdoutLine: {'line': b'-- Up-to-date symlink: /home/rohan/cobotx/install/nav_bot/share/nav_bot/worlds/meshes/nxt_racks/HD-01_C_27.png\n'}
[0.583981] (nav_bot) StdoutLine: {'line': b'-- Up-to-date symlink: /home/rohan/cobotx/install/nav_bot/share/nav_bot/worlds/meshes/nxt_racks/HD-01_C_28.png\n'}
[0.584266] (nav_bot) StdoutLine: {'line': b'-- Up-to-date symlink: /home/rohan/cobotx/install/nav_bot/share/nav_bot/worlds/meshes/nxt_racks/HD-01_C_29.png\n'}
[0.584429] (nav_bot) StdoutLine: {'line': b'-- Up-to-date symlink: /home/rohan/cobotx/install/nav_bot/share/nav_bot/worlds/meshes/nxt_racks/HD-01_C_30.png\n'}
[0.584564] (nav_bot) StdoutLine: {'line': b'-- Up-to-date symlink: /home/rohan/cobotx/install/nav_bot/share/nav_bot/worlds/meshes/nxt_racks/HD-01_C_31.png\n'}
[0.584703] (nav_bot) StdoutLine: {'line': b'-- Up-to-date symlink: /home/rohan/cobotx/install/nav_bot/share/nav_bot/worlds/meshes/nxt_racks/HD-01_C_32.png\n'}
[0.584839] (nav_bot) StdoutLine: {'line': b'-- Up-to-date symlink: /home/rohan/cobotx/install/nav_bot/share/nav_bot/worlds/meshes/nxt_racks/HD-01_C_33.png\n'}
[0.584982] (nav_bot) StdoutLine: {'line': b'-- Up-to-date symlink: /home/rohan/cobotx/install/nav_bot/share/nav_bot/worlds/meshes/nxt_racks/HD-01_C_34.png\n'}
[0.585112] (nav_bot) StdoutLine: {'line': b'-- Up-to-date symlink: /home/rohan/cobotx/install/nav_bot/share/nav_bot/worlds/meshes/nxt_racks/HD-01_C_35.png\n'}
[0.585242] (nav_bot) StdoutLine: {'line': b'-- Up-to-date symlink: /home/rohan/cobotx/install/nav_bot/share/nav_bot/worlds/meshes/nxt_racks/HD-01_C_36.png\n'}
[0.585834] (nav_bot) StdoutLine: {'line': b'-- Up-to-date symlink: /home/rohan/cobotx/install/nav_bot/share/nav_bot/worlds/meshes/nxt_racks/HD-01_C_37.png\n'}
[0.586113] (nav_bot) StdoutLine: {'line': b'-- Up-to-date symlink: /home/rohan/cobotx/install/nav_bot/share/nav_bot/worlds/meshes/nxt_racks/HD-01_C_38.png\n'}
[0.586392] (nav_bot) StdoutLine: {'line': b'-- Up-to-date symlink: /home/rohan/cobotx/install/nav_bot/share/nav_bot/worlds/meshes/nxt_racks/HD-01_C_38.png.001.png\n'}
[0.586666] (nav_bot) StdoutLine: {'line': b'-- Up-to-date symlink: /home/rohan/cobotx/install/nav_bot/share/nav_bot/worlds/meshes/nxt_racks/HD-01_D_01.png\n'}
[0.586956] (nav_bot) StdoutLine: {'line': b'-- Up-to-date symlink: /home/rohan/cobotx/install/nav_bot/share/nav_bot/worlds/meshes/nxt_racks/HD-01_D_02.png\n'}
[0.587243] (nav_bot) StdoutLine: {'line': b'-- Up-to-date symlink: /home/rohan/cobotx/install/nav_bot/share/nav_bot/worlds/meshes/nxt_racks/HD-01_D_03.png\n'}
[0.587469] (nav_bot) StdoutLine: {'line': b'-- Up-to-date symlink: /home/rohan/cobotx/install/nav_bot/share/nav_bot/worlds/meshes/nxt_racks/HD-01_D_04.png\n'}
[0.587693] (nav_bot) StdoutLine: {'line': b'-- Up-to-date symlink: /home/rohan/cobotx/install/nav_bot/share/nav_bot/worlds/meshes/nxt_racks/HD-01_D_05.png\n'}
[0.587921] (nav_bot) StdoutLine: {'line': b'-- Up-to-date symlink: /home/rohan/cobotx/install/nav_bot/share/nav_bot/worlds/meshes/nxt_racks/HD-01_D_06.png\n'}
[0.588143] (nav_bot) StdoutLine: {'line': b'-- Up-to-date symlink: /home/rohan/cobotx/install/nav_bot/share/nav_bot/worlds/meshes/nxt_racks/HD-01_D_08.png\n'}
[0.588372] (nav_bot) StdoutLine: {'line': b'-- Up-to-date symlink: /home/rohan/cobotx/install/nav_bot/share/nav_bot/worlds/meshes/nxt_racks/HD-01_D_09.png\n'}
[0.588519] (nav_bot) StdoutLine: {'line': b'-- Up-to-date symlink: /home/rohan/cobotx/install/nav_bot/share/nav_bot/worlds/meshes/nxt_racks/HD-01_D_10.png\n'}
[0.588643] (nav_bot) StdoutLine: {'line': b'-- Up-to-date symlink: /home/rohan/cobotx/install/nav_bot/share/nav_bot/worlds/meshes/nxt_racks/HD-01_D_11.png\n'}
[0.588771] (nav_bot) StdoutLine: {'line': b'-- Up-to-date symlink: /home/rohan/cobotx/install/nav_bot/share/nav_bot/worlds/meshes/nxt_racks/HD-01_D_12.png\n'}
[0.588911] (nav_bot) StdoutLine: {'line': b'-- Up-to-date symlink: /home/rohan/cobotx/install/nav_bot/share/nav_bot/worlds/meshes/nxt_racks/HD-01_D_13.png\n'}
[0.589048] (nav_bot) StdoutLine: {'line': b'-- Up-to-date symlink: /home/rohan/cobotx/install/nav_bot/share/nav_bot/worlds/meshes/nxt_racks/HD-01_D_14.png\n'}
[0.589179] (nav_bot) StdoutLine: {'line': b'-- Up-to-date symlink: /home/rohan/cobotx/install/nav_bot/share/nav_bot/worlds/meshes/nxt_racks/HD-01_D_16.png\n'}
[0.589311] (nav_bot) StdoutLine: {'line': b'-- Up-to-date symlink: /home/rohan/cobotx/install/nav_bot/share/nav_bot/worlds/meshes/nxt_racks/HD-01_D_17.png\n'}
[0.589443] (nav_bot) StdoutLine: {'line': b'-- Up-to-date symlink: /home/rohan/cobotx/install/nav_bot/share/nav_bot/worlds/meshes/nxt_racks/HD-01_D_18.png\n'}
[0.589579] (nav_bot) StdoutLine: {'line': b'-- Up-to-date symlink: /home/rohan/cobotx/install/nav_bot/share/nav_bot/worlds/meshes/nxt_racks/HD-01_D_19.png\n'}
[0.589715] (nav_bot) StdoutLine: {'line': b'-- Up-to-date symlink: /home/rohan/cobotx/install/nav_bot/share/nav_bot/worlds/meshes/nxt_racks/HD-01_D_20.png\n'}
[0.589849] (nav_bot) StdoutLine: {'line': b'-- Up-to-date symlink: /home/rohan/cobotx/install/nav_bot/share/nav_bot/worlds/meshes/nxt_racks/HD-01_D_21.png\n'}
[0.589992] (nav_bot) StdoutLine: {'line': b'-- Up-to-date symlink: /home/rohan/cobotx/install/nav_bot/share/nav_bot/worlds/meshes/nxt_racks/HD-01_D_22.png\n'}
[0.590126] (nav_bot) StdoutLine: {'line': b'-- Up-to-date symlink: /home/rohan/cobotx/install/nav_bot/share/nav_bot/worlds/meshes/nxt_racks/HD-01_D_23.png\n'}
[0.590272] (nav_bot) StdoutLine: {'line': b'-- Up-to-date symlink: /home/rohan/cobotx/install/nav_bot/share/nav_bot/worlds/meshes/nxt_racks/HD-01_D_24.png\n'}
[0.590394] (nav_bot) StdoutLine: {'line': b'-- Up-to-date symlink: /home/rohan/cobotx/install/nav_bot/share/nav_bot/worlds/meshes/nxt_racks/HD-01_D_25.png\n'}
[0.590524] (nav_bot) StdoutLine: {'line': b'-- Up-to-date symlink: /home/rohan/cobotx/install/nav_bot/share/nav_bot/worlds/meshes/nxt_racks/HD-01_D_26.png\n'}
[0.590658] (nav_bot) StdoutLine: {'line': b'-- Up-to-date symlink: /home/rohan/cobotx/install/nav_bot/share/nav_bot/worlds/meshes/nxt_racks/HD-01_D_27.png\n'}
[0.590796] (nav_bot) StdoutLine: {'line': b'-- Up-to-date symlink: /home/rohan/cobotx/install/nav_bot/share/nav_bot/worlds/meshes/nxt_racks/HD-01_D_28.png\n'}
[0.590931] (nav_bot) StdoutLine: {'line': b'-- Up-to-date symlink: /home/rohan/cobotx/install/nav_bot/share/nav_bot/worlds/meshes/nxt_racks/HD-01_D_29.png\n'}
[0.591057] (nav_bot) StdoutLine: {'line': b'-- Up-to-date symlink: /home/rohan/cobotx/install/nav_bot/share/nav_bot/worlds/meshes/nxt_racks/HD-01_D_30.png\n'}
[0.591196] (nav_bot) StdoutLine: {'line': b'-- Up-to-date symlink: /home/rohan/cobotx/install/nav_bot/share/nav_bot/worlds/meshes/nxt_racks/HD-01_D_31.png\n'}
[0.591320] (nav_bot) StdoutLine: {'line': b'-- Up-to-date symlink: /home/rohan/cobotx/install/nav_bot/share/nav_bot/worlds/meshes/nxt_racks/HD-01_D_32.png\n'}
[0.591434] (nav_bot) StdoutLine: {'line': b'-- Up-to-date symlink: /home/rohan/cobotx/install/nav_bot/share/nav_bot/worlds/meshes/nxt_racks/HD-01_D_33.png\n'}
[0.591560] (nav_bot) StdoutLine: {'line': b'-- Up-to-date symlink: /home/rohan/cobotx/install/nav_bot/share/nav_bot/worlds/meshes/nxt_racks/HD-01_D_34.png\n'}
[0.591686] (nav_bot) StdoutLine: {'line': b'-- Up-to-date symlink: /home/rohan/cobotx/install/nav_bot/share/nav_bot/worlds/meshes/nxt_racks/HD-01_D_35.png\n'}
[0.591817] (nav_bot) StdoutLine: {'line': b'-- Up-to-date symlink: /home/rohan/cobotx/install/nav_bot/share/nav_bot/worlds/meshes/nxt_racks/HD-01_D_36.png\n'}
[0.591953] (nav_bot) StdoutLine: {'line': b'-- Up-to-date symlink: /home/rohan/cobotx/install/nav_bot/share/nav_bot/worlds/meshes/nxt_racks/HD-01_D_37.png\n'}
[0.592093] (nav_bot) StdoutLine: {'line': b'-- Up-to-date symlink: /home/rohan/cobotx/install/nav_bot/share/nav_bot/worlds/meshes/nxt_racks/HD-01_D_38.png\n'}
[0.592231] (nav_bot) StdoutLine: {'line': b'-- Up-to-date symlink: /home/rohan/cobotx/install/nav_bot/share/nav_bot/worlds/meshes/nxt_racks/HD-01_E_01.png\n'}
[0.592362] (nav_bot) StdoutLine: {'line': b'-- Up-to-date symlink: /home/rohan/cobotx/install/nav_bot/share/nav_bot/worlds/meshes/nxt_racks/HD-01_E_02.png\n'}
[0.592494] (nav_bot) StdoutLine: {'line': b'-- Up-to-date symlink: /home/rohan/cobotx/install/nav_bot/share/nav_bot/worlds/meshes/nxt_racks/HD-01_E_03.png\n'}
[0.592625] (nav_bot) StdoutLine: {'line': b'-- Up-to-date symlink: /home/rohan/cobotx/install/nav_bot/share/nav_bot/worlds/meshes/nxt_racks/HD-01_E_04.png\n'}
[0.592759] (nav_bot) StdoutLine: {'line': b'-- Up-to-date symlink: /home/rohan/cobotx/install/nav_bot/share/nav_bot/worlds/meshes/nxt_racks/HD-01_E_05.png\n'}
[0.592901] (nav_bot) StdoutLine: {'line': b'-- Up-to-date symlink: /home/rohan/cobotx/install/nav_bot/share/nav_bot/worlds/meshes/nxt_racks/HD-01_E_06.png\n'}
[0.593168] (nav_bot) StdoutLine: {'line': b'-- Up-to-date symlink: /home/rohan/cobotx/install/nav_bot/share/nav_bot/worlds/meshes/nxt_racks/HD-01_E_07.png\n'}
[0.593436] (nav_bot) StdoutLine: {'line': b'-- Up-to-date symlink: /home/rohan/cobotx/install/nav_bot/share/nav_bot/worlds/meshes/nxt_racks/HD-01_E_08.png\n'}
[0.593703] (nav_bot) StdoutLine: {'line': b'-- Up-to-date symlink: /home/rohan/cobotx/install/nav_bot/share/nav_bot/worlds/meshes/nxt_racks/HD-01_E_09.png\n'}
[0.593969] (nav_bot) StdoutLine: {'line': b'-- Up-to-date symlink: /home/rohan/cobotx/install/nav_bot/share/nav_bot/worlds/meshes/nxt_racks/HD-01_E_10.png\n'}
[0.594191] (nav_bot) StdoutLine: {'line': b'-- Up-to-date symlink: /home/rohan/cobotx/install/nav_bot/share/nav_bot/worlds/meshes/nxt_racks/HD-01_E_11.png\n'}
[0.594385] (nav_bot) StdoutLine: {'line': b'-- Up-to-date symlink: /home/rohan/cobotx/install/nav_bot/share/nav_bot/worlds/meshes/nxt_racks/HD-01_E_12.png\n'}
[0.594599] (nav_bot) StdoutLine: {'line': b'-- Up-to-date symlink: /home/rohan/cobotx/install/nav_bot/share/nav_bot/worlds/meshes/nxt_racks/HD-01_E_13.png\n'}
[0.594816] (nav_bot) StdoutLine: {'line': b'-- Up-to-date symlink: /home/rohan/cobotx/install/nav_bot/share/nav_bot/worlds/meshes/nxt_racks/HD-01_E_14.png\n'}
[0.595040] (nav_bot) StdoutLine: {'line': b'-- Up-to-date symlink: /home/rohan/cobotx/install/nav_bot/share/nav_bot/worlds/meshes/nxt_racks/HD-01_E_15.png\n'}
[0.595265] (nav_bot) StdoutLine: {'line': b'-- Up-to-date symlink: /home/rohan/cobotx/install/nav_bot/share/nav_bot/worlds/meshes/nxt_racks/HD-01_E_16.png\n'}
[0.595482] (nav_bot) StdoutLine: {'line': b'-- Up-to-date symlink: /home/rohan/cobotx/install/nav_bot/share/nav_bot/worlds/meshes/nxt_racks/HD-01_E_17.png\n'}
[0.595641] (nav_bot) StdoutLine: {'line': b'-- Up-to-date symlink: /home/rohan/cobotx/install/nav_bot/share/nav_bot/worlds/meshes/nxt_racks/HD-01_E_18.png\n'}
[0.595770] (nav_bot) StdoutLine: {'line': b'-- Up-to-date symlink: /home/rohan/cobotx/install/nav_bot/share/nav_bot/worlds/meshes/nxt_racks/HD-01_E_19.png\n'}
[0.595903] (nav_bot) StdoutLine: {'line': b'-- Up-to-date symlink: /home/rohan/cobotx/install/nav_bot/share/nav_bot/worlds/meshes/nxt_racks/HD-01_E_20.png\n'}
[0.596029] (nav_bot) StdoutLine: {'line': b'-- Up-to-date symlink: /home/rohan/cobotx/install/nav_bot/share/nav_bot/worlds/meshes/nxt_racks/HD-01_E_21.png\n'}
[0.596160] (nav_bot) StdoutLine: {'line': b'-- Up-to-date symlink: /home/rohan/cobotx/install/nav_bot/share/nav_bot/worlds/meshes/nxt_racks/HD-01_E_22.png\n'}
[0.596283] (nav_bot) StdoutLine: {'line': b'-- Up-to-date symlink: /home/rohan/cobotx/install/nav_bot/share/nav_bot/worlds/meshes/nxt_racks/HD-01_E_23.png\n'}
[0.596413] (nav_bot) StdoutLine: {'line': b'-- Up-to-date symlink: /home/rohan/cobotx/install/nav_bot/share/nav_bot/worlds/meshes/nxt_racks/HD-01_E_24.png\n'}
[0.596554] (nav_bot) StdoutLine: {'line': b'-- Up-to-date symlink: /home/rohan/cobotx/install/nav_bot/share/nav_bot/worlds/meshes/nxt_racks/HD-01_E_25.png\n'}
[0.596674] (nav_bot) StdoutLine: {'line': b'-- Up-to-date symlink: /home/rohan/cobotx/install/nav_bot/share/nav_bot/worlds/meshes/nxt_racks/HD-01_E_26.png\n'}
[0.596792] (nav_bot) StdoutLine: {'line': b'-- Up-to-date symlink: /home/rohan/cobotx/install/nav_bot/share/nav_bot/worlds/meshes/nxt_racks/HD-01_E_27.png\n'}
[0.596922] (nav_bot) StdoutLine: {'line': b'-- Up-to-date symlink: /home/rohan/cobotx/install/nav_bot/share/nav_bot/worlds/meshes/nxt_racks/HD-01_E_28.png\n'}
[0.597049] (nav_bot) StdoutLine: {'line': b'-- Up-to-date symlink: /home/rohan/cobotx/install/nav_bot/share/nav_bot/worlds/meshes/nxt_racks/HD-01_E_29.png\n'}
[0.597174] (nav_bot) StdoutLine: {'line': b'-- Up-to-date symlink: /home/rohan/cobotx/install/nav_bot/share/nav_bot/worlds/meshes/nxt_racks/HD-01_E_30.png\n'}
[0.597296] (nav_bot) StdoutLine: {'line': b'-- Up-to-date symlink: /home/rohan/cobotx/install/nav_bot/share/nav_bot/worlds/meshes/nxt_racks/HD-01_E_31.png\n'}
[0.597420] (nav_bot) StdoutLine: {'line': b'-- Up-to-date symlink: /home/rohan/cobotx/install/nav_bot/share/nav_bot/worlds/meshes/nxt_racks/HD-01_E_32.png\n'}
[0.597543] (nav_bot) StdoutLine: {'line': b'-- Up-to-date symlink: /home/rohan/cobotx/install/nav_bot/share/nav_bot/worlds/meshes/nxt_racks/HD-01_E_33.png\n'}
[0.597666] (nav_bot) StdoutLine: {'line': b'-- Up-to-date symlink: /home/rohan/cobotx/install/nav_bot/share/nav_bot/worlds/meshes/nxt_racks/HD-01_E_34.png\n'}
[0.597788] (nav_bot) StdoutLine: {'line': b'-- Up-to-date symlink: /home/rohan/cobotx/install/nav_bot/share/nav_bot/worlds/meshes/nxt_racks/HD-01_E_35.png\n'}
[0.597934] (nav_bot) StdoutLine: {'line': b'-- Up-to-date symlink: /home/rohan/cobotx/install/nav_bot/share/nav_bot/worlds/meshes/nxt_racks/HD-01_E_36.png\n'}
[0.598068] (nav_bot) StdoutLine: {'line': b'-- Up-to-date symlink: /home/rohan/cobotx/install/nav_bot/share/nav_bot/worlds/meshes/nxt_racks/HD-01_E_37.png\n'}
[0.598205] (nav_bot) StdoutLine: {'line': b'-- Up-to-date symlink: /home/rohan/cobotx/install/nav_bot/share/nav_bot/worlds/meshes/nxt_racks/HD-01_E_38.png\n'}
[0.598337] (nav_bot) StdoutLine: {'line': b'-- Up-to-date symlink: /home/rohan/cobotx/install/nav_bot/share/nav_bot/worlds/meshes/nxt_racks/HD-01_F_01.png\n'}
[0.598469] (nav_bot) StdoutLine: {'line': b'-- Up-to-date symlink: /home/rohan/cobotx/install/nav_bot/share/nav_bot/worlds/meshes/nxt_racks/HD-01_F_02.png\n'}
[0.598604] (nav_bot) StdoutLine: {'line': b'-- Up-to-date symlink: /home/rohan/cobotx/install/nav_bot/share/nav_bot/worlds/meshes/nxt_racks/HD-01_F_03.png\n'}
[0.598743] (nav_bot) StdoutLine: {'line': b'-- Up-to-date symlink: /home/rohan/cobotx/install/nav_bot/share/nav_bot/worlds/meshes/nxt_racks/HD-01_F_04.png\n'}
[0.598870] (nav_bot) StdoutLine: {'line': b'-- Up-to-date symlink: /home/rohan/cobotx/install/nav_bot/share/nav_bot/worlds/meshes/nxt_racks/HD-01_F_05.png\n'}
[0.599004] (nav_bot) StdoutLine: {'line': b'-- Up-to-date symlink: /home/rohan/cobotx/install/nav_bot/share/nav_bot/worlds/meshes/nxt_racks/HD-01_F_06.png\n'}
[0.599127] (nav_bot) StdoutLine: {'line': b'-- Up-to-date symlink: /home/rohan/cobotx/install/nav_bot/share/nav_bot/worlds/meshes/nxt_racks/HD-01_F_07.png\n'}
[0.599264] (nav_bot) StdoutLine: {'line': b'-- Up-to-date symlink: /home/rohan/cobotx/install/nav_bot/share/nav_bot/worlds/meshes/nxt_racks/HD-01_F_08.png\n'}
[0.599392] (nav_bot) StdoutLine: {'line': b'-- Up-to-date symlink: /home/rohan/cobotx/install/nav_bot/share/nav_bot/worlds/meshes/nxt_racks/HD-01_F_09.png\n'}
[0.599514] (nav_bot) StdoutLine: {'line': b'-- Up-to-date symlink: /home/rohan/cobotx/install/nav_bot/share/nav_bot/worlds/meshes/nxt_racks/HD-01_F_10.png\n'}
[0.599641] (nav_bot) StdoutLine: {'line': b'-- Up-to-date symlink: /home/rohan/cobotx/install/nav_bot/share/nav_bot/worlds/meshes/nxt_racks/HD-01_F_12.png\n'}
[0.599761] (nav_bot) StdoutLine: {'line': b'-- Up-to-date symlink: /home/rohan/cobotx/install/nav_bot/share/nav_bot/worlds/meshes/nxt_racks/HD-01_F_13.png\n'}
[0.599893] (nav_bot) StdoutLine: {'line': b'-- Up-to-date symlink: /home/rohan/cobotx/install/nav_bot/share/nav_bot/worlds/meshes/nxt_racks/HD-01_F_14.png\n'}
[0.600021] (nav_bot) StdoutLine: {'line': b'-- Up-to-date symlink: /home/rohan/cobotx/install/nav_bot/share/nav_bot/worlds/meshes/nxt_racks/HD-01_F_15.png\n'}
[0.600145] (nav_bot) StdoutLine: {'line': b'-- Up-to-date symlink: /home/rohan/cobotx/install/nav_bot/share/nav_bot/worlds/meshes/nxt_racks/HD-01_F_16.png\n'}
[0.600269] (nav_bot) StdoutLine: {'line': b'-- Up-to-date symlink: /home/rohan/cobotx/install/nav_bot/share/nav_bot/worlds/meshes/nxt_racks/HD-01_F_17.png\n'}
[0.600393] (nav_bot) StdoutLine: {'line': b'-- Up-to-date symlink: /home/rohan/cobotx/install/nav_bot/share/nav_bot/worlds/meshes/nxt_racks/HD-01_F_18.png\n'}
[0.600522] (nav_bot) StdoutLine: {'line': b'-- Up-to-date symlink: /home/rohan/cobotx/install/nav_bot/share/nav_bot/worlds/meshes/nxt_racks/HD-01_F_19.png\n'}
[0.600565] (-) TimerEvent: {}
[0.600650] (nav_bot) StdoutLine: {'line': b'-- Up-to-date symlink: /home/rohan/cobotx/install/nav_bot/share/nav_bot/worlds/meshes/nxt_racks/HD-01_F_20.png\n'}
[0.600770] (nav_bot) StdoutLine: {'line': b'-- Up-to-date symlink: /home/rohan/cobotx/install/nav_bot/share/nav_bot/worlds/meshes/nxt_racks/HD-01_F_21.png\n'}
[0.600908] (nav_bot) StdoutLine: {'line': b'-- Up-to-date symlink: /home/rohan/cobotx/install/nav_bot/share/nav_bot/worlds/meshes/nxt_racks/HD-01_F_22.png\n'}
[0.601043] (nav_bot) StdoutLine: {'line': b'-- Up-to-date symlink: /home/rohan/cobotx/install/nav_bot/share/nav_bot/worlds/meshes/nxt_racks/HD-01_F_23.png\n'}
[0.601173] (nav_bot) StdoutLine: {'line': b'-- Up-to-date symlink: /home/rohan/cobotx/install/nav_bot/share/nav_bot/worlds/meshes/nxt_racks/HD-01_F_24.png\n'}
[0.601308] (nav_bot) StdoutLine: {'line': b'-- Up-to-date symlink: /home/rohan/cobotx/install/nav_bot/share/nav_bot/worlds/meshes/nxt_racks/HD-01_F_25.png\n'}
[0.601444] (nav_bot) StdoutLine: {'line': b'-- Up-to-date symlink: /home/rohan/cobotx/install/nav_bot/share/nav_bot/worlds/meshes/nxt_racks/HD-01_F_26.png\n'}
[0.601581] (nav_bot) StdoutLine: {'line': b'-- Up-to-date symlink: /home/rohan/cobotx/install/nav_bot/share/nav_bot/worlds/meshes/nxt_racks/HD-01_F_27.png\n'}
[0.601761] (nav_bot) StdoutLine: {'line': b'-- Up-to-date symlink: /home/rohan/cobotx/install/nav_bot/share/nav_bot/worlds/meshes/nxt_racks/HD-01_F_28.png\n'}
[0.601900] (nav_bot) StdoutLine: {'line': b'-- Up-to-date symlink: /home/rohan/cobotx/install/nav_bot/share/nav_bot/worlds/meshes/nxt_racks/HD-01_F_29.png\n'}
[0.602128] (nav_bot) StdoutLine: {'line': b'-- Up-to-date symlink: /home/rohan/cobotx/install/nav_bot/share/nav_bot/worlds/meshes/nxt_racks/HD-01_F_30.png\n'}
[0.602402] (nav_bot) StdoutLine: {'line': b'-- Up-to-date symlink: /home/rohan/cobotx/install/nav_bot/share/nav_bot/worlds/meshes/nxt_racks/HD-01_F_31.png\n'}
[0.602689] (nav_bot) StdoutLine: {'line': b'-- Up-to-date symlink: /home/rohan/cobotx/install/nav_bot/share/nav_bot/worlds/meshes/nxt_racks/HD-01_F_32.png\n'}
[0.602992] (nav_bot) StdoutLine: {'line': b'-- Up-to-date symlink: /home/rohan/cobotx/install/nav_bot/share/nav_bot/worlds/meshes/nxt_racks/HD-01_F_33.png\n'}
[0.603275] (nav_bot) StdoutLine: {'line': b'-- Up-to-date symlink: /home/rohan/cobotx/install/nav_bot/share/nav_bot/worlds/meshes/nxt_racks/HD-01_F_34.png\n'}
[0.603532] (nav_bot) StdoutLine: {'line': b'-- Up-to-date symlink: /home/rohan/cobotx/install/nav_bot/share/nav_bot/worlds/meshes/nxt_racks/HD-01_F_35.png\n'}
[0.603759] (nav_bot) StdoutLine: {'line': b'-- Up-to-date symlink: /home/rohan/cobotx/install/nav_bot/share/nav_bot/worlds/meshes/nxt_racks/HD-01_F_36.png\n'}
[0.604051] (nav_bot) StdoutLine: {'line': b'-- Up-to-date symlink: /home/rohan/cobotx/install/nav_bot/share/nav_bot/worlds/meshes/nxt_racks/HD-01_F_37.png\n'}
[0.604276] (nav_bot) StdoutLine: {'line': b'-- Up-to-date symlink: /home/rohan/cobotx/install/nav_bot/share/nav_bot/worlds/meshes/nxt_racks/HD-01_F_38.png\n'}
[0.604556] (nav_bot) StdoutLine: {'line': b'-- Up-to-date symlink: /home/rohan/cobotx/install/nav_bot/share/nav_bot/worlds/meshes/nxt_racks/HD-01_G_01.png\n'}
[0.604775] (nav_bot) StdoutLine: {'line': b'-- Up-to-date symlink: /home/rohan/cobotx/install/nav_bot/share/nav_bot/worlds/meshes/nxt_racks/HD-01_G_02.png\n'}
[0.604943] (nav_bot) StdoutLine: {'line': b'-- Up-to-date symlink: /home/rohan/cobotx/install/nav_bot/share/nav_bot/worlds/meshes/nxt_racks/HD-01_G_03.png\n'}
[0.605068] (nav_bot) StdoutLine: {'line': b'-- Up-to-date symlink: /home/rohan/cobotx/install/nav_bot/share/nav_bot/worlds/meshes/nxt_racks/HD-01_G_04.png\n'}
[0.605192] (nav_bot) StdoutLine: {'line': b'-- Up-to-date symlink: /home/rohan/cobotx/install/nav_bot/share/nav_bot/worlds/meshes/nxt_racks/HD-01_G_05.png\n'}
[0.605318] (nav_bot) StdoutLine: {'line': b'-- Up-to-date symlink: /home/rohan/cobotx/install/nav_bot/share/nav_bot/worlds/meshes/nxt_racks/HD-01_G_06.png\n'}
[0.605449] (nav_bot) StdoutLine: {'line': b'-- Up-to-date symlink: /home/rohan/cobotx/install/nav_bot/share/nav_bot/worlds/meshes/nxt_racks/HD-01_G_07.png\n'}
[0.605576] (nav_bot) StdoutLine: {'line': b'-- Up-to-date symlink: /home/rohan/cobotx/install/nav_bot/share/nav_bot/worlds/meshes/nxt_racks/HD-01_G_08.png\n'}
[0.605701] (nav_bot) StdoutLine: {'line': b'-- Up-to-date symlink: /home/rohan/cobotx/install/nav_bot/share/nav_bot/worlds/meshes/nxt_racks/HD-01_G_09.png\n'}
[0.605825] (nav_bot) StdoutLine: {'line': b'-- Up-to-date symlink: /home/rohan/cobotx/install/nav_bot/share/nav_bot/worlds/meshes/nxt_racks/HD-01_G_10.png\n'}
[0.605962] (nav_bot) StdoutLine: {'line': b'-- Up-to-date symlink: /home/rohan/cobotx/install/nav_bot/share/nav_bot/worlds/meshes/nxt_racks/HD-01_G_11.png\n'}
[0.606104] (nav_bot) StdoutLine: {'line': b'-- Up-to-date symlink: /home/rohan/cobotx/install/nav_bot/share/nav_bot/worlds/meshes/nxt_racks/HD-01_G_12.png\n'}
[0.606231] (nav_bot) StdoutLine: {'line': b'-- Up-to-date symlink: /home/rohan/cobotx/install/nav_bot/share/nav_bot/worlds/meshes/nxt_racks/HD-01_G_13.png\n'}
[0.606373] (nav_bot) StdoutLine: {'line': b'-- Up-to-date symlink: /home/rohan/cobotx/install/nav_bot/share/nav_bot/worlds/meshes/nxt_racks/HD-01_G_14.png\n'}
[0.606495] (nav_bot) StdoutLine: {'line': b'-- Up-to-date symlink: /home/rohan/cobotx/install/nav_bot/share/nav_bot/worlds/meshes/nxt_racks/HD-01_G_15.png\n'}
[0.606620] (nav_bot) StdoutLine: {'line': b'-- Up-to-date symlink: /home/rohan/cobotx/install/nav_bot/share/nav_bot/worlds/meshes/nxt_racks/HD-01_G_16.png\n'}
[0.606747] (nav_bot) StdoutLine: {'line': b'-- Up-to-date symlink: /home/rohan/cobotx/install/nav_bot/share/nav_bot/worlds/meshes/nxt_racks/HD-01_G_17.png\n'}
[0.606906] (nav_bot) StdoutLine: {'line': b'-- Up-to-date symlink: /home/rohan/cobotx/install/nav_bot/share/nav_bot/worlds/meshes/nxt_racks/HD-01_G_18.png\n'}
[0.607031] (nav_bot) StdoutLine: {'line': b'-- Up-to-date symlink: /home/rohan/cobotx/install/nav_bot/share/nav_bot/worlds/meshes/nxt_racks/HD-01_G_19.png\n'}
[0.607163] (nav_bot) StdoutLine: {'line': b'-- Up-to-date symlink: /home/rohan/cobotx/install/nav_bot/share/nav_bot/worlds/meshes/nxt_racks/HD-01_G_20.png\n'}
[0.607292] (nav_bot) StdoutLine: {'line': b'-- Up-to-date symlink: /home/rohan/cobotx/install/nav_bot/share/nav_bot/worlds/meshes/nxt_racks/HD-01_G_21.png\n'}
[0.607425] (nav_bot) StdoutLine: {'line': b'-- Up-to-date symlink: /home/rohan/cobotx/install/nav_bot/share/nav_bot/worlds/meshes/nxt_racks/HD-01_G_22.png\n'}
[0.607556] (nav_bot) StdoutLine: {'line': b'-- Up-to-date symlink: /home/rohan/cobotx/install/nav_bot/share/nav_bot/worlds/meshes/nxt_racks/HD-01_G_23.png\n'}
[0.607701] (nav_bot) StdoutLine: {'line': b'-- Up-to-date symlink: /home/rohan/cobotx/install/nav_bot/share/nav_bot/worlds/meshes/nxt_racks/HD-01_G_24.png\n'}
[0.607860] (nav_bot) StdoutLine: {'line': b'-- Up-to-date symlink: /home/rohan/cobotx/install/nav_bot/share/nav_bot/worlds/meshes/nxt_racks/HD-01_G_25.png\n'}
[0.608022] (nav_bot) StdoutLine: {'line': b'-- Up-to-date symlink: /home/rohan/cobotx/install/nav_bot/share/nav_bot/worlds/meshes/nxt_racks/HD-01_G_26.png\n'}
[0.608174] (nav_bot) StdoutLine: {'line': b'-- Up-to-date symlink: /home/rohan/cobotx/install/nav_bot/share/nav_bot/worlds/meshes/nxt_racks/HD-01_G_27.png\n'}
[0.608311] (nav_bot) StdoutLine: {'line': b'-- Up-to-date symlink: /home/rohan/cobotx/install/nav_bot/share/nav_bot/worlds/meshes/nxt_racks/HD-01_G_28.png\n'}
[0.608495] (nav_bot) StdoutLine: {'line': b'-- Up-to-date symlink: /home/rohan/cobotx/install/nav_bot/share/nav_bot/worlds/meshes/nxt_racks/HD-01_G_29.png\n'}
[0.608668] (nav_bot) StdoutLine: {'line': b'-- Up-to-date symlink: /home/rohan/cobotx/install/nav_bot/share/nav_bot/worlds/meshes/nxt_racks/HD-01_G_30.png\n'}
[0.608830] (nav_bot) StdoutLine: {'line': b'-- Up-to-date symlink: /home/rohan/cobotx/install/nav_bot/share/nav_bot/worlds/meshes/nxt_racks/HD-01_G_31.png\n'}
[0.608990] (nav_bot) StdoutLine: {'line': b'-- Up-to-date symlink: /home/rohan/cobotx/install/nav_bot/share/nav_bot/worlds/meshes/nxt_racks/HD-01_G_32.png\n'}
[0.609143] (nav_bot) StdoutLine: {'line': b'-- Up-to-date symlink: /home/rohan/cobotx/install/nav_bot/share/nav_bot/worlds/meshes/nxt_racks/HD-01_G_33.png\n'}
[0.609283] (nav_bot) StdoutLine: {'line': b'-- Up-to-date symlink: /home/rohan/cobotx/install/nav_bot/share/nav_bot/worlds/meshes/nxt_racks/HD-01_G_34.png\n'}
[0.609416] (nav_bot) StdoutLine: {'line': b'-- Up-to-date symlink: /home/rohan/cobotx/install/nav_bot/share/nav_bot/worlds/meshes/nxt_racks/HD-01_G_35.png\n'}
[0.609551] (nav_bot) StdoutLine: {'line': b'-- Up-to-date symlink: /home/rohan/cobotx/install/nav_bot/share/nav_bot/worlds/meshes/nxt_racks/HD-01_G_36.png\n'}
[0.609687] (nav_bot) StdoutLine: {'line': b'-- Up-to-date symlink: /home/rohan/cobotx/install/nav_bot/share/nav_bot/worlds/meshes/nxt_racks/HD-01_G_37.png\n'}
[0.609822] (nav_bot) StdoutLine: {'line': b'-- Up-to-date symlink: /home/rohan/cobotx/install/nav_bot/share/nav_bot/worlds/meshes/nxt_racks/HD-01_G_38.png\n'}
[0.609961] (nav_bot) StdoutLine: {'line': b'-- Up-to-date symlink: /home/rohan/cobotx/install/nav_bot/share/nav_bot/worlds/meshes/nxt_racks/NxT_warehouse.dae\n'}
[0.610095] (nav_bot) StdoutLine: {'line': b'-- Up-to-date symlink: /home/rohan/cobotx/install/nav_bot/share/nav_bot/worlds/meshes/nxt_racks/NxT_warehouse_colision.stl\n'}
[0.610230] (nav_bot) StdoutLine: {'line': b'-- Up-to-date symlink: /home/rohan/cobotx/install/nav_bot/share/nav_bot/worlds/meshes/nxt_racks/Rough_Square_Concrete_Block.jpg\n'}
[0.610372] (nav_bot) StdoutLine: {'line': b'-- Up-to-date symlink: /home/rohan/cobotx/install/nav_bot/share/nav_bot/worlds/meshes/nxt_racks/Tape001_1K_Color.png\n'}
[0.610507] (nav_bot) StdoutLine: {'line': b'-- Up-to-date symlink: /home/rohan/cobotx/install/nav_bot/share/nav_bot/worlds/meshes/nxt_racks/Terrazzo005_1K_Color.jpg\n'}
[0.610645] (nav_bot) StdoutLine: {'line': b'-- Up-to-date symlink: /home/rohan/cobotx/install/nav_bot/share/nav_bot/worlds/meshes/nxt_racks/back.png\n'}
[0.610789] (nav_bot) StdoutLine: {'line': b'-- Up-to-date symlink: /home/rohan/cobotx/install/nav_bot/share/nav_bot/worlds/meshes/nxt_racks/bts_qr_codes/BTS00068631.png\n'}
[0.610932] (nav_bot) StdoutLine: {'line': b'-- Up-to-date symlink: /home/rohan/cobotx/install/nav_bot/share/nav_bot/worlds/meshes/nxt_racks/bts_qr_codes/BTS00068632.png\n'}
[0.611066] (nav_bot) StdoutLine: {'line': b'-- Up-to-date symlink: /home/rohan/cobotx/install/nav_bot/share/nav_bot/worlds/meshes/nxt_racks/bts_qr_codes/BTS00068633.png\n'}
[0.611201] (nav_bot) StdoutLine: {'line': b'-- Up-to-date symlink: /home/rohan/cobotx/install/nav_bot/share/nav_bot/worlds/meshes/nxt_racks/bts_qr_codes/BTS00068634.png\n'}
[0.611336] (nav_bot) StdoutLine: {'line': b'-- Up-to-date symlink: /home/rohan/cobotx/install/nav_bot/share/nav_bot/worlds/meshes/nxt_racks/bts_qr_codes/BTS00068635.png\n'}
[0.611471] (nav_bot) StdoutLine: {'line': b'-- Up-to-date symlink: /home/rohan/cobotx/install/nav_bot/share/nav_bot/worlds/meshes/nxt_racks/bts_qr_codes/BTS00068636.png\n'}
[0.611601] (nav_bot) StdoutLine: {'line': b'-- Up-to-date symlink: /home/rohan/cobotx/install/nav_bot/share/nav_bot/worlds/meshes/nxt_racks/bts_qr_codes/BTS00068637.png\n'}
[0.611745] (nav_bot) StdoutLine: {'line': b'-- Up-to-date symlink: /home/rohan/cobotx/install/nav_bot/share/nav_bot/worlds/meshes/nxt_racks/bts_qr_codes/BTS00068638.png\n'}
[0.611868] (nav_bot) StdoutLine: {'line': b'-- Up-to-date symlink: /home/rohan/cobotx/install/nav_bot/share/nav_bot/worlds/meshes/nxt_racks/bts_qr_codes/BTS00068639.png\n'}
[0.612004] (nav_bot) StdoutLine: {'line': b'-- Up-to-date symlink: /home/rohan/cobotx/install/nav_bot/share/nav_bot/worlds/meshes/nxt_racks/bts_qr_codes/BTS00068640.png\n'}
[0.612133] (nav_bot) StdoutLine: {'line': b'-- Up-to-date symlink: /home/rohan/cobotx/install/nav_bot/share/nav_bot/worlds/meshes/nxt_racks/bts_qr_codes/BTS00068641.png\n'}
[0.612266] (nav_bot) StdoutLine: {'line': b'-- Up-to-date symlink: /home/rohan/cobotx/install/nav_bot/share/nav_bot/worlds/meshes/nxt_racks/bts_qr_codes/BTS00068642.png\n'}
[0.612400] (nav_bot) StdoutLine: {'line': b'-- Up-to-date symlink: /home/rohan/cobotx/install/nav_bot/share/nav_bot/worlds/meshes/nxt_racks/bts_qr_codes/BTS00068643.png\n'}
[0.612546] (nav_bot) StdoutLine: {'line': b'-- Up-to-date symlink: /home/rohan/cobotx/install/nav_bot/share/nav_bot/worlds/meshes/nxt_racks/bts_qr_codes/BTS00068644.png\n'}
[0.612670] (nav_bot) StdoutLine: {'line': b'-- Up-to-date symlink: /home/rohan/cobotx/install/nav_bot/share/nav_bot/worlds/meshes/nxt_racks/bts_qr_codes/BTS00068645.png\n'}
[0.612802] (nav_bot) StdoutLine: {'line': b'-- Up-to-date symlink: /home/rohan/cobotx/install/nav_bot/share/nav_bot/worlds/meshes/nxt_racks/bts_qr_codes/BTS00068646.png\n'}
[0.612930] (nav_bot) StdoutLine: {'line': b'-- Up-to-date symlink: /home/rohan/cobotx/install/nav_bot/share/nav_bot/worlds/meshes/nxt_racks/bts_qr_codes/BTS00068647.png\n'}
[0.613056] (nav_bot) StdoutLine: {'line': b'-- Up-to-date symlink: /home/rohan/cobotx/install/nav_bot/share/nav_bot/worlds/meshes/nxt_racks/bts_qr_codes/BTS00068648.png\n'}
[0.613184] (nav_bot) StdoutLine: {'line': b'-- Up-to-date symlink: /home/rohan/cobotx/install/nav_bot/share/nav_bot/worlds/meshes/nxt_racks/bts_qr_codes/BTS00068649.png\n'}
[0.613314] (nav_bot) StdoutLine: {'line': b'-- Up-to-date symlink: /home/rohan/cobotx/install/nav_bot/share/nav_bot/worlds/meshes/nxt_racks/bts_qr_codes/BTS00068650.png\n'}
[0.613442] (nav_bot) StdoutLine: {'line': b'-- Up-to-date symlink: /home/rohan/cobotx/install/nav_bot/share/nav_bot/worlds/meshes/nxt_racks/bts_qr_codes/BTS00068651.png\n'}
[0.613574] (nav_bot) StdoutLine: {'line': b'-- Up-to-date symlink: /home/rohan/cobotx/install/nav_bot/share/nav_bot/worlds/meshes/nxt_racks/bts_qr_codes/BTS00068652.png\n'}
[0.613709] (nav_bot) StdoutLine: {'line': b'-- Up-to-date symlink: /home/rohan/cobotx/install/nav_bot/share/nav_bot/worlds/meshes/nxt_racks/bts_qr_codes/BTS00068653.png\n'}
[0.613838] (nav_bot) StdoutLine: {'line': b'-- Up-to-date symlink: /home/rohan/cobotx/install/nav_bot/share/nav_bot/worlds/meshes/nxt_racks/bts_qr_codes/BTS00068654.png\n'}
[0.613984] (nav_bot) StdoutLine: {'line': b'-- Up-to-date symlink: /home/rohan/cobotx/install/nav_bot/share/nav_bot/worlds/meshes/nxt_racks/bts_qr_codes/BTS00068655.png\n'}
[0.614121] (nav_bot) StdoutLine: {'line': b'-- Up-to-date symlink: /home/rohan/cobotx/install/nav_bot/share/nav_bot/worlds/meshes/nxt_racks/bts_qr_codes/BTS00068656.png\n'}
[0.614256] (nav_bot) StdoutLine: {'line': b'-- Up-to-date symlink: /home/rohan/cobotx/install/nav_bot/share/nav_bot/worlds/meshes/nxt_racks/bts_qr_codes/BTS00068657.png\n'}
[0.614391] (nav_bot) StdoutLine: {'line': b'-- Up-to-date symlink: /home/rohan/cobotx/install/nav_bot/share/nav_bot/worlds/meshes/nxt_racks/bts_qr_codes/BTS00068658.png\n'}
[0.614526] (nav_bot) StdoutLine: {'line': b'-- Up-to-date symlink: /home/rohan/cobotx/install/nav_bot/share/nav_bot/worlds/meshes/nxt_racks/bts_qr_codes/BTS00068659.png\n'}
[0.614665] (nav_bot) StdoutLine: {'line': b'-- Up-to-date symlink: /home/rohan/cobotx/install/nav_bot/share/nav_bot/worlds/meshes/nxt_racks/bts_qr_codes/BTS00068660.png\n'}
[0.614808] (nav_bot) StdoutLine: {'line': b'-- Up-to-date symlink: /home/rohan/cobotx/install/nav_bot/share/nav_bot/worlds/meshes/nxt_racks/bts_qr_codes/BTS00068661.png\n'}
[0.614953] (nav_bot) StdoutLine: {'line': b'-- Up-to-date symlink: /home/rohan/cobotx/install/nav_bot/share/nav_bot/worlds/meshes/nxt_racks/bts_qr_codes/BTS00068662.png\n'}
[0.615094] (nav_bot) StdoutLine: {'line': b'-- Up-to-date symlink: /home/rohan/cobotx/install/nav_bot/share/nav_bot/worlds/meshes/nxt_racks/bts_qr_codes/BTS00068663.png\n'}
[0.615236] (nav_bot) StdoutLine: {'line': b'-- Up-to-date symlink: /home/rohan/cobotx/install/nav_bot/share/nav_bot/worlds/meshes/nxt_racks/bts_qr_codes/BTS00068664.png\n'}
[0.615379] (nav_bot) StdoutLine: {'line': b'-- Up-to-date symlink: /home/rohan/cobotx/install/nav_bot/share/nav_bot/worlds/meshes/nxt_racks/bts_qr_codes/BTS00068665.png\n'}
[0.615512] (nav_bot) StdoutLine: {'line': b'-- Up-to-date symlink: /home/rohan/cobotx/install/nav_bot/share/nav_bot/worlds/meshes/nxt_racks/bts_qr_codes/BTS00068666.png\n'}
[0.615663] (nav_bot) StdoutLine: {'line': b'-- Up-to-date symlink: /home/rohan/cobotx/install/nav_bot/share/nav_bot/worlds/meshes/nxt_racks/bts_qr_codes/BTS00068667.png\n'}
[0.615795] (nav_bot) StdoutLine: {'line': b'-- Up-to-date symlink: /home/rohan/cobotx/install/nav_bot/share/nav_bot/worlds/meshes/nxt_racks/bts_qr_codes/BTS00068668.png\n'}
[0.615952] (nav_bot) StdoutLine: {'line': b'-- Up-to-date symlink: /home/rohan/cobotx/install/nav_bot/share/nav_bot/worlds/meshes/nxt_racks/bts_qr_codes/BTS00068669.png\n'}
[0.616144] (nav_bot) StdoutLine: {'line': b'-- Up-to-date symlink: /home/rohan/cobotx/install/nav_bot/share/nav_bot/worlds/meshes/nxt_racks/bts_qr_codes/BTS00068670.png\n'}
[0.616299] (nav_bot) StdoutLine: {'line': b'-- Up-to-date symlink: /home/rohan/cobotx/install/nav_bot/share/nav_bot/worlds/meshes/nxt_racks/bts_qr_codes/BTS00068671.png\n'}
[0.616442] (nav_bot) StdoutLine: {'line': b'-- Up-to-date symlink: /home/rohan/cobotx/install/nav_bot/share/nav_bot/worlds/meshes/nxt_racks/bts_qr_codes/BTS00068672.png\n'}
[0.616592] (nav_bot) StdoutLine: {'line': b'-- Up-to-date symlink: /home/rohan/cobotx/install/nav_bot/share/nav_bot/worlds/meshes/nxt_racks/bts_qr_codes/BTS00068673.png\n'}
[0.616717] (nav_bot) StdoutLine: {'line': b'-- Up-to-date symlink: /home/rohan/cobotx/install/nav_bot/share/nav_bot/worlds/meshes/nxt_racks/bts_qr_codes/BTS00068674.png\n'}
[0.616851] (nav_bot) StdoutLine: {'line': b'-- Up-to-date symlink: /home/rohan/cobotx/install/nav_bot/share/nav_bot/worlds/meshes/nxt_racks/bts_qr_codes/BTS00068675.png\n'}
[0.617017] (nav_bot) StdoutLine: {'line': b'-- Up-to-date symlink: /home/rohan/cobotx/install/nav_bot/share/nav_bot/worlds/meshes/nxt_racks/bts_qr_codes/BTS00068676.png\n'}
[0.617143] (nav_bot) StdoutLine: {'line': b'-- Up-to-date symlink: /home/rohan/cobotx/install/nav_bot/share/nav_bot/worlds/meshes/nxt_racks/bts_qr_codes/BTS00068677.png\n'}
[0.617277] (nav_bot) StdoutLine: {'line': b'-- Up-to-date symlink: /home/rohan/cobotx/install/nav_bot/share/nav_bot/worlds/meshes/nxt_racks/bts_qr_codes/BTS00068678.png\n'}
[0.617411] (nav_bot) StdoutLine: {'line': b'-- Up-to-date symlink: /home/rohan/cobotx/install/nav_bot/share/nav_bot/worlds/meshes/nxt_racks/bts_qr_codes/BTS00068679.png\n'}
[0.617548] (nav_bot) StdoutLine: {'line': b'-- Up-to-date symlink: /home/rohan/cobotx/install/nav_bot/share/nav_bot/worlds/meshes/nxt_racks/bts_qr_codes/BTS00068680.png\n'}
[0.617687] (nav_bot) StdoutLine: {'line': b'-- Up-to-date symlink: /home/rohan/cobotx/install/nav_bot/share/nav_bot/worlds/meshes/nxt_racks/bts_qr_codes/BTS00068681.png\n'}
[0.617828] (nav_bot) StdoutLine: {'line': b'-- Up-to-date symlink: /home/rohan/cobotx/install/nav_bot/share/nav_bot/worlds/meshes/nxt_racks/bts_qr_codes/BTS00068682.png\n'}
[0.617969] (nav_bot) StdoutLine: {'line': b'-- Up-to-date symlink: /home/rohan/cobotx/install/nav_bot/share/nav_bot/worlds/meshes/nxt_racks/bts_qr_codes/BTS00068683.png\n'}
[0.618108] (nav_bot) StdoutLine: {'line': b'-- Up-to-date symlink: /home/rohan/cobotx/install/nav_bot/share/nav_bot/worlds/meshes/nxt_racks/bts_qr_codes/BTS00068684.png\n'}
[0.618243] (nav_bot) StdoutLine: {'line': b'-- Up-to-date symlink: /home/rohan/cobotx/install/nav_bot/share/nav_bot/worlds/meshes/nxt_racks/bts_qr_codes/BTS00068685.png\n'}
[0.618383] (nav_bot) StdoutLine: {'line': b'-- Up-to-date symlink: /home/rohan/cobotx/install/nav_bot/share/nav_bot/worlds/meshes/nxt_racks/bts_qr_codes/BTS00068686.png\n'}
[0.618526] (nav_bot) StdoutLine: {'line': b'-- Up-to-date symlink: /home/rohan/cobotx/install/nav_bot/share/nav_bot/worlds/meshes/nxt_racks/bts_qr_codes/BTS00068687.png\n'}
[0.618672] (nav_bot) StdoutLine: {'line': b'-- Up-to-date symlink: /home/rohan/cobotx/install/nav_bot/share/nav_bot/worlds/meshes/nxt_racks/bts_qr_codes/BTS00068688.png\n'}
[0.618815] (nav_bot) StdoutLine: {'line': b'-- Up-to-date symlink: /home/rohan/cobotx/install/nav_bot/share/nav_bot/worlds/meshes/nxt_racks/bts_qr_codes/BTS00068689.png\n'}
[0.618954] (nav_bot) StdoutLine: {'line': b'-- Up-to-date symlink: /home/rohan/cobotx/install/nav_bot/share/nav_bot/worlds/meshes/nxt_racks/bts_qr_codes/BTS00068690.png\n'}
[0.619092] (nav_bot) StdoutLine: {'line': b'-- Up-to-date symlink: /home/rohan/cobotx/install/nav_bot/share/nav_bot/worlds/meshes/nxt_racks/bts_qr_codes/BTS00068691.png\n'}
[0.619226] (nav_bot) StdoutLine: {'line': b'-- Up-to-date symlink: /home/rohan/cobotx/install/nav_bot/share/nav_bot/worlds/meshes/nxt_racks/bts_qr_codes/BTS00068692.png\n'}
[0.619360] (nav_bot) StdoutLine: {'line': b'-- Up-to-date symlink: /home/rohan/cobotx/install/nav_bot/share/nav_bot/worlds/meshes/nxt_racks/bts_qr_codes/BTS00068693.png\n'}
[0.619494] (nav_bot) StdoutLine: {'line': b'-- Up-to-date symlink: /home/rohan/cobotx/install/nav_bot/share/nav_bot/worlds/meshes/nxt_racks/bts_qr_codes/BTS00068694.png\n'}
[0.619629] (nav_bot) StdoutLine: {'line': b'-- Up-to-date symlink: /home/rohan/cobotx/install/nav_bot/share/nav_bot/worlds/meshes/nxt_racks/bts_qr_codes/BTS00068695.png\n'}
[0.619763] (nav_bot) StdoutLine: {'line': b'-- Up-to-date symlink: /home/rohan/cobotx/install/nav_bot/share/nav_bot/worlds/meshes/nxt_racks/bts_qr_codes/BTS00068696.png\n'}
[0.619903] (nav_bot) StdoutLine: {'line': b'-- Up-to-date symlink: /home/rohan/cobotx/install/nav_bot/share/nav_bot/worlds/meshes/nxt_racks/bts_qr_codes/BTS00068697.png\n'}
[0.620036] (nav_bot) StdoutLine: {'line': b'-- Up-to-date symlink: /home/rohan/cobotx/install/nav_bot/share/nav_bot/worlds/meshes/nxt_racks/bts_qr_codes/BTS00068698.png\n'}
[0.620170] (nav_bot) StdoutLine: {'line': b'-- Up-to-date symlink: /home/rohan/cobotx/install/nav_bot/share/nav_bot/worlds/meshes/nxt_racks/bts_qr_codes/BTS00068699.png\n'}
[0.620304] (nav_bot) StdoutLine: {'line': b'-- Up-to-date symlink: /home/rohan/cobotx/install/nav_bot/share/nav_bot/worlds/meshes/nxt_racks/bts_qr_codes/BTS00068700.png\n'}
[0.620441] (nav_bot) StdoutLine: {'line': b'-- Up-to-date symlink: /home/rohan/cobotx/install/nav_bot/share/nav_bot/worlds/meshes/nxt_racks/bts_qr_codes/BTS00068701.png\n'}
[0.620576] (nav_bot) StdoutLine: {'line': b'-- Up-to-date symlink: /home/rohan/cobotx/install/nav_bot/share/nav_bot/worlds/meshes/nxt_racks/bts_qr_codes/BTS00068702.png\n'}
[0.620711] (nav_bot) StdoutLine: {'line': b'-- Up-to-date symlink: /home/rohan/cobotx/install/nav_bot/share/nav_bot/worlds/meshes/nxt_racks/bts_qr_codes/BTS00068703.png\n'}
[0.620846] (nav_bot) StdoutLine: {'line': b'-- Up-to-date symlink: /home/rohan/cobotx/install/nav_bot/share/nav_bot/worlds/meshes/nxt_racks/bts_qr_codes/BTS00068704.png\n'}
[0.621127] (nav_bot) StdoutLine: {'line': b'-- Up-to-date symlink: /home/rohan/cobotx/install/nav_bot/share/nav_bot/worlds/meshes/nxt_racks/bts_qr_codes/BTS00068705.png\n'}
[0.621411] (nav_bot) StdoutLine: {'line': b'-- Up-to-date symlink: /home/rohan/cobotx/install/nav_bot/share/nav_bot/worlds/meshes/nxt_racks/bts_qr_codes/BTS00068706.png\n'}
[0.621678] (nav_bot) StdoutLine: {'line': b'-- Up-to-date symlink: /home/rohan/cobotx/install/nav_bot/share/nav_bot/worlds/meshes/nxt_racks/bts_qr_codes/BTS00068707.png\n'}
[0.621960] (nav_bot) StdoutLine: {'line': b'-- Up-to-date symlink: /home/rohan/cobotx/install/nav_bot/share/nav_bot/worlds/meshes/nxt_racks/bts_qr_codes/BTS00068708.png\n'}
[0.622253] (nav_bot) StdoutLine: {'line': b'-- Up-to-date symlink: /home/rohan/cobotx/install/nav_bot/share/nav_bot/worlds/meshes/nxt_racks/bts_qr_codes/BTS00068709.png\n'}
[0.622452] (nav_bot) StdoutLine: {'line': b'-- Up-to-date symlink: /home/rohan/cobotx/install/nav_bot/share/nav_bot/worlds/meshes/nxt_racks/bts_qr_codes/BTS00068710.png\n'}
[0.622677] (nav_bot) StdoutLine: {'line': b'-- Up-to-date symlink: /home/rohan/cobotx/install/nav_bot/share/nav_bot/worlds/meshes/nxt_racks/bts_qr_codes/BTS00068711.png\n'}
[0.622955] (nav_bot) StdoutLine: {'line': b'-- Up-to-date symlink: /home/rohan/cobotx/install/nav_bot/share/nav_bot/worlds/meshes/nxt_racks/bts_qr_codes/BTS00068712.png\n'}
[0.623185] (nav_bot) StdoutLine: {'line': b'-- Up-to-date symlink: /home/rohan/cobotx/install/nav_bot/share/nav_bot/worlds/meshes/nxt_racks/bts_qr_codes/BTS00068713.png\n'}
[0.623451] (nav_bot) StdoutLine: {'line': b'-- Up-to-date symlink: /home/rohan/cobotx/install/nav_bot/share/nav_bot/worlds/meshes/nxt_racks/bts_qr_codes/BTS00068714.png\n'}
[0.623691] (nav_bot) StdoutLine: {'line': b'-- Up-to-date symlink: /home/rohan/cobotx/install/nav_bot/share/nav_bot/worlds/meshes/nxt_racks/bts_qr_codes/BTS00068715.png\n'}
[0.623858] (nav_bot) StdoutLine: {'line': b'-- Up-to-date symlink: /home/rohan/cobotx/install/nav_bot/share/nav_bot/worlds/meshes/nxt_racks/bts_qr_codes/BTS00068716.png\n'}
[0.623992] (nav_bot) StdoutLine: {'line': b'-- Up-to-date symlink: /home/rohan/cobotx/install/nav_bot/share/nav_bot/worlds/meshes/nxt_racks/bts_qr_codes/BTS00068717.png\n'}
[0.624125] (nav_bot) StdoutLine: {'line': b'-- Up-to-date symlink: /home/rohan/cobotx/install/nav_bot/share/nav_bot/worlds/meshes/nxt_racks/bts_qr_codes/BTS00068718.png\n'}
[0.624361] (nav_bot) StdoutLine: {'line': b'-- Up-to-date symlink: /home/rohan/cobotx/install/nav_bot/share/nav_bot/worlds/meshes/nxt_racks/bts_qr_codes/BTS00068719.png\n'}
[0.624633] (nav_bot) StdoutLine: {'line': b'-- Up-to-date symlink: /home/rohan/cobotx/install/nav_bot/share/nav_bot/worlds/meshes/nxt_racks/bts_qr_codes/BTS00068720.png\n'}
[0.624901] (nav_bot) StdoutLine: {'line': b'-- Up-to-date symlink: /home/rohan/cobotx/install/nav_bot/share/nav_bot/worlds/meshes/nxt_racks/bts_qr_codes/BTS00068721.png\n'}
[0.625171] (nav_bot) StdoutLine: {'line': b'-- Up-to-date symlink: /home/rohan/cobotx/install/nav_bot/share/nav_bot/worlds/meshes/nxt_racks/bts_qr_codes/BTS00068722.png\n'}
[0.625388] (nav_bot) StdoutLine: {'line': b'-- Up-to-date symlink: /home/rohan/cobotx/install/nav_bot/share/nav_bot/worlds/meshes/nxt_racks/bts_qr_codes/BTS00068723.png\n'}
[0.625669] (nav_bot) StdoutLine: {'line': b'-- Up-to-date symlink: /home/rohan/cobotx/install/nav_bot/share/nav_bot/worlds/meshes/nxt_racks/bts_qr_codes/BTS00068724.png\n'}
[0.625936] (nav_bot) StdoutLine: {'line': b'-- Up-to-date symlink: /home/rohan/cobotx/install/nav_bot/share/nav_bot/worlds/meshes/nxt_racks/bts_qr_codes/BTS00068725.png\n'}
[0.626157] (nav_bot) StdoutLine: {'line': b'-- Up-to-date symlink: /home/rohan/cobotx/install/nav_bot/share/nav_bot/worlds/meshes/nxt_racks/bts_qr_codes/BTS00068726.png\n'}
[0.626589] (nav_bot) StdoutLine: {'line': b'-- Up-to-date symlink: /home/rohan/cobotx/install/nav_bot/share/nav_bot/worlds/meshes/nxt_racks/bts_qr_codes/BTS00068727.png\n'}
[0.626873] (nav_bot) StdoutLine: {'line': b'-- Up-to-date symlink: /home/rohan/cobotx/install/nav_bot/share/nav_bot/worlds/meshes/nxt_racks/bts_qr_codes/BTS00068728.png\n'}
[0.627045] (nav_bot) StdoutLine: {'line': b'-- Up-to-date symlink: /home/rohan/cobotx/install/nav_bot/share/nav_bot/worlds/meshes/nxt_racks/bts_qr_codes/BTS00068729.png\n'}
[0.627188] (nav_bot) StdoutLine: {'line': b'-- Up-to-date symlink: /home/rohan/cobotx/install/nav_bot/share/nav_bot/worlds/meshes/nxt_racks/bts_qr_codes/BTS00068730.png\n'}
[0.627315] (nav_bot) StdoutLine: {'line': b'-- Up-to-date symlink: /home/rohan/cobotx/install/nav_bot/share/nav_bot/worlds/meshes/nxt_racks/bts_qr_codes/BTS00069884.png\n'}
[0.627451] (nav_bot) StdoutLine: {'line': b'-- Up-to-date symlink: /home/rohan/cobotx/install/nav_bot/share/nav_bot/worlds/meshes/nxt_racks/bts_qr_codes/BTS00069885.png\n'}
[0.627585] (nav_bot) StdoutLine: {'line': b'-- Up-to-date symlink: /home/rohan/cobotx/install/nav_bot/share/nav_bot/worlds/meshes/nxt_racks/bts_qr_codes/BTS00069886.png\n'}
[0.627721] (nav_bot) StdoutLine: {'line': b'-- Up-to-date symlink: /home/rohan/cobotx/install/nav_bot/share/nav_bot/worlds/meshes/nxt_racks/bts_qr_codes/BTS00069887.png\n'}
[0.627858] (nav_bot) StdoutLine: {'line': b'-- Up-to-date symlink: /home/rohan/cobotx/install/nav_bot/share/nav_bot/worlds/meshes/nxt_racks/bts_qr_codes/BTS00069888.png\n'}
[0.628001] (nav_bot) StdoutLine: {'line': b'-- Up-to-date symlink: /home/rohan/cobotx/install/nav_bot/share/nav_bot/worlds/meshes/nxt_racks/bts_qr_codes/BTS00069889.png\n'}
[0.628135] (nav_bot) StdoutLine: {'line': b'-- Up-to-date symlink: /home/rohan/cobotx/install/nav_bot/share/nav_bot/worlds/meshes/nxt_racks/bts_qr_codes/BTS00069890.png\n'}
[0.628269] (nav_bot) StdoutLine: {'line': b'-- Up-to-date symlink: /home/rohan/cobotx/install/nav_bot/share/nav_bot/worlds/meshes/nxt_racks/bts_qr_codes/BTS00069891.png\n'}
[0.628401] (nav_bot) StdoutLine: {'line': b'-- Up-to-date symlink: /home/rohan/cobotx/install/nav_bot/share/nav_bot/worlds/meshes/nxt_racks/bts_qr_codes/BTS00069892.png\n'}
[0.628531] (nav_bot) StdoutLine: {'line': b'-- Up-to-date symlink: /home/rohan/cobotx/install/nav_bot/share/nav_bot/worlds/meshes/nxt_racks/bts_qr_codes/BTS00069893.png\n'}
[0.628660] (nav_bot) StdoutLine: {'line': b'-- Up-to-date symlink: /home/rohan/cobotx/install/nav_bot/share/nav_bot/worlds/meshes/nxt_racks/bts_qr_codes/BTS00069894.png\n'}
[0.628792] (nav_bot) StdoutLine: {'line': b'-- Up-to-date symlink: /home/rohan/cobotx/install/nav_bot/share/nav_bot/worlds/meshes/nxt_racks/bts_qr_codes/BTS00069895.png\n'}
[0.628929] (nav_bot) StdoutLine: {'line': b'-- Up-to-date symlink: /home/rohan/cobotx/install/nav_bot/share/nav_bot/worlds/meshes/nxt_racks/bts_qr_codes/BTS00069896.png\n'}
[0.629063] (nav_bot) StdoutLine: {'line': b'-- Up-to-date symlink: /home/rohan/cobotx/install/nav_bot/share/nav_bot/worlds/meshes/nxt_racks/bts_qr_codes/BTS00069897.png\n'}
[0.629194] (nav_bot) StdoutLine: {'line': b'-- Up-to-date symlink: /home/rohan/cobotx/install/nav_bot/share/nav_bot/worlds/meshes/nxt_racks/bts_qr_codes/BTS00069898.png\n'}
[0.629326] (nav_bot) StdoutLine: {'line': b'-- Up-to-date symlink: /home/rohan/cobotx/install/nav_bot/share/nav_bot/worlds/meshes/nxt_racks/bts_qr_codes/BTS00069899.png\n'}
[0.629454] (nav_bot) StdoutLine: {'line': b'-- Up-to-date symlink: /home/rohan/cobotx/install/nav_bot/share/nav_bot/worlds/meshes/nxt_racks/bts_qr_codes/BTS00069900.png\n'}
[0.629581] (nav_bot) StdoutLine: {'line': b'-- Up-to-date symlink: /home/rohan/cobotx/install/nav_bot/share/nav_bot/worlds/meshes/nxt_racks/front.png\n'}
[0.629706] (nav_bot) StdoutLine: {'line': b'-- Up-to-date symlink: /home/rohan/cobotx/install/nav_bot/share/nav_bot/worlds/meshes/nxt_racks/ground.png\n'}
[0.629832] (nav_bot) StdoutLine: {'line': b'-- Up-to-date symlink: /home/rohan/cobotx/install/nav_bot/share/nav_bot/worlds/meshes/nxt_racks/left.png\n'}
[0.629973] (nav_bot) StdoutLine: {'line': b'-- Up-to-date symlink: /home/rohan/cobotx/install/nav_bot/share/nav_bot/worlds/meshes/nxt_racks/qr_output/HD-01_A_01.png\n'}
[0.630108] (nav_bot) StdoutLine: {'line': b'-- Up-to-date symlink: /home/rohan/cobotx/install/nav_bot/share/nav_bot/worlds/meshes/nxt_racks/qr_output/HD-01_A_02.png\n'}
[0.630241] (nav_bot) StdoutLine: {'line': b'-- Up-to-date symlink: /home/rohan/cobotx/install/nav_bot/share/nav_bot/worlds/meshes/nxt_racks/qr_output/HD-01_A_03.png\n'}
[0.630369] (nav_bot) StdoutLine: {'line': b'-- Up-to-date symlink: /home/rohan/cobotx/install/nav_bot/share/nav_bot/worlds/meshes/nxt_racks/qr_output/HD-01_A_04.png\n'}
[0.630503] (nav_bot) StdoutLine: {'line': b'-- Up-to-date symlink: /home/rohan/cobotx/install/nav_bot/share/nav_bot/worlds/meshes/nxt_racks/qr_output/HD-01_A_05.png\n'}
[0.630631] (nav_bot) StdoutLine: {'line': b'-- Up-to-date symlink: /home/rohan/cobotx/install/nav_bot/share/nav_bot/worlds/meshes/nxt_racks/qr_output/HD-01_A_06.png\n'}
[0.630760] (nav_bot) StdoutLine: {'line': b'-- Up-to-date symlink: /home/rohan/cobotx/install/nav_bot/share/nav_bot/worlds/meshes/nxt_racks/qr_output/HD-01_A_07.png\n'}
[0.630895] (nav_bot) StdoutLine: {'line': b'-- Up-to-date symlink: /home/rohan/cobotx/install/nav_bot/share/nav_bot/worlds/meshes/nxt_racks/qr_output/HD-01_A_08.png\n'}
[0.631035] (nav_bot) StdoutLine: {'line': b'-- Up-to-date symlink: /home/rohan/cobotx/install/nav_bot/share/nav_bot/worlds/meshes/nxt_racks/qr_output/HD-01_A_09.png\n'}
[0.631176] (nav_bot) StdoutLine: {'line': b'-- Up-to-date symlink: /home/rohan/cobotx/install/nav_bot/share/nav_bot/worlds/meshes/nxt_racks/qr_output/HD-01_A_10.png\n'}
[0.631317] (nav_bot) StdoutLine: {'line': b'-- Up-to-date symlink: /home/rohan/cobotx/install/nav_bot/share/nav_bot/worlds/meshes/nxt_racks/qr_output/HD-01_A_11.png\n'}
[0.631454] (nav_bot) StdoutLine: {'line': b'-- Up-to-date symlink: /home/rohan/cobotx/install/nav_bot/share/nav_bot/worlds/meshes/nxt_racks/qr_output/HD-01_A_12.png\n'}
[0.631589] (nav_bot) StdoutLine: {'line': b'-- Up-to-date symlink: /home/rohan/cobotx/install/nav_bot/share/nav_bot/worlds/meshes/nxt_racks/qr_output/HD-01_A_13.png\n'}
[0.631725] (nav_bot) StdoutLine: {'line': b'-- Up-to-date symlink: /home/rohan/cobotx/install/nav_bot/share/nav_bot/worlds/meshes/nxt_racks/qr_output/HD-01_A_14.png\n'}
[0.631860] (nav_bot) StdoutLine: {'line': b'-- Up-to-date symlink: /home/rohan/cobotx/install/nav_bot/share/nav_bot/worlds/meshes/nxt_racks/qr_output/HD-01_A_15.png\n'}
[0.632017] (nav_bot) StdoutLine: {'line': b'-- Up-to-date symlink: /home/rohan/cobotx/install/nav_bot/share/nav_bot/worlds/meshes/nxt_racks/qr_output/HD-01_A_16.png\n'}
[0.632160] (nav_bot) StdoutLine: {'line': b'-- Up-to-date symlink: /home/rohan/cobotx/install/nav_bot/share/nav_bot/worlds/meshes/nxt_racks/qr_output/HD-01_A_17.png\n'}
[0.632297] (nav_bot) StdoutLine: {'line': b'-- Up-to-date symlink: /home/rohan/cobotx/install/nav_bot/share/nav_bot/worlds/meshes/nxt_racks/qr_output/HD-01_A_18.png\n'}
[0.632435] (nav_bot) StdoutLine: {'line': b'-- Up-to-date symlink: /home/rohan/cobotx/install/nav_bot/share/nav_bot/worlds/meshes/nxt_racks/qr_output/HD-01_A_19.png\n'}
[0.632579] (nav_bot) StdoutLine: {'line': b'-- Up-to-date symlink: /home/rohan/cobotx/install/nav_bot/share/nav_bot/worlds/meshes/nxt_racks/qr_output/HD-01_A_20.png\n'}
[0.632716] (nav_bot) StdoutLine: {'line': b'-- Up-to-date symlink: /home/rohan/cobotx/install/nav_bot/share/nav_bot/worlds/meshes/nxt_racks/qr_output/HD-01_A_21.png\n'}
[0.632855] (nav_bot) StdoutLine: {'line': b'-- Up-to-date symlink: /home/rohan/cobotx/install/nav_bot/share/nav_bot/worlds/meshes/nxt_racks/qr_output/HD-01_A_22.png\n'}
[0.632998] (nav_bot) StdoutLine: {'line': b'-- Up-to-date symlink: /home/rohan/cobotx/install/nav_bot/share/nav_bot/worlds/meshes/nxt_racks/qr_output/HD-01_A_23.png\n'}
[0.633124] (nav_bot) StdoutLine: {'line': b'-- Up-to-date symlink: /home/rohan/cobotx/install/nav_bot/share/nav_bot/worlds/meshes/nxt_racks/qr_output/HD-01_A_24.png\n'}
[0.633258] (nav_bot) StdoutLine: {'line': b'-- Up-to-date symlink: /home/rohan/cobotx/install/nav_bot/share/nav_bot/worlds/meshes/nxt_racks/qr_output/HD-01_A_25.png\n'}
[0.633393] (nav_bot) StdoutLine: {'line': b'-- Up-to-date symlink: /home/rohan/cobotx/install/nav_bot/share/nav_bot/worlds/meshes/nxt_racks/qr_output/HD-01_A_26.png\n'}
[0.633515] (nav_bot) StdoutLine: {'line': b'-- Up-to-date symlink: /home/rohan/cobotx/install/nav_bot/share/nav_bot/worlds/meshes/nxt_racks/qr_output/HD-01_A_27.png\n'}
[0.633639] (nav_bot) StdoutLine: {'line': b'-- Up-to-date symlink: /home/rohan/cobotx/install/nav_bot/share/nav_bot/worlds/meshes/nxt_racks/qr_output/HD-01_A_28.png\n'}
[0.633774] (nav_bot) StdoutLine: {'line': b'-- Up-to-date symlink: /home/rohan/cobotx/install/nav_bot/share/nav_bot/worlds/meshes/nxt_racks/qr_output/HD-01_A_29.png\n'}
[0.633919] (nav_bot) StdoutLine: {'line': b'-- Up-to-date symlink: /home/rohan/cobotx/install/nav_bot/share/nav_bot/worlds/meshes/nxt_racks/qr_output/HD-01_A_30.png\n'}
[0.634055] (nav_bot) StdoutLine: {'line': b'-- Up-to-date symlink: /home/rohan/cobotx/install/nav_bot/share/nav_bot/worlds/meshes/nxt_racks/qr_output/HD-01_A_31.png\n'}
[0.634191] (nav_bot) StdoutLine: {'line': b'-- Up-to-date symlink: /home/rohan/cobotx/install/nav_bot/share/nav_bot/worlds/meshes/nxt_racks/qr_output/HD-01_A_32.png\n'}
[0.634330] (nav_bot) StdoutLine: {'line': b'-- Up-to-date symlink: /home/rohan/cobotx/install/nav_bot/share/nav_bot/worlds/meshes/nxt_racks/qr_output/HD-01_A_33.png\n'}
[0.634462] (nav_bot) StdoutLine: {'line': b'-- Up-to-date symlink: /home/rohan/cobotx/install/nav_bot/share/nav_bot/worlds/meshes/nxt_racks/qr_output/HD-01_A_34.png\n'}
[0.634597] (nav_bot) StdoutLine: {'line': b'-- Up-to-date symlink: /home/rohan/cobotx/install/nav_bot/share/nav_bot/worlds/meshes/nxt_racks/qr_output/HD-01_A_35.png\n'}
[0.634736] (nav_bot) StdoutLine: {'line': b'-- Up-to-date symlink: /home/rohan/cobotx/install/nav_bot/share/nav_bot/worlds/meshes/nxt_racks/qr_output/HD-01_A_36.png\n'}
[0.634883] (nav_bot) StdoutLine: {'line': b'-- Up-to-date symlink: /home/rohan/cobotx/install/nav_bot/share/nav_bot/worlds/meshes/nxt_racks/qr_output/HD-01_A_37.png\n'}
[0.635021] (nav_bot) StdoutLine: {'line': b'-- Up-to-date symlink: /home/rohan/cobotx/install/nav_bot/share/nav_bot/worlds/meshes/nxt_racks/qr_output/HD-01_A_38.png\n'}
[0.635165] (nav_bot) StdoutLine: {'line': b'-- Up-to-date symlink: /home/rohan/cobotx/install/nav_bot/share/nav_bot/worlds/meshes/nxt_racks/qr_output/HD-01_B_01.png\n'}
[0.635302] (nav_bot) StdoutLine: {'line': b'-- Up-to-date symlink: /home/rohan/cobotx/install/nav_bot/share/nav_bot/worlds/meshes/nxt_racks/qr_output/HD-01_B_02.png\n'}
[0.635437] (nav_bot) StdoutLine: {'line': b'-- Up-to-date symlink: /home/rohan/cobotx/install/nav_bot/share/nav_bot/worlds/meshes/nxt_racks/qr_output/HD-01_B_03.png\n'}
[0.635572] (nav_bot) StdoutLine: {'line': b'-- Up-to-date symlink: /home/rohan/cobotx/install/nav_bot/share/nav_bot/worlds/meshes/nxt_racks/qr_output/HD-01_B_04.png\n'}
[0.635708] (nav_bot) StdoutLine: {'line': b'-- Up-to-date symlink: /home/rohan/cobotx/install/nav_bot/share/nav_bot/worlds/meshes/nxt_racks/qr_output/HD-01_B_05.png\n'}
[0.635843] (nav_bot) StdoutLine: {'line': b'-- Up-to-date symlink: /home/rohan/cobotx/install/nav_bot/share/nav_bot/worlds/meshes/nxt_racks/qr_output/HD-01_B_06.png\n'}
[0.635974] (nav_bot) StdoutLine: {'line': b'-- Up-to-date symlink: /home/rohan/cobotx/install/nav_bot/share/nav_bot/worlds/meshes/nxt_racks/qr_output/HD-01_B_07.png\n'}
[0.636114] (nav_bot) StdoutLine: {'line': b'-- Up-to-date symlink: /home/rohan/cobotx/install/nav_bot/share/nav_bot/worlds/meshes/nxt_racks/qr_output/HD-01_B_08.png\n'}
[0.636289] (nav_bot) StdoutLine: {'line': b'-- Up-to-date symlink: /home/rohan/cobotx/install/nav_bot/share/nav_bot/worlds/meshes/nxt_racks/qr_output/HD-01_B_09.png\n'}
[0.636428] (nav_bot) StdoutLine: {'line': b'-- Up-to-date symlink: /home/rohan/cobotx/install/nav_bot/share/nav_bot/worlds/meshes/nxt_racks/qr_output/HD-01_B_10.png\n'}
[0.636559] (nav_bot) StdoutLine: {'line': b'-- Up-to-date symlink: /home/rohan/cobotx/install/nav_bot/share/nav_bot/worlds/meshes/nxt_racks/qr_output/HD-01_B_11.png\n'}
[0.636689] (nav_bot) StdoutLine: {'line': b'-- Up-to-date symlink: /home/rohan/cobotx/install/nav_bot/share/nav_bot/worlds/meshes/nxt_racks/qr_output/HD-01_B_12.png\n'}
[0.636825] (nav_bot) StdoutLine: {'line': b'-- Up-to-date symlink: /home/rohan/cobotx/install/nav_bot/share/nav_bot/worlds/meshes/nxt_racks/qr_output/HD-01_B_13.png\n'}
[0.636957] (nav_bot) StdoutLine: {'line': b'-- Up-to-date symlink: /home/rohan/cobotx/install/nav_bot/share/nav_bot/worlds/meshes/nxt_racks/qr_output/HD-01_B_14.png\n'}
[0.637094] (nav_bot) StdoutLine: {'line': b'-- Up-to-date symlink: /home/rohan/cobotx/install/nav_bot/share/nav_bot/worlds/meshes/nxt_racks/qr_output/HD-01_B_15.png\n'}
[0.637228] (nav_bot) StdoutLine: {'line': b'-- Up-to-date symlink: /home/rohan/cobotx/install/nav_bot/share/nav_bot/worlds/meshes/nxt_racks/qr_output/HD-01_B_16.png\n'}
[0.637359] (nav_bot) StdoutLine: {'line': b'-- Up-to-date symlink: /home/rohan/cobotx/install/nav_bot/share/nav_bot/worlds/meshes/nxt_racks/qr_output/HD-01_B_17.png\n'}
[0.637494] (nav_bot) StdoutLine: {'line': b'-- Up-to-date symlink: /home/rohan/cobotx/install/nav_bot/share/nav_bot/worlds/meshes/nxt_racks/qr_output/HD-01_B_18.png\n'}
[0.637626] (nav_bot) StdoutLine: {'line': b'-- Up-to-date symlink: /home/rohan/cobotx/install/nav_bot/share/nav_bot/worlds/meshes/nxt_racks/qr_output/HD-01_B_19.png\n'}
[0.637757] (nav_bot) StdoutLine: {'line': b'-- Up-to-date symlink: /home/rohan/cobotx/install/nav_bot/share/nav_bot/worlds/meshes/nxt_racks/qr_output/HD-01_B_20.png\n'}
[0.637909] (nav_bot) StdoutLine: {'line': b'-- Up-to-date symlink: /home/rohan/cobotx/install/nav_bot/share/nav_bot/worlds/meshes/nxt_racks/qr_output/HD-01_B_21.png\n'}
[0.638033] (nav_bot) StdoutLine: {'line': b'-- Up-to-date symlink: /home/rohan/cobotx/install/nav_bot/share/nav_bot/worlds/meshes/nxt_racks/qr_output/HD-01_B_22.png\n'}
[0.638160] (nav_bot) StdoutLine: {'line': b'-- Up-to-date symlink: /home/rohan/cobotx/install/nav_bot/share/nav_bot/worlds/meshes/nxt_racks/qr_output/HD-01_B_23.png\n'}
[0.638303] (nav_bot) StdoutLine: {'line': b'-- Up-to-date symlink: /home/rohan/cobotx/install/nav_bot/share/nav_bot/worlds/meshes/nxt_racks/qr_output/HD-01_B_24.png\n'}
[0.638442] (nav_bot) StdoutLine: {'line': b'-- Up-to-date symlink: /home/rohan/cobotx/install/nav_bot/share/nav_bot/worlds/meshes/nxt_racks/qr_output/HD-01_B_25.png\n'}
[0.638557] (nav_bot) StdoutLine: {'line': b'-- Up-to-date symlink: /home/rohan/cobotx/install/nav_bot/share/nav_bot/worlds/meshes/nxt_racks/qr_output/HD-01_B_26.png\n'}
[0.638693] (nav_bot) StdoutLine: {'line': b'-- Up-to-date symlink: /home/rohan/cobotx/install/nav_bot/share/nav_bot/worlds/meshes/nxt_racks/qr_output/HD-01_B_27.png\n'}
[0.638822] (nav_bot) StdoutLine: {'line': b'-- Up-to-date symlink: /home/rohan/cobotx/install/nav_bot/share/nav_bot/worlds/meshes/nxt_racks/qr_output/HD-01_B_28.png\n'}
[0.638957] (nav_bot) StdoutLine: {'line': b'-- Up-to-date symlink: /home/rohan/cobotx/install/nav_bot/share/nav_bot/worlds/meshes/nxt_racks/qr_output/HD-01_B_29.png\n'}
[0.639096] (nav_bot) StdoutLine: {'line': b'-- Up-to-date symlink: /home/rohan/cobotx/install/nav_bot/share/nav_bot/worlds/meshes/nxt_racks/qr_output/HD-01_B_30.png\n'}
[0.639230] (nav_bot) StdoutLine: {'line': b'-- Up-to-date symlink: /home/rohan/cobotx/install/nav_bot/share/nav_bot/worlds/meshes/nxt_racks/qr_output/HD-01_B_31.png\n'}
[0.639367] (nav_bot) StdoutLine: {'line': b'-- Up-to-date symlink: /home/rohan/cobotx/install/nav_bot/share/nav_bot/worlds/meshes/nxt_racks/qr_output/HD-01_B_32.png\n'}
[0.639506] (nav_bot) StdoutLine: {'line': b'-- Up-to-date symlink: /home/rohan/cobotx/install/nav_bot/share/nav_bot/worlds/meshes/nxt_racks/qr_output/HD-01_B_33.png\n'}
[0.639638] (nav_bot) StdoutLine: {'line': b'-- Up-to-date symlink: /home/rohan/cobotx/install/nav_bot/share/nav_bot/worlds/meshes/nxt_racks/qr_output/HD-01_B_34.png\n'}
[0.639772] (nav_bot) StdoutLine: {'line': b'-- Up-to-date symlink: /home/rohan/cobotx/install/nav_bot/share/nav_bot/worlds/meshes/nxt_racks/qr_output/HD-01_B_35.png\n'}
[0.639910] (nav_bot) StdoutLine: {'line': b'-- Up-to-date symlink: /home/rohan/cobotx/install/nav_bot/share/nav_bot/worlds/meshes/nxt_racks/qr_output/HD-01_B_36.png\n'}
[0.640051] (nav_bot) StdoutLine: {'line': b'-- Up-to-date symlink: /home/rohan/cobotx/install/nav_bot/share/nav_bot/worlds/meshes/nxt_racks/qr_output/HD-01_B_37.png\n'}
[0.640185] (nav_bot) StdoutLine: {'line': b'-- Up-to-date symlink: /home/rohan/cobotx/install/nav_bot/share/nav_bot/worlds/meshes/nxt_racks/qr_output/HD-01_B_38.png\n'}
[0.640323] (nav_bot) StdoutLine: {'line': b'-- Up-to-date symlink: /home/rohan/cobotx/install/nav_bot/share/nav_bot/worlds/meshes/nxt_racks/qr_output/HD-01_C_01.png\n'}
[0.640468] (nav_bot) StdoutLine: {'line': b'-- Up-to-date symlink: /home/rohan/cobotx/install/nav_bot/share/nav_bot/worlds/meshes/nxt_racks/qr_output/HD-01_C_02.png\n'}
[0.640601] (nav_bot) StdoutLine: {'line': b'-- Up-to-date symlink: /home/rohan/cobotx/install/nav_bot/share/nav_bot/worlds/meshes/nxt_racks/qr_output/HD-01_C_03.png\n'}
[0.640743] (nav_bot) StdoutLine: {'line': b'-- Up-to-date symlink: /home/rohan/cobotx/install/nav_bot/share/nav_bot/worlds/meshes/nxt_racks/qr_output/HD-01_C_04.png\n'}
[0.640881] (nav_bot) StdoutLine: {'line': b'-- Up-to-date symlink: /home/rohan/cobotx/install/nav_bot/share/nav_bot/worlds/meshes/nxt_racks/qr_output/HD-01_C_05.png\n'}
[0.641168] (nav_bot) StdoutLine: {'line': b'-- Up-to-date symlink: /home/rohan/cobotx/install/nav_bot/share/nav_bot/worlds/meshes/nxt_racks/qr_output/HD-01_C_06.png\n'}
[0.641442] (nav_bot) StdoutLine: {'line': b'-- Up-to-date symlink: /home/rohan/cobotx/install/nav_bot/share/nav_bot/worlds/meshes/nxt_racks/qr_output/HD-01_C_07.png\n'}
[0.641716] (nav_bot) StdoutLine: {'line': b'-- Up-to-date symlink: /home/rohan/cobotx/install/nav_bot/share/nav_bot/worlds/meshes/nxt_racks/qr_output/HD-01_C_08.png\n'}
[0.642018] (nav_bot) StdoutLine: {'line': b'-- Up-to-date symlink: /home/rohan/cobotx/install/nav_bot/share/nav_bot/worlds/meshes/nxt_racks/qr_output/HD-01_C_09.png\n'}
[0.642247] (nav_bot) StdoutLine: {'line': b'-- Up-to-date symlink: /home/rohan/cobotx/install/nav_bot/share/nav_bot/worlds/meshes/nxt_racks/qr_output/HD-01_C_10.png\n'}
[0.642447] (nav_bot) StdoutLine: {'line': b'-- Up-to-date symlink: /home/rohan/cobotx/install/nav_bot/share/nav_bot/worlds/meshes/nxt_racks/qr_output/HD-01_C_11.png\n'}
[0.642673] (nav_bot) StdoutLine: {'line': b'-- Up-to-date symlink: /home/rohan/cobotx/install/nav_bot/share/nav_bot/worlds/meshes/nxt_racks/qr_output/HD-01_C_12.png\n'}
[0.642965] (nav_bot) StdoutLine: {'line': b'-- Up-to-date symlink: /home/rohan/cobotx/install/nav_bot/share/nav_bot/worlds/meshes/nxt_racks/qr_output/HD-01_C_13.png\n'}
[0.643185] (nav_bot) StdoutLine: {'line': b'-- Up-to-date symlink: /home/rohan/cobotx/install/nav_bot/share/nav_bot/worlds/meshes/nxt_racks/qr_output/HD-01_C_14.png\n'}
[0.643457] (nav_bot) StdoutLine: {'line': b'-- Up-to-date symlink: /home/rohan/cobotx/install/nav_bot/share/nav_bot/worlds/meshes/nxt_racks/qr_output/HD-01_C_15.png\n'}
[0.643682] (nav_bot) StdoutLine: {'line': b'-- Up-to-date symlink: /home/rohan/cobotx/install/nav_bot/share/nav_bot/worlds/meshes/nxt_racks/qr_output/HD-01_C_16.png\n'}
[0.643845] (nav_bot) StdoutLine: {'line': b'-- Up-to-date symlink: /home/rohan/cobotx/install/nav_bot/share/nav_bot/worlds/meshes/nxt_racks/qr_output/HD-01_C_17.png\n'}
[0.643979] (nav_bot) StdoutLine: {'line': b'-- Up-to-date symlink: /home/rohan/cobotx/install/nav_bot/share/nav_bot/worlds/meshes/nxt_racks/qr_output/HD-01_C_18.png\n'}
[0.644115] (nav_bot) StdoutLine: {'line': b'-- Up-to-date symlink: /home/rohan/cobotx/install/nav_bot/share/nav_bot/worlds/meshes/nxt_racks/qr_output/HD-01_C_19.png\n'}
[0.644249] (nav_bot) StdoutLine: {'line': b'-- Up-to-date symlink: /home/rohan/cobotx/install/nav_bot/share/nav_bot/worlds/meshes/nxt_racks/qr_output/HD-01_C_20.png\n'}
[0.644382] (nav_bot) StdoutLine: {'line': b'-- Up-to-date symlink: /home/rohan/cobotx/install/nav_bot/share/nav_bot/worlds/meshes/nxt_racks/qr_output/HD-01_C_21.png\n'}
[0.644514] (nav_bot) StdoutLine: {'line': b'-- Up-to-date symlink: /home/rohan/cobotx/install/nav_bot/share/nav_bot/worlds/meshes/nxt_racks/qr_output/HD-01_C_22.png\n'}
[0.644642] (nav_bot) StdoutLine: {'line': b'-- Up-to-date symlink: /home/rohan/cobotx/install/nav_bot/share/nav_bot/worlds/meshes/nxt_racks/qr_output/HD-01_C_23.png\n'}
[0.644776] (nav_bot) StdoutLine: {'line': b'-- Up-to-date symlink: /home/rohan/cobotx/install/nav_bot/share/nav_bot/worlds/meshes/nxt_racks/qr_output/HD-01_C_24.png\n'}
[0.644918] (nav_bot) StdoutLine: {'line': b'-- Up-to-date symlink: /home/rohan/cobotx/install/nav_bot/share/nav_bot/worlds/meshes/nxt_racks/qr_output/HD-01_C_25.png\n'}
[0.645052] (nav_bot) StdoutLine: {'line': b'-- Up-to-date symlink: /home/rohan/cobotx/install/nav_bot/share/nav_bot/worlds/meshes/nxt_racks/qr_output/HD-01_C_26.png\n'}
[0.645195] (nav_bot) StdoutLine: {'line': b'-- Up-to-date symlink: /home/rohan/cobotx/install/nav_bot/share/nav_bot/worlds/meshes/nxt_racks/qr_output/HD-01_C_27.png\n'}
[0.645325] (nav_bot) StdoutLine: {'line': b'-- Up-to-date symlink: /home/rohan/cobotx/install/nav_bot/share/nav_bot/worlds/meshes/nxt_racks/qr_output/HD-01_C_28.png\n'}
[0.645455] (nav_bot) StdoutLine: {'line': b'-- Up-to-date symlink: /home/rohan/cobotx/install/nav_bot/share/nav_bot/worlds/meshes/nxt_racks/qr_output/HD-01_C_29.png\n'}
[0.645586] (nav_bot) StdoutLine: {'line': b'-- Up-to-date symlink: /home/rohan/cobotx/install/nav_bot/share/nav_bot/worlds/meshes/nxt_racks/qr_output/HD-01_C_30.png\n'}
[0.645716] (nav_bot) StdoutLine: {'line': b'-- Up-to-date symlink: /home/rohan/cobotx/install/nav_bot/share/nav_bot/worlds/meshes/nxt_racks/qr_output/HD-01_C_31.png\n'}
[0.645845] (nav_bot) StdoutLine: {'line': b'-- Up-to-date symlink: /home/rohan/cobotx/install/nav_bot/share/nav_bot/worlds/meshes/nxt_racks/qr_output/HD-01_C_32.png\n'}
[0.645976] (nav_bot) StdoutLine: {'line': b'-- Up-to-date symlink: /home/rohan/cobotx/install/nav_bot/share/nav_bot/worlds/meshes/nxt_racks/qr_output/HD-01_C_33.png\n'}
[0.646115] (nav_bot) StdoutLine: {'line': b'-- Up-to-date symlink: /home/rohan/cobotx/install/nav_bot/share/nav_bot/worlds/meshes/nxt_racks/qr_output/HD-01_C_34.png\n'}
[0.646252] (nav_bot) StdoutLine: {'line': b'-- Up-to-date symlink: /home/rohan/cobotx/install/nav_bot/share/nav_bot/worlds/meshes/nxt_racks/qr_output/HD-01_C_35.png\n'}
[0.646393] (nav_bot) StdoutLine: {'line': b'-- Up-to-date symlink: /home/rohan/cobotx/install/nav_bot/share/nav_bot/worlds/meshes/nxt_racks/qr_output/HD-01_C_36.png\n'}
[0.646524] (nav_bot) StdoutLine: {'line': b'-- Up-to-date symlink: /home/rohan/cobotx/install/nav_bot/share/nav_bot/worlds/meshes/nxt_racks/qr_output/HD-01_C_37.png\n'}
[0.646665] (nav_bot) StdoutLine: {'line': b'-- Up-to-date symlink: /home/rohan/cobotx/install/nav_bot/share/nav_bot/worlds/meshes/nxt_racks/qr_output/HD-01_C_38.png\n'}
[0.646806] (nav_bot) StdoutLine: {'line': b'-- Up-to-date symlink: /home/rohan/cobotx/install/nav_bot/share/nav_bot/worlds/meshes/nxt_racks/qr_output/HD-01_D_01.png\n'}
[0.646934] (nav_bot) StdoutLine: {'line': b'-- Up-to-date symlink: /home/rohan/cobotx/install/nav_bot/share/nav_bot/worlds/meshes/nxt_racks/qr_output/HD-01_D_02.png\n'}
[0.647058] (nav_bot) StdoutLine: {'line': b'-- Up-to-date symlink: /home/rohan/cobotx/install/nav_bot/share/nav_bot/worlds/meshes/nxt_racks/qr_output/HD-01_D_03.png\n'}
[0.647184] (nav_bot) StdoutLine: {'line': b'-- Up-to-date symlink: /home/rohan/cobotx/install/nav_bot/share/nav_bot/worlds/meshes/nxt_racks/qr_output/HD-01_D_04.png\n'}
[0.647311] (nav_bot) StdoutLine: {'line': b'-- Up-to-date symlink: /home/rohan/cobotx/install/nav_bot/share/nav_bot/worlds/meshes/nxt_racks/qr_output/HD-01_D_05.png\n'}
[0.647442] (nav_bot) StdoutLine: {'line': b'-- Up-to-date symlink: /home/rohan/cobotx/install/nav_bot/share/nav_bot/worlds/meshes/nxt_racks/qr_output/HD-01_D_06.png\n'}
[0.647572] (nav_bot) StdoutLine: {'line': b'-- Up-to-date symlink: /home/rohan/cobotx/install/nav_bot/share/nav_bot/worlds/meshes/nxt_racks/qr_output/HD-01_D_07.png\n'}
[0.647704] (nav_bot) StdoutLine: {'line': b'-- Up-to-date symlink: /home/rohan/cobotx/install/nav_bot/share/nav_bot/worlds/meshes/nxt_racks/qr_output/HD-01_D_08.png\n'}
[0.647837] (nav_bot) StdoutLine: {'line': b'-- Up-to-date symlink: /home/rohan/cobotx/install/nav_bot/share/nav_bot/worlds/meshes/nxt_racks/qr_output/HD-01_D_09.png\n'}
[0.647975] (nav_bot) StdoutLine: {'line': b'-- Up-to-date symlink: /home/rohan/cobotx/install/nav_bot/share/nav_bot/worlds/meshes/nxt_racks/qr_output/HD-01_D_10.png\n'}
[0.648115] (nav_bot) StdoutLine: {'line': b'-- Up-to-date symlink: /home/rohan/cobotx/install/nav_bot/share/nav_bot/worlds/meshes/nxt_racks/qr_output/HD-01_D_11.png\n'}
[0.648250] (nav_bot) StdoutLine: {'line': b'-- Up-to-date symlink: /home/rohan/cobotx/install/nav_bot/share/nav_bot/worlds/meshes/nxt_racks/qr_output/HD-01_D_12.png\n'}
[0.648392] (nav_bot) StdoutLine: {'line': b'-- Up-to-date symlink: /home/rohan/cobotx/install/nav_bot/share/nav_bot/worlds/meshes/nxt_racks/qr_output/HD-01_D_13.png\n'}
[0.648526] (nav_bot) StdoutLine: {'line': b'-- Up-to-date symlink: /home/rohan/cobotx/install/nav_bot/share/nav_bot/worlds/meshes/nxt_racks/qr_output/HD-01_D_14.png\n'}
[0.648668] (nav_bot) StdoutLine: {'line': b'-- Up-to-date symlink: /home/rohan/cobotx/install/nav_bot/share/nav_bot/worlds/meshes/nxt_racks/qr_output/HD-01_D_15.png\n'}
[0.648810] (nav_bot) StdoutLine: {'line': b'-- Up-to-date symlink: /home/rohan/cobotx/install/nav_bot/share/nav_bot/worlds/meshes/nxt_racks/qr_output/HD-01_D_16.png\n'}
[0.648967] (nav_bot) StdoutLine: {'line': b'-- Up-to-date symlink: /home/rohan/cobotx/install/nav_bot/share/nav_bot/worlds/meshes/nxt_racks/qr_output/HD-01_D_17.png\n'}
[0.649098] (nav_bot) StdoutLine: {'line': b'-- Up-to-date symlink: /home/rohan/cobotx/install/nav_bot/share/nav_bot/worlds/meshes/nxt_racks/qr_output/HD-01_D_18.png\n'}
[0.649239] (nav_bot) StdoutLine: {'line': b'-- Up-to-date symlink: /home/rohan/cobotx/install/nav_bot/share/nav_bot/worlds/meshes/nxt_racks/qr_output/HD-01_D_19.png\n'}
[0.649361] (nav_bot) StdoutLine: {'line': b'-- Up-to-date symlink: /home/rohan/cobotx/install/nav_bot/share/nav_bot/worlds/meshes/nxt_racks/qr_output/HD-01_D_20.png\n'}
[0.649490] (nav_bot) StdoutLine: {'line': b'-- Up-to-date symlink: /home/rohan/cobotx/install/nav_bot/share/nav_bot/worlds/meshes/nxt_racks/qr_output/HD-01_D_21.png\n'}
[0.649616] (nav_bot) StdoutLine: {'line': b'-- Up-to-date symlink: /home/rohan/cobotx/install/nav_bot/share/nav_bot/worlds/meshes/nxt_racks/qr_output/HD-01_D_22.png\n'}
[0.649738] (nav_bot) StdoutLine: {'line': b'-- Up-to-date symlink: /home/rohan/cobotx/install/nav_bot/share/nav_bot/worlds/meshes/nxt_racks/qr_output/HD-01_D_23.png\n'}
[0.649881] (nav_bot) StdoutLine: {'line': b'-- Up-to-date symlink: /home/rohan/cobotx/install/nav_bot/share/nav_bot/worlds/meshes/nxt_racks/qr_output/HD-01_D_24.png\n'}
[0.650020] (nav_bot) StdoutLine: {'line': b'-- Up-to-date symlink: /home/rohan/cobotx/install/nav_bot/share/nav_bot/worlds/meshes/nxt_racks/qr_output/HD-01_D_25.png\n'}
[0.650150] (nav_bot) StdoutLine: {'line': b'-- Up-to-date symlink: /home/rohan/cobotx/install/nav_bot/share/nav_bot/worlds/meshes/nxt_racks/qr_output/HD-01_D_26.png\n'}
[0.650279] (nav_bot) StdoutLine: {'line': b'-- Up-to-date symlink: /home/rohan/cobotx/install/nav_bot/share/nav_bot/worlds/meshes/nxt_racks/qr_output/HD-01_D_27.png\n'}
[0.650412] (nav_bot) StdoutLine: {'line': b'-- Up-to-date symlink: /home/rohan/cobotx/install/nav_bot/share/nav_bot/worlds/meshes/nxt_racks/qr_output/HD-01_D_28.png\n'}
[0.650541] (nav_bot) StdoutLine: {'line': b'-- Up-to-date symlink: /home/rohan/cobotx/install/nav_bot/share/nav_bot/worlds/meshes/nxt_racks/qr_output/HD-01_D_29.png\n'}
[0.650672] (nav_bot) StdoutLine: {'line': b'-- Up-to-date symlink: /home/rohan/cobotx/install/nav_bot/share/nav_bot/worlds/meshes/nxt_racks/qr_output/HD-01_D_30.png\n'}
[0.650809] (nav_bot) StdoutLine: {'line': b'-- Up-to-date symlink: /home/rohan/cobotx/install/nav_bot/share/nav_bot/worlds/meshes/nxt_racks/qr_output/HD-01_D_31.png\n'}
[0.650949] (nav_bot) StdoutLine: {'line': b'-- Up-to-date symlink: /home/rohan/cobotx/install/nav_bot/share/nav_bot/worlds/meshes/nxt_racks/qr_output/HD-01_D_32.png\n'}
[0.651094] (nav_bot) StdoutLine: {'line': b'-- Up-to-date symlink: /home/rohan/cobotx/install/nav_bot/share/nav_bot/worlds/meshes/nxt_racks/qr_output/HD-01_D_33.png\n'}
[0.651234] (nav_bot) StdoutLine: {'line': b'-- Up-to-date symlink: /home/rohan/cobotx/install/nav_bot/share/nav_bot/worlds/meshes/nxt_racks/qr_output/HD-01_D_34.png\n'}
[0.651369] (nav_bot) StdoutLine: {'line': b'-- Up-to-date symlink: /home/rohan/cobotx/install/nav_bot/share/nav_bot/worlds/meshes/nxt_racks/qr_output/HD-01_D_35.png\n'}
[0.651510] (nav_bot) StdoutLine: {'line': b'-- Up-to-date symlink: /home/rohan/cobotx/install/nav_bot/share/nav_bot/worlds/meshes/nxt_racks/qr_output/HD-01_D_36.png\n'}
[0.651645] (nav_bot) StdoutLine: {'line': b'-- Up-to-date symlink: /home/rohan/cobotx/install/nav_bot/share/nav_bot/worlds/meshes/nxt_racks/qr_output/HD-01_D_37.png\n'}
[0.651781] (nav_bot) StdoutLine: {'line': b'-- Up-to-date symlink: /home/rohan/cobotx/install/nav_bot/share/nav_bot/worlds/meshes/nxt_racks/qr_output/HD-01_D_38.png\n'}
[0.651930] (nav_bot) StdoutLine: {'line': b'-- Up-to-date symlink: /home/rohan/cobotx/install/nav_bot/share/nav_bot/worlds/meshes/nxt_racks/qr_output/HD-01_E_01.png\n'}
[0.652064] (nav_bot) StdoutLine: {'line': b'-- Up-to-date symlink: /home/rohan/cobotx/install/nav_bot/share/nav_bot/worlds/meshes/nxt_racks/qr_output/HD-01_E_02.png\n'}
[0.652194] (nav_bot) StdoutLine: {'line': b'-- Up-to-date symlink: /home/rohan/cobotx/install/nav_bot/share/nav_bot/worlds/meshes/nxt_racks/qr_output/HD-01_E_03.png\n'}
[0.652328] (nav_bot) StdoutLine: {'line': b'-- Up-to-date symlink: /home/rohan/cobotx/install/nav_bot/share/nav_bot/worlds/meshes/nxt_racks/qr_output/HD-01_E_04.png\n'}
[0.652457] (nav_bot) StdoutLine: {'line': b'-- Up-to-date symlink: /home/rohan/cobotx/install/nav_bot/share/nav_bot/worlds/meshes/nxt_racks/qr_output/HD-01_E_05.png\n'}
[0.652588] (nav_bot) StdoutLine: {'line': b'-- Up-to-date symlink: /home/rohan/cobotx/install/nav_bot/share/nav_bot/worlds/meshes/nxt_racks/qr_output/HD-01_E_06.png\n'}
[0.652718] (nav_bot) StdoutLine: {'line': b'-- Up-to-date symlink: /home/rohan/cobotx/install/nav_bot/share/nav_bot/worlds/meshes/nxt_racks/qr_output/HD-01_E_07.png\n'}
[0.652847] (nav_bot) StdoutLine: {'line': b'-- Up-to-date symlink: /home/rohan/cobotx/install/nav_bot/share/nav_bot/worlds/meshes/nxt_racks/qr_output/HD-01_E_08.png\n'}
[0.652978] (nav_bot) StdoutLine: {'line': b'-- Up-to-date symlink: /home/rohan/cobotx/install/nav_bot/share/nav_bot/worlds/meshes/nxt_racks/qr_output/HD-01_E_09.png\n'}
[0.653115] (nav_bot) StdoutLine: {'line': b'-- Up-to-date symlink: /home/rohan/cobotx/install/nav_bot/share/nav_bot/worlds/meshes/nxt_racks/qr_output/HD-01_E_10.png\n'}
[0.653250] (nav_bot) StdoutLine: {'line': b'-- Up-to-date symlink: /home/rohan/cobotx/install/nav_bot/share/nav_bot/worlds/meshes/nxt_racks/qr_output/HD-01_E_11.png\n'}
[0.653385] (nav_bot) StdoutLine: {'line': b'-- Up-to-date symlink: /home/rohan/cobotx/install/nav_bot/share/nav_bot/worlds/meshes/nxt_racks/qr_output/HD-01_E_12.png\n'}
[0.653517] (nav_bot) StdoutLine: {'line': b'-- Up-to-date symlink: /home/rohan/cobotx/install/nav_bot/share/nav_bot/worlds/meshes/nxt_racks/qr_output/HD-01_E_13.png\n'}
[0.653644] (nav_bot) StdoutLine: {'line': b'-- Up-to-date symlink: /home/rohan/cobotx/install/nav_bot/share/nav_bot/worlds/meshes/nxt_racks/qr_output/HD-01_E_14.png\n'}
[0.653774] (nav_bot) StdoutLine: {'line': b'-- Up-to-date symlink: /home/rohan/cobotx/install/nav_bot/share/nav_bot/worlds/meshes/nxt_racks/qr_output/HD-01_E_15.png\n'}
[0.653909] (nav_bot) StdoutLine: {'line': b'-- Up-to-date symlink: /home/rohan/cobotx/install/nav_bot/share/nav_bot/worlds/meshes/nxt_racks/qr_output/HD-01_E_16.png\n'}
[0.654045] (nav_bot) StdoutLine: {'line': b'-- Up-to-date symlink: /home/rohan/cobotx/install/nav_bot/share/nav_bot/worlds/meshes/nxt_racks/qr_output/HD-01_E_17.png\n'}
[0.654173] (nav_bot) StdoutLine: {'line': b'-- Up-to-date symlink: /home/rohan/cobotx/install/nav_bot/share/nav_bot/worlds/meshes/nxt_racks/qr_output/HD-01_E_18.png\n'}
[0.654309] (nav_bot) StdoutLine: {'line': b'-- Up-to-date symlink: /home/rohan/cobotx/install/nav_bot/share/nav_bot/worlds/meshes/nxt_racks/qr_output/HD-01_E_19.png\n'}
[0.654444] (nav_bot) StdoutLine: {'line': b'-- Up-to-date symlink: /home/rohan/cobotx/install/nav_bot/share/nav_bot/worlds/meshes/nxt_racks/qr_output/HD-01_E_20.png\n'}
[0.654576] (nav_bot) StdoutLine: {'line': b'-- Up-to-date symlink: /home/rohan/cobotx/install/nav_bot/share/nav_bot/worlds/meshes/nxt_racks/qr_output/HD-01_E_21.png\n'}
[0.654704] (nav_bot) StdoutLine: {'line': b'-- Up-to-date symlink: /home/rohan/cobotx/install/nav_bot/share/nav_bot/worlds/meshes/nxt_racks/qr_output/HD-01_E_22.png\n'}
[0.654850] (nav_bot) StdoutLine: {'line': b'-- Up-to-date symlink: /home/rohan/cobotx/install/nav_bot/share/nav_bot/worlds/meshes/nxt_racks/qr_output/HD-01_E_23.png\n'}
[0.654996] (nav_bot) StdoutLine: {'line': b'-- Up-to-date symlink: /home/rohan/cobotx/install/nav_bot/share/nav_bot/worlds/meshes/nxt_racks/qr_output/HD-01_E_24.png\n'}
[0.655134] (nav_bot) StdoutLine: {'line': b'-- Up-to-date symlink: /home/rohan/cobotx/install/nav_bot/share/nav_bot/worlds/meshes/nxt_racks/qr_output/HD-01_E_25.png\n'}
[0.655259] (nav_bot) StdoutLine: {'line': b'-- Up-to-date symlink: /home/rohan/cobotx/install/nav_bot/share/nav_bot/worlds/meshes/nxt_racks/qr_output/HD-01_E_26.png\n'}
[0.655390] (nav_bot) StdoutLine: {'line': b'-- Up-to-date symlink: /home/rohan/cobotx/install/nav_bot/share/nav_bot/worlds/meshes/nxt_racks/qr_output/HD-01_E_27.png\n'}
[0.655525] (nav_bot) StdoutLine: {'line': b'-- Up-to-date symlink: /home/rohan/cobotx/install/nav_bot/share/nav_bot/worlds/meshes/nxt_racks/qr_output/HD-01_E_28.png\n'}
[0.655661] (nav_bot) StdoutLine: {'line': b'-- Up-to-date symlink: /home/rohan/cobotx/install/nav_bot/share/nav_bot/worlds/meshes/nxt_racks/qr_output/HD-01_E_29.png\n'}
[0.655794] (nav_bot) StdoutLine: {'line': b'-- Up-to-date symlink: /home/rohan/cobotx/install/nav_bot/share/nav_bot/worlds/meshes/nxt_racks/qr_output/HD-01_E_30.png\n'}
[0.655933] (nav_bot) StdoutLine: {'line': b'-- Up-to-date symlink: /home/rohan/cobotx/install/nav_bot/share/nav_bot/worlds/meshes/nxt_racks/qr_output/HD-01_E_31.png\n'}
[0.656072] (nav_bot) StdoutLine: {'line': b'-- Up-to-date symlink: /home/rohan/cobotx/install/nav_bot/share/nav_bot/worlds/meshes/nxt_racks/qr_output/HD-01_E_32.png\n'}
[0.656207] (nav_bot) StdoutLine: {'line': b'-- Up-to-date symlink: /home/rohan/cobotx/install/nav_bot/share/nav_bot/worlds/meshes/nxt_racks/qr_output/HD-01_E_33.png\n'}
[0.656345] (nav_bot) StdoutLine: {'line': b'-- Up-to-date symlink: /home/rohan/cobotx/install/nav_bot/share/nav_bot/worlds/meshes/nxt_racks/qr_output/HD-01_E_34.png\n'}
[0.656486] (nav_bot) StdoutLine: {'line': b'-- Up-to-date symlink: /home/rohan/cobotx/install/nav_bot/share/nav_bot/worlds/meshes/nxt_racks/qr_output/HD-01_E_35.png\n'}
[0.656628] (nav_bot) StdoutLine: {'line': b'-- Up-to-date symlink: /home/rohan/cobotx/install/nav_bot/share/nav_bot/worlds/meshes/nxt_racks/qr_output/HD-01_E_36.png\n'}
[0.656764] (nav_bot) StdoutLine: {'line': b'-- Up-to-date symlink: /home/rohan/cobotx/install/nav_bot/share/nav_bot/worlds/meshes/nxt_racks/qr_output/HD-01_E_37.png\n'}
[0.656923] (nav_bot) StdoutLine: {'line': b'-- Up-to-date symlink: /home/rohan/cobotx/install/nav_bot/share/nav_bot/worlds/meshes/nxt_racks/qr_output/HD-01_E_38.png\n'}
[0.657059] (nav_bot) StdoutLine: {'line': b'-- Up-to-date symlink: /home/rohan/cobotx/install/nav_bot/share/nav_bot/worlds/meshes/nxt_racks/qr_output/HD-01_F_01.png\n'}
[0.657195] (nav_bot) StdoutLine: {'line': b'-- Up-to-date symlink: /home/rohan/cobotx/install/nav_bot/share/nav_bot/worlds/meshes/nxt_racks/qr_output/HD-01_F_02.png\n'}
[0.657330] (nav_bot) StdoutLine: {'line': b'-- Up-to-date symlink: /home/rohan/cobotx/install/nav_bot/share/nav_bot/worlds/meshes/nxt_racks/qr_output/HD-01_F_03.png\n'}
[0.657465] (nav_bot) StdoutLine: {'line': b'-- Up-to-date symlink: /home/rohan/cobotx/install/nav_bot/share/nav_bot/worlds/meshes/nxt_racks/qr_output/HD-01_F_04.png\n'}
[0.657611] (nav_bot) StdoutLine: {'line': b'-- Up-to-date symlink: /home/rohan/cobotx/install/nav_bot/share/nav_bot/worlds/meshes/nxt_racks/qr_output/HD-01_F_05.png\n'}
[0.657740] (nav_bot) StdoutLine: {'line': b'-- Up-to-date symlink: /home/rohan/cobotx/install/nav_bot/share/nav_bot/worlds/meshes/nxt_racks/qr_output/HD-01_F_06.png\n'}
[0.657886] (nav_bot) StdoutLine: {'line': b'-- Up-to-date symlink: /home/rohan/cobotx/install/nav_bot/share/nav_bot/worlds/meshes/nxt_racks/qr_output/HD-01_F_07.png\n'}
[0.658017] (nav_bot) StdoutLine: {'line': b'-- Up-to-date symlink: /home/rohan/cobotx/install/nav_bot/share/nav_bot/worlds/meshes/nxt_racks/qr_output/HD-01_F_08.png\n'}
[0.658141] (nav_bot) StdoutLine: {'line': b'-- Up-to-date symlink: /home/rohan/cobotx/install/nav_bot/share/nav_bot/worlds/meshes/nxt_racks/qr_output/HD-01_F_09.png\n'}
[0.658276] (nav_bot) StdoutLine: {'line': b'-- Up-to-date symlink: /home/rohan/cobotx/install/nav_bot/share/nav_bot/worlds/meshes/nxt_racks/qr_output/HD-01_F_10.png\n'}
[0.658406] (nav_bot) StdoutLine: {'line': b'-- Up-to-date symlink: /home/rohan/cobotx/install/nav_bot/share/nav_bot/worlds/meshes/nxt_racks/qr_output/HD-01_F_11.png\n'}
[0.658535] (nav_bot) StdoutLine: {'line': b'-- Up-to-date symlink: /home/rohan/cobotx/install/nav_bot/share/nav_bot/worlds/meshes/nxt_racks/qr_output/HD-01_F_12.png\n'}
[0.658678] (nav_bot) StdoutLine: {'line': b'-- Up-to-date symlink: /home/rohan/cobotx/install/nav_bot/share/nav_bot/worlds/meshes/nxt_racks/qr_output/HD-01_F_13.png\n'}
[0.658808] (nav_bot) StdoutLine: {'line': b'-- Up-to-date symlink: /home/rohan/cobotx/install/nav_bot/share/nav_bot/worlds/meshes/nxt_racks/qr_output/HD-01_F_14.png\n'}
[0.658955] (nav_bot) StdoutLine: {'line': b'-- Up-to-date symlink: /home/rohan/cobotx/install/nav_bot/share/nav_bot/worlds/meshes/nxt_racks/qr_output/HD-01_F_15.png\n'}
[0.659100] (nav_bot) StdoutLine: {'line': b'-- Up-to-date symlink: /home/rohan/cobotx/install/nav_bot/share/nav_bot/worlds/meshes/nxt_racks/qr_output/HD-01_F_16.png\n'}
[0.659236] (nav_bot) StdoutLine: {'line': b'-- Up-to-date symlink: /home/rohan/cobotx/install/nav_bot/share/nav_bot/worlds/meshes/nxt_racks/qr_output/HD-01_F_17.png\n'}
[0.659445] (nav_bot) StdoutLine: {'line': b'-- Up-to-date symlink: /home/rohan/cobotx/install/nav_bot/share/nav_bot/worlds/meshes/nxt_racks/qr_output/HD-01_F_18.png\n'}
[0.659727] (nav_bot) StdoutLine: {'line': b'-- Up-to-date symlink: /home/rohan/cobotx/install/nav_bot/share/nav_bot/worlds/meshes/nxt_racks/qr_output/HD-01_F_19.png\n'}
[0.660008] (nav_bot) StdoutLine: {'line': b'-- Up-to-date symlink: /home/rohan/cobotx/install/nav_bot/share/nav_bot/worlds/meshes/nxt_racks/qr_output/HD-01_F_20.png\n'}
[0.660287] (nav_bot) StdoutLine: {'line': b'-- Up-to-date symlink: /home/rohan/cobotx/install/nav_bot/share/nav_bot/worlds/meshes/nxt_racks/qr_output/HD-01_F_21.png\n'}
[0.660512] (nav_bot) StdoutLine: {'line': b'-- Up-to-date symlink: /home/rohan/cobotx/install/nav_bot/share/nav_bot/worlds/meshes/nxt_racks/qr_output/HD-01_F_22.png\n'}
[0.660758] (nav_bot) StdoutLine: {'line': b'-- Up-to-date symlink: /home/rohan/cobotx/install/nav_bot/share/nav_bot/worlds/meshes/nxt_racks/qr_output/HD-01_F_23.png\n'}
[0.660984] (nav_bot) StdoutLine: {'line': b'-- Up-to-date symlink: /home/rohan/cobotx/install/nav_bot/share/nav_bot/worlds/meshes/nxt_racks/qr_output/HD-01_F_24.png\n'}
[0.661213] (nav_bot) StdoutLine: {'line': b'-- Up-to-date symlink: /home/rohan/cobotx/install/nav_bot/share/nav_bot/worlds/meshes/nxt_racks/qr_output/HD-01_F_25.png\n'}
[0.661437] (nav_bot) StdoutLine: {'line': b'-- Up-to-date symlink: /home/rohan/cobotx/install/nav_bot/share/nav_bot/worlds/meshes/nxt_racks/qr_output/HD-01_F_26.png\n'}
[0.661655] (nav_bot) StdoutLine: {'line': b'-- Up-to-date symlink: /home/rohan/cobotx/install/nav_bot/share/nav_bot/worlds/meshes/nxt_racks/qr_output/HD-01_F_27.png\n'}
[0.661883] (nav_bot) StdoutLine: {'line': b'-- Up-to-date symlink: /home/rohan/cobotx/install/nav_bot/share/nav_bot/worlds/meshes/nxt_racks/qr_output/HD-01_F_28.png\n'}
[0.662057] (nav_bot) StdoutLine: {'line': b'-- Up-to-date symlink: /home/rohan/cobotx/install/nav_bot/share/nav_bot/worlds/meshes/nxt_racks/qr_output/HD-01_F_29.png\n'}
[0.662191] (nav_bot) StdoutLine: {'line': b'-- Up-to-date symlink: /home/rohan/cobotx/install/nav_bot/share/nav_bot/worlds/meshes/nxt_racks/qr_output/HD-01_F_30.png\n'}
[0.662324] (nav_bot) StdoutLine: {'line': b'-- Up-to-date symlink: /home/rohan/cobotx/install/nav_bot/share/nav_bot/worlds/meshes/nxt_racks/qr_output/HD-01_F_31.png\n'}
[0.662455] (nav_bot) StdoutLine: {'line': b'-- Up-to-date symlink: /home/rohan/cobotx/install/nav_bot/share/nav_bot/worlds/meshes/nxt_racks/qr_output/HD-01_F_32.png\n'}
[0.662591] (nav_bot) StdoutLine: {'line': b'-- Up-to-date symlink: /home/rohan/cobotx/install/nav_bot/share/nav_bot/worlds/meshes/nxt_racks/qr_output/HD-01_F_33.png\n'}
[0.662725] (nav_bot) StdoutLine: {'line': b'-- Up-to-date symlink: /home/rohan/cobotx/install/nav_bot/share/nav_bot/worlds/meshes/nxt_racks/qr_output/HD-01_F_34.png\n'}
[0.662859] (nav_bot) StdoutLine: {'line': b'-- Up-to-date symlink: /home/rohan/cobotx/install/nav_bot/share/nav_bot/worlds/meshes/nxt_racks/qr_output/HD-01_F_35.png\n'}
[0.663001] (nav_bot) StdoutLine: {'line': b'-- Up-to-date symlink: /home/rohan/cobotx/install/nav_bot/share/nav_bot/worlds/meshes/nxt_racks/qr_output/HD-01_F_36.png\n'}
[0.663131] (nav_bot) StdoutLine: {'line': b'-- Up-to-date symlink: /home/rohan/cobotx/install/nav_bot/share/nav_bot/worlds/meshes/nxt_racks/qr_output/HD-01_F_37.png\n'}
[0.663275] (nav_bot) StdoutLine: {'line': b'-- Up-to-date symlink: /home/rohan/cobotx/install/nav_bot/share/nav_bot/worlds/meshes/nxt_racks/qr_output/HD-01_F_38.png\n'}
[0.663407] (nav_bot) StdoutLine: {'line': b'-- Up-to-date symlink: /home/rohan/cobotx/install/nav_bot/share/nav_bot/worlds/meshes/nxt_racks/qr_output/HD-01_G_01.png\n'}
[0.663539] (nav_bot) StdoutLine: {'line': b'-- Up-to-date symlink: /home/rohan/cobotx/install/nav_bot/share/nav_bot/worlds/meshes/nxt_racks/qr_output/HD-01_G_02.png\n'}
[0.663663] (nav_bot) StdoutLine: {'line': b'-- Up-to-date symlink: /home/rohan/cobotx/install/nav_bot/share/nav_bot/worlds/meshes/nxt_racks/qr_output/HD-01_G_03.png\n'}
[0.663791] (nav_bot) StdoutLine: {'line': b'-- Up-to-date symlink: /home/rohan/cobotx/install/nav_bot/share/nav_bot/worlds/meshes/nxt_racks/qr_output/HD-01_G_04.png\n'}
[0.663928] (nav_bot) StdoutLine: {'line': b'-- Up-to-date symlink: /home/rohan/cobotx/install/nav_bot/share/nav_bot/worlds/meshes/nxt_racks/qr_output/HD-01_G_05.png\n'}
[0.664068] (nav_bot) StdoutLine: {'line': b'-- Up-to-date symlink: /home/rohan/cobotx/install/nav_bot/share/nav_bot/worlds/meshes/nxt_racks/qr_output/HD-01_G_06.png\n'}
[0.664203] (nav_bot) StdoutLine: {'line': b'-- Up-to-date symlink: /home/rohan/cobotx/install/nav_bot/share/nav_bot/worlds/meshes/nxt_racks/qr_output/HD-01_G_07.png\n'}
[0.664344] (nav_bot) StdoutLine: {'line': b'-- Up-to-date symlink: /home/rohan/cobotx/install/nav_bot/share/nav_bot/worlds/meshes/nxt_racks/qr_output/HD-01_G_08.png\n'}
[0.664485] (nav_bot) StdoutLine: {'line': b'-- Up-to-date symlink: /home/rohan/cobotx/install/nav_bot/share/nav_bot/worlds/meshes/nxt_racks/qr_output/HD-01_G_09.png\n'}
[0.664625] (nav_bot) StdoutLine: {'line': b'-- Up-to-date symlink: /home/rohan/cobotx/install/nav_bot/share/nav_bot/worlds/meshes/nxt_racks/qr_output/HD-01_G_10.png\n'}
[0.664765] (nav_bot) StdoutLine: {'line': b'-- Up-to-date symlink: /home/rohan/cobotx/install/nav_bot/share/nav_bot/worlds/meshes/nxt_racks/qr_output/HD-01_G_11.png\n'}
[0.664915] (nav_bot) StdoutLine: {'line': b'-- Up-to-date symlink: /home/rohan/cobotx/install/nav_bot/share/nav_bot/worlds/meshes/nxt_racks/qr_output/HD-01_G_12.png\n'}
[0.665057] (nav_bot) StdoutLine: {'line': b'-- Up-to-date symlink: /home/rohan/cobotx/install/nav_bot/share/nav_bot/worlds/meshes/nxt_racks/qr_output/HD-01_G_13.png\n'}
[0.665196] (nav_bot) StdoutLine: {'line': b'-- Up-to-date symlink: /home/rohan/cobotx/install/nav_bot/share/nav_bot/worlds/meshes/nxt_racks/qr_output/HD-01_G_14.png\n'}
[0.665337] (nav_bot) StdoutLine: {'line': b'-- Up-to-date symlink: /home/rohan/cobotx/install/nav_bot/share/nav_bot/worlds/meshes/nxt_racks/qr_output/HD-01_G_15.png\n'}
[0.665471] (nav_bot) StdoutLine: {'line': b'-- Up-to-date symlink: /home/rohan/cobotx/install/nav_bot/share/nav_bot/worlds/meshes/nxt_racks/qr_output/HD-01_G_16.png\n'}
[0.665607] (nav_bot) StdoutLine: {'line': b'-- Up-to-date symlink: /home/rohan/cobotx/install/nav_bot/share/nav_bot/worlds/meshes/nxt_racks/qr_output/HD-01_G_17.png\n'}
[0.665741] (nav_bot) StdoutLine: {'line': b'-- Up-to-date symlink: /home/rohan/cobotx/install/nav_bot/share/nav_bot/worlds/meshes/nxt_racks/qr_output/HD-01_G_18.png\n'}
[0.665898] (nav_bot) StdoutLine: {'line': b'-- Up-to-date symlink: /home/rohan/cobotx/install/nav_bot/share/nav_bot/worlds/meshes/nxt_racks/qr_output/HD-01_G_19.png\n'}
[0.666019] (nav_bot) StdoutLine: {'line': b'-- Up-to-date symlink: /home/rohan/cobotx/install/nav_bot/share/nav_bot/worlds/meshes/nxt_racks/qr_output/HD-01_G_20.png\n'}
[0.666160] (nav_bot) StdoutLine: {'line': b'-- Up-to-date symlink: /home/rohan/cobotx/install/nav_bot/share/nav_bot/worlds/meshes/nxt_racks/qr_output/HD-01_G_21.png\n'}
[0.666278] (nav_bot) StdoutLine: {'line': b'-- Up-to-date symlink: /home/rohan/cobotx/install/nav_bot/share/nav_bot/worlds/meshes/nxt_racks/qr_output/HD-01_G_22.png\n'}
[0.666403] (nav_bot) StdoutLine: {'line': b'-- Up-to-date symlink: /home/rohan/cobotx/install/nav_bot/share/nav_bot/worlds/meshes/nxt_racks/qr_output/HD-01_G_23.png\n'}
[0.666535] (nav_bot) StdoutLine: {'line': b'-- Up-to-date symlink: /home/rohan/cobotx/install/nav_bot/share/nav_bot/worlds/meshes/nxt_racks/qr_output/HD-01_G_24.png\n'}
[0.666667] (nav_bot) StdoutLine: {'line': b'-- Up-to-date symlink: /home/rohan/cobotx/install/nav_bot/share/nav_bot/worlds/meshes/nxt_racks/qr_output/HD-01_G_25.png\n'}
[0.666794] (nav_bot) StdoutLine: {'line': b'-- Up-to-date symlink: /home/rohan/cobotx/install/nav_bot/share/nav_bot/worlds/meshes/nxt_racks/qr_output/HD-01_G_26.png\n'}
[0.666971] (nav_bot) StdoutLine: {'line': b'-- Up-to-date symlink: /home/rohan/cobotx/install/nav_bot/share/nav_bot/worlds/meshes/nxt_racks/qr_output/HD-01_G_27.png\n'}
[0.667157] (nav_bot) StdoutLine: {'line': b'-- Up-to-date symlink: /home/rohan/cobotx/install/nav_bot/share/nav_bot/worlds/meshes/nxt_racks/qr_output/HD-01_G_28.png\n'}
[0.667317] (nav_bot) StdoutLine: {'line': b'-- Up-to-date symlink: /home/rohan/cobotx/install/nav_bot/share/nav_bot/worlds/meshes/nxt_racks/qr_output/HD-01_G_29.png\n'}
[0.667473] (nav_bot) StdoutLine: {'line': b'-- Up-to-date symlink: /home/rohan/cobotx/install/nav_bot/share/nav_bot/worlds/meshes/nxt_racks/qr_output/HD-01_G_30.png\n'}
[0.667638] (nav_bot) StdoutLine: {'line': b'-- Up-to-date symlink: /home/rohan/cobotx/install/nav_bot/share/nav_bot/worlds/meshes/nxt_racks/qr_output/HD-01_G_31.png\n'}
[0.667795] (nav_bot) StdoutLine: {'line': b'-- Up-to-date symlink: /home/rohan/cobotx/install/nav_bot/share/nav_bot/worlds/meshes/nxt_racks/qr_output/HD-01_G_32.png\n'}
[0.667957] (nav_bot) StdoutLine: {'line': b'-- Up-to-date symlink: /home/rohan/cobotx/install/nav_bot/share/nav_bot/worlds/meshes/nxt_racks/qr_output/HD-01_G_33.png\n'}
[0.668113] (nav_bot) StdoutLine: {'line': b'-- Up-to-date symlink: /home/rohan/cobotx/install/nav_bot/share/nav_bot/worlds/meshes/nxt_racks/qr_output/HD-01_G_34.png\n'}
[0.668266] (nav_bot) StdoutLine: {'line': b'-- Up-to-date symlink: /home/rohan/cobotx/install/nav_bot/share/nav_bot/worlds/meshes/nxt_racks/qr_output/HD-01_G_35.png\n'}
[0.668416] (nav_bot) StdoutLine: {'line': b'-- Up-to-date symlink: /home/rohan/cobotx/install/nav_bot/share/nav_bot/worlds/meshes/nxt_racks/qr_output/HD-01_G_36.png\n'}
[0.668565] (nav_bot) StdoutLine: {'line': b'-- Up-to-date symlink: /home/rohan/cobotx/install/nav_bot/share/nav_bot/worlds/meshes/nxt_racks/qr_output/HD-01_G_37.png\n'}
[0.668716] (nav_bot) StdoutLine: {'line': b'-- Up-to-date symlink: /home/rohan/cobotx/install/nav_bot/share/nav_bot/worlds/meshes/nxt_racks/qr_output/HD-01_G_38.png\n'}
[0.668869] (nav_bot) StdoutLine: {'line': b'-- Up-to-date symlink: /home/rohan/cobotx/install/nav_bot/share/nav_bot/worlds/meshes/nxt_racks/rack.dae\n'}
[0.669016] (nav_bot) StdoutLine: {'line': b'-- Up-to-date symlink: /home/rohan/cobotx/install/nav_bot/share/nav_bot/worlds/meshes/nxt_racks/right.png\n'}
[0.669493] (nav_bot) StdoutLine: {'line': b'-- Up-to-date symlink: /home/rohan/cobotx/install/nav_bot/share/nav_bot/worlds/obstacle_world.sdf\n'}
[0.669599] (nav_bot) StdoutLine: {'line': b'-- Up-to-date symlink: /home/rohan/cobotx/install/nav_bot/share/nav_bot/worlds/warehouse.sdf\n'}
[0.669705] (nav_bot) StdoutLine: {'line': b'-- Up-to-date symlink: /home/rohan/cobotx/install/nav_bot/share/nav_bot/worlds/warehouse_1.sdf\n'}
[0.669816] (nav_bot) StdoutLine: {'line': b'-- Up-to-date symlink: /home/rohan/cobotx/install/nav_bot/share/nav_bot/worlds/world.sdf\n'}
[0.670095] (nav_bot) StdoutLine: {'line': b'-- Up-to-date symlink: /home/rohan/cobotx/install/nav_bot/share/nav_bot/environment/pythonpath.sh\n'}
[0.670278] (nav_bot) StdoutLine: {'line': b'-- Up-to-date symlink: /home/rohan/cobotx/install/nav_bot/share/nav_bot/environment/pythonpath.dsv\n'}
[0.670550] (nav_bot) StdoutLine: {'line': b'-- Up-to-date symlink: /home/rohan/cobotx/install/nav_bot/local/lib/python3.10/dist-packages/scripts-0.0.0-py3.10.egg-info/PKG-INFO\n'}
[0.670706] (nav_bot) StdoutLine: {'line': b'-- Up-to-date symlink: /home/rohan/cobotx/install/nav_bot/local/lib/python3.10/dist-packages/scripts-0.0.0-py3.10.egg-info/SOURCES.txt\n'}
[0.670861] (nav_bot) StdoutLine: {'line': b'-- Up-to-date symlink: /home/rohan/cobotx/install/nav_bot/local/lib/python3.10/dist-packages/scripts-0.0.0-py3.10.egg-info/dependency_links.txt\n'}
[0.671030] (nav_bot) StdoutLine: {'line': b'-- Up-to-date symlink: /home/rohan/cobotx/install/nav_bot/local/lib/python3.10/dist-packages/scripts-0.0.0-py3.10.egg-info/top_level.txt\n'}
[0.671345] (nav_bot) StdoutLine: {'line': b'-- Up-to-date symlink: /home/rohan/cobotx/install/nav_bot/local/lib/python3.10/dist-packages/scripts/__init__.py\n'}
[0.671511] (nav_bot) StdoutLine: {'line': b'-- Up-to-date symlink: /home/rohan/cobotx/install/nav_bot/local/lib/python3.10/dist-packages/scripts/multi_robot_teleop.py\n'}
[0.671621] (nav_bot) StdoutLine: {'line': b'-- Up-to-date symlink: /home/rohan/cobotx/install/nav_bot/local/lib/python3.10/dist-packages/scripts/object_detection.py\n'}
[0.671727] (nav_bot) StdoutLine: {'line': b'-- Up-to-date symlink: /home/rohan/cobotx/install/nav_bot/local/lib/python3.10/dist-packages/scripts/utils.py\n'}
[0.671903] (nav_bot) StdoutLine: {'line': b'-- Up-to-date symlink: /home/rohan/cobotx/install/nav_bot/lib/nav_bot/multi_robot_teleop.py\n'}
[0.672006] (nav_bot) StdoutLine: {'line': b'-- Up-to-date symlink: /home/rohan/cobotx/install/nav_bot/lib/nav_bot/object_detection.py\n'}
[0.672157] (nav_bot) StdoutLine: {'line': b'-- Up-to-date symlink: /home/rohan/cobotx/install/nav_bot/share/ament_index/resource_index/package_run_dependencies/nav_bot\n'}
[0.672346] (nav_bot) StdoutLine: {'line': b'-- Up-to-date symlink: /home/rohan/cobotx/install/nav_bot/share/ament_index/resource_index/parent_prefix_path/nav_bot\n'}
[0.672526] (nav_bot) StdoutLine: {'line': b'-- Up-to-date symlink: /home/rohan/cobotx/install/nav_bot/share/nav_bot/environment/ament_prefix_path.sh\n'}
[0.672695] (nav_bot) StdoutLine: {'line': b'-- Up-to-date symlink: /home/rohan/cobotx/install/nav_bot/share/nav_bot/environment/ament_prefix_path.dsv\n'}
[0.672879] (nav_bot) StdoutLine: {'line': b'-- Up-to-date symlink: /home/rohan/cobotx/install/nav_bot/share/nav_bot/environment/path.sh\n'}
[0.673045] (nav_bot) StdoutLine: {'line': b'-- Up-to-date symlink: /home/rohan/cobotx/install/nav_bot/share/nav_bot/environment/path.dsv\n'}
[0.673208] (nav_bot) StdoutLine: {'line': b'-- Up-to-date symlink: /home/rohan/cobotx/install/nav_bot/share/nav_bot/local_setup.bash\n'}
[0.673378] (nav_bot) StdoutLine: {'line': b'-- Up-to-date symlink: /home/rohan/cobotx/install/nav_bot/share/nav_bot/local_setup.sh\n'}
[0.673548] (nav_bot) StdoutLine: {'line': b'-- Up-to-date symlink: /home/rohan/cobotx/install/nav_bot/share/nav_bot/local_setup.zsh\n'}
[0.673712] (nav_bot) StdoutLine: {'line': b'-- Up-to-date symlink: /home/rohan/cobotx/install/nav_bot/share/nav_bot/local_setup.dsv\n'}
[0.673804] (nav_bot) StdoutLine: {'line': b'-- Symlinking: /home/rohan/cobotx/install/nav_bot/share/nav_bot/package.dsv\n'}
[0.684206] (nav_bot) StdoutLine: {'line': b'-- Up-to-date symlink: /home/rohan/cobotx/install/nav_bot/share/ament_index/resource_index/packages/nav_bot\n'}
[0.684383] (nav_bot) StdoutLine: {'line': b'-- Up-to-date symlink: /home/rohan/cobotx/install/nav_bot/share/nav_bot/cmake/nav_botConfig.cmake\n'}
[0.684489] (nav_bot) StdoutLine: {'line': b'-- Up-to-date symlink: /home/rohan/cobotx/install/nav_bot/share/nav_bot/cmake/nav_botConfig-version.cmake\n'}
[0.684631] (nav_bot) StdoutLine: {'line': b'-- Up-to-date symlink: /home/rohan/cobotx/install/nav_bot/share/nav_bot/package.xml\n'}
[0.700656] (-) TimerEvent: {}
[0.717215] (nav_bot) StdoutLine: {'line': b"Listing '/home/rohan/cobotx/install/nav_bot/local/lib/python3.10/dist-packages/scripts'...\n"}
[0.717369] (nav_bot) StdoutLine: {'line': b"Compiling '/home/rohan/cobotx/install/nav_bot/local/lib/python3.10/dist-packages/scripts/object_detection.py'...\n"}
[0.723473] (nav_bot) CommandEnded: {'returncode': 0}
[0.753998] (nav_bot) JobEnded: {'identifier': 'nav_bot', 'rc': 0}
[0.754523] (-) EventReactorShutdown: {}
