[0.020s] Invoking command in '/home/rohan/cobotx/build/nav_bot': CMAKE_PREFIX_PATH=/opt/ros/humble /usr/bin/cmake /home/rohan/cobotx/src/nav_bot -DCMAKE_INSTALL_PREFIX=/home/rohan/cobotx/install/nav_bot
[0.063s] -- Found ament_cmake: 1.3.13 (/opt/ros/humble/share/ament_cmake/cmake)
[0.256s] -- Override CMake install command with custom implementation using symlinks instead of copying resources
[0.288s] -- Found rclpy: 3.3.20 (/opt/ros/humble/share/rclpy/cmake)
[0.290s] -- Found sensor_msgs: 4.9.1 (/opt/ros/humble/share/sensor_msgs/cmake)
[0.349s] -- Found rosidl_generator_c: 3.1.8 (/opt/ros/humble/share/rosidl_generator_c/cmake)
[0.355s] -- Found rosidl_adapter: 3.1.8 (/opt/ros/humble/share/rosidl_adapter/cmake)
[0.368s] -- Found rosidl_generator_cpp: 3.1.8 (/opt/ros/humble/share/rosidl_generator_cpp/cmake)
[0.386s] -- Using all available rosidl_typesupport_c: rosidl_typesupport_fastrtps_c;rosidl_typesupport_introspection_c
[0.409s] -- Using all available rosidl_typesupport_cpp: rosidl_typesupport_fastrtps_cpp;rosidl_typesupport_introspection_cpp
[0.497s] -- Found vision_msgs: 4.1.1 (/opt/ros/humble/share/vision_msgs/cmake)
[0.522s] -- Found cv_bridge: 3.2.1 (/opt/ros/humble/share/cv_bridge/cmake)
[0.536s] -- Found ament_lint_auto: 0.12.15 (/opt/ros/humble/share/ament_lint_auto/cmake)
[0.648s] -- Added test 'copyright' to check source files copyright and LICENSE
[0.818s] -- Added test 'cppcheck' to perform static code analysis on C / C++ code
[0.818s] -- Configured cppcheck include dirs: 
[0.818s] -- Configured cppcheck exclude dirs and/or files: 
[0.984s] -- Added test 'cpplint' to check C / C++ code against the Google style
[0.984s] -- Configured cpplint exclude dirs and/or files: 
[1.014s] -- Added test 'flake8' to check Python code syntax and style conventions
[1.056s] -- Added test 'lint_cmake' to check CMake code style
[1.078s] -- Added test 'pep257' to check Python code against some of the docstring style conventions in PEP 257
[1.243s] -- Added test 'uncrustify' to check C / C++ code style
[1.243s] -- Configured uncrustify additional arguments: 
[1.272s] -- Added test 'xmllint' to check XML markup files
[1.275s] -- Configuring done
[1.283s] -- Generating done
[1.287s] -- Build files have been written to: /home/rohan/cobotx/build/nav_bot
[1.298s] Invoked command in '/home/rohan/cobotx/build/nav_bot' returned '0': CMAKE_PREFIX_PATH=/opt/ros/humble /usr/bin/cmake /home/rohan/cobotx/src/nav_bot -DCMAKE_INSTALL_PREFIX=/home/rohan/cobotx/install/nav_bot
[1.301s] Invoking command in '/home/rohan/cobotx/build/nav_bot': CMAKE_PREFIX_PATH=/opt/ros/humble /usr/bin/cmake --build /home/rohan/cobotx/build/nav_bot -- -j16 -l16
[1.386s] Built target ament_cmake_python_symlink_scripts
[1.777s] running egg_info
[1.778s] writing scripts.egg-info/PKG-INFO
[1.778s] writing dependency_links to scripts.egg-info/dependency_links.txt
[1.778s] writing top-level names to scripts.egg-info/top_level.txt
[1.782s] reading manifest file 'scripts.egg-info/SOURCES.txt'
[1.782s] writing manifest file 'scripts.egg-info/SOURCES.txt'
[1.817s] Built target ament_cmake_python_build_scripts_egg
[1.835s] Invoked command in '/home/rohan/cobotx/build/nav_bot' returned '0': CMAKE_PREFIX_PATH=/opt/ros/humble /usr/bin/cmake --build /home/rohan/cobotx/build/nav_bot -- -j16 -l16
[1.852s] Invoking command in '/home/rohan/cobotx/build/nav_bot': CMAKE_PREFIX_PATH=/opt/ros/humble /usr/bin/cmake --install /home/rohan/cobotx/build/nav_bot
[1.860s] -- Install configuration: ""
[1.861s] -- Execute custom install script
[1.861s] -- Up-to-date symlink: /home/rohan/cobotx/install/nav_bot/share/nav_bot/config/config.rviz
[1.862s] -- Up-to-date symlink: /home/rohan/cobotx/install/nav_bot/share/nav_bot/config/drive_bot.rviz
[1.862s] -- Up-to-date symlink: /home/rohan/cobotx/install/nav_bot/share/nav_bot/config/gz_bridge.yaml
[1.862s] -- Up-to-date symlink: /home/rohan/cobotx/install/nav_bot/share/nav_bot/config/joystick.yaml
[1.862s] -- Up-to-date symlink: /home/rohan/cobotx/install/nav_bot/share/nav_bot/config/mapper_params_online_async.yaml
[1.862s] -- Up-to-date symlink: /home/rohan/cobotx/install/nav_bot/share/nav_bot/config/multi_bot_config.rviz
[1.863s] -- Up-to-date symlink: /home/rohan/cobotx/install/nav_bot/share/nav_bot/config/my_controllers.yaml
[1.863s] -- Up-to-date symlink: /home/rohan/cobotx/install/nav_bot/share/nav_bot/config/nav2_params.yaml
[1.863s] -- Up-to-date symlink: /home/rohan/cobotx/install/nav_bot/share/nav_bot/config/nav2_params1.yaml
[1.863s] -- Up-to-date symlink: /home/rohan/cobotx/install/nav_bot/share/nav_bot/config/robots.yaml
[1.864s] -- Up-to-date symlink: /home/rohan/cobotx/install/nav_bot/share/nav_bot/config/slam_toolbox.yaml
[1.864s] -- Up-to-date symlink: /home/rohan/cobotx/install/nav_bot/share/nav_bot/config/twist_mux.yaml
[1.864s] -- Up-to-date symlink: /home/rohan/cobotx/install/nav_bot/share/nav_bot/description/bot.urdf.xacro
[1.864s] -- Up-to-date symlink: /home/rohan/cobotx/install/nav_bot/share/nav_bot/description/bot_core.xacro
[1.865s] -- Up-to-date symlink: /home/rohan/cobotx/install/nav_bot/share/nav_bot/description/camera.xacro
[1.865s] -- Up-to-date symlink: /home/rohan/cobotx/install/nav_bot/share/nav_bot/description/depth_camera.xacro
[1.865s] -- Up-to-date symlink: /home/rohan/cobotx/install/nav_bot/share/nav_bot/description/gazebo_control.xacro
[1.865s] -- Up-to-date symlink: /home/rohan/cobotx/install/nav_bot/share/nav_bot/description/gz_control.xacro
[1.865s] -- Up-to-date symlink: /home/rohan/cobotx/install/nav_bot/share/nav_bot/description/inertial_macros.xacro
[1.866s] -- Up-to-date symlink: /home/rohan/cobotx/install/nav_bot/share/nav_bot/description/lidar.xacro
[1.866s] -- Up-to-date symlink: /home/rohan/cobotx/install/nav_bot/share/nav_bot/description/multi_camera.xacro
[1.866s] -- Up-to-date symlink: /home/rohan/cobotx/install/nav_bot/share/nav_bot/description/multi_lidar.xacro
[1.866s] -- Up-to-date symlink: /home/rohan/cobotx/install/nav_bot/share/nav_bot/description/robot.urdf.xacro
[1.866s] -- Up-to-date symlink: /home/rohan/cobotx/install/nav_bot/share/nav_bot/description/robot_core.xacro
[1.867s] -- Up-to-date symlink: /home/rohan/cobotx/install/nav_bot/share/nav_bot/description/ros2_control.xacro
[1.867s] -- Up-to-date symlink: /home/rohan/cobotx/install/nav_bot/share/nav_bot/launch/joystick.launch.py
[1.867s] -- Up-to-date symlink: /home/rohan/cobotx/install/nav_bot/share/nav_bot/launch/launch_sim.launch.py
[1.867s] -- Up-to-date symlink: /home/rohan/cobotx/install/nav_bot/share/nav_bot/launch/localization_launch.py
[1.868s] -- Up-to-date symlink: /home/rohan/cobotx/install/nav_bot/share/nav_bot/launch/multi_robot_main.launch.py
[1.868s] -- Up-to-date symlink: /home/rohan/cobotx/install/nav_bot/share/nav_bot/launch/navigation_launch.py
[1.868s] -- Up-to-date symlink: /home/rohan/cobotx/install/nav_bot/share/nav_bot/launch/rsp.launch.py
[1.868s] -- Up-to-date symlink: /home/rohan/cobotx/install/nav_bot/share/nav_bot/launch/spawn_robot.launch.py
[1.869s] -- Up-to-date symlink: /home/rohan/cobotx/install/nav_bot/share/nav_bot/launch/start.launch.py
[1.882s] -- Up-to-date symlink: /home/rohan/cobotx/install/nav_bot/share/nav_bot/worlds/empty_world.sdf
[1.882s] -- Up-to-date symlink: /home/rohan/cobotx/install/nav_bot/share/nav_bot/worlds/meshes/nxt_racks/Asphalt010_1K_Color.jpg
[1.883s] -- Up-to-date symlink: /home/rohan/cobotx/install/nav_bot/share/nav_bot/worlds/meshes/nxt_racks/BTS00068631.png
[1.883s] -- Up-to-date symlink: /home/rohan/cobotx/install/nav_bot/share/nav_bot/worlds/meshes/nxt_racks/BTS00068631.png.001.png
[1.883s] -- Up-to-date symlink: /home/rohan/cobotx/install/nav_bot/share/nav_bot/worlds/meshes/nxt_racks/BTS00068631.png.002.png
[1.883s] -- Up-to-date symlink: /home/rohan/cobotx/install/nav_bot/share/nav_bot/worlds/meshes/nxt_racks/BTS00068631.png.003.png
[1.883s] -- Up-to-date symlink: /home/rohan/cobotx/install/nav_bot/share/nav_bot/worlds/meshes/nxt_racks/BTS00068631.png.004.png
[1.883s] -- Up-to-date symlink: /home/rohan/cobotx/install/nav_bot/share/nav_bot/worlds/meshes/nxt_racks/BTS00068631.png.005.png
[1.883s] -- Up-to-date symlink: /home/rohan/cobotx/install/nav_bot/share/nav_bot/worlds/meshes/nxt_racks/BTS00068631.png.006.png
[1.884s] -- Up-to-date symlink: /home/rohan/cobotx/install/nav_bot/share/nav_bot/worlds/meshes/nxt_racks/BTS00068631.png.007.png
[1.884s] -- Up-to-date symlink: /home/rohan/cobotx/install/nav_bot/share/nav_bot/worlds/meshes/nxt_racks/BTS00068631.png.008.png
[1.884s] -- Up-to-date symlink: /home/rohan/cobotx/install/nav_bot/share/nav_bot/worlds/meshes/nxt_racks/BTS00068631.png.009.png
[1.884s] -- Up-to-date symlink: /home/rohan/cobotx/install/nav_bot/share/nav_bot/worlds/meshes/nxt_racks/BTS00068631.png.010.png
[1.884s] -- Up-to-date symlink: /home/rohan/cobotx/install/nav_bot/share/nav_bot/worlds/meshes/nxt_racks/BTS00068631.png.011.png
[1.885s] -- Up-to-date symlink: /home/rohan/cobotx/install/nav_bot/share/nav_bot/worlds/meshes/nxt_racks/BTS00068631.png.012.png
[1.885s] -- Up-to-date symlink: /home/rohan/cobotx/install/nav_bot/share/nav_bot/worlds/meshes/nxt_racks/BTS00068631.png.013.png
[1.885s] -- Up-to-date symlink: /home/rohan/cobotx/install/nav_bot/share/nav_bot/worlds/meshes/nxt_racks/BTS00068631.png.014.png
[1.885s] -- Up-to-date symlink: /home/rohan/cobotx/install/nav_bot/share/nav_bot/worlds/meshes/nxt_racks/BTS00068631.png.015.png
[1.885s] -- Up-to-date symlink: /home/rohan/cobotx/install/nav_bot/share/nav_bot/worlds/meshes/nxt_racks/BTS00068631.png.016.png
[1.886s] -- Up-to-date symlink: /home/rohan/cobotx/install/nav_bot/share/nav_bot/worlds/meshes/nxt_racks/BTS00068631.png.017.png
[1.886s] -- Up-to-date symlink: /home/rohan/cobotx/install/nav_bot/share/nav_bot/worlds/meshes/nxt_racks/BTS00068631.png.018.png
[1.886s] -- Up-to-date symlink: /home/rohan/cobotx/install/nav_bot/share/nav_bot/worlds/meshes/nxt_racks/BTS00068631.png.019.png
[1.886s] -- Up-to-date symlink: /home/rohan/cobotx/install/nav_bot/share/nav_bot/worlds/meshes/nxt_racks/BTS00068631.png.020.png
[1.887s] -- Up-to-date symlink: /home/rohan/cobotx/install/nav_bot/share/nav_bot/worlds/meshes/nxt_racks/BTS00068631.png.021.png
[1.887s] -- Up-to-date symlink: /home/rohan/cobotx/install/nav_bot/share/nav_bot/worlds/meshes/nxt_racks/BTS00068631.png.022.png
[1.887s] -- Up-to-date symlink: /home/rohan/cobotx/install/nav_bot/share/nav_bot/worlds/meshes/nxt_racks/BTS00068631.png.023.png
[1.887s] -- Up-to-date symlink: /home/rohan/cobotx/install/nav_bot/share/nav_bot/worlds/meshes/nxt_racks/BTS00068631.png.024.png
[1.887s] -- Up-to-date symlink: /home/rohan/cobotx/install/nav_bot/share/nav_bot/worlds/meshes/nxt_racks/BTS00068631.png.025.png
[1.888s] -- Up-to-date symlink: /home/rohan/cobotx/install/nav_bot/share/nav_bot/worlds/meshes/nxt_racks/BTS00068631.png.026.png
[1.888s] -- Up-to-date symlink: /home/rohan/cobotx/install/nav_bot/share/nav_bot/worlds/meshes/nxt_racks/BTS00068631.png.027.png
[1.888s] -- Up-to-date symlink: /home/rohan/cobotx/install/nav_bot/share/nav_bot/worlds/meshes/nxt_racks/BTS00068631.png.028.png
[1.888s] -- Up-to-date symlink: /home/rohan/cobotx/install/nav_bot/share/nav_bot/worlds/meshes/nxt_racks/BTS00068631.png.029.png
[1.889s] -- Up-to-date symlink: /home/rohan/cobotx/install/nav_bot/share/nav_bot/worlds/meshes/nxt_racks/BTS00068631.png.030.png
[1.889s] -- Up-to-date symlink: /home/rohan/cobotx/install/nav_bot/share/nav_bot/worlds/meshes/nxt_racks/BTS00068631.png.031.png
[1.889s] -- Up-to-date symlink: /home/rohan/cobotx/install/nav_bot/share/nav_bot/worlds/meshes/nxt_racks/BTS00068631.png.032.png
[1.889s] -- Up-to-date symlink: /home/rohan/cobotx/install/nav_bot/share/nav_bot/worlds/meshes/nxt_racks/BTS00068631.png.033.png
[1.889s] -- Up-to-date symlink: /home/rohan/cobotx/install/nav_bot/share/nav_bot/worlds/meshes/nxt_racks/BTS00068631.png.034.png
[1.890s] -- Up-to-date symlink: /home/rohan/cobotx/install/nav_bot/share/nav_bot/worlds/meshes/nxt_racks/BTS00068631.png.035.png
[1.890s] -- Up-to-date symlink: /home/rohan/cobotx/install/nav_bot/share/nav_bot/worlds/meshes/nxt_racks/BTS00068631.png.036.png
[1.890s] -- Up-to-date symlink: /home/rohan/cobotx/install/nav_bot/share/nav_bot/worlds/meshes/nxt_racks/BTS00068631.png.037.png
[1.890s] -- Up-to-date symlink: /home/rohan/cobotx/install/nav_bot/share/nav_bot/worlds/meshes/nxt_racks/BTS00068631.png.038.png
[1.891s] -- Up-to-date symlink: /home/rohan/cobotx/install/nav_bot/share/nav_bot/worlds/meshes/nxt_racks/BTS00068631.png.039.png
[1.891s] -- Up-to-date symlink: /home/rohan/cobotx/install/nav_bot/share/nav_bot/worlds/meshes/nxt_racks/BTS00068631.png.040.png
[1.891s] -- Up-to-date symlink: /home/rohan/cobotx/install/nav_bot/share/nav_bot/worlds/meshes/nxt_racks/BTS00068631.png.041.png
[1.891s] -- Up-to-date symlink: /home/rohan/cobotx/install/nav_bot/share/nav_bot/worlds/meshes/nxt_racks/BTS00068631.png.042.png
[1.891s] -- Up-to-date symlink: /home/rohan/cobotx/install/nav_bot/share/nav_bot/worlds/meshes/nxt_racks/BTS00068631.png.043.png
[1.892s] -- Up-to-date symlink: /home/rohan/cobotx/install/nav_bot/share/nav_bot/worlds/meshes/nxt_racks/BTS00068631.png.044.png
[1.892s] -- Up-to-date symlink: /home/rohan/cobotx/install/nav_bot/share/nav_bot/worlds/meshes/nxt_racks/BTS00068631.png.045.png
[1.892s] -- Up-to-date symlink: /home/rohan/cobotx/install/nav_bot/share/nav_bot/worlds/meshes/nxt_racks/BTS00068631.png.046.png
[1.892s] -- Up-to-date symlink: /home/rohan/cobotx/install/nav_bot/share/nav_bot/worlds/meshes/nxt_racks/BTS00068631.png.047.png
[1.893s] -- Up-to-date symlink: /home/rohan/cobotx/install/nav_bot/share/nav_bot/worlds/meshes/nxt_racks/BTS00068631.png.048.png
[1.893s] -- Up-to-date symlink: /home/rohan/cobotx/install/nav_bot/share/nav_bot/worlds/meshes/nxt_racks/BTS00068631.png.049.png
[1.893s] -- Up-to-date symlink: /home/rohan/cobotx/install/nav_bot/share/nav_bot/worlds/meshes/nxt_racks/BTS00068631.png.051.png
[1.893s] -- Up-to-date symlink: /home/rohan/cobotx/install/nav_bot/share/nav_bot/worlds/meshes/nxt_racks/BTS00068631.png.052.png
[1.893s] -- Up-to-date symlink: /home/rohan/cobotx/install/nav_bot/share/nav_bot/worlds/meshes/nxt_racks/BTS00068631.png.053.png
[1.894s] -- Up-to-date symlink: /home/rohan/cobotx/install/nav_bot/share/nav_bot/worlds/meshes/nxt_racks/BTS00068631.png.054.png
[1.894s] -- Up-to-date symlink: /home/rohan/cobotx/install/nav_bot/share/nav_bot/worlds/meshes/nxt_racks/BTS00068631.png.055.png
[1.894s] -- Up-to-date symlink: /home/rohan/cobotx/install/nav_bot/share/nav_bot/worlds/meshes/nxt_racks/BTS00068631.png.056.png
[1.894s] -- Up-to-date symlink: /home/rohan/cobotx/install/nav_bot/share/nav_bot/worlds/meshes/nxt_racks/BTS00068631.png.057.png
[1.895s] -- Up-to-date symlink: /home/rohan/cobotx/install/nav_bot/share/nav_bot/worlds/meshes/nxt_racks/BTS00068631.png.058.png
[1.895s] -- Up-to-date symlink: /home/rohan/cobotx/install/nav_bot/share/nav_bot/worlds/meshes/nxt_racks/BTS00068631.png.059.png
[1.895s] -- Up-to-date symlink: /home/rohan/cobotx/install/nav_bot/share/nav_bot/worlds/meshes/nxt_racks/BTS00068631.png.060.png
[1.895s] -- Up-to-date symlink: /home/rohan/cobotx/install/nav_bot/share/nav_bot/worlds/meshes/nxt_racks/BTS00068631.png.061.png
[1.895s] -- Up-to-date symlink: /home/rohan/cobotx/install/nav_bot/share/nav_bot/worlds/meshes/nxt_racks/BTS00068631.png.062.png
[1.896s] -- Up-to-date symlink: /home/rohan/cobotx/install/nav_bot/share/nav_bot/worlds/meshes/nxt_racks/BTS00068631.png.063.png
[1.896s] -- Up-to-date symlink: /home/rohan/cobotx/install/nav_bot/share/nav_bot/worlds/meshes/nxt_racks/BTS00068631.png.064.png
[1.896s] -- Up-to-date symlink: /home/rohan/cobotx/install/nav_bot/share/nav_bot/worlds/meshes/nxt_racks/BTS00068631.png.065.png
[1.896s] -- Up-to-date symlink: /home/rohan/cobotx/install/nav_bot/share/nav_bot/worlds/meshes/nxt_racks/BTS00068631.png.066.png
[1.896s] -- Up-to-date symlink: /home/rohan/cobotx/install/nav_bot/share/nav_bot/worlds/meshes/nxt_racks/BTS00068631.png.067.png
[1.897s] -- Up-to-date symlink: /home/rohan/cobotx/install/nav_bot/share/nav_bot/worlds/meshes/nxt_racks/BTS00068631.png.068.png
[1.897s] -- Up-to-date symlink: /home/rohan/cobotx/install/nav_bot/share/nav_bot/worlds/meshes/nxt_racks/BTS00068631.png.069.png
[1.897s] -- Up-to-date symlink: /home/rohan/cobotx/install/nav_bot/share/nav_bot/worlds/meshes/nxt_racks/BTS00068631.png.070.png
[1.897s] -- Up-to-date symlink: /home/rohan/cobotx/install/nav_bot/share/nav_bot/worlds/meshes/nxt_racks/BTS00068631.png.071.png
[1.898s] -- Up-to-date symlink: /home/rohan/cobotx/install/nav_bot/share/nav_bot/worlds/meshes/nxt_racks/BTS00068631.png.072.png
[1.898s] -- Up-to-date symlink: /home/rohan/cobotx/install/nav_bot/share/nav_bot/worlds/meshes/nxt_racks/BTS00068631.png.073.png
[1.898s] -- Up-to-date symlink: /home/rohan/cobotx/install/nav_bot/share/nav_bot/worlds/meshes/nxt_racks/BTS00068631.png.074.png
[1.898s] -- Up-to-date symlink: /home/rohan/cobotx/install/nav_bot/share/nav_bot/worlds/meshes/nxt_racks/BTS00068631.png.075.png
[1.898s] -- Up-to-date symlink: /home/rohan/cobotx/install/nav_bot/share/nav_bot/worlds/meshes/nxt_racks/BTS00068631.png.076.png
[1.899s] -- Up-to-date symlink: /home/rohan/cobotx/install/nav_bot/share/nav_bot/worlds/meshes/nxt_racks/BTS00068631.png.077.png
[1.899s] -- Up-to-date symlink: /home/rohan/cobotx/install/nav_bot/share/nav_bot/worlds/meshes/nxt_racks/BTS00068631.png.078.png
[1.899s] -- Up-to-date symlink: /home/rohan/cobotx/install/nav_bot/share/nav_bot/worlds/meshes/nxt_racks/BTS00068631.png.079.png
[1.899s] -- Up-to-date symlink: /home/rohan/cobotx/install/nav_bot/share/nav_bot/worlds/meshes/nxt_racks/BTS00068631.png.080.png
[1.899s] -- Up-to-date symlink: /home/rohan/cobotx/install/nav_bot/share/nav_bot/worlds/meshes/nxt_racks/BTS00068631.png.081.png
[1.899s] -- Up-to-date symlink: /home/rohan/cobotx/install/nav_bot/share/nav_bot/worlds/meshes/nxt_racks/BTS00068631.png.082.png
[1.899s] -- Up-to-date symlink: /home/rohan/cobotx/install/nav_bot/share/nav_bot/worlds/meshes/nxt_racks/BTS00068631.png.083.png
[1.900s] -- Up-to-date symlink: /home/rohan/cobotx/install/nav_bot/share/nav_bot/worlds/meshes/nxt_racks/BTS00068631.png.084.png
[1.900s] -- Up-to-date symlink: /home/rohan/cobotx/install/nav_bot/share/nav_bot/worlds/meshes/nxt_racks/BTS00068631.png.085.png
[1.900s] -- Up-to-date symlink: /home/rohan/cobotx/install/nav_bot/share/nav_bot/worlds/meshes/nxt_racks/BTS00068631.png.086.png
[1.900s] -- Up-to-date symlink: /home/rohan/cobotx/install/nav_bot/share/nav_bot/worlds/meshes/nxt_racks/BTS00068631.png.087.png
[1.900s] -- Up-to-date symlink: /home/rohan/cobotx/install/nav_bot/share/nav_bot/worlds/meshes/nxt_racks/BTS00068631.png.088.png
[1.900s] -- Up-to-date symlink: /home/rohan/cobotx/install/nav_bot/share/nav_bot/worlds/meshes/nxt_racks/BTS00068631.png.089.png
[1.900s] -- Up-to-date symlink: /home/rohan/cobotx/install/nav_bot/share/nav_bot/worlds/meshes/nxt_racks/BTS00068631.png.090.png
[1.901s] -- Up-to-date symlink: /home/rohan/cobotx/install/nav_bot/share/nav_bot/worlds/meshes/nxt_racks/BTS00068631.png.091.png
[1.901s] -- Up-to-date symlink: /home/rohan/cobotx/install/nav_bot/share/nav_bot/worlds/meshes/nxt_racks/BTS00068631.png.092.png
[1.901s] -- Up-to-date symlink: /home/rohan/cobotx/install/nav_bot/share/nav_bot/worlds/meshes/nxt_racks/BTS00068631.png.093.png
[1.901s] -- Up-to-date symlink: /home/rohan/cobotx/install/nav_bot/share/nav_bot/worlds/meshes/nxt_racks/BTS00068631.png.094.png
[1.901s] -- Up-to-date symlink: /home/rohan/cobotx/install/nav_bot/share/nav_bot/worlds/meshes/nxt_racks/BTS00068631.png.095.png
[1.901s] -- Up-to-date symlink: /home/rohan/cobotx/install/nav_bot/share/nav_bot/worlds/meshes/nxt_racks/BTS00068631.png.096.png
[1.901s] -- Up-to-date symlink: /home/rohan/cobotx/install/nav_bot/share/nav_bot/worlds/meshes/nxt_racks/BTS00068631.png.097.png
[1.901s] -- Up-to-date symlink: /home/rohan/cobotx/install/nav_bot/share/nav_bot/worlds/meshes/nxt_racks/BTS00068631.png.098.png
[1.901s] -- Up-to-date symlink: /home/rohan/cobotx/install/nav_bot/share/nav_bot/worlds/meshes/nxt_racks/BTS00068631.png.099.png
[1.902s] -- Up-to-date symlink: /home/rohan/cobotx/install/nav_bot/share/nav_bot/worlds/meshes/nxt_racks/BTS00068631.png.100.png
[1.902s] -- Up-to-date symlink: /home/rohan/cobotx/install/nav_bot/share/nav_bot/worlds/meshes/nxt_racks/BTS00068631.png.101.png
[1.902s] -- Up-to-date symlink: /home/rohan/cobotx/install/nav_bot/share/nav_bot/worlds/meshes/nxt_racks/BTS00068631.png.102.png
[1.902s] -- Up-to-date symlink: /home/rohan/cobotx/install/nav_bot/share/nav_bot/worlds/meshes/nxt_racks/BTS00068631.png.103.png
[1.902s] -- Up-to-date symlink: /home/rohan/cobotx/install/nav_bot/share/nav_bot/worlds/meshes/nxt_racks/BTS00068631.png.104.png
[1.902s] -- Up-to-date symlink: /home/rohan/cobotx/install/nav_bot/share/nav_bot/worlds/meshes/nxt_racks/BTS00068631.png.105.png
[1.902s] -- Up-to-date symlink: /home/rohan/cobotx/install/nav_bot/share/nav_bot/worlds/meshes/nxt_racks/BTS00068631.png.106.png
[1.903s] -- Up-to-date symlink: /home/rohan/cobotx/install/nav_bot/share/nav_bot/worlds/meshes/nxt_racks/BTS00068632.png
[1.903s] -- Up-to-date symlink: /home/rohan/cobotx/install/nav_bot/share/nav_bot/worlds/meshes/nxt_racks/BTS00068633.png
[1.903s] -- Up-to-date symlink: /home/rohan/cobotx/install/nav_bot/share/nav_bot/worlds/meshes/nxt_racks/BTS00068634.png
[1.903s] -- Up-to-date symlink: /home/rohan/cobotx/install/nav_bot/share/nav_bot/worlds/meshes/nxt_racks/BTS00068635.png
[1.903s] -- Up-to-date symlink: /home/rohan/cobotx/install/nav_bot/share/nav_bot/worlds/meshes/nxt_racks/BTS00068636.png
[1.903s] -- Up-to-date symlink: /home/rohan/cobotx/install/nav_bot/share/nav_bot/worlds/meshes/nxt_racks/BTS00068637.png
[1.903s] -- Up-to-date symlink: /home/rohan/cobotx/install/nav_bot/share/nav_bot/worlds/meshes/nxt_racks/BTS00068638.png
[1.904s] -- Up-to-date symlink: /home/rohan/cobotx/install/nav_bot/share/nav_bot/worlds/meshes/nxt_racks/BTS00068639.png
[1.904s] -- Up-to-date symlink: /home/rohan/cobotx/install/nav_bot/share/nav_bot/worlds/meshes/nxt_racks/BTS00068640.png
[1.904s] -- Up-to-date symlink: /home/rohan/cobotx/install/nav_bot/share/nav_bot/worlds/meshes/nxt_racks/BTS00068641.png
[1.904s] -- Up-to-date symlink: /home/rohan/cobotx/install/nav_bot/share/nav_bot/worlds/meshes/nxt_racks/BTS00068642.png
[1.904s] -- Up-to-date symlink: /home/rohan/cobotx/install/nav_bot/share/nav_bot/worlds/meshes/nxt_racks/BTS00068643.png
[1.904s] -- Up-to-date symlink: /home/rohan/cobotx/install/nav_bot/share/nav_bot/worlds/meshes/nxt_racks/BTS00068644.png
[1.904s] -- Up-to-date symlink: /home/rohan/cobotx/install/nav_bot/share/nav_bot/worlds/meshes/nxt_racks/BTS00068645.png
[1.905s] -- Up-to-date symlink: /home/rohan/cobotx/install/nav_bot/share/nav_bot/worlds/meshes/nxt_racks/BTS00068646.png
[1.905s] -- Up-to-date symlink: /home/rohan/cobotx/install/nav_bot/share/nav_bot/worlds/meshes/nxt_racks/BTS00068647.png
[1.905s] -- Up-to-date symlink: /home/rohan/cobotx/install/nav_bot/share/nav_bot/worlds/meshes/nxt_racks/BTS00068648.png
[1.905s] -- Up-to-date symlink: /home/rohan/cobotx/install/nav_bot/share/nav_bot/worlds/meshes/nxt_racks/BTS00068649.png
[1.905s] -- Up-to-date symlink: /home/rohan/cobotx/install/nav_bot/share/nav_bot/worlds/meshes/nxt_racks/BTS00068650.png
[1.905s] -- Up-to-date symlink: /home/rohan/cobotx/install/nav_bot/share/nav_bot/worlds/meshes/nxt_racks/BTS00068651.png
[1.905s] -- Up-to-date symlink: /home/rohan/cobotx/install/nav_bot/share/nav_bot/worlds/meshes/nxt_racks/BTS00068652.png
[1.906s] -- Up-to-date symlink: /home/rohan/cobotx/install/nav_bot/share/nav_bot/worlds/meshes/nxt_racks/BTS00068653.png
[1.906s] -- Up-to-date symlink: /home/rohan/cobotx/install/nav_bot/share/nav_bot/worlds/meshes/nxt_racks/BTS00068654.png
[1.906s] -- Up-to-date symlink: /home/rohan/cobotx/install/nav_bot/share/nav_bot/worlds/meshes/nxt_racks/BTS00068655.png
[1.906s] -- Up-to-date symlink: /home/rohan/cobotx/install/nav_bot/share/nav_bot/worlds/meshes/nxt_racks/BTS00068656.png
[1.906s] -- Up-to-date symlink: /home/rohan/cobotx/install/nav_bot/share/nav_bot/worlds/meshes/nxt_racks/BTS00068657.png
[1.906s] -- Up-to-date symlink: /home/rohan/cobotx/install/nav_bot/share/nav_bot/worlds/meshes/nxt_racks/BTS00068658.png
[1.906s] -- Up-to-date symlink: /home/rohan/cobotx/install/nav_bot/share/nav_bot/worlds/meshes/nxt_racks/BTS00068659.png
[1.906s] -- Up-to-date symlink: /home/rohan/cobotx/install/nav_bot/share/nav_bot/worlds/meshes/nxt_racks/BTS00068660.png
[1.907s] -- Up-to-date symlink: /home/rohan/cobotx/install/nav_bot/share/nav_bot/worlds/meshes/nxt_racks/BTS00068661.png
[1.907s] -- Up-to-date symlink: /home/rohan/cobotx/install/nav_bot/share/nav_bot/worlds/meshes/nxt_racks/BTS00068662.png
[1.907s] -- Up-to-date symlink: /home/rohan/cobotx/install/nav_bot/share/nav_bot/worlds/meshes/nxt_racks/BTS00068663.png
[1.907s] -- Up-to-date symlink: /home/rohan/cobotx/install/nav_bot/share/nav_bot/worlds/meshes/nxt_racks/BTS00068664.png
[1.907s] -- Up-to-date symlink: /home/rohan/cobotx/install/nav_bot/share/nav_bot/worlds/meshes/nxt_racks/BTS00068665.png
[1.907s] -- Up-to-date symlink: /home/rohan/cobotx/install/nav_bot/share/nav_bot/worlds/meshes/nxt_racks/BTS00068666.png
[1.907s] -- Up-to-date symlink: /home/rohan/cobotx/install/nav_bot/share/nav_bot/worlds/meshes/nxt_racks/BTS00068667.png
[1.908s] -- Up-to-date symlink: /home/rohan/cobotx/install/nav_bot/share/nav_bot/worlds/meshes/nxt_racks/BTS00068668.png.001.png
[1.908s] -- Up-to-date symlink: /home/rohan/cobotx/install/nav_bot/share/nav_bot/worlds/meshes/nxt_racks/BTS00068669.png.001.png
[1.908s] -- Up-to-date symlink: /home/rohan/cobotx/install/nav_bot/share/nav_bot/worlds/meshes/nxt_racks/BTS00068670.png.001.png
[1.908s] -- Up-to-date symlink: /home/rohan/cobotx/install/nav_bot/share/nav_bot/worlds/meshes/nxt_racks/BTS00068671.png
[1.908s] -- Up-to-date symlink: /home/rohan/cobotx/install/nav_bot/share/nav_bot/worlds/meshes/nxt_racks/BTS00068672.png
[1.908s] -- Up-to-date symlink: /home/rohan/cobotx/install/nav_bot/share/nav_bot/worlds/meshes/nxt_racks/BTS00068673.png
[1.909s] -- Up-to-date symlink: /home/rohan/cobotx/install/nav_bot/share/nav_bot/worlds/meshes/nxt_racks/BTS00068674.png
[1.909s] -- Up-to-date symlink: /home/rohan/cobotx/install/nav_bot/share/nav_bot/worlds/meshes/nxt_racks/BTS00068675.png
[1.909s] -- Up-to-date symlink: /home/rohan/cobotx/install/nav_bot/share/nav_bot/worlds/meshes/nxt_racks/BTS00068676.png
[1.909s] -- Up-to-date symlink: /home/rohan/cobotx/install/nav_bot/share/nav_bot/worlds/meshes/nxt_racks/BTS00068677.png
[1.909s] -- Up-to-date symlink: /home/rohan/cobotx/install/nav_bot/share/nav_bot/worlds/meshes/nxt_racks/BTS00068678.png
[1.909s] -- Up-to-date symlink: /home/rohan/cobotx/install/nav_bot/share/nav_bot/worlds/meshes/nxt_racks/BTS00068679.png
[1.909s] -- Up-to-date symlink: /home/rohan/cobotx/install/nav_bot/share/nav_bot/worlds/meshes/nxt_racks/BTS00068680.png
[1.909s] -- Up-to-date symlink: /home/rohan/cobotx/install/nav_bot/share/nav_bot/worlds/meshes/nxt_racks/BTS00068681.png
[1.909s] -- Up-to-date symlink: /home/rohan/cobotx/install/nav_bot/share/nav_bot/worlds/meshes/nxt_racks/BTS00068682.png.001.png
[1.910s] -- Up-to-date symlink: /home/rohan/cobotx/install/nav_bot/share/nav_bot/worlds/meshes/nxt_racks/BTS00068683.png.001.png
[1.910s] -- Up-to-date symlink: /home/rohan/cobotx/install/nav_bot/share/nav_bot/worlds/meshes/nxt_racks/BTS00068684.png
[1.910s] -- Up-to-date symlink: /home/rohan/cobotx/install/nav_bot/share/nav_bot/worlds/meshes/nxt_racks/BTS00068685.png
[1.910s] -- Up-to-date symlink: /home/rohan/cobotx/install/nav_bot/share/nav_bot/worlds/meshes/nxt_racks/BTS00068686.png
[1.910s] -- Up-to-date symlink: /home/rohan/cobotx/install/nav_bot/share/nav_bot/worlds/meshes/nxt_racks/BTS00068687.png
[1.910s] -- Up-to-date symlink: /home/rohan/cobotx/install/nav_bot/share/nav_bot/worlds/meshes/nxt_racks/BTS00068688.png
[1.910s] -- Up-to-date symlink: /home/rohan/cobotx/install/nav_bot/share/nav_bot/worlds/meshes/nxt_racks/BTS00068689.png
[1.911s] -- Up-to-date symlink: /home/rohan/cobotx/install/nav_bot/share/nav_bot/worlds/meshes/nxt_racks/BTS00068690.png
[1.911s] -- Up-to-date symlink: /home/rohan/cobotx/install/nav_bot/share/nav_bot/worlds/meshes/nxt_racks/BTS00068691.png
[1.911s] -- Up-to-date symlink: /home/rohan/cobotx/install/nav_bot/share/nav_bot/worlds/meshes/nxt_racks/BTS00068692.png
[1.911s] -- Up-to-date symlink: /home/rohan/cobotx/install/nav_bot/share/nav_bot/worlds/meshes/nxt_racks/BTS00068693.png
[1.911s] -- Up-to-date symlink: /home/rohan/cobotx/install/nav_bot/share/nav_bot/worlds/meshes/nxt_racks/BTS00068694.png
[1.911s] -- Up-to-date symlink: /home/rohan/cobotx/install/nav_bot/share/nav_bot/worlds/meshes/nxt_racks/BTS00068695.png
[1.911s] -- Up-to-date symlink: /home/rohan/cobotx/install/nav_bot/share/nav_bot/worlds/meshes/nxt_racks/BTS00068696.png
[1.912s] -- Up-to-date symlink: /home/rohan/cobotx/install/nav_bot/share/nav_bot/worlds/meshes/nxt_racks/BTS00068697.png
[1.912s] -- Up-to-date symlink: /home/rohan/cobotx/install/nav_bot/share/nav_bot/worlds/meshes/nxt_racks/BTS00068698.png
[1.912s] -- Up-to-date symlink: /home/rohan/cobotx/install/nav_bot/share/nav_bot/worlds/meshes/nxt_racks/BTS00068699.png.001.png
[1.912s] -- Up-to-date symlink: /home/rohan/cobotx/install/nav_bot/share/nav_bot/worlds/meshes/nxt_racks/BTS00068700.png
[1.912s] -- Up-to-date symlink: /home/rohan/cobotx/install/nav_bot/share/nav_bot/worlds/meshes/nxt_racks/BTS00068701.png.001.png
[1.912s] -- Up-to-date symlink: /home/rohan/cobotx/install/nav_bot/share/nav_bot/worlds/meshes/nxt_racks/BTS00068702.png.001.png
[1.912s] -- Up-to-date symlink: /home/rohan/cobotx/install/nav_bot/share/nav_bot/worlds/meshes/nxt_racks/BTS00068703.png
[1.913s] -- Up-to-date symlink: /home/rohan/cobotx/install/nav_bot/share/nav_bot/worlds/meshes/nxt_racks/BTS00068704.png
[1.913s] -- Up-to-date symlink: /home/rohan/cobotx/install/nav_bot/share/nav_bot/worlds/meshes/nxt_racks/BTS00068705.png
[1.913s] -- Up-to-date symlink: /home/rohan/cobotx/install/nav_bot/share/nav_bot/worlds/meshes/nxt_racks/BTS00068706.png
[1.913s] -- Up-to-date symlink: /home/rohan/cobotx/install/nav_bot/share/nav_bot/worlds/meshes/nxt_racks/BTS00068707.png
[1.913s] -- Up-to-date symlink: /home/rohan/cobotx/install/nav_bot/share/nav_bot/worlds/meshes/nxt_racks/BTS00068708.png
[1.913s] -- Up-to-date symlink: /home/rohan/cobotx/install/nav_bot/share/nav_bot/worlds/meshes/nxt_racks/BTS00068709.png
[1.913s] -- Up-to-date symlink: /home/rohan/cobotx/install/nav_bot/share/nav_bot/worlds/meshes/nxt_racks/BTS00068710.png
[1.913s] -- Up-to-date symlink: /home/rohan/cobotx/install/nav_bot/share/nav_bot/worlds/meshes/nxt_racks/BTS00068711.png
[1.914s] -- Up-to-date symlink: /home/rohan/cobotx/install/nav_bot/share/nav_bot/worlds/meshes/nxt_racks/BTS00068712.png
[1.914s] -- Up-to-date symlink: /home/rohan/cobotx/install/nav_bot/share/nav_bot/worlds/meshes/nxt_racks/BTS00068713.png
[1.914s] -- Up-to-date symlink: /home/rohan/cobotx/install/nav_bot/share/nav_bot/worlds/meshes/nxt_racks/BTS00068714.png
[1.914s] -- Up-to-date symlink: /home/rohan/cobotx/install/nav_bot/share/nav_bot/worlds/meshes/nxt_racks/BTS00068715.png
[1.914s] -- Up-to-date symlink: /home/rohan/cobotx/install/nav_bot/share/nav_bot/worlds/meshes/nxt_racks/BTS00068716.png
[1.914s] -- Up-to-date symlink: /home/rohan/cobotx/install/nav_bot/share/nav_bot/worlds/meshes/nxt_racks/BTS00068717.png
[1.914s] -- Up-to-date symlink: /home/rohan/cobotx/install/nav_bot/share/nav_bot/worlds/meshes/nxt_racks/BTS00068718.png
[1.915s] -- Up-to-date symlink: /home/rohan/cobotx/install/nav_bot/share/nav_bot/worlds/meshes/nxt_racks/BTS00068719.png
[1.915s] -- Up-to-date symlink: /home/rohan/cobotx/install/nav_bot/share/nav_bot/worlds/meshes/nxt_racks/BTS00068720.png
[1.915s] -- Up-to-date symlink: /home/rohan/cobotx/install/nav_bot/share/nav_bot/worlds/meshes/nxt_racks/BTS00068721.png
[1.915s] -- Up-to-date symlink: /home/rohan/cobotx/install/nav_bot/share/nav_bot/worlds/meshes/nxt_racks/BTS00068722.png
[1.915s] -- Up-to-date symlink: /home/rohan/cobotx/install/nav_bot/share/nav_bot/worlds/meshes/nxt_racks/BTS00068723.png
[1.915s] -- Up-to-date symlink: /home/rohan/cobotx/install/nav_bot/share/nav_bot/worlds/meshes/nxt_racks/BTS00068724.png
[1.915s] -- Up-to-date symlink: /home/rohan/cobotx/install/nav_bot/share/nav_bot/worlds/meshes/nxt_racks/BTS00068725.png
[1.917s] -- Up-to-date symlink: /home/rohan/cobotx/install/nav_bot/share/nav_bot/worlds/meshes/nxt_racks/BTS00068726.png
[1.917s] -- Up-to-date symlink: /home/rohan/cobotx/install/nav_bot/share/nav_bot/worlds/meshes/nxt_racks/BTS00068727.png
[1.917s] -- Up-to-date symlink: /home/rohan/cobotx/install/nav_bot/share/nav_bot/worlds/meshes/nxt_racks/BTS00068728.png
[1.917s] -- Up-to-date symlink: /home/rohan/cobotx/install/nav_bot/share/nav_bot/worlds/meshes/nxt_racks/BTS00068729.png
[1.917s] -- Up-to-date symlink: /home/rohan/cobotx/install/nav_bot/share/nav_bot/worlds/meshes/nxt_racks/BTS00068730.png
[1.917s] -- Up-to-date symlink: /home/rohan/cobotx/install/nav_bot/share/nav_bot/worlds/meshes/nxt_racks/BTS00069884.png
[1.917s] -- Up-to-date symlink: /home/rohan/cobotx/install/nav_bot/share/nav_bot/worlds/meshes/nxt_racks/BTS00069885.png
[1.917s] -- Up-to-date symlink: /home/rohan/cobotx/install/nav_bot/share/nav_bot/worlds/meshes/nxt_racks/BTS00069886.png
[1.918s] -- Up-to-date symlink: /home/rohan/cobotx/install/nav_bot/share/nav_bot/worlds/meshes/nxt_racks/BTS00069887.png
[1.918s] -- Up-to-date symlink: /home/rohan/cobotx/install/nav_bot/share/nav_bot/worlds/meshes/nxt_racks/BTS00069888.png
[1.918s] -- Up-to-date symlink: /home/rohan/cobotx/install/nav_bot/share/nav_bot/worlds/meshes/nxt_racks/BTS00069889.png
[1.918s] -- Up-to-date symlink: /home/rohan/cobotx/install/nav_bot/share/nav_bot/worlds/meshes/nxt_racks/Bois_palette.jpg
[1.918s] -- Up-to-date symlink: /home/rohan/cobotx/install/nav_bot/share/nav_bot/worlds/meshes/nxt_racks/Box_paper_04_1_Base_Color.png
[1.918s] -- Up-to-date symlink: /home/rohan/cobotx/install/nav_bot/share/nav_bot/worlds/meshes/nxt_racks/Box_paper_04_1_Base_Color.png.001.png
[1.918s] -- Up-to-date symlink: /home/rohan/cobotx/install/nav_bot/share/nav_bot/worlds/meshes/nxt_racks/HD-01_A_01.png
[1.918s] -- Up-to-date symlink: /home/rohan/cobotx/install/nav_bot/share/nav_bot/worlds/meshes/nxt_racks/HD-01_A_01.png.002.png
[1.918s] -- Up-to-date symlink: /home/rohan/cobotx/install/nav_bot/share/nav_bot/worlds/meshes/nxt_racks/HD-01_A_01.png.003.png
[1.918s] -- Up-to-date symlink: /home/rohan/cobotx/install/nav_bot/share/nav_bot/worlds/meshes/nxt_racks/HD-01_A_01.png.004.png
[1.918s] -- Up-to-date symlink: /home/rohan/cobotx/install/nav_bot/share/nav_bot/worlds/meshes/nxt_racks/HD-01_A_01.png.005.png
[1.918s] -- Up-to-date symlink: /home/rohan/cobotx/install/nav_bot/share/nav_bot/worlds/meshes/nxt_racks/HD-01_A_01.png.006.png
[1.918s] -- Up-to-date symlink: /home/rohan/cobotx/install/nav_bot/share/nav_bot/worlds/meshes/nxt_racks/HD-01_A_01.png.007.png
[1.919s] -- Up-to-date symlink: /home/rohan/cobotx/install/nav_bot/share/nav_bot/worlds/meshes/nxt_racks/HD-01_A_01.png.008.png
[1.919s] -- Up-to-date symlink: /home/rohan/cobotx/install/nav_bot/share/nav_bot/worlds/meshes/nxt_racks/HD-01_A_01.png.009.png
[1.919s] -- Up-to-date symlink: /home/rohan/cobotx/install/nav_bot/share/nav_bot/worlds/meshes/nxt_racks/HD-01_A_01.png.010.png
[1.919s] -- Up-to-date symlink: /home/rohan/cobotx/install/nav_bot/share/nav_bot/worlds/meshes/nxt_racks/HD-01_A_01.png.011.png
[1.919s] -- Up-to-date symlink: /home/rohan/cobotx/install/nav_bot/share/nav_bot/worlds/meshes/nxt_racks/HD-01_A_01.png.016.png
[1.919s] -- Up-to-date symlink: /home/rohan/cobotx/install/nav_bot/share/nav_bot/worlds/meshes/nxt_racks/HD-01_A_01.png.017.png
[1.919s] -- Up-to-date symlink: /home/rohan/cobotx/install/nav_bot/share/nav_bot/worlds/meshes/nxt_racks/HD-01_A_01.png.018.png
[1.920s] -- Up-to-date symlink: /home/rohan/cobotx/install/nav_bot/share/nav_bot/worlds/meshes/nxt_racks/HD-01_A_01.png.019.png
[1.920s] -- Up-to-date symlink: /home/rohan/cobotx/install/nav_bot/share/nav_bot/worlds/meshes/nxt_racks/HD-01_A_01.png.020.png
[1.920s] -- Up-to-date symlink: /home/rohan/cobotx/install/nav_bot/share/nav_bot/worlds/meshes/nxt_racks/HD-01_A_01.png.021.png
[1.920s] -- Up-to-date symlink: /home/rohan/cobotx/install/nav_bot/share/nav_bot/worlds/meshes/nxt_racks/HD-01_A_01.png.022.png
[1.920s] -- Up-to-date symlink: /home/rohan/cobotx/install/nav_bot/share/nav_bot/worlds/meshes/nxt_racks/HD-01_A_01.png.023.png
[1.920s] -- Up-to-date symlink: /home/rohan/cobotx/install/nav_bot/share/nav_bot/worlds/meshes/nxt_racks/HD-01_A_01.png.024.png
[1.920s] -- Up-to-date symlink: /home/rohan/cobotx/install/nav_bot/share/nav_bot/worlds/meshes/nxt_racks/HD-01_A_01.png.025.png
[1.920s] -- Up-to-date symlink: /home/rohan/cobotx/install/nav_bot/share/nav_bot/worlds/meshes/nxt_racks/HD-01_A_01.png.030.png
[1.921s] -- Up-to-date symlink: /home/rohan/cobotx/install/nav_bot/share/nav_bot/worlds/meshes/nxt_racks/HD-01_A_01.png.031.png
[1.921s] -- Up-to-date symlink: /home/rohan/cobotx/install/nav_bot/share/nav_bot/worlds/meshes/nxt_racks/HD-01_A_01.png.032.png
[1.921s] -- Up-to-date symlink: /home/rohan/cobotx/install/nav_bot/share/nav_bot/worlds/meshes/nxt_racks/HD-01_A_01.png.033.png
[1.921s] -- Up-to-date symlink: /home/rohan/cobotx/install/nav_bot/share/nav_bot/worlds/meshes/nxt_racks/HD-01_A_01.png.034.png
[1.921s] -- Up-to-date symlink: /home/rohan/cobotx/install/nav_bot/share/nav_bot/worlds/meshes/nxt_racks/HD-01_A_01.png.035.png
[1.921s] -- Up-to-date symlink: /home/rohan/cobotx/install/nav_bot/share/nav_bot/worlds/meshes/nxt_racks/HD-01_A_01.png.036.png
[1.921s] -- Up-to-date symlink: /home/rohan/cobotx/install/nav_bot/share/nav_bot/worlds/meshes/nxt_racks/HD-01_A_01.png.037.png
[1.922s] -- Up-to-date symlink: /home/rohan/cobotx/install/nav_bot/share/nav_bot/worlds/meshes/nxt_racks/HD-01_A_01.png.038.png
[1.922s] -- Up-to-date symlink: /home/rohan/cobotx/install/nav_bot/share/nav_bot/worlds/meshes/nxt_racks/HD-01_A_01.png.039.png
[1.922s] -- Up-to-date symlink: /home/rohan/cobotx/install/nav_bot/share/nav_bot/worlds/meshes/nxt_racks/HD-01_A_01.png.044.png
[1.922s] -- Up-to-date symlink: /home/rohan/cobotx/install/nav_bot/share/nav_bot/worlds/meshes/nxt_racks/HD-01_A_01.png.045.png
[1.922s] -- Up-to-date symlink: /home/rohan/cobotx/install/nav_bot/share/nav_bot/worlds/meshes/nxt_racks/HD-01_A_01.png.046.png
[1.922s] -- Up-to-date symlink: /home/rohan/cobotx/install/nav_bot/share/nav_bot/worlds/meshes/nxt_racks/HD-01_A_01.png.047.png
[1.922s] -- Up-to-date symlink: /home/rohan/cobotx/install/nav_bot/share/nav_bot/worlds/meshes/nxt_racks/HD-01_A_01.png.048.png
[1.923s] -- Up-to-date symlink: /home/rohan/cobotx/install/nav_bot/share/nav_bot/worlds/meshes/nxt_racks/HD-01_A_01.png.049.png
[1.923s] -- Up-to-date symlink: /home/rohan/cobotx/install/nav_bot/share/nav_bot/worlds/meshes/nxt_racks/HD-01_A_01.png.050.png
[1.923s] -- Up-to-date symlink: /home/rohan/cobotx/install/nav_bot/share/nav_bot/worlds/meshes/nxt_racks/HD-01_A_01.png.051.png
[1.923s] -- Up-to-date symlink: /home/rohan/cobotx/install/nav_bot/share/nav_bot/worlds/meshes/nxt_racks/HD-01_A_01.png.052.png
[1.923s] -- Up-to-date symlink: /home/rohan/cobotx/install/nav_bot/share/nav_bot/worlds/meshes/nxt_racks/HD-01_A_01.png.053.png
[1.923s] -- Up-to-date symlink: /home/rohan/cobotx/install/nav_bot/share/nav_bot/worlds/meshes/nxt_racks/HD-01_A_01.png.058.png
[1.923s] -- Up-to-date symlink: /home/rohan/cobotx/install/nav_bot/share/nav_bot/worlds/meshes/nxt_racks/HD-01_A_01.png.059.png
[1.924s] -- Up-to-date symlink: /home/rohan/cobotx/install/nav_bot/share/nav_bot/worlds/meshes/nxt_racks/HD-01_A_01.png.060.png
[1.924s] -- Up-to-date symlink: /home/rohan/cobotx/install/nav_bot/share/nav_bot/worlds/meshes/nxt_racks/HD-01_A_01.png.061.png
[1.924s] -- Up-to-date symlink: /home/rohan/cobotx/install/nav_bot/share/nav_bot/worlds/meshes/nxt_racks/HD-01_A_01.png.062.png
[1.924s] -- Up-to-date symlink: /home/rohan/cobotx/install/nav_bot/share/nav_bot/worlds/meshes/nxt_racks/HD-01_A_01.png.063.png
[1.924s] -- Up-to-date symlink: /home/rohan/cobotx/install/nav_bot/share/nav_bot/worlds/meshes/nxt_racks/HD-01_A_01.png.064.png
[1.924s] -- Up-to-date symlink: /home/rohan/cobotx/install/nav_bot/share/nav_bot/worlds/meshes/nxt_racks/HD-01_A_01.png.065.png
[1.924s] -- Up-to-date symlink: /home/rohan/cobotx/install/nav_bot/share/nav_bot/worlds/meshes/nxt_racks/HD-01_A_01.png.066.png
[1.925s] -- Up-to-date symlink: /home/rohan/cobotx/install/nav_bot/share/nav_bot/worlds/meshes/nxt_racks/HD-01_A_01.png.067.png
[1.925s] -- Up-to-date symlink: /home/rohan/cobotx/install/nav_bot/share/nav_bot/worlds/meshes/nxt_racks/HD-01_A_01.png.072.png
[1.925s] -- Up-to-date symlink: /home/rohan/cobotx/install/nav_bot/share/nav_bot/worlds/meshes/nxt_racks/HD-01_A_01.png.073.png
[1.925s] -- Up-to-date symlink: /home/rohan/cobotx/install/nav_bot/share/nav_bot/worlds/meshes/nxt_racks/HD-01_A_01.png.074.png
[1.925s] -- Up-to-date symlink: /home/rohan/cobotx/install/nav_bot/share/nav_bot/worlds/meshes/nxt_racks/HD-01_A_01.png.075.png
[1.925s] -- Up-to-date symlink: /home/rohan/cobotx/install/nav_bot/share/nav_bot/worlds/meshes/nxt_racks/HD-01_A_01.png.076.png
[1.925s] -- Up-to-date symlink: /home/rohan/cobotx/install/nav_bot/share/nav_bot/worlds/meshes/nxt_racks/HD-01_A_01.png.079.png
[1.926s] -- Up-to-date symlink: /home/rohan/cobotx/install/nav_bot/share/nav_bot/worlds/meshes/nxt_racks/HD-01_A_01.png.080.png
[1.926s] -- Up-to-date symlink: /home/rohan/cobotx/install/nav_bot/share/nav_bot/worlds/meshes/nxt_racks/HD-01_A_01.png.081.png
[1.926s] -- Up-to-date symlink: /home/rohan/cobotx/install/nav_bot/share/nav_bot/worlds/meshes/nxt_racks/HD-01_A_01.png.082.png
[1.926s] -- Up-to-date symlink: /home/rohan/cobotx/install/nav_bot/share/nav_bot/worlds/meshes/nxt_racks/HD-01_A_01.png.083.png
[1.926s] -- Up-to-date symlink: /home/rohan/cobotx/install/nav_bot/share/nav_bot/worlds/meshes/nxt_racks/HD-01_A_01.png.084.png
[1.926s] -- Up-to-date symlink: /home/rohan/cobotx/install/nav_bot/share/nav_bot/worlds/meshes/nxt_racks/HD-01_A_01.png.085.png
[1.926s] -- Up-to-date symlink: /home/rohan/cobotx/install/nav_bot/share/nav_bot/worlds/meshes/nxt_racks/HD-01_A_01.png.086.png
[1.927s] -- Up-to-date symlink: /home/rohan/cobotx/install/nav_bot/share/nav_bot/worlds/meshes/nxt_racks/HD-01_A_01.png.087.png
[1.927s] -- Up-to-date symlink: /home/rohan/cobotx/install/nav_bot/share/nav_bot/worlds/meshes/nxt_racks/HD-01_A_01.png.088.png
[1.927s] -- Up-to-date symlink: /home/rohan/cobotx/install/nav_bot/share/nav_bot/worlds/meshes/nxt_racks/HD-01_A_01.png.093.png
[1.927s] -- Up-to-date symlink: /home/rohan/cobotx/install/nav_bot/share/nav_bot/worlds/meshes/nxt_racks/HD-01_A_01.png.094.png
[1.927s] -- Up-to-date symlink: /home/rohan/cobotx/install/nav_bot/share/nav_bot/worlds/meshes/nxt_racks/HD-01_A_01.png.095.png
[1.927s] -- Up-to-date symlink: /home/rohan/cobotx/install/nav_bot/share/nav_bot/worlds/meshes/nxt_racks/HD-01_A_01.png.096.png
[1.927s] -- Up-to-date symlink: /home/rohan/cobotx/install/nav_bot/share/nav_bot/worlds/meshes/nxt_racks/HD-01_A_01.png.097.png
[1.928s] -- Up-to-date symlink: /home/rohan/cobotx/install/nav_bot/share/nav_bot/worlds/meshes/nxt_racks/HD-01_A_01.png.098.png
[1.928s] -- Up-to-date symlink: /home/rohan/cobotx/install/nav_bot/share/nav_bot/worlds/meshes/nxt_racks/HD-01_A_01.png.099.png
[1.928s] -- Up-to-date symlink: /home/rohan/cobotx/install/nav_bot/share/nav_bot/worlds/meshes/nxt_racks/HD-01_A_01.png.100.png
[1.928s] -- Up-to-date symlink: /home/rohan/cobotx/install/nav_bot/share/nav_bot/worlds/meshes/nxt_racks/HD-01_A_01.png.101.png
[1.928s] -- Up-to-date symlink: /home/rohan/cobotx/install/nav_bot/share/nav_bot/worlds/meshes/nxt_racks/HD-01_A_01.png.102.png
[1.928s] -- Up-to-date symlink: /home/rohan/cobotx/install/nav_bot/share/nav_bot/worlds/meshes/nxt_racks/HD-01_A_01.png.107.png
[1.928s] -- Up-to-date symlink: /home/rohan/cobotx/install/nav_bot/share/nav_bot/worlds/meshes/nxt_racks/HD-01_A_01.png.108.png
[1.928s] -- Up-to-date symlink: /home/rohan/cobotx/install/nav_bot/share/nav_bot/worlds/meshes/nxt_racks/HD-01_A_01.png.109.png
[1.929s] -- Up-to-date symlink: /home/rohan/cobotx/install/nav_bot/share/nav_bot/worlds/meshes/nxt_racks/HD-01_A_01.png.110.png
[1.929s] -- Up-to-date symlink: /home/rohan/cobotx/install/nav_bot/share/nav_bot/worlds/meshes/nxt_racks/HD-01_A_01.png.111.png
[1.929s] -- Up-to-date symlink: /home/rohan/cobotx/install/nav_bot/share/nav_bot/worlds/meshes/nxt_racks/HD-01_A_01.png.112.png
[1.929s] -- Up-to-date symlink: /home/rohan/cobotx/install/nav_bot/share/nav_bot/worlds/meshes/nxt_racks/HD-01_A_01.png.113.png
[1.929s] -- Up-to-date symlink: /home/rohan/cobotx/install/nav_bot/share/nav_bot/worlds/meshes/nxt_racks/HD-01_A_01.png.114.png
[1.929s] -- Up-to-date symlink: /home/rohan/cobotx/install/nav_bot/share/nav_bot/worlds/meshes/nxt_racks/HD-01_A_01.png.115.png
[1.929s] -- Up-to-date symlink: /home/rohan/cobotx/install/nav_bot/share/nav_bot/worlds/meshes/nxt_racks/HD-01_A_01.png.122.png
[1.930s] -- Up-to-date symlink: /home/rohan/cobotx/install/nav_bot/share/nav_bot/worlds/meshes/nxt_racks/HD-01_A_01.png.123.png
[1.930s] -- Up-to-date symlink: /home/rohan/cobotx/install/nav_bot/share/nav_bot/worlds/meshes/nxt_racks/HD-01_A_01.png.124.png
[1.930s] -- Up-to-date symlink: /home/rohan/cobotx/install/nav_bot/share/nav_bot/worlds/meshes/nxt_racks/HD-01_A_01.png.125.png
[1.930s] -- Up-to-date symlink: /home/rohan/cobotx/install/nav_bot/share/nav_bot/worlds/meshes/nxt_racks/HD-01_A_01.png.126.png
[1.930s] -- Up-to-date symlink: /home/rohan/cobotx/install/nav_bot/share/nav_bot/worlds/meshes/nxt_racks/HD-01_A_01.png.127.png
[1.930s] -- Up-to-date symlink: /home/rohan/cobotx/install/nav_bot/share/nav_bot/worlds/meshes/nxt_racks/HD-01_A_01.png.128.png
[1.930s] -- Up-to-date symlink: /home/rohan/cobotx/install/nav_bot/share/nav_bot/worlds/meshes/nxt_racks/HD-01_A_01.png.129.png
[1.930s] -- Up-to-date symlink: /home/rohan/cobotx/install/nav_bot/share/nav_bot/worlds/meshes/nxt_racks/HD-01_A_01.png.130.png
[1.931s] -- Up-to-date symlink: /home/rohan/cobotx/install/nav_bot/share/nav_bot/worlds/meshes/nxt_racks/HD-01_A_01.png.135.png
[1.931s] -- Up-to-date symlink: /home/rohan/cobotx/install/nav_bot/share/nav_bot/worlds/meshes/nxt_racks/HD-01_A_01.png.136.png
[1.931s] -- Up-to-date symlink: /home/rohan/cobotx/install/nav_bot/share/nav_bot/worlds/meshes/nxt_racks/HD-01_A_01.png.137.png
[1.931s] -- Up-to-date symlink: /home/rohan/cobotx/install/nav_bot/share/nav_bot/worlds/meshes/nxt_racks/HD-01_A_01.png.138.png
[1.931s] -- Up-to-date symlink: /home/rohan/cobotx/install/nav_bot/share/nav_bot/worlds/meshes/nxt_racks/HD-01_A_01.png.139.png
[1.931s] -- Up-to-date symlink: /home/rohan/cobotx/install/nav_bot/share/nav_bot/worlds/meshes/nxt_racks/HD-01_A_01.png.142.png
[1.932s] -- Up-to-date symlink: /home/rohan/cobotx/install/nav_bot/share/nav_bot/worlds/meshes/nxt_racks/HD-01_A_01.png.143.png
[1.932s] -- Up-to-date symlink: /home/rohan/cobotx/install/nav_bot/share/nav_bot/worlds/meshes/nxt_racks/HD-01_A_01.png.144.png
[1.932s] -- Up-to-date symlink: /home/rohan/cobotx/install/nav_bot/share/nav_bot/worlds/meshes/nxt_racks/HD-01_A_01.png.145.png
[1.932s] -- Up-to-date symlink: /home/rohan/cobotx/install/nav_bot/share/nav_bot/worlds/meshes/nxt_racks/HD-01_A_01.png.146.png
[1.932s] -- Up-to-date symlink: /home/rohan/cobotx/install/nav_bot/share/nav_bot/worlds/meshes/nxt_racks/HD-01_A_01.png.147.png
[1.932s] -- Up-to-date symlink: /home/rohan/cobotx/install/nav_bot/share/nav_bot/worlds/meshes/nxt_racks/HD-01_A_01.png.148.png
[1.932s] -- Up-to-date symlink: /home/rohan/cobotx/install/nav_bot/share/nav_bot/worlds/meshes/nxt_racks/HD-01_A_01.png.149.png
[1.933s] -- Up-to-date symlink: /home/rohan/cobotx/install/nav_bot/share/nav_bot/worlds/meshes/nxt_racks/HD-01_A_01.png.150.png
[1.933s] -- Up-to-date symlink: /home/rohan/cobotx/install/nav_bot/share/nav_bot/worlds/meshes/nxt_racks/HD-01_A_01.png.151.png
[1.933s] -- Up-to-date symlink: /home/rohan/cobotx/install/nav_bot/share/nav_bot/worlds/meshes/nxt_racks/HD-01_A_01.png.156.png
[1.933s] -- Up-to-date symlink: /home/rohan/cobotx/install/nav_bot/share/nav_bot/worlds/meshes/nxt_racks/HD-01_A_01.png.157.png
[1.933s] -- Up-to-date symlink: /home/rohan/cobotx/install/nav_bot/share/nav_bot/worlds/meshes/nxt_racks/HD-01_A_01.png.158.png
[1.933s] -- Up-to-date symlink: /home/rohan/cobotx/install/nav_bot/share/nav_bot/worlds/meshes/nxt_racks/HD-01_A_01.png.159.png
[1.933s] -- Up-to-date symlink: /home/rohan/cobotx/install/nav_bot/share/nav_bot/worlds/meshes/nxt_racks/HD-01_A_01.png.160.png
[1.933s] -- Up-to-date symlink: /home/rohan/cobotx/install/nav_bot/share/nav_bot/worlds/meshes/nxt_racks/HD-01_A_01.png.161.png
[1.934s] -- Up-to-date symlink: /home/rohan/cobotx/install/nav_bot/share/nav_bot/worlds/meshes/nxt_racks/HD-01_A_01.png.162.png
[1.934s] -- Up-to-date symlink: /home/rohan/cobotx/install/nav_bot/share/nav_bot/worlds/meshes/nxt_racks/HD-01_A_01.png.163.png
[1.934s] -- Up-to-date symlink: /home/rohan/cobotx/install/nav_bot/share/nav_bot/worlds/meshes/nxt_racks/HD-01_A_01.png.164.png
[1.934s] -- Up-to-date symlink: /home/rohan/cobotx/install/nav_bot/share/nav_bot/worlds/meshes/nxt_racks/HD-01_A_01.png.165.png
[1.934s] -- Up-to-date symlink: /home/rohan/cobotx/install/nav_bot/share/nav_bot/worlds/meshes/nxt_racks/HD-01_A_01.png.170.png
[1.934s] -- Up-to-date symlink: /home/rohan/cobotx/install/nav_bot/share/nav_bot/worlds/meshes/nxt_racks/HD-01_A_01.png.171.png
[1.934s] -- Up-to-date symlink: /home/rohan/cobotx/install/nav_bot/share/nav_bot/worlds/meshes/nxt_racks/HD-01_A_01.png.172.png
[1.934s] -- Up-to-date symlink: /home/rohan/cobotx/install/nav_bot/share/nav_bot/worlds/meshes/nxt_racks/HD-01_A_01.png.173.png
[1.935s] -- Up-to-date symlink: /home/rohan/cobotx/install/nav_bot/share/nav_bot/worlds/meshes/nxt_racks/HD-01_A_01.png.174.png
[1.935s] -- Up-to-date symlink: /home/rohan/cobotx/install/nav_bot/share/nav_bot/worlds/meshes/nxt_racks/HD-01_A_01.png.175.png
[1.935s] -- Up-to-date symlink: /home/rohan/cobotx/install/nav_bot/share/nav_bot/worlds/meshes/nxt_racks/HD-01_A_01.png.176.png
[1.935s] -- Up-to-date symlink: /home/rohan/cobotx/install/nav_bot/share/nav_bot/worlds/meshes/nxt_racks/HD-01_A_01.png.177.png
[1.935s] -- Up-to-date symlink: /home/rohan/cobotx/install/nav_bot/share/nav_bot/worlds/meshes/nxt_racks/HD-01_A_01.png.178.png
[1.935s] -- Up-to-date symlink: /home/rohan/cobotx/install/nav_bot/share/nav_bot/worlds/meshes/nxt_racks/HD-01_A_01.png.179.png
[1.935s] -- Up-to-date symlink: /home/rohan/cobotx/install/nav_bot/share/nav_bot/worlds/meshes/nxt_racks/HD-01_A_01.png.184.png
[1.936s] -- Up-to-date symlink: /home/rohan/cobotx/install/nav_bot/share/nav_bot/worlds/meshes/nxt_racks/HD-01_A_01.png.185.png
[1.936s] -- Up-to-date symlink: /home/rohan/cobotx/install/nav_bot/share/nav_bot/worlds/meshes/nxt_racks/HD-01_A_01.png.186.png
[1.936s] -- Up-to-date symlink: /home/rohan/cobotx/install/nav_bot/share/nav_bot/worlds/meshes/nxt_racks/HD-01_A_01.png.187.png
[1.936s] -- Up-to-date symlink: /home/rohan/cobotx/install/nav_bot/share/nav_bot/worlds/meshes/nxt_racks/HD-01_A_01.png.188.png
[1.936s] -- Up-to-date symlink: /home/rohan/cobotx/install/nav_bot/share/nav_bot/worlds/meshes/nxt_racks/HD-01_A_01.png.189.png
[1.936s] -- Up-to-date symlink: /home/rohan/cobotx/install/nav_bot/share/nav_bot/worlds/meshes/nxt_racks/HD-01_A_01.png.190.png
[1.936s] -- Up-to-date symlink: /home/rohan/cobotx/install/nav_bot/share/nav_bot/worlds/meshes/nxt_racks/HD-01_A_01.png.191.png
[1.936s] -- Up-to-date symlink: /home/rohan/cobotx/install/nav_bot/share/nav_bot/worlds/meshes/nxt_racks/HD-01_A_01.png.192.png
[1.937s] -- Up-to-date symlink: /home/rohan/cobotx/install/nav_bot/share/nav_bot/worlds/meshes/nxt_racks/HD-01_A_01.png.193.png
[1.937s] -- Up-to-date symlink: /home/rohan/cobotx/install/nav_bot/share/nav_bot/worlds/meshes/nxt_racks/HD-01_A_01.png.198.png
[1.937s] -- Up-to-date symlink: /home/rohan/cobotx/install/nav_bot/share/nav_bot/worlds/meshes/nxt_racks/HD-01_A_01.png.199.png
[1.937s] -- Up-to-date symlink: /home/rohan/cobotx/install/nav_bot/share/nav_bot/worlds/meshes/nxt_racks/HD-01_A_01.png.200.png
[1.937s] -- Up-to-date symlink: /home/rohan/cobotx/install/nav_bot/share/nav_bot/worlds/meshes/nxt_racks/HD-01_A_01.png.201.png
[1.937s] -- Up-to-date symlink: /home/rohan/cobotx/install/nav_bot/share/nav_bot/worlds/meshes/nxt_racks/HD-01_A_01.png.202.png
[1.937s] -- Up-to-date symlink: /home/rohan/cobotx/install/nav_bot/share/nav_bot/worlds/meshes/nxt_racks/HD-01_A_01.png.203.png
[1.937s] -- Up-to-date symlink: /home/rohan/cobotx/install/nav_bot/share/nav_bot/worlds/meshes/nxt_racks/HD-01_A_01.png.204.png
[1.938s] -- Up-to-date symlink: /home/rohan/cobotx/install/nav_bot/share/nav_bot/worlds/meshes/nxt_racks/HD-01_A_01.png.205.png
[1.938s] -- Up-to-date symlink: /home/rohan/cobotx/install/nav_bot/share/nav_bot/worlds/meshes/nxt_racks/HD-01_A_01.png.206.png
[1.938s] -- Up-to-date symlink: /home/rohan/cobotx/install/nav_bot/share/nav_bot/worlds/meshes/nxt_racks/HD-01_A_01.png.207.png
[1.938s] -- Up-to-date symlink: /home/rohan/cobotx/install/nav_bot/share/nav_bot/worlds/meshes/nxt_racks/HD-01_A_01.png.212.png
[1.938s] -- Up-to-date symlink: /home/rohan/cobotx/install/nav_bot/share/nav_bot/worlds/meshes/nxt_racks/HD-01_A_01.png.213.png
[1.938s] -- Up-to-date symlink: /home/rohan/cobotx/install/nav_bot/share/nav_bot/worlds/meshes/nxt_racks/HD-01_A_01.png.214.png
[1.938s] -- Up-to-date symlink: /home/rohan/cobotx/install/nav_bot/share/nav_bot/worlds/meshes/nxt_racks/HD-01_A_01.png.215.png
[1.938s] -- Up-to-date symlink: /home/rohan/cobotx/install/nav_bot/share/nav_bot/worlds/meshes/nxt_racks/HD-01_A_01.png.216.png
[1.939s] -- Up-to-date symlink: /home/rohan/cobotx/install/nav_bot/share/nav_bot/worlds/meshes/nxt_racks/HD-01_A_01.png.217.png
[1.939s] -- Up-to-date symlink: /home/rohan/cobotx/install/nav_bot/share/nav_bot/worlds/meshes/nxt_racks/HD-01_A_01.png.218.png
[1.939s] -- Up-to-date symlink: /home/rohan/cobotx/install/nav_bot/share/nav_bot/worlds/meshes/nxt_racks/HD-01_A_01.png.219.png
[1.939s] -- Up-to-date symlink: /home/rohan/cobotx/install/nav_bot/share/nav_bot/worlds/meshes/nxt_racks/HD-01_A_01.png.220.png
[1.939s] -- Up-to-date symlink: /home/rohan/cobotx/install/nav_bot/share/nav_bot/worlds/meshes/nxt_racks/HD-01_A_01.png.221.png
[1.939s] -- Up-to-date symlink: /home/rohan/cobotx/install/nav_bot/share/nav_bot/worlds/meshes/nxt_racks/HD-01_A_01.png.226.png
[1.939s] -- Up-to-date symlink: /home/rohan/cobotx/install/nav_bot/share/nav_bot/worlds/meshes/nxt_racks/HD-01_A_01.png.227.png
[1.940s] -- Up-to-date symlink: /home/rohan/cobotx/install/nav_bot/share/nav_bot/worlds/meshes/nxt_racks/HD-01_A_01.png.228.png
[1.940s] -- Up-to-date symlink: /home/rohan/cobotx/install/nav_bot/share/nav_bot/worlds/meshes/nxt_racks/HD-01_A_01.png.229.png
[1.940s] -- Up-to-date symlink: /home/rohan/cobotx/install/nav_bot/share/nav_bot/worlds/meshes/nxt_racks/HD-01_A_01.png.230.png
[1.940s] -- Up-to-date symlink: /home/rohan/cobotx/install/nav_bot/share/nav_bot/worlds/meshes/nxt_racks/HD-01_A_01.png.231.png
[1.940s] -- Up-to-date symlink: /home/rohan/cobotx/install/nav_bot/share/nav_bot/worlds/meshes/nxt_racks/HD-01_A_01.png.232.png
[1.940s] -- Up-to-date symlink: /home/rohan/cobotx/install/nav_bot/share/nav_bot/worlds/meshes/nxt_racks/HD-01_A_01.png.233.png
[1.940s] -- Up-to-date symlink: /home/rohan/cobotx/install/nav_bot/share/nav_bot/worlds/meshes/nxt_racks/HD-01_A_01.png.234.png
[1.940s] -- Up-to-date symlink: /home/rohan/cobotx/install/nav_bot/share/nav_bot/worlds/meshes/nxt_racks/HD-01_A_01.png.235.png
[1.941s] -- Up-to-date symlink: /home/rohan/cobotx/install/nav_bot/share/nav_bot/worlds/meshes/nxt_racks/HD-01_A_01.png.240.png
[1.941s] -- Up-to-date symlink: /home/rohan/cobotx/install/nav_bot/share/nav_bot/worlds/meshes/nxt_racks/HD-01_A_01.png.241.png
[1.941s] -- Up-to-date symlink: /home/rohan/cobotx/install/nav_bot/share/nav_bot/worlds/meshes/nxt_racks/HD-01_A_01.png.242.png
[1.941s] -- Up-to-date symlink: /home/rohan/cobotx/install/nav_bot/share/nav_bot/worlds/meshes/nxt_racks/HD-01_A_01.png.243.png
[1.941s] -- Up-to-date symlink: /home/rohan/cobotx/install/nav_bot/share/nav_bot/worlds/meshes/nxt_racks/HD-01_A_01.png.244.png
[1.941s] -- Up-to-date symlink: /home/rohan/cobotx/install/nav_bot/share/nav_bot/worlds/meshes/nxt_racks/HD-01_A_01.png.245.png
[1.941s] -- Up-to-date symlink: /home/rohan/cobotx/install/nav_bot/share/nav_bot/worlds/meshes/nxt_racks/HD-01_A_01.png.246.png
[1.942s] -- Up-to-date symlink: /home/rohan/cobotx/install/nav_bot/share/nav_bot/worlds/meshes/nxt_racks/HD-01_A_01.png.247.png
[1.942s] -- Up-to-date symlink: /home/rohan/cobotx/install/nav_bot/share/nav_bot/worlds/meshes/nxt_racks/HD-01_A_01.png.248.png
[1.942s] -- Up-to-date symlink: /home/rohan/cobotx/install/nav_bot/share/nav_bot/worlds/meshes/nxt_racks/HD-01_A_01.png.249.png
[1.942s] -- Up-to-date symlink: /home/rohan/cobotx/install/nav_bot/share/nav_bot/worlds/meshes/nxt_racks/HD-01_A_01.png.254.png
[1.942s] -- Up-to-date symlink: /home/rohan/cobotx/install/nav_bot/share/nav_bot/worlds/meshes/nxt_racks/HD-01_A_01.png.255.png
[1.942s] -- Up-to-date symlink: /home/rohan/cobotx/install/nav_bot/share/nav_bot/worlds/meshes/nxt_racks/HD-01_A_01.png.256.png
[1.942s] -- Up-to-date symlink: /home/rohan/cobotx/install/nav_bot/share/nav_bot/worlds/meshes/nxt_racks/HD-01_A_01.png.257.png
[1.942s] -- Up-to-date symlink: /home/rohan/cobotx/install/nav_bot/share/nav_bot/worlds/meshes/nxt_racks/HD-01_A_01.png.258.png
[1.943s] -- Up-to-date symlink: /home/rohan/cobotx/install/nav_bot/share/nav_bot/worlds/meshes/nxt_racks/HD-01_A_02.png
[1.943s] -- Up-to-date symlink: /home/rohan/cobotx/install/nav_bot/share/nav_bot/worlds/meshes/nxt_racks/HD-01_A_03.png
[1.943s] -- Up-to-date symlink: /home/rohan/cobotx/install/nav_bot/share/nav_bot/worlds/meshes/nxt_racks/HD-01_A_04.png
[1.943s] -- Up-to-date symlink: /home/rohan/cobotx/install/nav_bot/share/nav_bot/worlds/meshes/nxt_racks/HD-01_A_05.png
[1.943s] -- Up-to-date symlink: /home/rohan/cobotx/install/nav_bot/share/nav_bot/worlds/meshes/nxt_racks/HD-01_A_06.png
[1.943s] -- Up-to-date symlink: /home/rohan/cobotx/install/nav_bot/share/nav_bot/worlds/meshes/nxt_racks/HD-01_A_07.png
[1.943s] -- Up-to-date symlink: /home/rohan/cobotx/install/nav_bot/share/nav_bot/worlds/meshes/nxt_racks/HD-01_A_08.png
[1.943s] -- Up-to-date symlink: /home/rohan/cobotx/install/nav_bot/share/nav_bot/worlds/meshes/nxt_racks/HD-01_A_09.png
[1.944s] -- Up-to-date symlink: /home/rohan/cobotx/install/nav_bot/share/nav_bot/worlds/meshes/nxt_racks/HD-01_A_10.png
[1.944s] -- Up-to-date symlink: /home/rohan/cobotx/install/nav_bot/share/nav_bot/worlds/meshes/nxt_racks/HD-01_A_11.png
[1.944s] -- Up-to-date symlink: /home/rohan/cobotx/install/nav_bot/share/nav_bot/worlds/meshes/nxt_racks/HD-01_A_12.png
[1.944s] -- Up-to-date symlink: /home/rohan/cobotx/install/nav_bot/share/nav_bot/worlds/meshes/nxt_racks/HD-01_A_13.png
[1.944s] -- Up-to-date symlink: /home/rohan/cobotx/install/nav_bot/share/nav_bot/worlds/meshes/nxt_racks/HD-01_A_14.png
[1.944s] -- Up-to-date symlink: /home/rohan/cobotx/install/nav_bot/share/nav_bot/worlds/meshes/nxt_racks/HD-01_A_15.png
[1.944s] -- Up-to-date symlink: /home/rohan/cobotx/install/nav_bot/share/nav_bot/worlds/meshes/nxt_racks/HD-01_A_15.png.001.png
[1.945s] -- Up-to-date symlink: /home/rohan/cobotx/install/nav_bot/share/nav_bot/worlds/meshes/nxt_racks/HD-01_A_16.png
[1.945s] -- Up-to-date symlink: /home/rohan/cobotx/install/nav_bot/share/nav_bot/worlds/meshes/nxt_racks/HD-01_A_19.png
[1.945s] -- Up-to-date symlink: /home/rohan/cobotx/install/nav_bot/share/nav_bot/worlds/meshes/nxt_racks/HD-01_A_20.png
[1.945s] -- Up-to-date symlink: /home/rohan/cobotx/install/nav_bot/share/nav_bot/worlds/meshes/nxt_racks/HD-01_A_21.png
[1.945s] -- Up-to-date symlink: /home/rohan/cobotx/install/nav_bot/share/nav_bot/worlds/meshes/nxt_racks/HD-01_A_21.png.001.png
[1.945s] -- Up-to-date symlink: /home/rohan/cobotx/install/nav_bot/share/nav_bot/worlds/meshes/nxt_racks/HD-01_A_22.png
[1.945s] -- Up-to-date symlink: /home/rohan/cobotx/install/nav_bot/share/nav_bot/worlds/meshes/nxt_racks/HD-01_A_23.png
[1.945s] -- Up-to-date symlink: /home/rohan/cobotx/install/nav_bot/share/nav_bot/worlds/meshes/nxt_racks/HD-01_A_24.png
[1.946s] -- Up-to-date symlink: /home/rohan/cobotx/install/nav_bot/share/nav_bot/worlds/meshes/nxt_racks/HD-01_A_25.png
[1.946s] -- Up-to-date symlink: /home/rohan/cobotx/install/nav_bot/share/nav_bot/worlds/meshes/nxt_racks/HD-01_A_26.png
[1.946s] -- Up-to-date symlink: /home/rohan/cobotx/install/nav_bot/share/nav_bot/worlds/meshes/nxt_racks/HD-01_A_27.png
[1.946s] -- Up-to-date symlink: /home/rohan/cobotx/install/nav_bot/share/nav_bot/worlds/meshes/nxt_racks/HD-01_A_28.png
[1.946s] -- Up-to-date symlink: /home/rohan/cobotx/install/nav_bot/share/nav_bot/worlds/meshes/nxt_racks/HD-01_A_29.png
[1.946s] -- Up-to-date symlink: /home/rohan/cobotx/install/nav_bot/share/nav_bot/worlds/meshes/nxt_racks/HD-01_A_30.png
[1.946s] -- Up-to-date symlink: /home/rohan/cobotx/install/nav_bot/share/nav_bot/worlds/meshes/nxt_racks/HD-01_A_31.png
[1.946s] -- Up-to-date symlink: /home/rohan/cobotx/install/nav_bot/share/nav_bot/worlds/meshes/nxt_racks/HD-01_A_32.png
[1.947s] -- Up-to-date symlink: /home/rohan/cobotx/install/nav_bot/share/nav_bot/worlds/meshes/nxt_racks/HD-01_A_33.png
[1.947s] -- Up-to-date symlink: /home/rohan/cobotx/install/nav_bot/share/nav_bot/worlds/meshes/nxt_racks/HD-01_A_33.png.001.png
[1.947s] -- Up-to-date symlink: /home/rohan/cobotx/install/nav_bot/share/nav_bot/worlds/meshes/nxt_racks/HD-01_A_34.png
[1.947s] -- Up-to-date symlink: /home/rohan/cobotx/install/nav_bot/share/nav_bot/worlds/meshes/nxt_racks/HD-01_A_35.png
[1.947s] -- Up-to-date symlink: /home/rohan/cobotx/install/nav_bot/share/nav_bot/worlds/meshes/nxt_racks/HD-01_A_36.png
[1.947s] -- Up-to-date symlink: /home/rohan/cobotx/install/nav_bot/share/nav_bot/worlds/meshes/nxt_racks/HD-01_A_37.png
[1.947s] -- Up-to-date symlink: /home/rohan/cobotx/install/nav_bot/share/nav_bot/worlds/meshes/nxt_racks/HD-01_A_37.png.001.png
[1.948s] -- Up-to-date symlink: /home/rohan/cobotx/install/nav_bot/share/nav_bot/worlds/meshes/nxt_racks/HD-01_A_38.png
[1.948s] -- Up-to-date symlink: /home/rohan/cobotx/install/nav_bot/share/nav_bot/worlds/meshes/nxt_racks/HD-01_B_01.png
[1.948s] -- Up-to-date symlink: /home/rohan/cobotx/install/nav_bot/share/nav_bot/worlds/meshes/nxt_racks/HD-01_B_02.png
[1.948s] -- Up-to-date symlink: /home/rohan/cobotx/install/nav_bot/share/nav_bot/worlds/meshes/nxt_racks/HD-01_B_03.png
[1.948s] -- Up-to-date symlink: /home/rohan/cobotx/install/nav_bot/share/nav_bot/worlds/meshes/nxt_racks/HD-01_B_04.png
[1.948s] -- Up-to-date symlink: /home/rohan/cobotx/install/nav_bot/share/nav_bot/worlds/meshes/nxt_racks/HD-01_B_05.png
[1.948s] -- Up-to-date symlink: /home/rohan/cobotx/install/nav_bot/share/nav_bot/worlds/meshes/nxt_racks/HD-01_B_06.png
[1.948s] -- Up-to-date symlink: /home/rohan/cobotx/install/nav_bot/share/nav_bot/worlds/meshes/nxt_racks/HD-01_B_07.png
[1.949s] -- Up-to-date symlink: /home/rohan/cobotx/install/nav_bot/share/nav_bot/worlds/meshes/nxt_racks/HD-01_B_07.png.001.png
[1.949s] -- Up-to-date symlink: /home/rohan/cobotx/install/nav_bot/share/nav_bot/worlds/meshes/nxt_racks/HD-01_B_08.png
[1.949s] -- Up-to-date symlink: /home/rohan/cobotx/install/nav_bot/share/nav_bot/worlds/meshes/nxt_racks/HD-01_B_09.png
[1.949s] -- Up-to-date symlink: /home/rohan/cobotx/install/nav_bot/share/nav_bot/worlds/meshes/nxt_racks/HD-01_B_10.png
[1.949s] -- Up-to-date symlink: /home/rohan/cobotx/install/nav_bot/share/nav_bot/worlds/meshes/nxt_racks/HD-01_B_11.png
[1.949s] -- Up-to-date symlink: /home/rohan/cobotx/install/nav_bot/share/nav_bot/worlds/meshes/nxt_racks/HD-01_B_12.png
[1.949s] -- Up-to-date symlink: /home/rohan/cobotx/install/nav_bot/share/nav_bot/worlds/meshes/nxt_racks/HD-01_B_13.png
[1.949s] -- Up-to-date symlink: /home/rohan/cobotx/install/nav_bot/share/nav_bot/worlds/meshes/nxt_racks/HD-01_B_14.png
[1.950s] -- Up-to-date symlink: /home/rohan/cobotx/install/nav_bot/share/nav_bot/worlds/meshes/nxt_racks/HD-01_B_15.png
[1.950s] -- Up-to-date symlink: /home/rohan/cobotx/install/nav_bot/share/nav_bot/worlds/meshes/nxt_racks/HD-01_B_16.png
[1.950s] -- Up-to-date symlink: /home/rohan/cobotx/install/nav_bot/share/nav_bot/worlds/meshes/nxt_racks/HD-01_B_19.png
[1.950s] -- Up-to-date symlink: /home/rohan/cobotx/install/nav_bot/share/nav_bot/worlds/meshes/nxt_racks/HD-01_B_20.png
[1.950s] -- Up-to-date symlink: /home/rohan/cobotx/install/nav_bot/share/nav_bot/worlds/meshes/nxt_racks/HD-01_B_22.png
[1.950s] -- Up-to-date symlink: /home/rohan/cobotx/install/nav_bot/share/nav_bot/worlds/meshes/nxt_racks/HD-01_B_23.png
[1.950s] -- Up-to-date symlink: /home/rohan/cobotx/install/nav_bot/share/nav_bot/worlds/meshes/nxt_racks/HD-01_B_24.png
[1.951s] -- Up-to-date symlink: /home/rohan/cobotx/install/nav_bot/share/nav_bot/worlds/meshes/nxt_racks/HD-01_B_25.png
[1.951s] -- Up-to-date symlink: /home/rohan/cobotx/install/nav_bot/share/nav_bot/worlds/meshes/nxt_racks/HD-01_B_26.png
[1.951s] -- Up-to-date symlink: /home/rohan/cobotx/install/nav_bot/share/nav_bot/worlds/meshes/nxt_racks/HD-01_B_27.png
[1.951s] -- Up-to-date symlink: /home/rohan/cobotx/install/nav_bot/share/nav_bot/worlds/meshes/nxt_racks/HD-01_B_28.png
[1.951s] -- Up-to-date symlink: /home/rohan/cobotx/install/nav_bot/share/nav_bot/worlds/meshes/nxt_racks/HD-01_B_29.png
[1.951s] -- Up-to-date symlink: /home/rohan/cobotx/install/nav_bot/share/nav_bot/worlds/meshes/nxt_racks/HD-01_B_30.png
[1.951s] -- Up-to-date symlink: /home/rohan/cobotx/install/nav_bot/share/nav_bot/worlds/meshes/nxt_racks/HD-01_B_31.png
[1.951s] -- Up-to-date symlink: /home/rohan/cobotx/install/nav_bot/share/nav_bot/worlds/meshes/nxt_racks/HD-01_B_32.png
[1.952s] -- Up-to-date symlink: /home/rohan/cobotx/install/nav_bot/share/nav_bot/worlds/meshes/nxt_racks/HD-01_B_34.png
[1.952s] -- Up-to-date symlink: /home/rohan/cobotx/install/nav_bot/share/nav_bot/worlds/meshes/nxt_racks/HD-01_B_35.png
[1.952s] -- Up-to-date symlink: /home/rohan/cobotx/install/nav_bot/share/nav_bot/worlds/meshes/nxt_racks/HD-01_B_36.png
[1.952s] -- Up-to-date symlink: /home/rohan/cobotx/install/nav_bot/share/nav_bot/worlds/meshes/nxt_racks/HD-01_B_38.png.001.png
[1.952s] -- Up-to-date symlink: /home/rohan/cobotx/install/nav_bot/share/nav_bot/worlds/meshes/nxt_racks/HD-01_C_01.png
[1.952s] -- Up-to-date symlink: /home/rohan/cobotx/install/nav_bot/share/nav_bot/worlds/meshes/nxt_racks/HD-01_C_02.png
[1.952s] -- Up-to-date symlink: /home/rohan/cobotx/install/nav_bot/share/nav_bot/worlds/meshes/nxt_racks/HD-01_C_03.png
[1.952s] -- Up-to-date symlink: /home/rohan/cobotx/install/nav_bot/share/nav_bot/worlds/meshes/nxt_racks/HD-01_C_04.png
[1.953s] -- Up-to-date symlink: /home/rohan/cobotx/install/nav_bot/share/nav_bot/worlds/meshes/nxt_racks/HD-01_C_05.png
[1.953s] -- Up-to-date symlink: /home/rohan/cobotx/install/nav_bot/share/nav_bot/worlds/meshes/nxt_racks/HD-01_C_06.png
[1.953s] -- Up-to-date symlink: /home/rohan/cobotx/install/nav_bot/share/nav_bot/worlds/meshes/nxt_racks/HD-01_C_07.png
[1.953s] -- Up-to-date symlink: /home/rohan/cobotx/install/nav_bot/share/nav_bot/worlds/meshes/nxt_racks/HD-01_C_08.png
[1.953s] -- Up-to-date symlink: /home/rohan/cobotx/install/nav_bot/share/nav_bot/worlds/meshes/nxt_racks/HD-01_C_09.png
[1.953s] -- Up-to-date symlink: /home/rohan/cobotx/install/nav_bot/share/nav_bot/worlds/meshes/nxt_racks/HD-01_C_10.png
[1.953s] -- Up-to-date symlink: /home/rohan/cobotx/install/nav_bot/share/nav_bot/worlds/meshes/nxt_racks/HD-01_C_11.png
[1.953s] -- Up-to-date symlink: /home/rohan/cobotx/install/nav_bot/share/nav_bot/worlds/meshes/nxt_racks/HD-01_C_12.png
[1.954s] -- Up-to-date symlink: /home/rohan/cobotx/install/nav_bot/share/nav_bot/worlds/meshes/nxt_racks/HD-01_C_13.png
[1.954s] -- Up-to-date symlink: /home/rohan/cobotx/install/nav_bot/share/nav_bot/worlds/meshes/nxt_racks/HD-01_C_14.png
[1.954s] -- Up-to-date symlink: /home/rohan/cobotx/install/nav_bot/share/nav_bot/worlds/meshes/nxt_racks/HD-01_C_15.png
[1.954s] -- Up-to-date symlink: /home/rohan/cobotx/install/nav_bot/share/nav_bot/worlds/meshes/nxt_racks/HD-01_C_16.png
[1.954s] -- Up-to-date symlink: /home/rohan/cobotx/install/nav_bot/share/nav_bot/worlds/meshes/nxt_racks/HD-01_C_19.png
[1.955s] -- Up-to-date symlink: /home/rohan/cobotx/install/nav_bot/share/nav_bot/worlds/meshes/nxt_racks/HD-01_C_20.png
[1.955s] -- Up-to-date symlink: /home/rohan/cobotx/install/nav_bot/share/nav_bot/worlds/meshes/nxt_racks/HD-01_C_21.png
[1.955s] -- Up-to-date symlink: /home/rohan/cobotx/install/nav_bot/share/nav_bot/worlds/meshes/nxt_racks/HD-01_C_22.png
[1.955s] -- Up-to-date symlink: /home/rohan/cobotx/install/nav_bot/share/nav_bot/worlds/meshes/nxt_racks/HD-01_C_23.png
[1.956s] -- Up-to-date symlink: /home/rohan/cobotx/install/nav_bot/share/nav_bot/worlds/meshes/nxt_racks/HD-01_C_24.png
[1.956s] -- Up-to-date symlink: /home/rohan/cobotx/install/nav_bot/share/nav_bot/worlds/meshes/nxt_racks/HD-01_C_25.png
[1.956s] -- Up-to-date symlink: /home/rohan/cobotx/install/nav_bot/share/nav_bot/worlds/meshes/nxt_racks/HD-01_C_26.png
[1.956s] -- Up-to-date symlink: /home/rohan/cobotx/install/nav_bot/share/nav_bot/worlds/meshes/nxt_racks/HD-01_C_27.png
[1.956s] -- Up-to-date symlink: /home/rohan/cobotx/install/nav_bot/share/nav_bot/worlds/meshes/nxt_racks/HD-01_C_28.png
[1.957s] -- Up-to-date symlink: /home/rohan/cobotx/install/nav_bot/share/nav_bot/worlds/meshes/nxt_racks/HD-01_C_29.png
[1.957s] -- Up-to-date symlink: /home/rohan/cobotx/install/nav_bot/share/nav_bot/worlds/meshes/nxt_racks/HD-01_C_30.png
[1.957s] -- Up-to-date symlink: /home/rohan/cobotx/install/nav_bot/share/nav_bot/worlds/meshes/nxt_racks/HD-01_C_31.png
[1.957s] -- Up-to-date symlink: /home/rohan/cobotx/install/nav_bot/share/nav_bot/worlds/meshes/nxt_racks/HD-01_C_32.png
[1.958s] -- Up-to-date symlink: /home/rohan/cobotx/install/nav_bot/share/nav_bot/worlds/meshes/nxt_racks/HD-01_C_33.png
[1.958s] -- Up-to-date symlink: /home/rohan/cobotx/install/nav_bot/share/nav_bot/worlds/meshes/nxt_racks/HD-01_C_34.png
[1.958s] -- Up-to-date symlink: /home/rohan/cobotx/install/nav_bot/share/nav_bot/worlds/meshes/nxt_racks/HD-01_C_35.png
[1.958s] -- Up-to-date symlink: /home/rohan/cobotx/install/nav_bot/share/nav_bot/worlds/meshes/nxt_racks/HD-01_C_36.png
[1.958s] -- Up-to-date symlink: /home/rohan/cobotx/install/nav_bot/share/nav_bot/worlds/meshes/nxt_racks/HD-01_C_37.png
[1.959s] -- Up-to-date symlink: /home/rohan/cobotx/install/nav_bot/share/nav_bot/worlds/meshes/nxt_racks/HD-01_C_38.png
[1.959s] -- Up-to-date symlink: /home/rohan/cobotx/install/nav_bot/share/nav_bot/worlds/meshes/nxt_racks/HD-01_C_38.png.001.png
[1.959s] -- Up-to-date symlink: /home/rohan/cobotx/install/nav_bot/share/nav_bot/worlds/meshes/nxt_racks/HD-01_D_01.png
[1.959s] -- Up-to-date symlink: /home/rohan/cobotx/install/nav_bot/share/nav_bot/worlds/meshes/nxt_racks/HD-01_D_02.png
[1.959s] -- Up-to-date symlink: /home/rohan/cobotx/install/nav_bot/share/nav_bot/worlds/meshes/nxt_racks/HD-01_D_03.png
[1.960s] -- Up-to-date symlink: /home/rohan/cobotx/install/nav_bot/share/nav_bot/worlds/meshes/nxt_racks/HD-01_D_04.png
[1.960s] -- Up-to-date symlink: /home/rohan/cobotx/install/nav_bot/share/nav_bot/worlds/meshes/nxt_racks/HD-01_D_05.png
[1.960s] -- Up-to-date symlink: /home/rohan/cobotx/install/nav_bot/share/nav_bot/worlds/meshes/nxt_racks/HD-01_D_06.png
[1.960s] -- Up-to-date symlink: /home/rohan/cobotx/install/nav_bot/share/nav_bot/worlds/meshes/nxt_racks/HD-01_D_08.png
[1.961s] -- Up-to-date symlink: /home/rohan/cobotx/install/nav_bot/share/nav_bot/worlds/meshes/nxt_racks/HD-01_D_09.png
[1.961s] -- Up-to-date symlink: /home/rohan/cobotx/install/nav_bot/share/nav_bot/worlds/meshes/nxt_racks/HD-01_D_10.png
[1.961s] -- Up-to-date symlink: /home/rohan/cobotx/install/nav_bot/share/nav_bot/worlds/meshes/nxt_racks/HD-01_D_11.png
[1.961s] -- Up-to-date symlink: /home/rohan/cobotx/install/nav_bot/share/nav_bot/worlds/meshes/nxt_racks/HD-01_D_12.png
[1.961s] -- Up-to-date symlink: /home/rohan/cobotx/install/nav_bot/share/nav_bot/worlds/meshes/nxt_racks/HD-01_D_13.png
[1.962s] -- Up-to-date symlink: /home/rohan/cobotx/install/nav_bot/share/nav_bot/worlds/meshes/nxt_racks/HD-01_D_14.png
[1.962s] -- Up-to-date symlink: /home/rohan/cobotx/install/nav_bot/share/nav_bot/worlds/meshes/nxt_racks/HD-01_D_16.png
[1.962s] -- Up-to-date symlink: /home/rohan/cobotx/install/nav_bot/share/nav_bot/worlds/meshes/nxt_racks/HD-01_D_17.png
[1.962s] -- Up-to-date symlink: /home/rohan/cobotx/install/nav_bot/share/nav_bot/worlds/meshes/nxt_racks/HD-01_D_18.png
[1.962s] -- Up-to-date symlink: /home/rohan/cobotx/install/nav_bot/share/nav_bot/worlds/meshes/nxt_racks/HD-01_D_19.png
[1.962s] -- Up-to-date symlink: /home/rohan/cobotx/install/nav_bot/share/nav_bot/worlds/meshes/nxt_racks/HD-01_D_20.png
[1.963s] -- Up-to-date symlink: /home/rohan/cobotx/install/nav_bot/share/nav_bot/worlds/meshes/nxt_racks/HD-01_D_21.png
[1.963s] -- Up-to-date symlink: /home/rohan/cobotx/install/nav_bot/share/nav_bot/worlds/meshes/nxt_racks/HD-01_D_22.png
[1.963s] -- Up-to-date symlink: /home/rohan/cobotx/install/nav_bot/share/nav_bot/worlds/meshes/nxt_racks/HD-01_D_23.png
[1.963s] -- Up-to-date symlink: /home/rohan/cobotx/install/nav_bot/share/nav_bot/worlds/meshes/nxt_racks/HD-01_D_24.png
[1.963s] -- Up-to-date symlink: /home/rohan/cobotx/install/nav_bot/share/nav_bot/worlds/meshes/nxt_racks/HD-01_D_25.png
[1.963s] -- Up-to-date symlink: /home/rohan/cobotx/install/nav_bot/share/nav_bot/worlds/meshes/nxt_racks/HD-01_D_26.png
[1.963s] -- Up-to-date symlink: /home/rohan/cobotx/install/nav_bot/share/nav_bot/worlds/meshes/nxt_racks/HD-01_D_27.png
[1.963s] -- Up-to-date symlink: /home/rohan/cobotx/install/nav_bot/share/nav_bot/worlds/meshes/nxt_racks/HD-01_D_28.png
[1.964s] -- Up-to-date symlink: /home/rohan/cobotx/install/nav_bot/share/nav_bot/worlds/meshes/nxt_racks/HD-01_D_29.png
[1.964s] -- Up-to-date symlink: /home/rohan/cobotx/install/nav_bot/share/nav_bot/worlds/meshes/nxt_racks/HD-01_D_30.png
[1.964s] -- Up-to-date symlink: /home/rohan/cobotx/install/nav_bot/share/nav_bot/worlds/meshes/nxt_racks/HD-01_D_31.png
[1.964s] -- Up-to-date symlink: /home/rohan/cobotx/install/nav_bot/share/nav_bot/worlds/meshes/nxt_racks/HD-01_D_32.png
[1.964s] -- Up-to-date symlink: /home/rohan/cobotx/install/nav_bot/share/nav_bot/worlds/meshes/nxt_racks/HD-01_D_33.png
[1.964s] -- Up-to-date symlink: /home/rohan/cobotx/install/nav_bot/share/nav_bot/worlds/meshes/nxt_racks/HD-01_D_34.png
[1.964s] -- Up-to-date symlink: /home/rohan/cobotx/install/nav_bot/share/nav_bot/worlds/meshes/nxt_racks/HD-01_D_35.png
[1.964s] -- Up-to-date symlink: /home/rohan/cobotx/install/nav_bot/share/nav_bot/worlds/meshes/nxt_racks/HD-01_D_36.png
[1.965s] -- Up-to-date symlink: /home/rohan/cobotx/install/nav_bot/share/nav_bot/worlds/meshes/nxt_racks/HD-01_D_37.png
[1.965s] -- Up-to-date symlink: /home/rohan/cobotx/install/nav_bot/share/nav_bot/worlds/meshes/nxt_racks/HD-01_D_38.png
[1.965s] -- Up-to-date symlink: /home/rohan/cobotx/install/nav_bot/share/nav_bot/worlds/meshes/nxt_racks/HD-01_E_01.png
[1.965s] -- Up-to-date symlink: /home/rohan/cobotx/install/nav_bot/share/nav_bot/worlds/meshes/nxt_racks/HD-01_E_02.png
[1.965s] -- Up-to-date symlink: /home/rohan/cobotx/install/nav_bot/share/nav_bot/worlds/meshes/nxt_racks/HD-01_E_03.png
[1.965s] -- Up-to-date symlink: /home/rohan/cobotx/install/nav_bot/share/nav_bot/worlds/meshes/nxt_racks/HD-01_E_04.png
[1.965s] -- Up-to-date symlink: /home/rohan/cobotx/install/nav_bot/share/nav_bot/worlds/meshes/nxt_racks/HD-01_E_05.png
[1.966s] -- Up-to-date symlink: /home/rohan/cobotx/install/nav_bot/share/nav_bot/worlds/meshes/nxt_racks/HD-01_E_06.png
[1.966s] -- Up-to-date symlink: /home/rohan/cobotx/install/nav_bot/share/nav_bot/worlds/meshes/nxt_racks/HD-01_E_07.png
[1.966s] -- Up-to-date symlink: /home/rohan/cobotx/install/nav_bot/share/nav_bot/worlds/meshes/nxt_racks/HD-01_E_08.png
[1.966s] -- Up-to-date symlink: /home/rohan/cobotx/install/nav_bot/share/nav_bot/worlds/meshes/nxt_racks/HD-01_E_09.png
[1.966s] -- Up-to-date symlink: /home/rohan/cobotx/install/nav_bot/share/nav_bot/worlds/meshes/nxt_racks/HD-01_E_10.png
[1.966s] -- Up-to-date symlink: /home/rohan/cobotx/install/nav_bot/share/nav_bot/worlds/meshes/nxt_racks/HD-01_E_11.png
[1.967s] -- Up-to-date symlink: /home/rohan/cobotx/install/nav_bot/share/nav_bot/worlds/meshes/nxt_racks/HD-01_E_12.png
[1.967s] -- Up-to-date symlink: /home/rohan/cobotx/install/nav_bot/share/nav_bot/worlds/meshes/nxt_racks/HD-01_E_13.png
[1.967s] -- Up-to-date symlink: /home/rohan/cobotx/install/nav_bot/share/nav_bot/worlds/meshes/nxt_racks/HD-01_E_14.png
[1.967s] -- Up-to-date symlink: /home/rohan/cobotx/install/nav_bot/share/nav_bot/worlds/meshes/nxt_racks/HD-01_E_15.png
[1.967s] -- Up-to-date symlink: /home/rohan/cobotx/install/nav_bot/share/nav_bot/worlds/meshes/nxt_racks/HD-01_E_16.png
[1.967s] -- Up-to-date symlink: /home/rohan/cobotx/install/nav_bot/share/nav_bot/worlds/meshes/nxt_racks/HD-01_E_17.png
[1.968s] -- Up-to-date symlink: /home/rohan/cobotx/install/nav_bot/share/nav_bot/worlds/meshes/nxt_racks/HD-01_E_18.png
[1.968s] -- Up-to-date symlink: /home/rohan/cobotx/install/nav_bot/share/nav_bot/worlds/meshes/nxt_racks/HD-01_E_19.png
[1.968s] -- Up-to-date symlink: /home/rohan/cobotx/install/nav_bot/share/nav_bot/worlds/meshes/nxt_racks/HD-01_E_20.png
[1.968s] -- Up-to-date symlink: /home/rohan/cobotx/install/nav_bot/share/nav_bot/worlds/meshes/nxt_racks/HD-01_E_21.png
[1.968s] -- Up-to-date symlink: /home/rohan/cobotx/install/nav_bot/share/nav_bot/worlds/meshes/nxt_racks/HD-01_E_22.png
[1.968s] -- Up-to-date symlink: /home/rohan/cobotx/install/nav_bot/share/nav_bot/worlds/meshes/nxt_racks/HD-01_E_23.png
[1.968s] -- Up-to-date symlink: /home/rohan/cobotx/install/nav_bot/share/nav_bot/worlds/meshes/nxt_racks/HD-01_E_24.png
[1.969s] -- Up-to-date symlink: /home/rohan/cobotx/install/nav_bot/share/nav_bot/worlds/meshes/nxt_racks/HD-01_E_25.png
[1.969s] -- Up-to-date symlink: /home/rohan/cobotx/install/nav_bot/share/nav_bot/worlds/meshes/nxt_racks/HD-01_E_26.png
[1.969s] -- Up-to-date symlink: /home/rohan/cobotx/install/nav_bot/share/nav_bot/worlds/meshes/nxt_racks/HD-01_E_27.png
[1.969s] -- Up-to-date symlink: /home/rohan/cobotx/install/nav_bot/share/nav_bot/worlds/meshes/nxt_racks/HD-01_E_28.png
[1.969s] -- Up-to-date symlink: /home/rohan/cobotx/install/nav_bot/share/nav_bot/worlds/meshes/nxt_racks/HD-01_E_29.png
[1.969s] -- Up-to-date symlink: /home/rohan/cobotx/install/nav_bot/share/nav_bot/worlds/meshes/nxt_racks/HD-01_E_30.png
[1.969s] -- Up-to-date symlink: /home/rohan/cobotx/install/nav_bot/share/nav_bot/worlds/meshes/nxt_racks/HD-01_E_31.png
[1.970s] -- Up-to-date symlink: /home/rohan/cobotx/install/nav_bot/share/nav_bot/worlds/meshes/nxt_racks/HD-01_E_32.png
[1.970s] -- Up-to-date symlink: /home/rohan/cobotx/install/nav_bot/share/nav_bot/worlds/meshes/nxt_racks/HD-01_E_33.png
[1.970s] -- Up-to-date symlink: /home/rohan/cobotx/install/nav_bot/share/nav_bot/worlds/meshes/nxt_racks/HD-01_E_34.png
[1.970s] -- Up-to-date symlink: /home/rohan/cobotx/install/nav_bot/share/nav_bot/worlds/meshes/nxt_racks/HD-01_E_35.png
[1.970s] -- Up-to-date symlink: /home/rohan/cobotx/install/nav_bot/share/nav_bot/worlds/meshes/nxt_racks/HD-01_E_36.png
[1.970s] -- Up-to-date symlink: /home/rohan/cobotx/install/nav_bot/share/nav_bot/worlds/meshes/nxt_racks/HD-01_E_37.png
[1.970s] -- Up-to-date symlink: /home/rohan/cobotx/install/nav_bot/share/nav_bot/worlds/meshes/nxt_racks/HD-01_E_38.png
[1.971s] -- Up-to-date symlink: /home/rohan/cobotx/install/nav_bot/share/nav_bot/worlds/meshes/nxt_racks/HD-01_F_01.png
[1.971s] -- Up-to-date symlink: /home/rohan/cobotx/install/nav_bot/share/nav_bot/worlds/meshes/nxt_racks/HD-01_F_02.png
[1.971s] -- Up-to-date symlink: /home/rohan/cobotx/install/nav_bot/share/nav_bot/worlds/meshes/nxt_racks/HD-01_F_03.png
[1.971s] -- Up-to-date symlink: /home/rohan/cobotx/install/nav_bot/share/nav_bot/worlds/meshes/nxt_racks/HD-01_F_04.png
[1.971s] -- Up-to-date symlink: /home/rohan/cobotx/install/nav_bot/share/nav_bot/worlds/meshes/nxt_racks/HD-01_F_05.png
[1.971s] -- Up-to-date symlink: /home/rohan/cobotx/install/nav_bot/share/nav_bot/worlds/meshes/nxt_racks/HD-01_F_06.png
[1.971s] -- Up-to-date symlink: /home/rohan/cobotx/install/nav_bot/share/nav_bot/worlds/meshes/nxt_racks/HD-01_F_07.png
[1.972s] -- Up-to-date symlink: /home/rohan/cobotx/install/nav_bot/share/nav_bot/worlds/meshes/nxt_racks/HD-01_F_08.png
[1.972s] -- Up-to-date symlink: /home/rohan/cobotx/install/nav_bot/share/nav_bot/worlds/meshes/nxt_racks/HD-01_F_09.png
[1.972s] -- Up-to-date symlink: /home/rohan/cobotx/install/nav_bot/share/nav_bot/worlds/meshes/nxt_racks/HD-01_F_10.png
[1.972s] -- Up-to-date symlink: /home/rohan/cobotx/install/nav_bot/share/nav_bot/worlds/meshes/nxt_racks/HD-01_F_12.png
[1.972s] -- Up-to-date symlink: /home/rohan/cobotx/install/nav_bot/share/nav_bot/worlds/meshes/nxt_racks/HD-01_F_13.png
[1.972s] -- Up-to-date symlink: /home/rohan/cobotx/install/nav_bot/share/nav_bot/worlds/meshes/nxt_racks/HD-01_F_14.png
[1.972s] -- Up-to-date symlink: /home/rohan/cobotx/install/nav_bot/share/nav_bot/worlds/meshes/nxt_racks/HD-01_F_15.png
[1.972s] -- Up-to-date symlink: /home/rohan/cobotx/install/nav_bot/share/nav_bot/worlds/meshes/nxt_racks/HD-01_F_16.png
[1.973s] -- Up-to-date symlink: /home/rohan/cobotx/install/nav_bot/share/nav_bot/worlds/meshes/nxt_racks/HD-01_F_17.png
[1.973s] -- Up-to-date symlink: /home/rohan/cobotx/install/nav_bot/share/nav_bot/worlds/meshes/nxt_racks/HD-01_F_18.png
[1.973s] -- Up-to-date symlink: /home/rohan/cobotx/install/nav_bot/share/nav_bot/worlds/meshes/nxt_racks/HD-01_F_19.png
[1.973s] -- Up-to-date symlink: /home/rohan/cobotx/install/nav_bot/share/nav_bot/worlds/meshes/nxt_racks/HD-01_F_20.png
[1.973s] -- Up-to-date symlink: /home/rohan/cobotx/install/nav_bot/share/nav_bot/worlds/meshes/nxt_racks/HD-01_F_21.png
[1.973s] -- Up-to-date symlink: /home/rohan/cobotx/install/nav_bot/share/nav_bot/worlds/meshes/nxt_racks/HD-01_F_22.png
[1.973s] -- Up-to-date symlink: /home/rohan/cobotx/install/nav_bot/share/nav_bot/worlds/meshes/nxt_racks/HD-01_F_23.png
[1.974s] -- Up-to-date symlink: /home/rohan/cobotx/install/nav_bot/share/nav_bot/worlds/meshes/nxt_racks/HD-01_F_24.png
[1.974s] -- Up-to-date symlink: /home/rohan/cobotx/install/nav_bot/share/nav_bot/worlds/meshes/nxt_racks/HD-01_F_25.png
[1.974s] -- Up-to-date symlink: /home/rohan/cobotx/install/nav_bot/share/nav_bot/worlds/meshes/nxt_racks/HD-01_F_26.png
[1.974s] -- Up-to-date symlink: /home/rohan/cobotx/install/nav_bot/share/nav_bot/worlds/meshes/nxt_racks/HD-01_F_27.png
[1.974s] -- Up-to-date symlink: /home/rohan/cobotx/install/nav_bot/share/nav_bot/worlds/meshes/nxt_racks/HD-01_F_28.png
[1.974s] -- Up-to-date symlink: /home/rohan/cobotx/install/nav_bot/share/nav_bot/worlds/meshes/nxt_racks/HD-01_F_29.png
[1.974s] -- Up-to-date symlink: /home/rohan/cobotx/install/nav_bot/share/nav_bot/worlds/meshes/nxt_racks/HD-01_F_30.png
[1.975s] -- Up-to-date symlink: /home/rohan/cobotx/install/nav_bot/share/nav_bot/worlds/meshes/nxt_racks/HD-01_F_31.png
[1.975s] -- Up-to-date symlink: /home/rohan/cobotx/install/nav_bot/share/nav_bot/worlds/meshes/nxt_racks/HD-01_F_32.png
[1.975s] -- Up-to-date symlink: /home/rohan/cobotx/install/nav_bot/share/nav_bot/worlds/meshes/nxt_racks/HD-01_F_33.png
[1.975s] -- Up-to-date symlink: /home/rohan/cobotx/install/nav_bot/share/nav_bot/worlds/meshes/nxt_racks/HD-01_F_34.png
[1.975s] -- Up-to-date symlink: /home/rohan/cobotx/install/nav_bot/share/nav_bot/worlds/meshes/nxt_racks/HD-01_F_35.png
[1.975s] -- Up-to-date symlink: /home/rohan/cobotx/install/nav_bot/share/nav_bot/worlds/meshes/nxt_racks/HD-01_F_36.png
[1.975s] -- Up-to-date symlink: /home/rohan/cobotx/install/nav_bot/share/nav_bot/worlds/meshes/nxt_racks/HD-01_F_37.png
[1.975s] -- Up-to-date symlink: /home/rohan/cobotx/install/nav_bot/share/nav_bot/worlds/meshes/nxt_racks/HD-01_F_38.png
[1.976s] -- Up-to-date symlink: /home/rohan/cobotx/install/nav_bot/share/nav_bot/worlds/meshes/nxt_racks/HD-01_G_01.png
[1.976s] -- Up-to-date symlink: /home/rohan/cobotx/install/nav_bot/share/nav_bot/worlds/meshes/nxt_racks/HD-01_G_02.png
[1.976s] -- Up-to-date symlink: /home/rohan/cobotx/install/nav_bot/share/nav_bot/worlds/meshes/nxt_racks/HD-01_G_03.png
[1.976s] -- Up-to-date symlink: /home/rohan/cobotx/install/nav_bot/share/nav_bot/worlds/meshes/nxt_racks/HD-01_G_04.png
[1.976s] -- Up-to-date symlink: /home/rohan/cobotx/install/nav_bot/share/nav_bot/worlds/meshes/nxt_racks/HD-01_G_05.png
[1.976s] -- Up-to-date symlink: /home/rohan/cobotx/install/nav_bot/share/nav_bot/worlds/meshes/nxt_racks/HD-01_G_06.png
[1.977s] -- Up-to-date symlink: /home/rohan/cobotx/install/nav_bot/share/nav_bot/worlds/meshes/nxt_racks/HD-01_G_07.png
[1.977s] -- Up-to-date symlink: /home/rohan/cobotx/install/nav_bot/share/nav_bot/worlds/meshes/nxt_racks/HD-01_G_08.png
[1.977s] -- Up-to-date symlink: /home/rohan/cobotx/install/nav_bot/share/nav_bot/worlds/meshes/nxt_racks/HD-01_G_09.png
[1.977s] -- Up-to-date symlink: /home/rohan/cobotx/install/nav_bot/share/nav_bot/worlds/meshes/nxt_racks/HD-01_G_10.png
[1.977s] -- Up-to-date symlink: /home/rohan/cobotx/install/nav_bot/share/nav_bot/worlds/meshes/nxt_racks/HD-01_G_11.png
[1.977s] -- Up-to-date symlink: /home/rohan/cobotx/install/nav_bot/share/nav_bot/worlds/meshes/nxt_racks/HD-01_G_12.png
[1.977s] -- Up-to-date symlink: /home/rohan/cobotx/install/nav_bot/share/nav_bot/worlds/meshes/nxt_racks/HD-01_G_13.png
[1.977s] -- Up-to-date symlink: /home/rohan/cobotx/install/nav_bot/share/nav_bot/worlds/meshes/nxt_racks/HD-01_G_14.png
[1.978s] -- Up-to-date symlink: /home/rohan/cobotx/install/nav_bot/share/nav_bot/worlds/meshes/nxt_racks/HD-01_G_15.png
[1.978s] -- Up-to-date symlink: /home/rohan/cobotx/install/nav_bot/share/nav_bot/worlds/meshes/nxt_racks/HD-01_G_16.png
[1.978s] -- Up-to-date symlink: /home/rohan/cobotx/install/nav_bot/share/nav_bot/worlds/meshes/nxt_racks/HD-01_G_17.png
[1.978s] -- Up-to-date symlink: /home/rohan/cobotx/install/nav_bot/share/nav_bot/worlds/meshes/nxt_racks/HD-01_G_18.png
[1.978s] -- Up-to-date symlink: /home/rohan/cobotx/install/nav_bot/share/nav_bot/worlds/meshes/nxt_racks/HD-01_G_19.png
[1.978s] -- Up-to-date symlink: /home/rohan/cobotx/install/nav_bot/share/nav_bot/worlds/meshes/nxt_racks/HD-01_G_20.png
[1.978s] -- Up-to-date symlink: /home/rohan/cobotx/install/nav_bot/share/nav_bot/worlds/meshes/nxt_racks/HD-01_G_21.png
[1.979s] -- Up-to-date symlink: /home/rohan/cobotx/install/nav_bot/share/nav_bot/worlds/meshes/nxt_racks/HD-01_G_22.png
[1.979s] -- Up-to-date symlink: /home/rohan/cobotx/install/nav_bot/share/nav_bot/worlds/meshes/nxt_racks/HD-01_G_23.png
[1.979s] -- Up-to-date symlink: /home/rohan/cobotx/install/nav_bot/share/nav_bot/worlds/meshes/nxt_racks/HD-01_G_24.png
[1.979s] -- Up-to-date symlink: /home/rohan/cobotx/install/nav_bot/share/nav_bot/worlds/meshes/nxt_racks/HD-01_G_25.png
[1.979s] -- Up-to-date symlink: /home/rohan/cobotx/install/nav_bot/share/nav_bot/worlds/meshes/nxt_racks/HD-01_G_26.png
[1.979s] -- Up-to-date symlink: /home/rohan/cobotx/install/nav_bot/share/nav_bot/worlds/meshes/nxt_racks/HD-01_G_27.png
[1.979s] -- Up-to-date symlink: /home/rohan/cobotx/install/nav_bot/share/nav_bot/worlds/meshes/nxt_racks/HD-01_G_28.png
[1.979s] -- Up-to-date symlink: /home/rohan/cobotx/install/nav_bot/share/nav_bot/worlds/meshes/nxt_racks/HD-01_G_29.png
[1.980s] -- Up-to-date symlink: /home/rohan/cobotx/install/nav_bot/share/nav_bot/worlds/meshes/nxt_racks/HD-01_G_30.png
[1.980s] -- Up-to-date symlink: /home/rohan/cobotx/install/nav_bot/share/nav_bot/worlds/meshes/nxt_racks/HD-01_G_31.png
[1.980s] -- Up-to-date symlink: /home/rohan/cobotx/install/nav_bot/share/nav_bot/worlds/meshes/nxt_racks/HD-01_G_32.png
[1.980s] -- Up-to-date symlink: /home/rohan/cobotx/install/nav_bot/share/nav_bot/worlds/meshes/nxt_racks/HD-01_G_33.png
[1.980s] -- Up-to-date symlink: /home/rohan/cobotx/install/nav_bot/share/nav_bot/worlds/meshes/nxt_racks/HD-01_G_34.png
[1.980s] -- Up-to-date symlink: /home/rohan/cobotx/install/nav_bot/share/nav_bot/worlds/meshes/nxt_racks/HD-01_G_35.png
[1.980s] -- Up-to-date symlink: /home/rohan/cobotx/install/nav_bot/share/nav_bot/worlds/meshes/nxt_racks/HD-01_G_36.png
[1.980s] -- Up-to-date symlink: /home/rohan/cobotx/install/nav_bot/share/nav_bot/worlds/meshes/nxt_racks/HD-01_G_37.png
[1.981s] -- Up-to-date symlink: /home/rohan/cobotx/install/nav_bot/share/nav_bot/worlds/meshes/nxt_racks/HD-01_G_38.png
[1.981s] -- Up-to-date symlink: /home/rohan/cobotx/install/nav_bot/share/nav_bot/worlds/meshes/nxt_racks/NxT_warehouse.dae
[1.981s] -- Up-to-date symlink: /home/rohan/cobotx/install/nav_bot/share/nav_bot/worlds/meshes/nxt_racks/NxT_warehouse_colision.stl
[1.981s] -- Up-to-date symlink: /home/rohan/cobotx/install/nav_bot/share/nav_bot/worlds/meshes/nxt_racks/Rough_Square_Concrete_Block.jpg
[1.981s] -- Up-to-date symlink: /home/rohan/cobotx/install/nav_bot/share/nav_bot/worlds/meshes/nxt_racks/Tape001_1K_Color.png
[1.981s] -- Up-to-date symlink: /home/rohan/cobotx/install/nav_bot/share/nav_bot/worlds/meshes/nxt_racks/Terrazzo005_1K_Color.jpg
[1.981s] -- Up-to-date symlink: /home/rohan/cobotx/install/nav_bot/share/nav_bot/worlds/meshes/nxt_racks/back.png
[1.982s] -- Up-to-date symlink: /home/rohan/cobotx/install/nav_bot/share/nav_bot/worlds/meshes/nxt_racks/bts_qr_codes/BTS00068631.png
[1.982s] -- Up-to-date symlink: /home/rohan/cobotx/install/nav_bot/share/nav_bot/worlds/meshes/nxt_racks/bts_qr_codes/BTS00068632.png
[1.982s] -- Up-to-date symlink: /home/rohan/cobotx/install/nav_bot/share/nav_bot/worlds/meshes/nxt_racks/bts_qr_codes/BTS00068633.png
[1.982s] -- Up-to-date symlink: /home/rohan/cobotx/install/nav_bot/share/nav_bot/worlds/meshes/nxt_racks/bts_qr_codes/BTS00068634.png
[1.982s] -- Up-to-date symlink: /home/rohan/cobotx/install/nav_bot/share/nav_bot/worlds/meshes/nxt_racks/bts_qr_codes/BTS00068635.png
[1.982s] -- Up-to-date symlink: /home/rohan/cobotx/install/nav_bot/share/nav_bot/worlds/meshes/nxt_racks/bts_qr_codes/BTS00068636.png
[1.982s] -- Up-to-date symlink: /home/rohan/cobotx/install/nav_bot/share/nav_bot/worlds/meshes/nxt_racks/bts_qr_codes/BTS00068637.png
[1.983s] -- Up-to-date symlink: /home/rohan/cobotx/install/nav_bot/share/nav_bot/worlds/meshes/nxt_racks/bts_qr_codes/BTS00068638.png
[1.983s] -- Up-to-date symlink: /home/rohan/cobotx/install/nav_bot/share/nav_bot/worlds/meshes/nxt_racks/bts_qr_codes/BTS00068639.png
[1.983s] -- Up-to-date symlink: /home/rohan/cobotx/install/nav_bot/share/nav_bot/worlds/meshes/nxt_racks/bts_qr_codes/BTS00068640.png
[1.983s] -- Up-to-date symlink: /home/rohan/cobotx/install/nav_bot/share/nav_bot/worlds/meshes/nxt_racks/bts_qr_codes/BTS00068641.png
[1.983s] -- Up-to-date symlink: /home/rohan/cobotx/install/nav_bot/share/nav_bot/worlds/meshes/nxt_racks/bts_qr_codes/BTS00068642.png
[1.983s] -- Up-to-date symlink: /home/rohan/cobotx/install/nav_bot/share/nav_bot/worlds/meshes/nxt_racks/bts_qr_codes/BTS00068643.png
[1.983s] -- Up-to-date symlink: /home/rohan/cobotx/install/nav_bot/share/nav_bot/worlds/meshes/nxt_racks/bts_qr_codes/BTS00068644.png
[1.984s] -- Up-to-date symlink: /home/rohan/cobotx/install/nav_bot/share/nav_bot/worlds/meshes/nxt_racks/bts_qr_codes/BTS00068645.png
[1.984s] -- Up-to-date symlink: /home/rohan/cobotx/install/nav_bot/share/nav_bot/worlds/meshes/nxt_racks/bts_qr_codes/BTS00068646.png
[1.984s] -- Up-to-date symlink: /home/rohan/cobotx/install/nav_bot/share/nav_bot/worlds/meshes/nxt_racks/bts_qr_codes/BTS00068647.png
[1.984s] -- Up-to-date symlink: /home/rohan/cobotx/install/nav_bot/share/nav_bot/worlds/meshes/nxt_racks/bts_qr_codes/BTS00068648.png
[1.984s] -- Up-to-date symlink: /home/rohan/cobotx/install/nav_bot/share/nav_bot/worlds/meshes/nxt_racks/bts_qr_codes/BTS00068649.png
[1.984s] -- Up-to-date symlink: /home/rohan/cobotx/install/nav_bot/share/nav_bot/worlds/meshes/nxt_racks/bts_qr_codes/BTS00068650.png
[1.984s] -- Up-to-date symlink: /home/rohan/cobotx/install/nav_bot/share/nav_bot/worlds/meshes/nxt_racks/bts_qr_codes/BTS00068651.png
[1.985s] -- Up-to-date symlink: /home/rohan/cobotx/install/nav_bot/share/nav_bot/worlds/meshes/nxt_racks/bts_qr_codes/BTS00068652.png
[1.985s] -- Up-to-date symlink: /home/rohan/cobotx/install/nav_bot/share/nav_bot/worlds/meshes/nxt_racks/bts_qr_codes/BTS00068653.png
[1.985s] -- Up-to-date symlink: /home/rohan/cobotx/install/nav_bot/share/nav_bot/worlds/meshes/nxt_racks/bts_qr_codes/BTS00068654.png
[1.985s] -- Up-to-date symlink: /home/rohan/cobotx/install/nav_bot/share/nav_bot/worlds/meshes/nxt_racks/bts_qr_codes/BTS00068655.png
[1.985s] -- Up-to-date symlink: /home/rohan/cobotx/install/nav_bot/share/nav_bot/worlds/meshes/nxt_racks/bts_qr_codes/BTS00068656.png
[1.985s] -- Up-to-date symlink: /home/rohan/cobotx/install/nav_bot/share/nav_bot/worlds/meshes/nxt_racks/bts_qr_codes/BTS00068657.png
[1.985s] -- Up-to-date symlink: /home/rohan/cobotx/install/nav_bot/share/nav_bot/worlds/meshes/nxt_racks/bts_qr_codes/BTS00068658.png
[1.986s] -- Up-to-date symlink: /home/rohan/cobotx/install/nav_bot/share/nav_bot/worlds/meshes/nxt_racks/bts_qr_codes/BTS00068659.png
[1.986s] -- Up-to-date symlink: /home/rohan/cobotx/install/nav_bot/share/nav_bot/worlds/meshes/nxt_racks/bts_qr_codes/BTS00068660.png
[1.986s] -- Up-to-date symlink: /home/rohan/cobotx/install/nav_bot/share/nav_bot/worlds/meshes/nxt_racks/bts_qr_codes/BTS00068661.png
[1.986s] -- Up-to-date symlink: /home/rohan/cobotx/install/nav_bot/share/nav_bot/worlds/meshes/nxt_racks/bts_qr_codes/BTS00068662.png
[1.986s] -- Up-to-date symlink: /home/rohan/cobotx/install/nav_bot/share/nav_bot/worlds/meshes/nxt_racks/bts_qr_codes/BTS00068663.png
[1.986s] -- Up-to-date symlink: /home/rohan/cobotx/install/nav_bot/share/nav_bot/worlds/meshes/nxt_racks/bts_qr_codes/BTS00068664.png
[1.986s] -- Up-to-date symlink: /home/rohan/cobotx/install/nav_bot/share/nav_bot/worlds/meshes/nxt_racks/bts_qr_codes/BTS00068665.png
[1.987s] -- Up-to-date symlink: /home/rohan/cobotx/install/nav_bot/share/nav_bot/worlds/meshes/nxt_racks/bts_qr_codes/BTS00068666.png
[1.987s] -- Up-to-date symlink: /home/rohan/cobotx/install/nav_bot/share/nav_bot/worlds/meshes/nxt_racks/bts_qr_codes/BTS00068667.png
[1.987s] -- Up-to-date symlink: /home/rohan/cobotx/install/nav_bot/share/nav_bot/worlds/meshes/nxt_racks/bts_qr_codes/BTS00068668.png
[1.987s] -- Up-to-date symlink: /home/rohan/cobotx/install/nav_bot/share/nav_bot/worlds/meshes/nxt_racks/bts_qr_codes/BTS00068669.png
[1.987s] -- Up-to-date symlink: /home/rohan/cobotx/install/nav_bot/share/nav_bot/worlds/meshes/nxt_racks/bts_qr_codes/BTS00068670.png
[1.987s] -- Up-to-date symlink: /home/rohan/cobotx/install/nav_bot/share/nav_bot/worlds/meshes/nxt_racks/bts_qr_codes/BTS00068671.png
[1.987s] -- Up-to-date symlink: /home/rohan/cobotx/install/nav_bot/share/nav_bot/worlds/meshes/nxt_racks/bts_qr_codes/BTS00068672.png
[1.987s] -- Up-to-date symlink: /home/rohan/cobotx/install/nav_bot/share/nav_bot/worlds/meshes/nxt_racks/bts_qr_codes/BTS00068673.png
[1.988s] -- Up-to-date symlink: /home/rohan/cobotx/install/nav_bot/share/nav_bot/worlds/meshes/nxt_racks/bts_qr_codes/BTS00068674.png
[1.988s] -- Up-to-date symlink: /home/rohan/cobotx/install/nav_bot/share/nav_bot/worlds/meshes/nxt_racks/bts_qr_codes/BTS00068675.png
[1.988s] -- Up-to-date symlink: /home/rohan/cobotx/install/nav_bot/share/nav_bot/worlds/meshes/nxt_racks/bts_qr_codes/BTS00068676.png
[1.988s] -- Up-to-date symlink: /home/rohan/cobotx/install/nav_bot/share/nav_bot/worlds/meshes/nxt_racks/bts_qr_codes/BTS00068677.png
[1.988s] -- Up-to-date symlink: /home/rohan/cobotx/install/nav_bot/share/nav_bot/worlds/meshes/nxt_racks/bts_qr_codes/BTS00068678.png
[1.988s] -- Up-to-date symlink: /home/rohan/cobotx/install/nav_bot/share/nav_bot/worlds/meshes/nxt_racks/bts_qr_codes/BTS00068679.png
[1.988s] -- Up-to-date symlink: /home/rohan/cobotx/install/nav_bot/share/nav_bot/worlds/meshes/nxt_racks/bts_qr_codes/BTS00068680.png
[1.989s] -- Up-to-date symlink: /home/rohan/cobotx/install/nav_bot/share/nav_bot/worlds/meshes/nxt_racks/bts_qr_codes/BTS00068681.png
[1.989s] -- Up-to-date symlink: /home/rohan/cobotx/install/nav_bot/share/nav_bot/worlds/meshes/nxt_racks/bts_qr_codes/BTS00068682.png
[1.989s] -- Up-to-date symlink: /home/rohan/cobotx/install/nav_bot/share/nav_bot/worlds/meshes/nxt_racks/bts_qr_codes/BTS00068683.png
[1.989s] -- Up-to-date symlink: /home/rohan/cobotx/install/nav_bot/share/nav_bot/worlds/meshes/nxt_racks/bts_qr_codes/BTS00068684.png
[1.989s] -- Up-to-date symlink: /home/rohan/cobotx/install/nav_bot/share/nav_bot/worlds/meshes/nxt_racks/bts_qr_codes/BTS00068685.png
[1.989s] -- Up-to-date symlink: /home/rohan/cobotx/install/nav_bot/share/nav_bot/worlds/meshes/nxt_racks/bts_qr_codes/BTS00068686.png
[1.990s] -- Up-to-date symlink: /home/rohan/cobotx/install/nav_bot/share/nav_bot/worlds/meshes/nxt_racks/bts_qr_codes/BTS00068687.png
[1.990s] -- Up-to-date symlink: /home/rohan/cobotx/install/nav_bot/share/nav_bot/worlds/meshes/nxt_racks/bts_qr_codes/BTS00068688.png
[1.990s] -- Up-to-date symlink: /home/rohan/cobotx/install/nav_bot/share/nav_bot/worlds/meshes/nxt_racks/bts_qr_codes/BTS00068689.png
[1.990s] -- Up-to-date symlink: /home/rohan/cobotx/install/nav_bot/share/nav_bot/worlds/meshes/nxt_racks/bts_qr_codes/BTS00068690.png
[1.990s] -- Up-to-date symlink: /home/rohan/cobotx/install/nav_bot/share/nav_bot/worlds/meshes/nxt_racks/bts_qr_codes/BTS00068691.png
[1.990s] -- Up-to-date symlink: /home/rohan/cobotx/install/nav_bot/share/nav_bot/worlds/meshes/nxt_racks/bts_qr_codes/BTS00068692.png
[1.990s] -- Up-to-date symlink: /home/rohan/cobotx/install/nav_bot/share/nav_bot/worlds/meshes/nxt_racks/bts_qr_codes/BTS00068693.png
[1.990s] -- Up-to-date symlink: /home/rohan/cobotx/install/nav_bot/share/nav_bot/worlds/meshes/nxt_racks/bts_qr_codes/BTS00068694.png
[1.991s] -- Up-to-date symlink: /home/rohan/cobotx/install/nav_bot/share/nav_bot/worlds/meshes/nxt_racks/bts_qr_codes/BTS00068695.png
[1.991s] -- Up-to-date symlink: /home/rohan/cobotx/install/nav_bot/share/nav_bot/worlds/meshes/nxt_racks/bts_qr_codes/BTS00068696.png
[1.991s] -- Up-to-date symlink: /home/rohan/cobotx/install/nav_bot/share/nav_bot/worlds/meshes/nxt_racks/bts_qr_codes/BTS00068697.png
[1.991s] -- Up-to-date symlink: /home/rohan/cobotx/install/nav_bot/share/nav_bot/worlds/meshes/nxt_racks/bts_qr_codes/BTS00068698.png
[1.991s] -- Up-to-date symlink: /home/rohan/cobotx/install/nav_bot/share/nav_bot/worlds/meshes/nxt_racks/bts_qr_codes/BTS00068699.png
[1.991s] -- Up-to-date symlink: /home/rohan/cobotx/install/nav_bot/share/nav_bot/worlds/meshes/nxt_racks/bts_qr_codes/BTS00068700.png
[1.992s] -- Up-to-date symlink: /home/rohan/cobotx/install/nav_bot/share/nav_bot/worlds/meshes/nxt_racks/bts_qr_codes/BTS00068701.png
[1.992s] -- Up-to-date symlink: /home/rohan/cobotx/install/nav_bot/share/nav_bot/worlds/meshes/nxt_racks/bts_qr_codes/BTS00068702.png
[1.992s] -- Up-to-date symlink: /home/rohan/cobotx/install/nav_bot/share/nav_bot/worlds/meshes/nxt_racks/bts_qr_codes/BTS00068703.png
[1.992s] -- Up-to-date symlink: /home/rohan/cobotx/install/nav_bot/share/nav_bot/worlds/meshes/nxt_racks/bts_qr_codes/BTS00068704.png
[1.992s] -- Up-to-date symlink: /home/rohan/cobotx/install/nav_bot/share/nav_bot/worlds/meshes/nxt_racks/bts_qr_codes/BTS00068705.png
[1.992s] -- Up-to-date symlink: /home/rohan/cobotx/install/nav_bot/share/nav_bot/worlds/meshes/nxt_racks/bts_qr_codes/BTS00068706.png
[1.992s] -- Up-to-date symlink: /home/rohan/cobotx/install/nav_bot/share/nav_bot/worlds/meshes/nxt_racks/bts_qr_codes/BTS00068707.png
[1.992s] -- Up-to-date symlink: /home/rohan/cobotx/install/nav_bot/share/nav_bot/worlds/meshes/nxt_racks/bts_qr_codes/BTS00068708.png
[1.993s] -- Up-to-date symlink: /home/rohan/cobotx/install/nav_bot/share/nav_bot/worlds/meshes/nxt_racks/bts_qr_codes/BTS00068709.png
[1.993s] -- Up-to-date symlink: /home/rohan/cobotx/install/nav_bot/share/nav_bot/worlds/meshes/nxt_racks/bts_qr_codes/BTS00068710.png
[1.993s] -- Up-to-date symlink: /home/rohan/cobotx/install/nav_bot/share/nav_bot/worlds/meshes/nxt_racks/bts_qr_codes/BTS00068711.png
[1.993s] -- Up-to-date symlink: /home/rohan/cobotx/install/nav_bot/share/nav_bot/worlds/meshes/nxt_racks/bts_qr_codes/BTS00068712.png
[1.993s] -- Up-to-date symlink: /home/rohan/cobotx/install/nav_bot/share/nav_bot/worlds/meshes/nxt_racks/bts_qr_codes/BTS00068713.png
[1.993s] -- Up-to-date symlink: /home/rohan/cobotx/install/nav_bot/share/nav_bot/worlds/meshes/nxt_racks/bts_qr_codes/BTS00068714.png
[1.993s] -- Up-to-date symlink: /home/rohan/cobotx/install/nav_bot/share/nav_bot/worlds/meshes/nxt_racks/bts_qr_codes/BTS00068715.png
[1.994s] -- Up-to-date symlink: /home/rohan/cobotx/install/nav_bot/share/nav_bot/worlds/meshes/nxt_racks/bts_qr_codes/BTS00068716.png
[1.994s] -- Up-to-date symlink: /home/rohan/cobotx/install/nav_bot/share/nav_bot/worlds/meshes/nxt_racks/bts_qr_codes/BTS00068717.png
[1.994s] -- Up-to-date symlink: /home/rohan/cobotx/install/nav_bot/share/nav_bot/worlds/meshes/nxt_racks/bts_qr_codes/BTS00068718.png
[1.994s] -- Up-to-date symlink: /home/rohan/cobotx/install/nav_bot/share/nav_bot/worlds/meshes/nxt_racks/bts_qr_codes/BTS00068719.png
[1.994s] -- Up-to-date symlink: /home/rohan/cobotx/install/nav_bot/share/nav_bot/worlds/meshes/nxt_racks/bts_qr_codes/BTS00068720.png
[1.994s] -- Up-to-date symlink: /home/rohan/cobotx/install/nav_bot/share/nav_bot/worlds/meshes/nxt_racks/bts_qr_codes/BTS00068721.png
[1.994s] -- Up-to-date symlink: /home/rohan/cobotx/install/nav_bot/share/nav_bot/worlds/meshes/nxt_racks/bts_qr_codes/BTS00068722.png
[1.995s] -- Up-to-date symlink: /home/rohan/cobotx/install/nav_bot/share/nav_bot/worlds/meshes/nxt_racks/bts_qr_codes/BTS00068723.png
[1.995s] -- Up-to-date symlink: /home/rohan/cobotx/install/nav_bot/share/nav_bot/worlds/meshes/nxt_racks/bts_qr_codes/BTS00068724.png
[1.995s] -- Up-to-date symlink: /home/rohan/cobotx/install/nav_bot/share/nav_bot/worlds/meshes/nxt_racks/bts_qr_codes/BTS00068725.png
[1.995s] -- Up-to-date symlink: /home/rohan/cobotx/install/nav_bot/share/nav_bot/worlds/meshes/nxt_racks/bts_qr_codes/BTS00068726.png
[1.995s] -- Up-to-date symlink: /home/rohan/cobotx/install/nav_bot/share/nav_bot/worlds/meshes/nxt_racks/bts_qr_codes/BTS00068727.png
[1.995s] -- Up-to-date symlink: /home/rohan/cobotx/install/nav_bot/share/nav_bot/worlds/meshes/nxt_racks/bts_qr_codes/BTS00068728.png
[1.995s] -- Up-to-date symlink: /home/rohan/cobotx/install/nav_bot/share/nav_bot/worlds/meshes/nxt_racks/bts_qr_codes/BTS00068729.png
[1.996s] -- Up-to-date symlink: /home/rohan/cobotx/install/nav_bot/share/nav_bot/worlds/meshes/nxt_racks/bts_qr_codes/BTS00068730.png
[1.996s] -- Up-to-date symlink: /home/rohan/cobotx/install/nav_bot/share/nav_bot/worlds/meshes/nxt_racks/bts_qr_codes/BTS00069884.png
[1.996s] -- Up-to-date symlink: /home/rohan/cobotx/install/nav_bot/share/nav_bot/worlds/meshes/nxt_racks/bts_qr_codes/BTS00069885.png
[1.996s] -- Up-to-date symlink: /home/rohan/cobotx/install/nav_bot/share/nav_bot/worlds/meshes/nxt_racks/bts_qr_codes/BTS00069886.png
[1.996s] -- Up-to-date symlink: /home/rohan/cobotx/install/nav_bot/share/nav_bot/worlds/meshes/nxt_racks/bts_qr_codes/BTS00069887.png
[1.996s] -- Up-to-date symlink: /home/rohan/cobotx/install/nav_bot/share/nav_bot/worlds/meshes/nxt_racks/bts_qr_codes/BTS00069888.png
[1.996s] -- Up-to-date symlink: /home/rohan/cobotx/install/nav_bot/share/nav_bot/worlds/meshes/nxt_racks/bts_qr_codes/BTS00069889.png
[1.997s] -- Up-to-date symlink: /home/rohan/cobotx/install/nav_bot/share/nav_bot/worlds/meshes/nxt_racks/bts_qr_codes/BTS00069890.png
[1.997s] -- Up-to-date symlink: /home/rohan/cobotx/install/nav_bot/share/nav_bot/worlds/meshes/nxt_racks/bts_qr_codes/BTS00069891.png
[1.997s] -- Up-to-date symlink: /home/rohan/cobotx/install/nav_bot/share/nav_bot/worlds/meshes/nxt_racks/bts_qr_codes/BTS00069892.png
[1.997s] -- Up-to-date symlink: /home/rohan/cobotx/install/nav_bot/share/nav_bot/worlds/meshes/nxt_racks/bts_qr_codes/BTS00069893.png
[1.997s] -- Up-to-date symlink: /home/rohan/cobotx/install/nav_bot/share/nav_bot/worlds/meshes/nxt_racks/bts_qr_codes/BTS00069894.png
[1.997s] -- Up-to-date symlink: /home/rohan/cobotx/install/nav_bot/share/nav_bot/worlds/meshes/nxt_racks/bts_qr_codes/BTS00069895.png
[1.997s] -- Up-to-date symlink: /home/rohan/cobotx/install/nav_bot/share/nav_bot/worlds/meshes/nxt_racks/bts_qr_codes/BTS00069896.png
[1.997s] -- Up-to-date symlink: /home/rohan/cobotx/install/nav_bot/share/nav_bot/worlds/meshes/nxt_racks/bts_qr_codes/BTS00069897.png
[1.998s] -- Up-to-date symlink: /home/rohan/cobotx/install/nav_bot/share/nav_bot/worlds/meshes/nxt_racks/bts_qr_codes/BTS00069898.png
[1.998s] -- Up-to-date symlink: /home/rohan/cobotx/install/nav_bot/share/nav_bot/worlds/meshes/nxt_racks/bts_qr_codes/BTS00069899.png
[1.998s] -- Up-to-date symlink: /home/rohan/cobotx/install/nav_bot/share/nav_bot/worlds/meshes/nxt_racks/bts_qr_codes/BTS00069900.png
[1.998s] -- Up-to-date symlink: /home/rohan/cobotx/install/nav_bot/share/nav_bot/worlds/meshes/nxt_racks/front.png
[1.998s] -- Up-to-date symlink: /home/rohan/cobotx/install/nav_bot/share/nav_bot/worlds/meshes/nxt_racks/ground.png
[1.998s] -- Up-to-date symlink: /home/rohan/cobotx/install/nav_bot/share/nav_bot/worlds/meshes/nxt_racks/left.png
[1.999s] -- Up-to-date symlink: /home/rohan/cobotx/install/nav_bot/share/nav_bot/worlds/meshes/nxt_racks/qr_output/HD-01_A_01.png
[1.999s] -- Up-to-date symlink: /home/rohan/cobotx/install/nav_bot/share/nav_bot/worlds/meshes/nxt_racks/qr_output/HD-01_A_02.png
[1.999s] -- Up-to-date symlink: /home/rohan/cobotx/install/nav_bot/share/nav_bot/worlds/meshes/nxt_racks/qr_output/HD-01_A_03.png
[1.999s] -- Up-to-date symlink: /home/rohan/cobotx/install/nav_bot/share/nav_bot/worlds/meshes/nxt_racks/qr_output/HD-01_A_04.png
[1.999s] -- Up-to-date symlink: /home/rohan/cobotx/install/nav_bot/share/nav_bot/worlds/meshes/nxt_racks/qr_output/HD-01_A_05.png
[1.999s] -- Up-to-date symlink: /home/rohan/cobotx/install/nav_bot/share/nav_bot/worlds/meshes/nxt_racks/qr_output/HD-01_A_06.png
[1.999s] -- Up-to-date symlink: /home/rohan/cobotx/install/nav_bot/share/nav_bot/worlds/meshes/nxt_racks/qr_output/HD-01_A_07.png
[1.999s] -- Up-to-date symlink: /home/rohan/cobotx/install/nav_bot/share/nav_bot/worlds/meshes/nxt_racks/qr_output/HD-01_A_08.png
[2.000s] -- Up-to-date symlink: /home/rohan/cobotx/install/nav_bot/share/nav_bot/worlds/meshes/nxt_racks/qr_output/HD-01_A_09.png
[2.000s] -- Up-to-date symlink: /home/rohan/cobotx/install/nav_bot/share/nav_bot/worlds/meshes/nxt_racks/qr_output/HD-01_A_10.png
[2.000s] -- Up-to-date symlink: /home/rohan/cobotx/install/nav_bot/share/nav_bot/worlds/meshes/nxt_racks/qr_output/HD-01_A_11.png
[2.000s] -- Up-to-date symlink: /home/rohan/cobotx/install/nav_bot/share/nav_bot/worlds/meshes/nxt_racks/qr_output/HD-01_A_12.png
[2.000s] -- Up-to-date symlink: /home/rohan/cobotx/install/nav_bot/share/nav_bot/worlds/meshes/nxt_racks/qr_output/HD-01_A_13.png
[2.000s] -- Up-to-date symlink: /home/rohan/cobotx/install/nav_bot/share/nav_bot/worlds/meshes/nxt_racks/qr_output/HD-01_A_14.png
[2.000s] -- Up-to-date symlink: /home/rohan/cobotx/install/nav_bot/share/nav_bot/worlds/meshes/nxt_racks/qr_output/HD-01_A_15.png
[2.001s] -- Up-to-date symlink: /home/rohan/cobotx/install/nav_bot/share/nav_bot/worlds/meshes/nxt_racks/qr_output/HD-01_A_16.png
[2.001s] -- Up-to-date symlink: /home/rohan/cobotx/install/nav_bot/share/nav_bot/worlds/meshes/nxt_racks/qr_output/HD-01_A_17.png
[2.001s] -- Up-to-date symlink: /home/rohan/cobotx/install/nav_bot/share/nav_bot/worlds/meshes/nxt_racks/qr_output/HD-01_A_18.png
[2.001s] -- Up-to-date symlink: /home/rohan/cobotx/install/nav_bot/share/nav_bot/worlds/meshes/nxt_racks/qr_output/HD-01_A_19.png
[2.001s] -- Up-to-date symlink: /home/rohan/cobotx/install/nav_bot/share/nav_bot/worlds/meshes/nxt_racks/qr_output/HD-01_A_20.png
[2.001s] -- Up-to-date symlink: /home/rohan/cobotx/install/nav_bot/share/nav_bot/worlds/meshes/nxt_racks/qr_output/HD-01_A_21.png
[2.001s] -- Up-to-date symlink: /home/rohan/cobotx/install/nav_bot/share/nav_bot/worlds/meshes/nxt_racks/qr_output/HD-01_A_22.png
[2.001s] -- Up-to-date symlink: /home/rohan/cobotx/install/nav_bot/share/nav_bot/worlds/meshes/nxt_racks/qr_output/HD-01_A_23.png
[2.002s] -- Up-to-date symlink: /home/rohan/cobotx/install/nav_bot/share/nav_bot/worlds/meshes/nxt_racks/qr_output/HD-01_A_24.png
[2.002s] -- Up-to-date symlink: /home/rohan/cobotx/install/nav_bot/share/nav_bot/worlds/meshes/nxt_racks/qr_output/HD-01_A_25.png
[2.002s] -- Up-to-date symlink: /home/rohan/cobotx/install/nav_bot/share/nav_bot/worlds/meshes/nxt_racks/qr_output/HD-01_A_26.png
[2.002s] -- Up-to-date symlink: /home/rohan/cobotx/install/nav_bot/share/nav_bot/worlds/meshes/nxt_racks/qr_output/HD-01_A_27.png
[2.002s] -- Up-to-date symlink: /home/rohan/cobotx/install/nav_bot/share/nav_bot/worlds/meshes/nxt_racks/qr_output/HD-01_A_28.png
[2.002s] -- Up-to-date symlink: /home/rohan/cobotx/install/nav_bot/share/nav_bot/worlds/meshes/nxt_racks/qr_output/HD-01_A_29.png
[2.003s] -- Up-to-date symlink: /home/rohan/cobotx/install/nav_bot/share/nav_bot/worlds/meshes/nxt_racks/qr_output/HD-01_A_30.png
[2.003s] -- Up-to-date symlink: /home/rohan/cobotx/install/nav_bot/share/nav_bot/worlds/meshes/nxt_racks/qr_output/HD-01_A_31.png
[2.003s] -- Up-to-date symlink: /home/rohan/cobotx/install/nav_bot/share/nav_bot/worlds/meshes/nxt_racks/qr_output/HD-01_A_32.png
[2.003s] -- Up-to-date symlink: /home/rohan/cobotx/install/nav_bot/share/nav_bot/worlds/meshes/nxt_racks/qr_output/HD-01_A_33.png
[2.003s] -- Up-to-date symlink: /home/rohan/cobotx/install/nav_bot/share/nav_bot/worlds/meshes/nxt_racks/qr_output/HD-01_A_34.png
[2.003s] -- Up-to-date symlink: /home/rohan/cobotx/install/nav_bot/share/nav_bot/worlds/meshes/nxt_racks/qr_output/HD-01_A_35.png
[2.004s] -- Up-to-date symlink: /home/rohan/cobotx/install/nav_bot/share/nav_bot/worlds/meshes/nxt_racks/qr_output/HD-01_A_36.png
[2.004s] -- Up-to-date symlink: /home/rohan/cobotx/install/nav_bot/share/nav_bot/worlds/meshes/nxt_racks/qr_output/HD-01_A_37.png
[2.004s] -- Up-to-date symlink: /home/rohan/cobotx/install/nav_bot/share/nav_bot/worlds/meshes/nxt_racks/qr_output/HD-01_A_38.png
[2.004s] -- Up-to-date symlink: /home/rohan/cobotx/install/nav_bot/share/nav_bot/worlds/meshes/nxt_racks/qr_output/HD-01_B_01.png
[2.004s] -- Up-to-date symlink: /home/rohan/cobotx/install/nav_bot/share/nav_bot/worlds/meshes/nxt_racks/qr_output/HD-01_B_02.png
[2.004s] -- Up-to-date symlink: /home/rohan/cobotx/install/nav_bot/share/nav_bot/worlds/meshes/nxt_racks/qr_output/HD-01_B_03.png
[2.004s] -- Up-to-date symlink: /home/rohan/cobotx/install/nav_bot/share/nav_bot/worlds/meshes/nxt_racks/qr_output/HD-01_B_04.png
[2.004s] -- Up-to-date symlink: /home/rohan/cobotx/install/nav_bot/share/nav_bot/worlds/meshes/nxt_racks/qr_output/HD-01_B_05.png
[2.005s] -- Up-to-date symlink: /home/rohan/cobotx/install/nav_bot/share/nav_bot/worlds/meshes/nxt_racks/qr_output/HD-01_B_06.png
[2.005s] -- Up-to-date symlink: /home/rohan/cobotx/install/nav_bot/share/nav_bot/worlds/meshes/nxt_racks/qr_output/HD-01_B_07.png
[2.005s] -- Up-to-date symlink: /home/rohan/cobotx/install/nav_bot/share/nav_bot/worlds/meshes/nxt_racks/qr_output/HD-01_B_08.png
[2.005s] -- Up-to-date symlink: /home/rohan/cobotx/install/nav_bot/share/nav_bot/worlds/meshes/nxt_racks/qr_output/HD-01_B_09.png
[2.005s] -- Up-to-date symlink: /home/rohan/cobotx/install/nav_bot/share/nav_bot/worlds/meshes/nxt_racks/qr_output/HD-01_B_10.png
[2.005s] -- Up-to-date symlink: /home/rohan/cobotx/install/nav_bot/share/nav_bot/worlds/meshes/nxt_racks/qr_output/HD-01_B_11.png
[2.005s] -- Up-to-date symlink: /home/rohan/cobotx/install/nav_bot/share/nav_bot/worlds/meshes/nxt_racks/qr_output/HD-01_B_12.png
[2.006s] -- Up-to-date symlink: /home/rohan/cobotx/install/nav_bot/share/nav_bot/worlds/meshes/nxt_racks/qr_output/HD-01_B_13.png
[2.006s] -- Up-to-date symlink: /home/rohan/cobotx/install/nav_bot/share/nav_bot/worlds/meshes/nxt_racks/qr_output/HD-01_B_14.png
[2.006s] -- Up-to-date symlink: /home/rohan/cobotx/install/nav_bot/share/nav_bot/worlds/meshes/nxt_racks/qr_output/HD-01_B_15.png
[2.006s] -- Up-to-date symlink: /home/rohan/cobotx/install/nav_bot/share/nav_bot/worlds/meshes/nxt_racks/qr_output/HD-01_B_16.png
[2.006s] -- Up-to-date symlink: /home/rohan/cobotx/install/nav_bot/share/nav_bot/worlds/meshes/nxt_racks/qr_output/HD-01_B_17.png
[2.006s] -- Up-to-date symlink: /home/rohan/cobotx/install/nav_bot/share/nav_bot/worlds/meshes/nxt_racks/qr_output/HD-01_B_18.png
[2.006s] -- Up-to-date symlink: /home/rohan/cobotx/install/nav_bot/share/nav_bot/worlds/meshes/nxt_racks/qr_output/HD-01_B_19.png
[2.006s] -- Up-to-date symlink: /home/rohan/cobotx/install/nav_bot/share/nav_bot/worlds/meshes/nxt_racks/qr_output/HD-01_B_20.png
[2.007s] -- Up-to-date symlink: /home/rohan/cobotx/install/nav_bot/share/nav_bot/worlds/meshes/nxt_racks/qr_output/HD-01_B_21.png
[2.007s] -- Up-to-date symlink: /home/rohan/cobotx/install/nav_bot/share/nav_bot/worlds/meshes/nxt_racks/qr_output/HD-01_B_22.png
[2.007s] -- Up-to-date symlink: /home/rohan/cobotx/install/nav_bot/share/nav_bot/worlds/meshes/nxt_racks/qr_output/HD-01_B_23.png
[2.007s] -- Up-to-date symlink: /home/rohan/cobotx/install/nav_bot/share/nav_bot/worlds/meshes/nxt_racks/qr_output/HD-01_B_24.png
[2.007s] -- Up-to-date symlink: /home/rohan/cobotx/install/nav_bot/share/nav_bot/worlds/meshes/nxt_racks/qr_output/HD-01_B_25.png
[2.007s] -- Up-to-date symlink: /home/rohan/cobotx/install/nav_bot/share/nav_bot/worlds/meshes/nxt_racks/qr_output/HD-01_B_26.png
[2.007s] -- Up-to-date symlink: /home/rohan/cobotx/install/nav_bot/share/nav_bot/worlds/meshes/nxt_racks/qr_output/HD-01_B_27.png
[2.008s] -- Up-to-date symlink: /home/rohan/cobotx/install/nav_bot/share/nav_bot/worlds/meshes/nxt_racks/qr_output/HD-01_B_28.png
[2.008s] -- Up-to-date symlink: /home/rohan/cobotx/install/nav_bot/share/nav_bot/worlds/meshes/nxt_racks/qr_output/HD-01_B_29.png
[2.008s] -- Up-to-date symlink: /home/rohan/cobotx/install/nav_bot/share/nav_bot/worlds/meshes/nxt_racks/qr_output/HD-01_B_30.png
[2.008s] -- Up-to-date symlink: /home/rohan/cobotx/install/nav_bot/share/nav_bot/worlds/meshes/nxt_racks/qr_output/HD-01_B_31.png
[2.008s] -- Up-to-date symlink: /home/rohan/cobotx/install/nav_bot/share/nav_bot/worlds/meshes/nxt_racks/qr_output/HD-01_B_32.png
[2.008s] -- Up-to-date symlink: /home/rohan/cobotx/install/nav_bot/share/nav_bot/worlds/meshes/nxt_racks/qr_output/HD-01_B_33.png
[2.008s] -- Up-to-date symlink: /home/rohan/cobotx/install/nav_bot/share/nav_bot/worlds/meshes/nxt_racks/qr_output/HD-01_B_34.png
[2.008s] -- Up-to-date symlink: /home/rohan/cobotx/install/nav_bot/share/nav_bot/worlds/meshes/nxt_racks/qr_output/HD-01_B_35.png
[2.009s] -- Up-to-date symlink: /home/rohan/cobotx/install/nav_bot/share/nav_bot/worlds/meshes/nxt_racks/qr_output/HD-01_B_36.png
[2.009s] -- Up-to-date symlink: /home/rohan/cobotx/install/nav_bot/share/nav_bot/worlds/meshes/nxt_racks/qr_output/HD-01_B_37.png
[2.009s] -- Up-to-date symlink: /home/rohan/cobotx/install/nav_bot/share/nav_bot/worlds/meshes/nxt_racks/qr_output/HD-01_B_38.png
[2.009s] -- Up-to-date symlink: /home/rohan/cobotx/install/nav_bot/share/nav_bot/worlds/meshes/nxt_racks/qr_output/HD-01_C_01.png
[2.009s] -- Up-to-date symlink: /home/rohan/cobotx/install/nav_bot/share/nav_bot/worlds/meshes/nxt_racks/qr_output/HD-01_C_02.png
[2.009s] -- Up-to-date symlink: /home/rohan/cobotx/install/nav_bot/share/nav_bot/worlds/meshes/nxt_racks/qr_output/HD-01_C_03.png
[2.009s] -- Up-to-date symlink: /home/rohan/cobotx/install/nav_bot/share/nav_bot/worlds/meshes/nxt_racks/qr_output/HD-01_C_04.png
[2.010s] -- Up-to-date symlink: /home/rohan/cobotx/install/nav_bot/share/nav_bot/worlds/meshes/nxt_racks/qr_output/HD-01_C_05.png
[2.010s] -- Up-to-date symlink: /home/rohan/cobotx/install/nav_bot/share/nav_bot/worlds/meshes/nxt_racks/qr_output/HD-01_C_06.png
[2.010s] -- Up-to-date symlink: /home/rohan/cobotx/install/nav_bot/share/nav_bot/worlds/meshes/nxt_racks/qr_output/HD-01_C_07.png
[2.010s] -- Up-to-date symlink: /home/rohan/cobotx/install/nav_bot/share/nav_bot/worlds/meshes/nxt_racks/qr_output/HD-01_C_08.png
[2.010s] -- Up-to-date symlink: /home/rohan/cobotx/install/nav_bot/share/nav_bot/worlds/meshes/nxt_racks/qr_output/HD-01_C_09.png
[2.010s] -- Up-to-date symlink: /home/rohan/cobotx/install/nav_bot/share/nav_bot/worlds/meshes/nxt_racks/qr_output/HD-01_C_10.png
[2.010s] -- Up-to-date symlink: /home/rohan/cobotx/install/nav_bot/share/nav_bot/worlds/meshes/nxt_racks/qr_output/HD-01_C_11.png
[2.011s] -- Up-to-date symlink: /home/rohan/cobotx/install/nav_bot/share/nav_bot/worlds/meshes/nxt_racks/qr_output/HD-01_C_12.png
[2.011s] -- Up-to-date symlink: /home/rohan/cobotx/install/nav_bot/share/nav_bot/worlds/meshes/nxt_racks/qr_output/HD-01_C_13.png
[2.011s] -- Up-to-date symlink: /home/rohan/cobotx/install/nav_bot/share/nav_bot/worlds/meshes/nxt_racks/qr_output/HD-01_C_14.png
[2.011s] -- Up-to-date symlink: /home/rohan/cobotx/install/nav_bot/share/nav_bot/worlds/meshes/nxt_racks/qr_output/HD-01_C_15.png
[2.011s] -- Up-to-date symlink: /home/rohan/cobotx/install/nav_bot/share/nav_bot/worlds/meshes/nxt_racks/qr_output/HD-01_C_16.png
[2.011s] -- Up-to-date symlink: /home/rohan/cobotx/install/nav_bot/share/nav_bot/worlds/meshes/nxt_racks/qr_output/HD-01_C_17.png
[2.012s] -- Up-to-date symlink: /home/rohan/cobotx/install/nav_bot/share/nav_bot/worlds/meshes/nxt_racks/qr_output/HD-01_C_18.png
[2.012s] -- Up-to-date symlink: /home/rohan/cobotx/install/nav_bot/share/nav_bot/worlds/meshes/nxt_racks/qr_output/HD-01_C_19.png
[2.012s] -- Up-to-date symlink: /home/rohan/cobotx/install/nav_bot/share/nav_bot/worlds/meshes/nxt_racks/qr_output/HD-01_C_20.png
[2.012s] -- Up-to-date symlink: /home/rohan/cobotx/install/nav_bot/share/nav_bot/worlds/meshes/nxt_racks/qr_output/HD-01_C_21.png
[2.012s] -- Up-to-date symlink: /home/rohan/cobotx/install/nav_bot/share/nav_bot/worlds/meshes/nxt_racks/qr_output/HD-01_C_22.png
[2.012s] -- Up-to-date symlink: /home/rohan/cobotx/install/nav_bot/share/nav_bot/worlds/meshes/nxt_racks/qr_output/HD-01_C_23.png
[2.013s] -- Up-to-date symlink: /home/rohan/cobotx/install/nav_bot/share/nav_bot/worlds/meshes/nxt_racks/qr_output/HD-01_C_24.png
[2.013s] -- Up-to-date symlink: /home/rohan/cobotx/install/nav_bot/share/nav_bot/worlds/meshes/nxt_racks/qr_output/HD-01_C_25.png
[2.013s] -- Up-to-date symlink: /home/rohan/cobotx/install/nav_bot/share/nav_bot/worlds/meshes/nxt_racks/qr_output/HD-01_C_26.png
[2.013s] -- Up-to-date symlink: /home/rohan/cobotx/install/nav_bot/share/nav_bot/worlds/meshes/nxt_racks/qr_output/HD-01_C_27.png
[2.013s] -- Up-to-date symlink: /home/rohan/cobotx/install/nav_bot/share/nav_bot/worlds/meshes/nxt_racks/qr_output/HD-01_C_28.png
[2.013s] -- Up-to-date symlink: /home/rohan/cobotx/install/nav_bot/share/nav_bot/worlds/meshes/nxt_racks/qr_output/HD-01_C_29.png
[2.013s] -- Up-to-date symlink: /home/rohan/cobotx/install/nav_bot/share/nav_bot/worlds/meshes/nxt_racks/qr_output/HD-01_C_30.png
[2.013s] -- Up-to-date symlink: /home/rohan/cobotx/install/nav_bot/share/nav_bot/worlds/meshes/nxt_racks/qr_output/HD-01_C_31.png
[2.014s] -- Up-to-date symlink: /home/rohan/cobotx/install/nav_bot/share/nav_bot/worlds/meshes/nxt_racks/qr_output/HD-01_C_32.png
[2.014s] -- Up-to-date symlink: /home/rohan/cobotx/install/nav_bot/share/nav_bot/worlds/meshes/nxt_racks/qr_output/HD-01_C_33.png
[2.014s] -- Up-to-date symlink: /home/rohan/cobotx/install/nav_bot/share/nav_bot/worlds/meshes/nxt_racks/qr_output/HD-01_C_34.png
[2.014s] -- Up-to-date symlink: /home/rohan/cobotx/install/nav_bot/share/nav_bot/worlds/meshes/nxt_racks/qr_output/HD-01_C_35.png
[2.014s] -- Up-to-date symlink: /home/rohan/cobotx/install/nav_bot/share/nav_bot/worlds/meshes/nxt_racks/qr_output/HD-01_C_36.png
[2.014s] -- Up-to-date symlink: /home/rohan/cobotx/install/nav_bot/share/nav_bot/worlds/meshes/nxt_racks/qr_output/HD-01_C_37.png
[2.014s] -- Up-to-date symlink: /home/rohan/cobotx/install/nav_bot/share/nav_bot/worlds/meshes/nxt_racks/qr_output/HD-01_C_38.png
[2.015s] -- Up-to-date symlink: /home/rohan/cobotx/install/nav_bot/share/nav_bot/worlds/meshes/nxt_racks/qr_output/HD-01_D_01.png
[2.015s] -- Up-to-date symlink: /home/rohan/cobotx/install/nav_bot/share/nav_bot/worlds/meshes/nxt_racks/qr_output/HD-01_D_02.png
[2.015s] -- Up-to-date symlink: /home/rohan/cobotx/install/nav_bot/share/nav_bot/worlds/meshes/nxt_racks/qr_output/HD-01_D_03.png
[2.015s] -- Up-to-date symlink: /home/rohan/cobotx/install/nav_bot/share/nav_bot/worlds/meshes/nxt_racks/qr_output/HD-01_D_04.png
[2.015s] -- Up-to-date symlink: /home/rohan/cobotx/install/nav_bot/share/nav_bot/worlds/meshes/nxt_racks/qr_output/HD-01_D_05.png
[2.015s] -- Up-to-date symlink: /home/rohan/cobotx/install/nav_bot/share/nav_bot/worlds/meshes/nxt_racks/qr_output/HD-01_D_06.png
[2.016s] -- Up-to-date symlink: /home/rohan/cobotx/install/nav_bot/share/nav_bot/worlds/meshes/nxt_racks/qr_output/HD-01_D_07.png
[2.016s] -- Up-to-date symlink: /home/rohan/cobotx/install/nav_bot/share/nav_bot/worlds/meshes/nxt_racks/qr_output/HD-01_D_08.png
[2.016s] -- Up-to-date symlink: /home/rohan/cobotx/install/nav_bot/share/nav_bot/worlds/meshes/nxt_racks/qr_output/HD-01_D_09.png
[2.016s] -- Up-to-date symlink: /home/rohan/cobotx/install/nav_bot/share/nav_bot/worlds/meshes/nxt_racks/qr_output/HD-01_D_10.png
[2.016s] -- Up-to-date symlink: /home/rohan/cobotx/install/nav_bot/share/nav_bot/worlds/meshes/nxt_racks/qr_output/HD-01_D_11.png
[2.016s] -- Up-to-date symlink: /home/rohan/cobotx/install/nav_bot/share/nav_bot/worlds/meshes/nxt_racks/qr_output/HD-01_D_12.png
[2.016s] -- Up-to-date symlink: /home/rohan/cobotx/install/nav_bot/share/nav_bot/worlds/meshes/nxt_racks/qr_output/HD-01_D_13.png
[2.017s] -- Up-to-date symlink: /home/rohan/cobotx/install/nav_bot/share/nav_bot/worlds/meshes/nxt_racks/qr_output/HD-01_D_14.png
[2.017s] -- Up-to-date symlink: /home/rohan/cobotx/install/nav_bot/share/nav_bot/worlds/meshes/nxt_racks/qr_output/HD-01_D_15.png
[2.017s] -- Up-to-date symlink: /home/rohan/cobotx/install/nav_bot/share/nav_bot/worlds/meshes/nxt_racks/qr_output/HD-01_D_16.png
[2.017s] -- Up-to-date symlink: /home/rohan/cobotx/install/nav_bot/share/nav_bot/worlds/meshes/nxt_racks/qr_output/HD-01_D_17.png
[2.017s] -- Up-to-date symlink: /home/rohan/cobotx/install/nav_bot/share/nav_bot/worlds/meshes/nxt_racks/qr_output/HD-01_D_18.png
[2.017s] -- Up-to-date symlink: /home/rohan/cobotx/install/nav_bot/share/nav_bot/worlds/meshes/nxt_racks/qr_output/HD-01_D_19.png
[2.018s] -- Up-to-date symlink: /home/rohan/cobotx/install/nav_bot/share/nav_bot/worlds/meshes/nxt_racks/qr_output/HD-01_D_20.png
[2.018s] -- Up-to-date symlink: /home/rohan/cobotx/install/nav_bot/share/nav_bot/worlds/meshes/nxt_racks/qr_output/HD-01_D_21.png
[2.018s] -- Up-to-date symlink: /home/rohan/cobotx/install/nav_bot/share/nav_bot/worlds/meshes/nxt_racks/qr_output/HD-01_D_22.png
[2.018s] -- Up-to-date symlink: /home/rohan/cobotx/install/nav_bot/share/nav_bot/worlds/meshes/nxt_racks/qr_output/HD-01_D_23.png
[2.018s] -- Up-to-date symlink: /home/rohan/cobotx/install/nav_bot/share/nav_bot/worlds/meshes/nxt_racks/qr_output/HD-01_D_24.png
[2.018s] -- Up-to-date symlink: /home/rohan/cobotx/install/nav_bot/share/nav_bot/worlds/meshes/nxt_racks/qr_output/HD-01_D_25.png
[2.018s] -- Up-to-date symlink: /home/rohan/cobotx/install/nav_bot/share/nav_bot/worlds/meshes/nxt_racks/qr_output/HD-01_D_26.png
[2.019s] -- Up-to-date symlink: /home/rohan/cobotx/install/nav_bot/share/nav_bot/worlds/meshes/nxt_racks/qr_output/HD-01_D_27.png
[2.019s] -- Up-to-date symlink: /home/rohan/cobotx/install/nav_bot/share/nav_bot/worlds/meshes/nxt_racks/qr_output/HD-01_D_28.png
[2.019s] -- Up-to-date symlink: /home/rohan/cobotx/install/nav_bot/share/nav_bot/worlds/meshes/nxt_racks/qr_output/HD-01_D_29.png
[2.019s] -- Up-to-date symlink: /home/rohan/cobotx/install/nav_bot/share/nav_bot/worlds/meshes/nxt_racks/qr_output/HD-01_D_30.png
[2.019s] -- Up-to-date symlink: /home/rohan/cobotx/install/nav_bot/share/nav_bot/worlds/meshes/nxt_racks/qr_output/HD-01_D_31.png
[2.020s] -- Up-to-date symlink: /home/rohan/cobotx/install/nav_bot/share/nav_bot/worlds/meshes/nxt_racks/qr_output/HD-01_D_32.png
[2.020s] -- Up-to-date symlink: /home/rohan/cobotx/install/nav_bot/share/nav_bot/worlds/meshes/nxt_racks/qr_output/HD-01_D_33.png
[2.020s] -- Up-to-date symlink: /home/rohan/cobotx/install/nav_bot/share/nav_bot/worlds/meshes/nxt_racks/qr_output/HD-01_D_34.png
[2.020s] -- Up-to-date symlink: /home/rohan/cobotx/install/nav_bot/share/nav_bot/worlds/meshes/nxt_racks/qr_output/HD-01_D_35.png
[2.020s] -- Up-to-date symlink: /home/rohan/cobotx/install/nav_bot/share/nav_bot/worlds/meshes/nxt_racks/qr_output/HD-01_D_36.png
[2.020s] -- Up-to-date symlink: /home/rohan/cobotx/install/nav_bot/share/nav_bot/worlds/meshes/nxt_racks/qr_output/HD-01_D_37.png
[2.020s] -- Up-to-date symlink: /home/rohan/cobotx/install/nav_bot/share/nav_bot/worlds/meshes/nxt_racks/qr_output/HD-01_D_38.png
[2.021s] -- Up-to-date symlink: /home/rohan/cobotx/install/nav_bot/share/nav_bot/worlds/meshes/nxt_racks/qr_output/HD-01_E_01.png
[2.021s] -- Up-to-date symlink: /home/rohan/cobotx/install/nav_bot/share/nav_bot/worlds/meshes/nxt_racks/qr_output/HD-01_E_02.png
[2.021s] -- Up-to-date symlink: /home/rohan/cobotx/install/nav_bot/share/nav_bot/worlds/meshes/nxt_racks/qr_output/HD-01_E_03.png
[2.021s] -- Up-to-date symlink: /home/rohan/cobotx/install/nav_bot/share/nav_bot/worlds/meshes/nxt_racks/qr_output/HD-01_E_04.png
[2.021s] -- Up-to-date symlink: /home/rohan/cobotx/install/nav_bot/share/nav_bot/worlds/meshes/nxt_racks/qr_output/HD-01_E_05.png
[2.021s] -- Up-to-date symlink: /home/rohan/cobotx/install/nav_bot/share/nav_bot/worlds/meshes/nxt_racks/qr_output/HD-01_E_06.png
[2.022s] -- Up-to-date symlink: /home/rohan/cobotx/install/nav_bot/share/nav_bot/worlds/meshes/nxt_racks/qr_output/HD-01_E_07.png
[2.022s] -- Up-to-date symlink: /home/rohan/cobotx/install/nav_bot/share/nav_bot/worlds/meshes/nxt_racks/qr_output/HD-01_E_08.png
[2.022s] -- Up-to-date symlink: /home/rohan/cobotx/install/nav_bot/share/nav_bot/worlds/meshes/nxt_racks/qr_output/HD-01_E_09.png
[2.022s] -- Up-to-date symlink: /home/rohan/cobotx/install/nav_bot/share/nav_bot/worlds/meshes/nxt_racks/qr_output/HD-01_E_10.png
[2.022s] -- Up-to-date symlink: /home/rohan/cobotx/install/nav_bot/share/nav_bot/worlds/meshes/nxt_racks/qr_output/HD-01_E_11.png
[2.022s] -- Up-to-date symlink: /home/rohan/cobotx/install/nav_bot/share/nav_bot/worlds/meshes/nxt_racks/qr_output/HD-01_E_12.png
[2.022s] -- Up-to-date symlink: /home/rohan/cobotx/install/nav_bot/share/nav_bot/worlds/meshes/nxt_racks/qr_output/HD-01_E_13.png
[2.022s] -- Up-to-date symlink: /home/rohan/cobotx/install/nav_bot/share/nav_bot/worlds/meshes/nxt_racks/qr_output/HD-01_E_14.png
[2.023s] -- Up-to-date symlink: /home/rohan/cobotx/install/nav_bot/share/nav_bot/worlds/meshes/nxt_racks/qr_output/HD-01_E_15.png
[2.023s] -- Up-to-date symlink: /home/rohan/cobotx/install/nav_bot/share/nav_bot/worlds/meshes/nxt_racks/qr_output/HD-01_E_16.png
[2.023s] -- Up-to-date symlink: /home/rohan/cobotx/install/nav_bot/share/nav_bot/worlds/meshes/nxt_racks/qr_output/HD-01_E_17.png
[2.023s] -- Up-to-date symlink: /home/rohan/cobotx/install/nav_bot/share/nav_bot/worlds/meshes/nxt_racks/qr_output/HD-01_E_18.png
[2.024s] -- Up-to-date symlink: /home/rohan/cobotx/install/nav_bot/share/nav_bot/worlds/meshes/nxt_racks/qr_output/HD-01_E_19.png
[2.024s] -- Up-to-date symlink: /home/rohan/cobotx/install/nav_bot/share/nav_bot/worlds/meshes/nxt_racks/qr_output/HD-01_E_20.png
[2.024s] -- Up-to-date symlink: /home/rohan/cobotx/install/nav_bot/share/nav_bot/worlds/meshes/nxt_racks/qr_output/HD-01_E_21.png
[2.024s] -- Up-to-date symlink: /home/rohan/cobotx/install/nav_bot/share/nav_bot/worlds/meshes/nxt_racks/qr_output/HD-01_E_22.png
[2.024s] -- Up-to-date symlink: /home/rohan/cobotx/install/nav_bot/share/nav_bot/worlds/meshes/nxt_racks/qr_output/HD-01_E_23.png
[2.024s] -- Up-to-date symlink: /home/rohan/cobotx/install/nav_bot/share/nav_bot/worlds/meshes/nxt_racks/qr_output/HD-01_E_24.png
[2.025s] -- Up-to-date symlink: /home/rohan/cobotx/install/nav_bot/share/nav_bot/worlds/meshes/nxt_racks/qr_output/HD-01_E_25.png
[2.025s] -- Up-to-date symlink: /home/rohan/cobotx/install/nav_bot/share/nav_bot/worlds/meshes/nxt_racks/qr_output/HD-01_E_26.png
[2.025s] -- Up-to-date symlink: /home/rohan/cobotx/install/nav_bot/share/nav_bot/worlds/meshes/nxt_racks/qr_output/HD-01_E_27.png
[2.025s] -- Up-to-date symlink: /home/rohan/cobotx/install/nav_bot/share/nav_bot/worlds/meshes/nxt_racks/qr_output/HD-01_E_28.png
[2.025s] -- Up-to-date symlink: /home/rohan/cobotx/install/nav_bot/share/nav_bot/worlds/meshes/nxt_racks/qr_output/HD-01_E_29.png
[2.025s] -- Up-to-date symlink: /home/rohan/cobotx/install/nav_bot/share/nav_bot/worlds/meshes/nxt_racks/qr_output/HD-01_E_30.png
[2.025s] -- Up-to-date symlink: /home/rohan/cobotx/install/nav_bot/share/nav_bot/worlds/meshes/nxt_racks/qr_output/HD-01_E_31.png
[2.025s] -- Up-to-date symlink: /home/rohan/cobotx/install/nav_bot/share/nav_bot/worlds/meshes/nxt_racks/qr_output/HD-01_E_32.png
[2.026s] -- Up-to-date symlink: /home/rohan/cobotx/install/nav_bot/share/nav_bot/worlds/meshes/nxt_racks/qr_output/HD-01_E_33.png
[2.026s] -- Up-to-date symlink: /home/rohan/cobotx/install/nav_bot/share/nav_bot/worlds/meshes/nxt_racks/qr_output/HD-01_E_34.png
[2.026s] -- Up-to-date symlink: /home/rohan/cobotx/install/nav_bot/share/nav_bot/worlds/meshes/nxt_racks/qr_output/HD-01_E_35.png
[2.026s] -- Up-to-date symlink: /home/rohan/cobotx/install/nav_bot/share/nav_bot/worlds/meshes/nxt_racks/qr_output/HD-01_E_36.png
[2.026s] -- Up-to-date symlink: /home/rohan/cobotx/install/nav_bot/share/nav_bot/worlds/meshes/nxt_racks/qr_output/HD-01_E_37.png
[2.026s] -- Up-to-date symlink: /home/rohan/cobotx/install/nav_bot/share/nav_bot/worlds/meshes/nxt_racks/qr_output/HD-01_E_38.png
[2.026s] -- Up-to-date symlink: /home/rohan/cobotx/install/nav_bot/share/nav_bot/worlds/meshes/nxt_racks/qr_output/HD-01_F_01.png
[2.027s] -- Up-to-date symlink: /home/rohan/cobotx/install/nav_bot/share/nav_bot/worlds/meshes/nxt_racks/qr_output/HD-01_F_02.png
[2.027s] -- Up-to-date symlink: /home/rohan/cobotx/install/nav_bot/share/nav_bot/worlds/meshes/nxt_racks/qr_output/HD-01_F_03.png
[2.027s] -- Up-to-date symlink: /home/rohan/cobotx/install/nav_bot/share/nav_bot/worlds/meshes/nxt_racks/qr_output/HD-01_F_04.png
[2.027s] -- Up-to-date symlink: /home/rohan/cobotx/install/nav_bot/share/nav_bot/worlds/meshes/nxt_racks/qr_output/HD-01_F_05.png
[2.027s] -- Up-to-date symlink: /home/rohan/cobotx/install/nav_bot/share/nav_bot/worlds/meshes/nxt_racks/qr_output/HD-01_F_06.png
[2.027s] -- Up-to-date symlink: /home/rohan/cobotx/install/nav_bot/share/nav_bot/worlds/meshes/nxt_racks/qr_output/HD-01_F_07.png
[2.028s] -- Up-to-date symlink: /home/rohan/cobotx/install/nav_bot/share/nav_bot/worlds/meshes/nxt_racks/qr_output/HD-01_F_08.png
[2.028s] -- Up-to-date symlink: /home/rohan/cobotx/install/nav_bot/share/nav_bot/worlds/meshes/nxt_racks/qr_output/HD-01_F_09.png
[2.028s] -- Up-to-date symlink: /home/rohan/cobotx/install/nav_bot/share/nav_bot/worlds/meshes/nxt_racks/qr_output/HD-01_F_10.png
[2.028s] -- Up-to-date symlink: /home/rohan/cobotx/install/nav_bot/share/nav_bot/worlds/meshes/nxt_racks/qr_output/HD-01_F_11.png
[2.028s] -- Up-to-date symlink: /home/rohan/cobotx/install/nav_bot/share/nav_bot/worlds/meshes/nxt_racks/qr_output/HD-01_F_12.png
[2.028s] -- Up-to-date symlink: /home/rohan/cobotx/install/nav_bot/share/nav_bot/worlds/meshes/nxt_racks/qr_output/HD-01_F_13.png
[2.028s] -- Up-to-date symlink: /home/rohan/cobotx/install/nav_bot/share/nav_bot/worlds/meshes/nxt_racks/qr_output/HD-01_F_14.png
[2.029s] -- Up-to-date symlink: /home/rohan/cobotx/install/nav_bot/share/nav_bot/worlds/meshes/nxt_racks/qr_output/HD-01_F_15.png
[2.029s] -- Up-to-date symlink: /home/rohan/cobotx/install/nav_bot/share/nav_bot/worlds/meshes/nxt_racks/qr_output/HD-01_F_16.png
[2.029s] -- Up-to-date symlink: /home/rohan/cobotx/install/nav_bot/share/nav_bot/worlds/meshes/nxt_racks/qr_output/HD-01_F_17.png
[2.029s] -- Up-to-date symlink: /home/rohan/cobotx/install/nav_bot/share/nav_bot/worlds/meshes/nxt_racks/qr_output/HD-01_F_18.png
[2.029s] -- Up-to-date symlink: /home/rohan/cobotx/install/nav_bot/share/nav_bot/worlds/meshes/nxt_racks/qr_output/HD-01_F_19.png
[2.029s] -- Up-to-date symlink: /home/rohan/cobotx/install/nav_bot/share/nav_bot/worlds/meshes/nxt_racks/qr_output/HD-01_F_20.png
[2.029s] -- Up-to-date symlink: /home/rohan/cobotx/install/nav_bot/share/nav_bot/worlds/meshes/nxt_racks/qr_output/HD-01_F_21.png
[2.029s] -- Up-to-date symlink: /home/rohan/cobotx/install/nav_bot/share/nav_bot/worlds/meshes/nxt_racks/qr_output/HD-01_F_22.png
[2.030s] -- Up-to-date symlink: /home/rohan/cobotx/install/nav_bot/share/nav_bot/worlds/meshes/nxt_racks/qr_output/HD-01_F_23.png
[2.030s] -- Up-to-date symlink: /home/rohan/cobotx/install/nav_bot/share/nav_bot/worlds/meshes/nxt_racks/qr_output/HD-01_F_24.png
[2.030s] -- Up-to-date symlink: /home/rohan/cobotx/install/nav_bot/share/nav_bot/worlds/meshes/nxt_racks/qr_output/HD-01_F_25.png
[2.030s] -- Up-to-date symlink: /home/rohan/cobotx/install/nav_bot/share/nav_bot/worlds/meshes/nxt_racks/qr_output/HD-01_F_26.png
[2.030s] -- Up-to-date symlink: /home/rohan/cobotx/install/nav_bot/share/nav_bot/worlds/meshes/nxt_racks/qr_output/HD-01_F_27.png
[2.030s] -- Up-to-date symlink: /home/rohan/cobotx/install/nav_bot/share/nav_bot/worlds/meshes/nxt_racks/qr_output/HD-01_F_28.png
[2.030s] -- Up-to-date symlink: /home/rohan/cobotx/install/nav_bot/share/nav_bot/worlds/meshes/nxt_racks/qr_output/HD-01_F_29.png
[2.031s] -- Up-to-date symlink: /home/rohan/cobotx/install/nav_bot/share/nav_bot/worlds/meshes/nxt_racks/qr_output/HD-01_F_30.png
[2.031s] -- Up-to-date symlink: /home/rohan/cobotx/install/nav_bot/share/nav_bot/worlds/meshes/nxt_racks/qr_output/HD-01_F_31.png
[2.031s] -- Up-to-date symlink: /home/rohan/cobotx/install/nav_bot/share/nav_bot/worlds/meshes/nxt_racks/qr_output/HD-01_F_32.png
[2.031s] -- Up-to-date symlink: /home/rohan/cobotx/install/nav_bot/share/nav_bot/worlds/meshes/nxt_racks/qr_output/HD-01_F_33.png
[2.031s] -- Up-to-date symlink: /home/rohan/cobotx/install/nav_bot/share/nav_bot/worlds/meshes/nxt_racks/qr_output/HD-01_F_34.png
[2.032s] -- Up-to-date symlink: /home/rohan/cobotx/install/nav_bot/share/nav_bot/worlds/meshes/nxt_racks/qr_output/HD-01_F_35.png
[2.032s] -- Up-to-date symlink: /home/rohan/cobotx/install/nav_bot/share/nav_bot/worlds/meshes/nxt_racks/qr_output/HD-01_F_36.png
[2.032s] -- Up-to-date symlink: /home/rohan/cobotx/install/nav_bot/share/nav_bot/worlds/meshes/nxt_racks/qr_output/HD-01_F_37.png
[2.032s] -- Up-to-date symlink: /home/rohan/cobotx/install/nav_bot/share/nav_bot/worlds/meshes/nxt_racks/qr_output/HD-01_F_38.png
[2.032s] -- Up-to-date symlink: /home/rohan/cobotx/install/nav_bot/share/nav_bot/worlds/meshes/nxt_racks/qr_output/HD-01_G_01.png
[2.032s] -- Up-to-date symlink: /home/rohan/cobotx/install/nav_bot/share/nav_bot/worlds/meshes/nxt_racks/qr_output/HD-01_G_02.png
[2.032s] -- Up-to-date symlink: /home/rohan/cobotx/install/nav_bot/share/nav_bot/worlds/meshes/nxt_racks/qr_output/HD-01_G_03.png
[2.033s] -- Up-to-date symlink: /home/rohan/cobotx/install/nav_bot/share/nav_bot/worlds/meshes/nxt_racks/qr_output/HD-01_G_04.png
[2.033s] -- Up-to-date symlink: /home/rohan/cobotx/install/nav_bot/share/nav_bot/worlds/meshes/nxt_racks/qr_output/HD-01_G_05.png
[2.033s] -- Up-to-date symlink: /home/rohan/cobotx/install/nav_bot/share/nav_bot/worlds/meshes/nxt_racks/qr_output/HD-01_G_06.png
[2.033s] -- Up-to-date symlink: /home/rohan/cobotx/install/nav_bot/share/nav_bot/worlds/meshes/nxt_racks/qr_output/HD-01_G_07.png
[2.033s] -- Up-to-date symlink: /home/rohan/cobotx/install/nav_bot/share/nav_bot/worlds/meshes/nxt_racks/qr_output/HD-01_G_08.png
[2.033s] -- Up-to-date symlink: /home/rohan/cobotx/install/nav_bot/share/nav_bot/worlds/meshes/nxt_racks/qr_output/HD-01_G_09.png
[2.033s] -- Up-to-date symlink: /home/rohan/cobotx/install/nav_bot/share/nav_bot/worlds/meshes/nxt_racks/qr_output/HD-01_G_10.png
[2.033s] -- Up-to-date symlink: /home/rohan/cobotx/install/nav_bot/share/nav_bot/worlds/meshes/nxt_racks/qr_output/HD-01_G_11.png
[2.034s] -- Up-to-date symlink: /home/rohan/cobotx/install/nav_bot/share/nav_bot/worlds/meshes/nxt_racks/qr_output/HD-01_G_12.png
[2.034s] -- Up-to-date symlink: /home/rohan/cobotx/install/nav_bot/share/nav_bot/worlds/meshes/nxt_racks/qr_output/HD-01_G_13.png
[2.034s] -- Up-to-date symlink: /home/rohan/cobotx/install/nav_bot/share/nav_bot/worlds/meshes/nxt_racks/qr_output/HD-01_G_14.png
[2.034s] -- Up-to-date symlink: /home/rohan/cobotx/install/nav_bot/share/nav_bot/worlds/meshes/nxt_racks/qr_output/HD-01_G_15.png
[2.034s] -- Up-to-date symlink: /home/rohan/cobotx/install/nav_bot/share/nav_bot/worlds/meshes/nxt_racks/qr_output/HD-01_G_16.png
[2.034s] -- Up-to-date symlink: /home/rohan/cobotx/install/nav_bot/share/nav_bot/worlds/meshes/nxt_racks/qr_output/HD-01_G_17.png
[2.034s] -- Up-to-date symlink: /home/rohan/cobotx/install/nav_bot/share/nav_bot/worlds/meshes/nxt_racks/qr_output/HD-01_G_18.png
[2.035s] -- Up-to-date symlink: /home/rohan/cobotx/install/nav_bot/share/nav_bot/worlds/meshes/nxt_racks/qr_output/HD-01_G_19.png
[2.035s] -- Up-to-date symlink: /home/rohan/cobotx/install/nav_bot/share/nav_bot/worlds/meshes/nxt_racks/qr_output/HD-01_G_20.png
[2.035s] -- Up-to-date symlink: /home/rohan/cobotx/install/nav_bot/share/nav_bot/worlds/meshes/nxt_racks/qr_output/HD-01_G_21.png
[2.035s] -- Up-to-date symlink: /home/rohan/cobotx/install/nav_bot/share/nav_bot/worlds/meshes/nxt_racks/qr_output/HD-01_G_22.png
[2.035s] -- Up-to-date symlink: /home/rohan/cobotx/install/nav_bot/share/nav_bot/worlds/meshes/nxt_racks/qr_output/HD-01_G_23.png
[2.035s] -- Up-to-date symlink: /home/rohan/cobotx/install/nav_bot/share/nav_bot/worlds/meshes/nxt_racks/qr_output/HD-01_G_24.png
[2.035s] -- Up-to-date symlink: /home/rohan/cobotx/install/nav_bot/share/nav_bot/worlds/meshes/nxt_racks/qr_output/HD-01_G_25.png
[2.036s] -- Up-to-date symlink: /home/rohan/cobotx/install/nav_bot/share/nav_bot/worlds/meshes/nxt_racks/qr_output/HD-01_G_26.png
[2.036s] -- Up-to-date symlink: /home/rohan/cobotx/install/nav_bot/share/nav_bot/worlds/meshes/nxt_racks/qr_output/HD-01_G_27.png
[2.036s] -- Up-to-date symlink: /home/rohan/cobotx/install/nav_bot/share/nav_bot/worlds/meshes/nxt_racks/qr_output/HD-01_G_28.png
[2.036s] -- Up-to-date symlink: /home/rohan/cobotx/install/nav_bot/share/nav_bot/worlds/meshes/nxt_racks/qr_output/HD-01_G_29.png
[2.036s] -- Up-to-date symlink: /home/rohan/cobotx/install/nav_bot/share/nav_bot/worlds/meshes/nxt_racks/qr_output/HD-01_G_30.png
[2.036s] -- Up-to-date symlink: /home/rohan/cobotx/install/nav_bot/share/nav_bot/worlds/meshes/nxt_racks/qr_output/HD-01_G_31.png
[2.036s] -- Up-to-date symlink: /home/rohan/cobotx/install/nav_bot/share/nav_bot/worlds/meshes/nxt_racks/qr_output/HD-01_G_32.png
[2.037s] -- Up-to-date symlink: /home/rohan/cobotx/install/nav_bot/share/nav_bot/worlds/meshes/nxt_racks/qr_output/HD-01_G_33.png
[2.037s] -- Up-to-date symlink: /home/rohan/cobotx/install/nav_bot/share/nav_bot/worlds/meshes/nxt_racks/qr_output/HD-01_G_34.png
[2.037s] -- Up-to-date symlink: /home/rohan/cobotx/install/nav_bot/share/nav_bot/worlds/meshes/nxt_racks/qr_output/HD-01_G_35.png
[2.037s] -- Up-to-date symlink: /home/rohan/cobotx/install/nav_bot/share/nav_bot/worlds/meshes/nxt_racks/qr_output/HD-01_G_36.png
[2.037s] -- Up-to-date symlink: /home/rohan/cobotx/install/nav_bot/share/nav_bot/worlds/meshes/nxt_racks/qr_output/HD-01_G_37.png
[2.037s] -- Up-to-date symlink: /home/rohan/cobotx/install/nav_bot/share/nav_bot/worlds/meshes/nxt_racks/qr_output/HD-01_G_38.png
[2.038s] -- Up-to-date symlink: /home/rohan/cobotx/install/nav_bot/share/nav_bot/worlds/meshes/nxt_racks/rack.dae
[2.038s] -- Up-to-date symlink: /home/rohan/cobotx/install/nav_bot/share/nav_bot/worlds/meshes/nxt_racks/right.png
[2.038s] -- Up-to-date symlink: /home/rohan/cobotx/install/nav_bot/share/nav_bot/worlds/obstacle_world.sdf
[2.038s] -- Up-to-date symlink: /home/rohan/cobotx/install/nav_bot/share/nav_bot/worlds/office_world.sdf
[2.038s] -- Symlinking: /home/rohan/cobotx/install/nav_bot/share/nav_bot/worlds/small_house_world.sdf
[2.060s] -- Up-to-date symlink: /home/rohan/cobotx/install/nav_bot/share/nav_bot/worlds/warehouse.sdf
[2.060s] -- Up-to-date symlink: /home/rohan/cobotx/install/nav_bot/share/nav_bot/worlds/warehouse_1.sdf
[2.061s] -- Up-to-date symlink: /home/rohan/cobotx/install/nav_bot/share/nav_bot/environment/pythonpath.sh
[2.061s] -- Up-to-date symlink: /home/rohan/cobotx/install/nav_bot/share/nav_bot/environment/pythonpath.dsv
[2.061s] -- Up-to-date symlink: /home/rohan/cobotx/install/nav_bot/local/lib/python3.10/dist-packages/scripts-0.0.0-py3.10.egg-info/PKG-INFO
[2.062s] -- Up-to-date symlink: /home/rohan/cobotx/install/nav_bot/local/lib/python3.10/dist-packages/scripts-0.0.0-py3.10.egg-info/SOURCES.txt
[2.062s] -- Up-to-date symlink: /home/rohan/cobotx/install/nav_bot/local/lib/python3.10/dist-packages/scripts-0.0.0-py3.10.egg-info/dependency_links.txt
[2.062s] -- Up-to-date symlink: /home/rohan/cobotx/install/nav_bot/local/lib/python3.10/dist-packages/scripts-0.0.0-py3.10.egg-info/top_level.txt
[2.062s] -- Up-to-date symlink: /home/rohan/cobotx/install/nav_bot/local/lib/python3.10/dist-packages/scripts/__init__.py
[2.062s] -- Up-to-date symlink: /home/rohan/cobotx/install/nav_bot/local/lib/python3.10/dist-packages/scripts/multi_robot_teleop.py
[2.063s] -- Up-to-date symlink: /home/rohan/cobotx/install/nav_bot/local/lib/python3.10/dist-packages/scripts/object_detection.py
[2.063s] -- Up-to-date symlink: /home/rohan/cobotx/install/nav_bot/local/lib/python3.10/dist-packages/scripts/utils.py
[2.063s] -- Up-to-date symlink: /home/rohan/cobotx/install/nav_bot/lib/nav_bot/multi_robot_teleop.py
[2.063s] -- Up-to-date symlink: /home/rohan/cobotx/install/nav_bot/lib/nav_bot/object_detection.py
[2.063s] -- Up-to-date symlink: /home/rohan/cobotx/install/nav_bot/share/ament_index/resource_index/package_run_dependencies/nav_bot
[2.064s] -- Up-to-date symlink: /home/rohan/cobotx/install/nav_bot/share/ament_index/resource_index/parent_prefix_path/nav_bot
[2.064s] -- Up-to-date symlink: /home/rohan/cobotx/install/nav_bot/share/nav_bot/environment/ament_prefix_path.sh
[2.064s] -- Up-to-date symlink: /home/rohan/cobotx/install/nav_bot/share/nav_bot/environment/ament_prefix_path.dsv
[2.064s] -- Up-to-date symlink: /home/rohan/cobotx/install/nav_bot/share/nav_bot/environment/path.sh
[2.064s] -- Up-to-date symlink: /home/rohan/cobotx/install/nav_bot/share/nav_bot/environment/path.dsv
[2.064s] -- Up-to-date symlink: /home/rohan/cobotx/install/nav_bot/share/nav_bot/local_setup.bash
[2.065s] -- Up-to-date symlink: /home/rohan/cobotx/install/nav_bot/share/nav_bot/local_setup.sh
[2.065s] -- Up-to-date symlink: /home/rohan/cobotx/install/nav_bot/share/nav_bot/local_setup.zsh
[2.065s] -- Up-to-date symlink: /home/rohan/cobotx/install/nav_bot/share/nav_bot/local_setup.dsv
[2.065s] -- Symlinking: /home/rohan/cobotx/install/nav_bot/share/nav_bot/package.dsv
[2.080s] -- Up-to-date symlink: /home/rohan/cobotx/install/nav_bot/share/ament_index/resource_index/packages/nav_bot
[2.080s] -- Up-to-date symlink: /home/rohan/cobotx/install/nav_bot/share/nav_bot/cmake/nav_botConfig.cmake
[2.080s] -- Up-to-date symlink: /home/rohan/cobotx/install/nav_bot/share/nav_bot/cmake/nav_botConfig-version.cmake
[2.080s] -- Up-to-date symlink: /home/rohan/cobotx/install/nav_bot/share/nav_bot/package.xml
[2.123s] Listing '/home/rohan/cobotx/install/nav_bot/local/lib/python3.10/dist-packages/scripts'...
[2.133s] Invoked command in '/home/rohan/cobotx/build/nav_bot' returned '0': CMAKE_PREFIX_PATH=/opt/ros/humble /usr/bin/cmake --install /home/rohan/cobotx/build/nav_bot
