[0.000000] (-) TimerEvent: {}
[0.000279] (nav_bot) JobQueued: {'identifier': 'nav_bot', 'dependencies': OrderedDict()}
[0.000738] (nav_bot) JobStarted: {'identifier': 'nav_bot'}
[0.016125] (nav_bot) JobProgress: {'identifier': 'nav_bot', 'progress': 'cmake'}
[0.017122] (nav_bot) JobProgress: {'identifier': 'nav_bot', 'progress': 'build'}
[0.018009] (nav_bot) Command: {'cmd': ['/usr/bin/cmake', '--build', '/home/rohan/cobotx/build/nav_bot', '--', '-j16', '-l16'], 'cwd': '/home/rohan/cobotx/build/nav_bot', 'env': OrderedDict([('GJS_DEBUG_TOPICS', 'JS ERROR;JS LOG'), ('PYTHON_BASIC_REPL', '1'), ('LESSOPEN', '| /usr/bin/lesspipe %s'), ('GZ_SIM_RESOURCE_PATH', ':/opt/ros/humble/share/ros_gz_sim_demos/models:/opt/ros/humble/share/ros_gz_sim_demos/models'), ('SVGA_VGPU10', '0'), ('LANGUAGE', 'en_IN:en'), ('USER', 'rohan'), ('XDG_SESSION_TYPE', 'wayland'), ('GIT_ASKPASS', '/usr/share/code/resources/app/extensions/git/dist/askpass.sh'), ('IGNITION_VERSION', 'fortress'), ('__GLX_VENDOR_LIBRARY_NAME', 'nvidia'), ('SHLVL', '1'), ('LD_LIBRARY_PATH', '/home/rohan/px4/ros2_ws/install/translation_node/lib:/home/rohan/px4/ros2_ws/install/px4_ros_com/lib:/home/rohan/px4/ros2_ws/install/px4_msgs_old/lib:/home/rohan/px4/ros2_ws/install/px4_msgs/lib:/home/rohan/px4/ros2_ws/install/px4/lib:/home/rohan/px4/px4_ros_uxrce_dds_ws/install/microxrcedds_agent/lib:/usr/local/lib:/usr/local/lib:/opt/ros/humble/opt/zenoh_cpp_vendor/lib:/usr/lib/x86_64-linux-gnu/gazebo-11/plugins:/opt/ros/humble/opt/rviz_ogre_vendor/lib:/opt/ros/humble/lib/x86_64-linux-gnu:/opt/ros/humble/lib:/usr/lib/x86_64-linux-gnu/gazebo-11/plugins::/usr/lib/x86_64-linux-gnu/gazebo-11/plugins:/usr/lib/x86_64-linux-gnu/gazebo-11/plugins::/usr/lib/x86_64-linux-gnu/gazebo-11/plugins:/usr/lib/x86_64-linux-gnu/gazebo-11/plugins:/usr/lib/x86_64-linux-gnu/gazebo-11/plugins::/usr/lib/x86_64-linux-gnu/gazebo-11/plugins:/usr/lib/x86_64-linux-gnu/gazebo-11/plugins:/usr/lib/x86_64-linux-gnu/gazebo-11/plugins:/usr/lib/x86_64-linux-gnu/gazebo-11/plugins:'), ('HOME', '/home/rohan'), ('CHROME_DESKTOP', 'code.desktop'), ('TERM_PROGRAM_VERSION', '1.112.0'), ('DESKTOP_SESSION', 'ubuntu'), ('GIO_LAUNCHED_DESKTOP_FILE', '/usr/share/applications/code.desktop'), ('GAZEBO_MASTER_URI', 'http://localhost:11345'), ('ROS_PYTHON_VERSION', '3'), ('GNOME_SHELL_SESSION_MODE', 'ubuntu'), ('GTK_MODULES', 'gail:atk-bridge'), ('VSCODE_GIT_ASKPASS_MAIN', '/usr/share/code/resources/app/extensions/git/dist/askpass-main.js'), ('VSCODE_GIT_ASKPASS_NODE', '/usr/share/code/code'), ('MANAGERPID', '1812'), ('PYDEVD_DISABLE_FILE_VALIDATION', '1'), ('SYSTEMD_EXEC_PID', '1999'), ('BUNDLED_DEBUGPY_PATH', '/home/rohan/.vscode/extensions/ms-python.debugpy-2026.6.0-linux-x64/bundled/libs/debugpy'), ('IM_CONFIG_CHECK_ENV', '1'), ('VSCODE_PYTHON_AUTOACTIVATE_GUARD', '1'), ('DBUS_SESSION_BUS_ADDRESS', 'unix:path=/run/user/1000/bus'), ('COLORTERM', 'truecolor'), ('GIO_LAUNCHED_DESKTOP_FILE_PID', '5376'), ('NVM_DIR', '/home/rohan/.nvm'), ('IM_CONFIG_PHASE', '1'), ('WAYLAND_DISPLAY', 'wayland-0'), ('COLCON_PREFIX_PATH', '/home/rohan/cobotx/install:/home/rohan/px4/ros2_ws/install:/home/rohan/px4/px4_ros_uxrce_dds_ws/install'), ('ROS_DISTRO', 'humble'), ('LOGNAME', 'rohan'), ('JOURNAL_STREAM', '8:18156'), ('_', '/usr/bin/colcon'), ('ROS_VERSION', '2'), ('CLAUDE_CODE_SSE_PORT', '24599'), ('XDG_SESSION_CLASS', 'user'), ('USERNAME', 'rohan'), ('TERM', 'xterm-256color'), ('GAZEBO_MODEL_PATH', '/usr/share/gazebo-11/models:/usr/share/gazebo-11/models:/usr/share/gazebo-11/models:/usr/share/gazebo-11/models::/trial/src/my_bot/urdf/my_bot.urdf:home/rohan/gazebo11_models/models:/trial/src/my_bot/urdf/my_bot.urdf:home/rohan/gazebo11_models/models'), ('GNOME_DESKTOP_SESSION_ID', 'this-is-deprecated'), ('FC_FONTATIONS', '1'), ('ROS_LOCALHOST_ONLY', '0'), ('OGRE_RESOURCE_PATH', '/usr/lib/x86_64-linux-gnu/OGRE-1.9.0'), ('PATH', '/home/rohan/px4/px4_ros_uxrce_dds_ws/install/microxrcedds_agent/bin:/home/rohan/.config/Code/User/globalStorage/github.copilot-chat/debugCommand:/home/rohan/.config/Code/User/globalStorage/github.copilot-chat/copilotCli:/home/rohan/.local/bin:/opt/ros/humble/bin:/home/rohan/.local/bin:/usr/local/sbin:/usr/local/bin:/usr/sbin:/usr/bin:/sbin:/bin:/usr/games:/usr/local/games:/snap/bin:/snap/bin:/opt/ros/humble/share/gazebo_dev/gz/bin:/opt/xtensa-esp-elf/bin/:/opt/xtensa-esp-elf/bin/:/home/rohan/.vscode/extensions/ms-python.debugpy-2026.6.0-linux-x64/bundled/scripts/noConfigScripts:/opt/ros/humble/share/gazebo_dev/gz/bin:/opt/xtensa-esp-elf/bin/:/opt/xtensa-esp-elf/bin/'), ('SESSION_MANAGER', 'local/rohan-IdeaPad-Gaming-3-15ACH6:@/tmp/.ICE-unix/1964,unix/rohan-IdeaPad-Gaming-3-15ACH6:/tmp/.ICE-unix/1964'), ('INVOCATION_ID', '4280bea335f543f6af5923b9d57b4750'), ('XDG_MENU_PREFIX', 'gnome-'), ('GNOME_SETUP_DISPLAY', ':1'), ('XDG_RUNTIME_DIR', '/run/user/1000'), ('GDK_BACKEND', 'wayland'), ('DISPLAY', ':0'), ('VSCODE_DEBUGPY_ADAPTER_ENDPOINTS', '/home/rohan/.vscode/extensions/ms-python.debugpy-2026.6.0-linux-x64/.noConfigDebugAdapterEndpoints/endpoint-2ff497d661051a45.txt'), ('LANG', 'en_US.UTF-8'), ('XDG_CURRENT_DESKTOP', 'ubuntu:GNOME'), ('PYTHONSTARTUP', '/home/rohan/.config/Code/User/workspaceStorage/99f73eee95fb8c5f9c1d66af55c24b55/ms-python.python/pythonrc.py'), ('__NV_PRIME_RENDER_OFFLOAD', '1'), ('RMW_IMPLEMENTATION', 'rmw_cyclonedds_cpp'), ('XMODIFIERS', '@im=ibus'), ('XDG_SESSION_DESKTOP', 'ubuntu'), ('XAUTHORITY', '/run/user/1000/.mutter-Xwaylandauth.BR6FR3'), ('LS_COLORS', 'rs=0:di=01;34:ln=01;36:mh=00:pi=40;33:so=01;35:do=01;35:bd=40;33;01:cd=40;33;01:or=40;31;01:mi=00:su=37;41:sg=30;43:ca=30;41:tw=30;42:ow=34;42:st=37;44:ex=01;32:*.tar=01;31:*.tgz=01;31:*.arc=01;31:*.arj=01;31:*.taz=01;31:*.lha=01;31:*.lz4=01;31:*.lzh=01;31:*.lzma=01;31:*.tlz=01;31:*.txz=01;31:*.tzo=01;31:*.t7z=01;31:*.zip=01;31:*.z=01;31:*.dz=01;31:*.gz=01;31:*.lrz=01;31:*.lz=01;31:*.lzo=01;31:*.xz=01;31:*.zst=01;31:*.tzst=01;31:*.bz2=01;31:*.bz=01;31:*.tbz=01;31:*.tbz2=01;31:*.tz=01;31:*.deb=01;31:*.rpm=01;31:*.jar=01;31:*.war=01;31:*.ear=01;31:*.sar=01;31:*.rar=01;31:*.alz=01;31:*.ace=01;31:*.zoo=01;31:*.cpio=01;31:*.7z=01;31:*.rz=01;31:*.cab=01;31:*.wim=01;31:*.swm=01;31:*.dwm=01;31:*.esd=01;31:*.jpg=01;35:*.jpeg=01;35:*.mjpg=01;35:*.mjpeg=01;35:*.gif=01;35:*.bmp=01;35:*.pbm=01;35:*.pgm=01;35:*.ppm=01;35:*.tga=01;35:*.xbm=01;35:*.xpm=01;35:*.tif=01;35:*.tiff=01;35:*.png=01;35:*.svg=01;35:*.svgz=01;35:*.mng=01;35:*.pcx=01;35:*.mov=01;35:*.mpg=01;35:*.mpeg=01;35:*.m2v=01;35:*.mkv=01;35:*.webm=01;35:*.webp=01;35:*.ogm=01;35:*.mp4=01;35:*.m4v=01;35:*.mp4v=01;35:*.vob=01;35:*.qt=01;35:*.nuv=01;35:*.wmv=01;35:*.asf=01;35:*.rm=01;35:*.rmvb=01;35:*.flc=01;35:*.avi=01;35:*.fli=01;35:*.flv=01;35:*.gl=01;35:*.dl=01;35:*.xcf=01;35:*.xwd=01;35:*.yuv=01;35:*.cgm=01;35:*.emf=01;35:*.ogv=01;35:*.ogx=01;35:*.aac=00;36:*.au=00;36:*.flac=00;36:*.m4a=00;36:*.mid=00;36:*.midi=00;36:*.mka=00;36:*.mp3=00;36:*.mpc=00;36:*.ogg=00;36:*.ra=00;36:*.wav=00;36:*.oga=00;36:*.opus=00;36:*.spx=00;36:*.xspf=00;36:'), ('VSCODE_GIT_IPC_HANDLE', '/run/user/1000/vscode-git-330fa3cde8.sock'), ('TERM_PROGRAM', 'vscode'), ('SSH_AGENT_LAUNCHER', 'gnome-keyring'), ('SSH_AUTH_SOCK', '/run/user/1000/keyring/ssh'), ('ROS_DOMAIN_ID', '0'), ('AMENT_PREFIX_PATH', '/home/rohan/cobotx/install/nav_bot:/home/rohan/px4/ros2_ws/install/translation_node:/home/rohan/px4/ros2_ws/install/px4_ros_com:/home/rohan/px4/ros2_ws/install/px4_offboard:/home/rohan/px4/ros2_ws/install/px4_msgs_old:/home/rohan/px4/ros2_ws/install/px4_msgs:/home/rohan/px4/ros2_ws/install/px4:/home/rohan/px4/ros2_ws/install/com_bridge:/opt/ros/humble'), ('SHELL', '/bin/bash'), ('QT_ACCESSIBILITY', '1'), ('GDMSESSION', 'ubuntu'), ('LESSCLOSE', '/usr/bin/lesspipe %s %s'), ('IGN_GAZEBO_RESOURCE_PATH', ':/home/rohan/cobotx/src/nav_bot/models:/home/rohan/cobotx/src/nav_bot/models'), ('GAZEBO_RESOURCE_PATH', '/usr/share/gazebo-11:/usr/share/gazebo-11:/usr/share/gazebo-11:/usr/share/gazebo-11::home/rohan/gazebo11_models/worlds:home/rohan/gazebo11_models/worlds'), ('GJS_DEBUG_OUTPUT', 'stderr'), ('GZ_VERSION', 'fortress'), ('GAZEBO_MODEL_DATABASE_URI', 'http://models.gazebosim.org'), ('VSCODE_GIT_ASKPASS_EXTRA_ARGS', ''), ('QT_IM_MODULE', 'ibus'), ('PWD', '/home/rohan/cobotx/build/nav_bot'), ('QT_QPA_PLATFORM', 'xcb'), ('TURTLEBOT3_MODEL', 'waffle'), ('LC_ALL', 'en_US.UTF-8'), ('XDG_CONFIG_DIRS', '/etc/xdg/xdg-ubuntu:/etc/xdg'), ('GAZEBO_PLUGIN_PATH', '/usr/lib/x86_64-linux-gnu/gazebo-11/plugins:/usr/lib/x86_64-linux-gnu/gazebo-11/plugins:/usr/lib/x86_64-linux-gnu/gazebo-11/plugins:/usr/lib/x86_64-linux-gnu/gazebo-11/plugins:'), ('NVM_CD_FLAGS', ''), ('XDG_DATA_DIRS', '/usr/share/ubuntu:/usr/local/share/:/usr/share/:/var/lib/snapd/desktop'), ('PYTHONPATH', '/home/rohan/cobotx/install/nav_bot/local/lib/python3.10/dist-packages:/home/rohan/px4/ros2_ws/install/translation_node/local/lib/python3.10/dist-packages:/home/rohan/px4/ros2_ws/install/px4_ros_com/local/lib/python3.10/dist-packages:/home/rohan/px4/ros2_ws/install/px4_offboard/lib/python3.10/site-packages:/home/rohan/px4/ros2_ws/install/px4_msgs_old/local/lib/python3.10/dist-packages:/home/rohan/px4/ros2_ws/install/px4_msgs/local/lib/python3.10/dist-packages:/home/rohan/px4/ros2_ws/install/com_bridge/lib/python3.10/site-packages:/opt/ros/humble/lib/python3.10/site-packages:/opt/ros/humble/local/lib/python3.10/dist-packages'), ('COLCON', '1'), ('NVM_RC_VERSION', ''), ('CMAKE_PREFIX_PATH', '/home/rohan/cobotx/install/nav_bot:/home/rohan/px4/ros2_ws/install/translation_node:/home/rohan/px4/ros2_ws/install/px4_ros_com:/home/rohan/px4/ros2_ws/install/px4_msgs_old:/home/rohan/px4/ros2_ws/install/px4_msgs:/home/rohan/px4/ros2_ws/install/px4:/home/rohan/px4/px4_ros_uxrce_dds_ws/install/microxrcedds_agent:/home/rohan/px4/ros2_ws/install/px4_offboard:/home/rohan/px4/ros2_ws/install/com_bridge:/opt/ros/humble')]), 'shell': False}
[0.099681] (-) TimerEvent: {}
[0.150940] (nav_bot) StdoutLine: {'line': b'Built target ament_cmake_python_symlink_scripts\n'}
[0.199782] (-) TimerEvent: {}
[0.300069] (-) TimerEvent: {}
[0.400334] (-) TimerEvent: {}
[0.427745] (nav_bot) StdoutLine: {'line': b'running egg_info\n'}
[0.428185] (nav_bot) StdoutLine: {'line': b'writing scripts.egg-info/PKG-INFO\n'}
[0.428376] (nav_bot) StdoutLine: {'line': b'writing dependency_links to scripts.egg-info/dependency_links.txt\n'}
[0.428555] (nav_bot) StdoutLine: {'line': b'writing top-level names to scripts.egg-info/top_level.txt\n'}
[0.431120] (nav_bot) StdoutLine: {'line': b"reading manifest file 'scripts.egg-info/SOURCES.txt'\n"}
[0.431766] (nav_bot) StdoutLine: {'line': b"writing manifest file 'scripts.egg-info/SOURCES.txt'\n"}
[0.455369] (nav_bot) StdoutLine: {'line': b'Built target ament_cmake_python_build_scripts_egg\n'}
[0.466396] (nav_bot) CommandEnded: {'returncode': 0}
[0.467803] (nav_bot) JobProgress: {'identifier': 'nav_bot', 'progress': 'install'}
[0.476154] (nav_bot) Command: {'cmd': ['/usr/bin/cmake', '--install', '/home/rohan/cobotx/build/nav_bot'], 'cwd': '/home/rohan/cobotx/build/nav_bot', 'env': OrderedDict([('GJS_DEBUG_TOPICS', 'JS ERROR;JS LOG'), ('PYTHON_BASIC_REPL', '1'), ('LESSOPEN', '| /usr/bin/lesspipe %s'), ('GZ_SIM_RESOURCE_PATH', ':/opt/ros/humble/share/ros_gz_sim_demos/models:/opt/ros/humble/share/ros_gz_sim_demos/models'), ('SVGA_VGPU10', '0'), ('LANGUAGE', 'en_IN:en'), ('USER', 'rohan'), ('XDG_SESSION_TYPE', 'wayland'), ('GIT_ASKPASS', '/usr/share/code/resources/app/extensions/git/dist/askpass.sh'), ('IGNITION_VERSION', 'fortress'), ('__GLX_VENDOR_LIBRARY_NAME', 'nvidia'), ('SHLVL', '1'), ('LD_LIBRARY_PATH', '/home/rohan/px4/ros2_ws/install/translation_node/lib:/home/rohan/px4/ros2_ws/install/px4_ros_com/lib:/home/rohan/px4/ros2_ws/install/px4_msgs_old/lib:/home/rohan/px4/ros2_ws/install/px4_msgs/lib:/home/rohan/px4/ros2_ws/install/px4/lib:/home/rohan/px4/px4_ros_uxrce_dds_ws/install/microxrcedds_agent/lib:/usr/local/lib:/usr/local/lib:/opt/ros/humble/opt/zenoh_cpp_vendor/lib:/usr/lib/x86_64-linux-gnu/gazebo-11/plugins:/opt/ros/humble/opt/rviz_ogre_vendor/lib:/opt/ros/humble/lib/x86_64-linux-gnu:/opt/ros/humble/lib:/usr/lib/x86_64-linux-gnu/gazebo-11/plugins::/usr/lib/x86_64-linux-gnu/gazebo-11/plugins:/usr/lib/x86_64-linux-gnu/gazebo-11/plugins::/usr/lib/x86_64-linux-gnu/gazebo-11/plugins:/usr/lib/x86_64-linux-gnu/gazebo-11/plugins:/usr/lib/x86_64-linux-gnu/gazebo-11/plugins::/usr/lib/x86_64-linux-gnu/gazebo-11/plugins:/usr/lib/x86_64-linux-gnu/gazebo-11/plugins:/usr/lib/x86_64-linux-gnu/gazebo-11/plugins:/usr/lib/x86_64-linux-gnu/gazebo-11/plugins:'), ('HOME', '/home/rohan'), ('CHROME_DESKTOP', 'code.desktop'), ('TERM_PROGRAM_VERSION', '1.112.0'), ('DESKTOP_SESSION', 'ubuntu'), ('GIO_LAUNCHED_DESKTOP_FILE', '/usr/share/applications/code.desktop'), ('GAZEBO_MASTER_URI', 'http://localhost:11345'), ('ROS_PYTHON_VERSION', '3'), ('GNOME_SHELL_SESSION_MODE', 'ubuntu'), ('GTK_MODULES', 'gail:atk-bridge'), ('VSCODE_GIT_ASKPASS_MAIN', '/usr/share/code/resources/app/extensions/git/dist/askpass-main.js'), ('VSCODE_GIT_ASKPASS_NODE', '/usr/share/code/code'), ('MANAGERPID', '1812'), ('PYDEVD_DISABLE_FILE_VALIDATION', '1'), ('SYSTEMD_EXEC_PID', '1999'), ('BUNDLED_DEBUGPY_PATH', '/home/rohan/.vscode/extensions/ms-python.debugpy-2026.6.0-linux-x64/bundled/libs/debugpy'), ('IM_CONFIG_CHECK_ENV', '1'), ('VSCODE_PYTHON_AUTOACTIVATE_GUARD', '1'), ('DBUS_SESSION_BUS_ADDRESS', 'unix:path=/run/user/1000/bus'), ('COLORTERM', 'truecolor'), ('GIO_LAUNCHED_DESKTOP_FILE_PID', '5376'), ('NVM_DIR', '/home/rohan/.nvm'), ('IM_CONFIG_PHASE', '1'), ('WAYLAND_DISPLAY', 'wayland-0'), ('COLCON_PREFIX_PATH', '/home/rohan/cobotx/install:/home/rohan/px4/ros2_ws/install:/home/rohan/px4/px4_ros_uxrce_dds_ws/install'), ('ROS_DISTRO', 'humble'), ('LOGNAME', 'rohan'), ('JOURNAL_STREAM', '8:18156'), ('_', '/usr/bin/colcon'), ('ROS_VERSION', '2'), ('CLAUDE_CODE_SSE_PORT', '24599'), ('XDG_SESSION_CLASS', 'user'), ('USERNAME', 'rohan'), ('TERM', 'xterm-256color'), ('GAZEBO_MODEL_PATH', '/usr/share/gazebo-11/models:/usr/share/gazebo-11/models:/usr/share/gazebo-11/models:/usr/share/gazebo-11/models::/trial/src/my_bot/urdf/my_bot.urdf:home/rohan/gazebo11_models/models:/trial/src/my_bot/urdf/my_bot.urdf:home/rohan/gazebo11_models/models'), ('GNOME_DESKTOP_SESSION_ID', 'this-is-deprecated'), ('FC_FONTATIONS', '1'), ('ROS_LOCALHOST_ONLY', '0'), ('OGRE_RESOURCE_PATH', '/usr/lib/x86_64-linux-gnu/OGRE-1.9.0'), ('PATH', '/home/rohan/px4/px4_ros_uxrce_dds_ws/install/microxrcedds_agent/bin:/home/rohan/.config/Code/User/globalStorage/github.copilot-chat/debugCommand:/home/rohan/.config/Code/User/globalStorage/github.copilot-chat/copilotCli:/home/rohan/.local/bin:/opt/ros/humble/bin:/home/rohan/.local/bin:/usr/local/sbin:/usr/local/bin:/usr/sbin:/usr/bin:/sbin:/bin:/usr/games:/usr/local/games:/snap/bin:/snap/bin:/opt/ros/humble/share/gazebo_dev/gz/bin:/opt/xtensa-esp-elf/bin/:/opt/xtensa-esp-elf/bin/:/home/rohan/.vscode/extensions/ms-python.debugpy-2026.6.0-linux-x64/bundled/scripts/noConfigScripts:/opt/ros/humble/share/gazebo_dev/gz/bin:/opt/xtensa-esp-elf/bin/:/opt/xtensa-esp-elf/bin/'), ('SESSION_MANAGER', 'local/rohan-IdeaPad-Gaming-3-15ACH6:@/tmp/.ICE-unix/1964,unix/rohan-IdeaPad-Gaming-3-15ACH6:/tmp/.ICE-unix/1964'), ('INVOCATION_ID', '4280bea335f543f6af5923b9d57b4750'), ('XDG_MENU_PREFIX', 'gnome-'), ('GNOME_SETUP_DISPLAY', ':1'), ('XDG_RUNTIME_DIR', '/run/user/1000'), ('GDK_BACKEND', 'wayland'), ('DISPLAY', ':0'), ('VSCODE_DEBUGPY_ADAPTER_ENDPOINTS', '/home/rohan/.vscode/extensions/ms-python.debugpy-2026.6.0-linux-x64/.noConfigDebugAdapterEndpoints/endpoint-2ff497d661051a45.txt'), ('LANG', 'en_US.UTF-8'), ('XDG_CURRENT_DESKTOP', 'ubuntu:GNOME'), ('PYTHONSTARTUP', '/home/rohan/.config/Code/User/workspaceStorage/99f73eee95fb8c5f9c1d66af55c24b55/ms-python.python/pythonrc.py'), ('__NV_PRIME_RENDER_OFFLOAD', '1'), ('RMW_IMPLEMENTATION', 'rmw_cyclonedds_cpp'), ('XMODIFIERS', '@im=ibus'), ('XDG_SESSION_DESKTOP', 'ubuntu'), ('XAUTHORITY', '/run/user/1000/.mutter-Xwaylandauth.BR6FR3'), ('LS_COLORS', 'rs=0:di=01;34:ln=01;36:mh=00:pi=40;33:so=01;35:do=01;35:bd=40;33;01:cd=40;33;01:or=40;31;01:mi=00:su=37;41:sg=30;43:ca=30;41:tw=30;42:ow=34;42:st=37;44:ex=01;32:*.tar=01;31:*.tgz=01;31:*.arc=01;31:*.arj=01;31:*.taz=01;31:*.lha=01;31:*.lz4=01;31:*.lzh=01;31:*.lzma=01;31:*.tlz=01;31:*.txz=01;31:*.tzo=01;31:*.t7z=01;31:*.zip=01;31:*.z=01;31:*.dz=01;31:*.gz=01;31:*.lrz=01;31:*.lz=01;31:*.lzo=01;31:*.xz=01;31:*.zst=01;31:*.tzst=01;31:*.bz2=01;31:*.bz=01;31:*.tbz=01;31:*.tbz2=01;31:*.tz=01;31:*.deb=01;31:*.rpm=01;31:*.jar=01;31:*.war=01;31:*.ear=01;31:*.sar=01;31:*.rar=01;31:*.alz=01;31:*.ace=01;31:*.zoo=01;31:*.cpio=01;31:*.7z=01;31:*.rz=01;31:*.cab=01;31:*.wim=01;31:*.swm=01;31:*.dwm=01;31:*.esd=01;31:*.jpg=01;35:*.jpeg=01;35:*.mjpg=01;35:*.mjpeg=01;35:*.gif=01;35:*.bmp=01;35:*.pbm=01;35:*.pgm=01;35:*.ppm=01;35:*.tga=01;35:*.xbm=01;35:*.xpm=01;35:*.tif=01;35:*.tiff=01;35:*.png=01;35:*.svg=01;35:*.svgz=01;35:*.mng=01;35:*.pcx=01;35:*.mov=01;35:*.mpg=01;35:*.mpeg=01;35:*.m2v=01;35:*.mkv=01;35:*.webm=01;35:*.webp=01;35:*.ogm=01;35:*.mp4=01;35:*.m4v=01;35:*.mp4v=01;35:*.vob=01;35:*.qt=01;35:*.nuv=01;35:*.wmv=01;35:*.asf=01;35:*.rm=01;35:*.rmvb=01;35:*.flc=01;35:*.avi=01;35:*.fli=01;35:*.flv=01;35:*.gl=01;35:*.dl=01;35:*.xcf=01;35:*.xwd=01;35:*.yuv=01;35:*.cgm=01;35:*.emf=01;35:*.ogv=01;35:*.ogx=01;35:*.aac=00;36:*.au=00;36:*.flac=00;36:*.m4a=00;36:*.mid=00;36:*.midi=00;36:*.mka=00;36:*.mp3=00;36:*.mpc=00;36:*.ogg=00;36:*.ra=00;36:*.wav=00;36:*.oga=00;36:*.opus=00;36:*.spx=00;36:*.xspf=00;36:'), ('VSCODE_GIT_IPC_HANDLE', '/run/user/1000/vscode-git-330fa3cde8.sock'), ('TERM_PROGRAM', 'vscode'), ('SSH_AGENT_LAUNCHER', 'gnome-keyring'), ('SSH_AUTH_SOCK', '/run/user/1000/keyring/ssh'), ('ROS_DOMAIN_ID', '0'), ('AMENT_PREFIX_PATH', '/home/rohan/cobotx/install/nav_bot:/home/rohan/px4/ros2_ws/install/translation_node:/home/rohan/px4/ros2_ws/install/px4_ros_com:/home/rohan/px4/ros2_ws/install/px4_offboard:/home/rohan/px4/ros2_ws/install/px4_msgs_old:/home/rohan/px4/ros2_ws/install/px4_msgs:/home/rohan/px4/ros2_ws/install/px4:/home/rohan/px4/ros2_ws/install/com_bridge:/opt/ros/humble'), ('SHELL', '/bin/bash'), ('QT_ACCESSIBILITY', '1'), ('GDMSESSION', 'ubuntu'), ('LESSCLOSE', '/usr/bin/lesspipe %s %s'), ('IGN_GAZEBO_RESOURCE_PATH', ':/home/rohan/cobotx/src/nav_bot/models:/home/rohan/cobotx/src/nav_bot/models'), ('GAZEBO_RESOURCE_PATH', '/usr/share/gazebo-11:/usr/share/gazebo-11:/usr/share/gazebo-11:/usr/share/gazebo-11::home/rohan/gazebo11_models/worlds:home/rohan/gazebo11_models/worlds'), ('GJS_DEBUG_OUTPUT', 'stderr'), ('GZ_VERSION', 'fortress'), ('GAZEBO_MODEL_DATABASE_URI', 'http://models.gazebosim.org'), ('VSCODE_GIT_ASKPASS_EXTRA_ARGS', ''), ('QT_IM_MODULE', 'ibus'), ('PWD', '/home/rohan/cobotx/build/nav_bot'), ('QT_QPA_PLATFORM', 'xcb'), ('TURTLEBOT3_MODEL', 'waffle'), ('LC_ALL', 'en_US.UTF-8'), ('XDG_CONFIG_DIRS', '/etc/xdg/xdg-ubuntu:/etc/xdg'), ('GAZEBO_PLUGIN_PATH', '/usr/lib/x86_64-linux-gnu/gazebo-11/plugins:/usr/lib/x86_64-linux-gnu/gazebo-11/plugins:/usr/lib/x86_64-linux-gnu/gazebo-11/plugins:/usr/lib/x86_64-linux-gnu/gazebo-11/plugins:'), ('NVM_CD_FLAGS', ''), ('XDG_DATA_DIRS', '/usr/share/ubuntu:/usr/local/share/:/usr/share/:/var/lib/snapd/desktop'), ('PYTHONPATH', '/home/rohan/cobotx/install/nav_bot/local/lib/python3.10/dist-packages:/home/rohan/px4/ros2_ws/install/translation_node/local/lib/python3.10/dist-packages:/home/rohan/px4/ros2_ws/install/px4_ros_com/local/lib/python3.10/dist-packages:/home/rohan/px4/ros2_ws/install/px4_offboard/lib/python3.10/site-packages:/home/rohan/px4/ros2_ws/install/px4_msgs_old/local/lib/python3.10/dist-packages:/home/rohan/px4/ros2_ws/install/px4_msgs/local/lib/python3.10/dist-packages:/home/rohan/px4/ros2_ws/install/com_bridge/lib/python3.10/site-packages:/opt/ros/humble/lib/python3.10/site-packages:/opt/ros/humble/local/lib/python3.10/dist-packages'), ('COLCON', '1'), ('NVM_RC_VERSION', ''), ('CMAKE_PREFIX_PATH', '/home/rohan/cobotx/install/nav_bot:/home/rohan/px4/ros2_ws/install/translation_node:/home/rohan/px4/ros2_ws/install/px4_ros_com:/home/rohan/px4/ros2_ws/install/px4_msgs_old:/home/rohan/px4/ros2_ws/install/px4_msgs:/home/rohan/px4/ros2_ws/install/px4:/home/rohan/px4/px4_ros_uxrce_dds_ws/install/microxrcedds_agent:/home/rohan/px4/ros2_ws/install/px4_offboard:/home/rohan/px4/ros2_ws/install/com_bridge:/opt/ros/humble')]), 'shell': False}
[0.483845] (nav_bot) StdoutLine: {'line': b'-- Install configuration: ""\n'}
[0.484369] (nav_bot) StdoutLine: {'line': b'-- Execute custom install script\n'}
[0.484709] (nav_bot) StdoutLine: {'line': b'-- Up-to-date symlink: /home/rohan/cobotx/install/nav_bot/share/nav_bot/config/config.rviz\n'}
[0.484802] (nav_bot) StdoutLine: {'line': b'-- Up-to-date symlink: /home/rohan/cobotx/install/nav_bot/share/nav_bot/config/drive_bot.rviz\n'}
[0.484876] (nav_bot) StdoutLine: {'line': b'-- Up-to-date symlink: /home/rohan/cobotx/install/nav_bot/share/nav_bot/config/gz_bridge.yaml\n'}
[0.484938] (nav_bot) StdoutLine: {'line': b'-- Up-to-date symlink: /home/rohan/cobotx/install/nav_bot/share/nav_bot/config/joystick.yaml\n'}
[0.485184] (nav_bot) StdoutLine: {'line': b'-- Up-to-date symlink: /home/rohan/cobotx/install/nav_bot/share/nav_bot/config/mapper_params_online_async.yaml\n'}
[0.485273] (nav_bot) StdoutLine: {'line': b'-- Up-to-date symlink: /home/rohan/cobotx/install/nav_bot/share/nav_bot/config/multi_bot_config.rviz\n'}
[0.485341] (nav_bot) StdoutLine: {'line': b'-- Up-to-date symlink: /home/rohan/cobotx/install/nav_bot/share/nav_bot/config/my_controllers.yaml\n'}
[0.485417] (nav_bot) StdoutLine: {'line': b'-- Up-to-date symlink: /home/rohan/cobotx/install/nav_bot/share/nav_bot/config/nav2_params.yaml\n'}
[0.485504] (nav_bot) StdoutLine: {'line': b'-- Up-to-date symlink: /home/rohan/cobotx/install/nav_bot/share/nav_bot/config/nav2_params1.yaml\n'}
[0.485583] (nav_bot) StdoutLine: {'line': b'-- Up-to-date symlink: /home/rohan/cobotx/install/nav_bot/share/nav_bot/config/robots.yaml\n'}
[0.485660] (nav_bot) StdoutLine: {'line': b'-- Up-to-date symlink: /home/rohan/cobotx/install/nav_bot/share/nav_bot/config/slam_toolbox.yaml\n'}
[0.485733] (nav_bot) StdoutLine: {'line': b'-- Up-to-date symlink: /home/rohan/cobotx/install/nav_bot/share/nav_bot/config/twist_mux.yaml\n'}
[0.485968] (nav_bot) StdoutLine: {'line': b'-- Up-to-date symlink: /home/rohan/cobotx/install/nav_bot/share/nav_bot/description/bot.urdf.xacro\n'}
[0.486049] (nav_bot) StdoutLine: {'line': b'-- Up-to-date symlink: /home/rohan/cobotx/install/nav_bot/share/nav_bot/description/bot_core.xacro\n'}
[0.486123] (nav_bot) StdoutLine: {'line': b'-- Up-to-date symlink: /home/rohan/cobotx/install/nav_bot/share/nav_bot/description/camera.xacro\n'}
[0.486389] (nav_bot) StdoutLine: {'line': b'-- Up-to-date symlink: /home/rohan/cobotx/install/nav_bot/share/nav_bot/description/depth_camera.xacro\n'}
[0.486586] (nav_bot) StdoutLine: {'line': b'-- Up-to-date symlink: /home/rohan/cobotx/install/nav_bot/share/nav_bot/description/gazebo_control.xacro\n'}
[0.486672] (nav_bot) StdoutLine: {'line': b'-- Up-to-date symlink: /home/rohan/cobotx/install/nav_bot/share/nav_bot/description/gz_control.xacro\n'}
[0.486926] (nav_bot) StdoutLine: {'line': b'-- Up-to-date symlink: /home/rohan/cobotx/install/nav_bot/share/nav_bot/description/inertial_macros.xacro\n'}
[0.487003] (nav_bot) StdoutLine: {'line': b'-- Up-to-date symlink: /home/rohan/cobotx/install/nav_bot/share/nav_bot/description/lidar.xacro\n'}
[0.487264] (nav_bot) StdoutLine: {'line': b'-- Up-to-date symlink: /home/rohan/cobotx/install/nav_bot/share/nav_bot/description/multi_camera.xacro\n'}
[0.487531] (nav_bot) StdoutLine: {'line': b'-- Up-to-date symlink: /home/rohan/cobotx/install/nav_bot/share/nav_bot/description/multi_lidar.xacro\n'}
[0.487611] (nav_bot) StdoutLine: {'line': b'-- Up-to-date symlink: /home/rohan/cobotx/install/nav_bot/share/nav_bot/description/robot.urdf.xacro\n'}
[0.487682] (nav_bot) StdoutLine: {'line': b'-- Up-to-date symlink: /home/rohan/cobotx/install/nav_bot/share/nav_bot/description/robot_core.xacro\n'}
[0.487930] (nav_bot) StdoutLine: {'line': b'-- Up-to-date symlink: /home/rohan/cobotx/install/nav_bot/share/nav_bot/description/ros2_control.xacro\n'}
[0.488126] (nav_bot) StdoutLine: {'line': b'-- Up-to-date symlink: /home/rohan/cobotx/install/nav_bot/share/nav_bot/launch/joystick.launch.py\n'}
[0.488200] (nav_bot) StdoutLine: {'line': b'-- Up-to-date symlink: /home/rohan/cobotx/install/nav_bot/share/nav_bot/launch/launch_sim.launch.py\n'}
[0.488478] (nav_bot) StdoutLine: {'line': b'-- Up-to-date symlink: /home/rohan/cobotx/install/nav_bot/share/nav_bot/launch/localization_launch.py\n'}
[0.488753] (nav_bot) StdoutLine: {'line': b'-- Up-to-date symlink: /home/rohan/cobotx/install/nav_bot/share/nav_bot/launch/multi_robot_main.launch.py\n'}
[0.488833] (nav_bot) StdoutLine: {'line': b'-- Up-to-date symlink: /home/rohan/cobotx/install/nav_bot/share/nav_bot/launch/navigation_launch.py\n'}
[0.488907] (nav_bot) StdoutLine: {'line': b'-- Up-to-date symlink: /home/rohan/cobotx/install/nav_bot/share/nav_bot/launch/rsp.launch.py\n'}
[0.488983] (nav_bot) StdoutLine: {'line': b'-- Up-to-date symlink: /home/rohan/cobotx/install/nav_bot/share/nav_bot/launch/spawn_robot.launch.py\n'}
[0.489058] (nav_bot) StdoutLine: {'line': b'-- Up-to-date symlink: /home/rohan/cobotx/install/nav_bot/share/nav_bot/launch/start.launch.py\n'}
[0.495965] (nav_bot) StdoutLine: {'line': b'-- Up-to-date symlink: /home/rohan/cobotx/install/nav_bot/share/nav_bot/worlds/empty_world.sdf\n'}
[0.496193] (nav_bot) StdoutLine: {'line': b'-- Up-to-date symlink: /home/rohan/cobotx/install/nav_bot/share/nav_bot/worlds/meshes/nxt_racks/Asphalt010_1K_Color.jpg\n'}
[0.496344] (nav_bot) StdoutLine: {'line': b'-- Up-to-date symlink: /home/rohan/cobotx/install/nav_bot/share/nav_bot/worlds/meshes/nxt_racks/BTS00068631.png\n'}
[0.496580] (nav_bot) StdoutLine: {'line': b'-- Up-to-date symlink: /home/rohan/cobotx/install/nav_bot/share/nav_bot/worlds/meshes/nxt_racks/BTS00068631.png.001.png\n'}
[0.496897] (nav_bot) StdoutLine: {'line': b'-- Up-to-date symlink: /home/rohan/cobotx/install/nav_bot/share/nav_bot/worlds/meshes/nxt_racks/BTS00068631.png.002.png\n'}
[0.497149] (nav_bot) StdoutLine: {'line': b'-- Up-to-date symlink: /home/rohan/cobotx/install/nav_bot/share/nav_bot/worlds/meshes/nxt_racks/BTS00068631.png.003.png\n'}
[0.497458] (nav_bot) StdoutLine: {'line': b'-- Up-to-date symlink: /home/rohan/cobotx/install/nav_bot/share/nav_bot/worlds/meshes/nxt_racks/BTS00068631.png.004.png\n'}
[0.497704] (nav_bot) StdoutLine: {'line': b'-- Up-to-date symlink: /home/rohan/cobotx/install/nav_bot/share/nav_bot/worlds/meshes/nxt_racks/BTS00068631.png.005.png\n'}
[0.497953] (nav_bot) StdoutLine: {'line': b'-- Up-to-date symlink: /home/rohan/cobotx/install/nav_bot/share/nav_bot/worlds/meshes/nxt_racks/BTS00068631.png.006.png\n'}
[0.498122] (nav_bot) StdoutLine: {'line': b'-- Up-to-date symlink: /home/rohan/cobotx/install/nav_bot/share/nav_bot/worlds/meshes/nxt_racks/BTS00068631.png.007.png\n'}
[0.498284] (nav_bot) StdoutLine: {'line': b'-- Up-to-date symlink: /home/rohan/cobotx/install/nav_bot/share/nav_bot/worlds/meshes/nxt_racks/BTS00068631.png.008.png\n'}
[0.498449] (nav_bot) StdoutLine: {'line': b'-- Up-to-date symlink: /home/rohan/cobotx/install/nav_bot/share/nav_bot/worlds/meshes/nxt_racks/BTS00068631.png.009.png\n'}
[0.498615] (nav_bot) StdoutLine: {'line': b'-- Up-to-date symlink: /home/rohan/cobotx/install/nav_bot/share/nav_bot/worlds/meshes/nxt_racks/BTS00068631.png.010.png\n'}
[0.498772] (nav_bot) StdoutLine: {'line': b'-- Up-to-date symlink: /home/rohan/cobotx/install/nav_bot/share/nav_bot/worlds/meshes/nxt_racks/BTS00068631.png.011.png\n'}
[0.498926] (nav_bot) StdoutLine: {'line': b'-- Up-to-date symlink: /home/rohan/cobotx/install/nav_bot/share/nav_bot/worlds/meshes/nxt_racks/BTS00068631.png.012.png\n'}
[0.499083] (nav_bot) StdoutLine: {'line': b'-- Up-to-date symlink: /home/rohan/cobotx/install/nav_bot/share/nav_bot/worlds/meshes/nxt_racks/BTS00068631.png.013.png\n'}
[0.499247] (nav_bot) StdoutLine: {'line': b'-- Up-to-date symlink: /home/rohan/cobotx/install/nav_bot/share/nav_bot/worlds/meshes/nxt_racks/BTS00068631.png.014.png\n'}
[0.499407] (nav_bot) StdoutLine: {'line': b'-- Up-to-date symlink: /home/rohan/cobotx/install/nav_bot/share/nav_bot/worlds/meshes/nxt_racks/BTS00068631.png.015.png\n'}
[0.499569] (nav_bot) StdoutLine: {'line': b'-- Up-to-date symlink: /home/rohan/cobotx/install/nav_bot/share/nav_bot/worlds/meshes/nxt_racks/BTS00068631.png.016.png\n'}
[0.499730] (nav_bot) StdoutLine: {'line': b'-- Up-to-date symlink: /home/rohan/cobotx/install/nav_bot/share/nav_bot/worlds/meshes/nxt_racks/BTS00068631.png.017.png\n'}
[0.499886] (nav_bot) StdoutLine: {'line': b'-- Up-to-date symlink: /home/rohan/cobotx/install/nav_bot/share/nav_bot/worlds/meshes/nxt_racks/BTS00068631.png.018.png\n'}
[0.500043] (nav_bot) StdoutLine: {'line': b'-- Up-to-date symlink: /home/rohan/cobotx/install/nav_bot/share/nav_bot/worlds/meshes/nxt_racks/BTS00068631.png.019.png\n'}
[0.500199] (nav_bot) StdoutLine: {'line': b'-- Up-to-date symlink: /home/rohan/cobotx/install/nav_bot/share/nav_bot/worlds/meshes/nxt_racks/BTS00068631.png.020.png\n'}
[0.500355] (nav_bot) StdoutLine: {'line': b'-- Up-to-date symlink: /home/rohan/cobotx/install/nav_bot/share/nav_bot/worlds/meshes/nxt_racks/BTS00068631.png.021.png\n'}
[0.500394] (-) TimerEvent: {}
[0.500526] (nav_bot) StdoutLine: {'line': b'-- Up-to-date symlink: /home/rohan/cobotx/install/nav_bot/share/nav_bot/worlds/meshes/nxt_racks/BTS00068631.png.022.png\n'}
[0.500689] (nav_bot) StdoutLine: {'line': b'-- Up-to-date symlink: /home/rohan/cobotx/install/nav_bot/share/nav_bot/worlds/meshes/nxt_racks/BTS00068631.png.023.png\n'}
[0.500999] (nav_bot) StdoutLine: {'line': b'-- Up-to-date symlink: /home/rohan/cobotx/install/nav_bot/share/nav_bot/worlds/meshes/nxt_racks/BTS00068631.png.024.png\n'}
[0.501297] (nav_bot) StdoutLine: {'line': b'-- Up-to-date symlink: /home/rohan/cobotx/install/nav_bot/share/nav_bot/worlds/meshes/nxt_racks/BTS00068631.png.025.png\n'}
[0.501609] (nav_bot) StdoutLine: {'line': b'-- Up-to-date symlink: /home/rohan/cobotx/install/nav_bot/share/nav_bot/worlds/meshes/nxt_racks/BTS00068631.png.026.png\n'}
[0.501870] (nav_bot) StdoutLine: {'line': b'-- Up-to-date symlink: /home/rohan/cobotx/install/nav_bot/share/nav_bot/worlds/meshes/nxt_racks/BTS00068631.png.027.png\n'}
[0.502120] (nav_bot) StdoutLine: {'line': b'-- Up-to-date symlink: /home/rohan/cobotx/install/nav_bot/share/nav_bot/worlds/meshes/nxt_racks/BTS00068631.png.028.png\n'}
[0.502347] (nav_bot) StdoutLine: {'line': b'-- Up-to-date symlink: /home/rohan/cobotx/install/nav_bot/share/nav_bot/worlds/meshes/nxt_racks/BTS00068631.png.029.png\n'}
[0.502645] (nav_bot) StdoutLine: {'line': b'-- Up-to-date symlink: /home/rohan/cobotx/install/nav_bot/share/nav_bot/worlds/meshes/nxt_racks/BTS00068631.png.030.png\n'}
[0.502899] (nav_bot) StdoutLine: {'line': b'-- Up-to-date symlink: /home/rohan/cobotx/install/nav_bot/share/nav_bot/worlds/meshes/nxt_racks/BTS00068631.png.031.png\n'}
[0.503157] (nav_bot) StdoutLine: {'line': b'-- Up-to-date symlink: /home/rohan/cobotx/install/nav_bot/share/nav_bot/worlds/meshes/nxt_racks/BTS00068631.png.032.png\n'}
[0.503413] (nav_bot) StdoutLine: {'line': b'-- Up-to-date symlink: /home/rohan/cobotx/install/nav_bot/share/nav_bot/worlds/meshes/nxt_racks/BTS00068631.png.033.png\n'}
[0.503733] (nav_bot) StdoutLine: {'line': b'-- Up-to-date symlink: /home/rohan/cobotx/install/nav_bot/share/nav_bot/worlds/meshes/nxt_racks/BTS00068631.png.034.png\n'}
[0.503929] (nav_bot) StdoutLine: {'line': b'-- Up-to-date symlink: /home/rohan/cobotx/install/nav_bot/share/nav_bot/worlds/meshes/nxt_racks/BTS00068631.png.035.png\n'}
[0.504087] (nav_bot) StdoutLine: {'line': b'-- Up-to-date symlink: /home/rohan/cobotx/install/nav_bot/share/nav_bot/worlds/meshes/nxt_racks/BTS00068631.png.036.png\n'}
[0.504246] (nav_bot) StdoutLine: {'line': b'-- Up-to-date symlink: /home/rohan/cobotx/install/nav_bot/share/nav_bot/worlds/meshes/nxt_racks/BTS00068631.png.037.png\n'}
[0.504405] (nav_bot) StdoutLine: {'line': b'-- Up-to-date symlink: /home/rohan/cobotx/install/nav_bot/share/nav_bot/worlds/meshes/nxt_racks/BTS00068631.png.038.png\n'}
[0.504575] (nav_bot) StdoutLine: {'line': b'-- Up-to-date symlink: /home/rohan/cobotx/install/nav_bot/share/nav_bot/worlds/meshes/nxt_racks/BTS00068631.png.039.png\n'}
[0.504734] (nav_bot) StdoutLine: {'line': b'-- Up-to-date symlink: /home/rohan/cobotx/install/nav_bot/share/nav_bot/worlds/meshes/nxt_racks/BTS00068631.png.040.png\n'}
[0.504861] (nav_bot) StdoutLine: {'line': b'-- Up-to-date symlink: /home/rohan/cobotx/install/nav_bot/share/nav_bot/worlds/meshes/nxt_racks/BTS00068631.png.041.png\n'}
[0.504990] (nav_bot) StdoutLine: {'line': b'-- Up-to-date symlink: /home/rohan/cobotx/install/nav_bot/share/nav_bot/worlds/meshes/nxt_racks/BTS00068631.png.042.png\n'}
[0.505121] (nav_bot) StdoutLine: {'line': b'-- Up-to-date symlink: /home/rohan/cobotx/install/nav_bot/share/nav_bot/worlds/meshes/nxt_racks/BTS00068631.png.043.png\n'}
[0.505248] (nav_bot) StdoutLine: {'line': b'-- Up-to-date symlink: /home/rohan/cobotx/install/nav_bot/share/nav_bot/worlds/meshes/nxt_racks/BTS00068631.png.044.png\n'}
[0.505369] (nav_bot) StdoutLine: {'line': b'-- Up-to-date symlink: /home/rohan/cobotx/install/nav_bot/share/nav_bot/worlds/meshes/nxt_racks/BTS00068631.png.045.png\n'}
[0.505490] (nav_bot) StdoutLine: {'line': b'-- Up-to-date symlink: /home/rohan/cobotx/install/nav_bot/share/nav_bot/worlds/meshes/nxt_racks/BTS00068631.png.046.png\n'}
[0.505637] (nav_bot) StdoutLine: {'line': b'-- Up-to-date symlink: /home/rohan/cobotx/install/nav_bot/share/nav_bot/worlds/meshes/nxt_racks/BTS00068631.png.047.png\n'}
[0.505765] (nav_bot) StdoutLine: {'line': b'-- Up-to-date symlink: /home/rohan/cobotx/install/nav_bot/share/nav_bot/worlds/meshes/nxt_racks/BTS00068631.png.048.png\n'}
[0.505905] (nav_bot) StdoutLine: {'line': b'-- Up-to-date symlink: /home/rohan/cobotx/install/nav_bot/share/nav_bot/worlds/meshes/nxt_racks/BTS00068631.png.049.png\n'}
[0.506233] (nav_bot) StdoutLine: {'line': b'-- Up-to-date symlink: /home/rohan/cobotx/install/nav_bot/share/nav_bot/worlds/meshes/nxt_racks/BTS00068631.png.051.png\n'}
[0.506538] (nav_bot) StdoutLine: {'line': b'-- Up-to-date symlink: /home/rohan/cobotx/install/nav_bot/share/nav_bot/worlds/meshes/nxt_racks/BTS00068631.png.052.png\n'}
[0.506862] (nav_bot) StdoutLine: {'line': b'-- Up-to-date symlink: /home/rohan/cobotx/install/nav_bot/share/nav_bot/worlds/meshes/nxt_racks/BTS00068631.png.053.png\n'}
[0.507188] (nav_bot) StdoutLine: {'line': b'-- Up-to-date symlink: /home/rohan/cobotx/install/nav_bot/share/nav_bot/worlds/meshes/nxt_racks/BTS00068631.png.054.png\n'}
[0.507464] (nav_bot) StdoutLine: {'line': b'-- Up-to-date symlink: /home/rohan/cobotx/install/nav_bot/share/nav_bot/worlds/meshes/nxt_racks/BTS00068631.png.055.png\n'}
[0.507697] (nav_bot) StdoutLine: {'line': b'-- Up-to-date symlink: /home/rohan/cobotx/install/nav_bot/share/nav_bot/worlds/meshes/nxt_racks/BTS00068631.png.056.png\n'}
[0.508003] (nav_bot) StdoutLine: {'line': b'-- Up-to-date symlink: /home/rohan/cobotx/install/nav_bot/share/nav_bot/worlds/meshes/nxt_racks/BTS00068631.png.057.png\n'}
[0.508237] (nav_bot) StdoutLine: {'line': b'-- Up-to-date symlink: /home/rohan/cobotx/install/nav_bot/share/nav_bot/worlds/meshes/nxt_racks/BTS00068631.png.058.png\n'}
[0.508453] (nav_bot) StdoutLine: {'line': b'-- Up-to-date symlink: /home/rohan/cobotx/install/nav_bot/share/nav_bot/worlds/meshes/nxt_racks/BTS00068631.png.059.png\n'}
[0.508686] (nav_bot) StdoutLine: {'line': b'-- Up-to-date symlink: /home/rohan/cobotx/install/nav_bot/share/nav_bot/worlds/meshes/nxt_racks/BTS00068631.png.060.png\n'}
[0.508894] (nav_bot) StdoutLine: {'line': b'-- Up-to-date symlink: /home/rohan/cobotx/install/nav_bot/share/nav_bot/worlds/meshes/nxt_racks/BTS00068631.png.061.png\n'}
[0.509040] (nav_bot) StdoutLine: {'line': b'-- Up-to-date symlink: /home/rohan/cobotx/install/nav_bot/share/nav_bot/worlds/meshes/nxt_racks/BTS00068631.png.062.png\n'}
[0.509159] (nav_bot) StdoutLine: {'line': b'-- Up-to-date symlink: /home/rohan/cobotx/install/nav_bot/share/nav_bot/worlds/meshes/nxt_racks/BTS00068631.png.063.png\n'}
[0.509306] (nav_bot) StdoutLine: {'line': b'-- Up-to-date symlink: /home/rohan/cobotx/install/nav_bot/share/nav_bot/worlds/meshes/nxt_racks/BTS00068631.png.064.png\n'}
[0.509493] (nav_bot) StdoutLine: {'line': b'-- Up-to-date symlink: /home/rohan/cobotx/install/nav_bot/share/nav_bot/worlds/meshes/nxt_racks/BTS00068631.png.065.png\n'}
[0.509664] (nav_bot) StdoutLine: {'line': b'-- Up-to-date symlink: /home/rohan/cobotx/install/nav_bot/share/nav_bot/worlds/meshes/nxt_racks/BTS00068631.png.066.png\n'}
[0.509836] (nav_bot) StdoutLine: {'line': b'-- Up-to-date symlink: /home/rohan/cobotx/install/nav_bot/share/nav_bot/worlds/meshes/nxt_racks/BTS00068631.png.067.png\n'}
[0.509957] (nav_bot) StdoutLine: {'line': b'-- Up-to-date symlink: /home/rohan/cobotx/install/nav_bot/share/nav_bot/worlds/meshes/nxt_racks/BTS00068631.png.068.png\n'}
[0.510101] (nav_bot) StdoutLine: {'line': b'-- Up-to-date symlink: /home/rohan/cobotx/install/nav_bot/share/nav_bot/worlds/meshes/nxt_racks/BTS00068631.png.069.png\n'}
[0.510241] (nav_bot) StdoutLine: {'line': b'-- Up-to-date symlink: /home/rohan/cobotx/install/nav_bot/share/nav_bot/worlds/meshes/nxt_racks/BTS00068631.png.070.png\n'}
[0.510386] (nav_bot) StdoutLine: {'line': b'-- Up-to-date symlink: /home/rohan/cobotx/install/nav_bot/share/nav_bot/worlds/meshes/nxt_racks/BTS00068631.png.071.png\n'}
[0.510512] (nav_bot) StdoutLine: {'line': b'-- Up-to-date symlink: /home/rohan/cobotx/install/nav_bot/share/nav_bot/worlds/meshes/nxt_racks/BTS00068631.png.072.png\n'}
[0.510677] (nav_bot) StdoutLine: {'line': b'-- Up-to-date symlink: /home/rohan/cobotx/install/nav_bot/share/nav_bot/worlds/meshes/nxt_racks/BTS00068631.png.073.png\n'}
[0.510819] (nav_bot) StdoutLine: {'line': b'-- Up-to-date symlink: /home/rohan/cobotx/install/nav_bot/share/nav_bot/worlds/meshes/nxt_racks/BTS00068631.png.074.png\n'}
[0.510953] (nav_bot) StdoutLine: {'line': b'-- Up-to-date symlink: /home/rohan/cobotx/install/nav_bot/share/nav_bot/worlds/meshes/nxt_racks/BTS00068631.png.075.png\n'}
[0.511083] (nav_bot) StdoutLine: {'line': b'-- Up-to-date symlink: /home/rohan/cobotx/install/nav_bot/share/nav_bot/worlds/meshes/nxt_racks/BTS00068631.png.076.png\n'}
[0.511212] (nav_bot) StdoutLine: {'line': b'-- Up-to-date symlink: /home/rohan/cobotx/install/nav_bot/share/nav_bot/worlds/meshes/nxt_racks/BTS00068631.png.077.png\n'}
[0.511387] (nav_bot) StdoutLine: {'line': b'-- Up-to-date symlink: /home/rohan/cobotx/install/nav_bot/share/nav_bot/worlds/meshes/nxt_racks/BTS00068631.png.078.png\n'}
[0.511530] (nav_bot) StdoutLine: {'line': b'-- Up-to-date symlink: /home/rohan/cobotx/install/nav_bot/share/nav_bot/worlds/meshes/nxt_racks/BTS00068631.png.079.png\n'}
[0.511696] (nav_bot) StdoutLine: {'line': b'-- Up-to-date symlink: /home/rohan/cobotx/install/nav_bot/share/nav_bot/worlds/meshes/nxt_racks/BTS00068631.png.080.png\n'}
[0.511871] (nav_bot) StdoutLine: {'line': b'-- Up-to-date symlink: /home/rohan/cobotx/install/nav_bot/share/nav_bot/worlds/meshes/nxt_racks/BTS00068631.png.081.png\n'}
[0.512001] (nav_bot) StdoutLine: {'line': b'-- Up-to-date symlink: /home/rohan/cobotx/install/nav_bot/share/nav_bot/worlds/meshes/nxt_racks/BTS00068631.png.082.png\n'}
[0.512292] (nav_bot) StdoutLine: {'line': b'-- Up-to-date symlink: /home/rohan/cobotx/install/nav_bot/share/nav_bot/worlds/meshes/nxt_racks/BTS00068631.png.083.png\n'}
[0.512583] (nav_bot) StdoutLine: {'line': b'-- Up-to-date symlink: /home/rohan/cobotx/install/nav_bot/share/nav_bot/worlds/meshes/nxt_racks/BTS00068631.png.084.png\n'}
[0.512901] (nav_bot) StdoutLine: {'line': b'-- Up-to-date symlink: /home/rohan/cobotx/install/nav_bot/share/nav_bot/worlds/meshes/nxt_racks/BTS00068631.png.085.png\n'}
[0.513206] (nav_bot) StdoutLine: {'line': b'-- Up-to-date symlink: /home/rohan/cobotx/install/nav_bot/share/nav_bot/worlds/meshes/nxt_racks/BTS00068631.png.086.png\n'}
[0.513497] (nav_bot) StdoutLine: {'line': b'-- Up-to-date symlink: /home/rohan/cobotx/install/nav_bot/share/nav_bot/worlds/meshes/nxt_racks/BTS00068631.png.087.png\n'}
[0.513754] (nav_bot) StdoutLine: {'line': b'-- Up-to-date symlink: /home/rohan/cobotx/install/nav_bot/share/nav_bot/worlds/meshes/nxt_racks/BTS00068631.png.088.png\n'}
[0.514053] (nav_bot) StdoutLine: {'line': b'-- Up-to-date symlink: /home/rohan/cobotx/install/nav_bot/share/nav_bot/worlds/meshes/nxt_racks/BTS00068631.png.089.png\n'}
[0.514344] (nav_bot) StdoutLine: {'line': b'-- Up-to-date symlink: /home/rohan/cobotx/install/nav_bot/share/nav_bot/worlds/meshes/nxt_racks/BTS00068631.png.090.png\n'}
[0.514622] (nav_bot) StdoutLine: {'line': b'-- Up-to-date symlink: /home/rohan/cobotx/install/nav_bot/share/nav_bot/worlds/meshes/nxt_racks/BTS00068631.png.091.png\n'}
[0.514879] (nav_bot) StdoutLine: {'line': b'-- Up-to-date symlink: /home/rohan/cobotx/install/nav_bot/share/nav_bot/worlds/meshes/nxt_racks/BTS00068631.png.092.png\n'}
[0.515132] (nav_bot) StdoutLine: {'line': b'-- Up-to-date symlink: /home/rohan/cobotx/install/nav_bot/share/nav_bot/worlds/meshes/nxt_racks/BTS00068631.png.093.png\n'}
[0.515391] (nav_bot) StdoutLine: {'line': b'-- Up-to-date symlink: /home/rohan/cobotx/install/nav_bot/share/nav_bot/worlds/meshes/nxt_racks/BTS00068631.png.094.png\n'}
[0.515566] (nav_bot) StdoutLine: {'line': b'-- Up-to-date symlink: /home/rohan/cobotx/install/nav_bot/share/nav_bot/worlds/meshes/nxt_racks/BTS00068631.png.095.png\n'}
[0.515724] (nav_bot) StdoutLine: {'line': b'-- Up-to-date symlink: /home/rohan/cobotx/install/nav_bot/share/nav_bot/worlds/meshes/nxt_racks/BTS00068631.png.096.png\n'}
[0.515886] (nav_bot) StdoutLine: {'line': b'-- Up-to-date symlink: /home/rohan/cobotx/install/nav_bot/share/nav_bot/worlds/meshes/nxt_racks/BTS00068631.png.097.png\n'}
[0.516047] (nav_bot) StdoutLine: {'line': b'-- Up-to-date symlink: /home/rohan/cobotx/install/nav_bot/share/nav_bot/worlds/meshes/nxt_racks/BTS00068631.png.098.png\n'}
[0.516210] (nav_bot) StdoutLine: {'line': b'-- Up-to-date symlink: /home/rohan/cobotx/install/nav_bot/share/nav_bot/worlds/meshes/nxt_racks/BTS00068631.png.099.png\n'}
[0.516378] (nav_bot) StdoutLine: {'line': b'-- Up-to-date symlink: /home/rohan/cobotx/install/nav_bot/share/nav_bot/worlds/meshes/nxt_racks/BTS00068631.png.100.png\n'}
[0.516549] (nav_bot) StdoutLine: {'line': b'-- Up-to-date symlink: /home/rohan/cobotx/install/nav_bot/share/nav_bot/worlds/meshes/nxt_racks/BTS00068631.png.101.png\n'}
[0.516714] (nav_bot) StdoutLine: {'line': b'-- Up-to-date symlink: /home/rohan/cobotx/install/nav_bot/share/nav_bot/worlds/meshes/nxt_racks/BTS00068631.png.102.png\n'}
[0.516873] (nav_bot) StdoutLine: {'line': b'-- Up-to-date symlink: /home/rohan/cobotx/install/nav_bot/share/nav_bot/worlds/meshes/nxt_racks/BTS00068631.png.103.png\n'}
[0.517007] (nav_bot) StdoutLine: {'line': b'-- Up-to-date symlink: /home/rohan/cobotx/install/nav_bot/share/nav_bot/worlds/meshes/nxt_racks/BTS00068631.png.104.png\n'}
[0.517129] (nav_bot) StdoutLine: {'line': b'-- Up-to-date symlink: /home/rohan/cobotx/install/nav_bot/share/nav_bot/worlds/meshes/nxt_racks/BTS00068631.png.105.png\n'}
[0.517251] (nav_bot) StdoutLine: {'line': b'-- Up-to-date symlink: /home/rohan/cobotx/install/nav_bot/share/nav_bot/worlds/meshes/nxt_racks/BTS00068631.png.106.png\n'}
[0.517375] (nav_bot) StdoutLine: {'line': b'-- Up-to-date symlink: /home/rohan/cobotx/install/nav_bot/share/nav_bot/worlds/meshes/nxt_racks/BTS00068632.png\n'}
[0.517515] (nav_bot) StdoutLine: {'line': b'-- Up-to-date symlink: /home/rohan/cobotx/install/nav_bot/share/nav_bot/worlds/meshes/nxt_racks/BTS00068633.png\n'}
[0.517637] (nav_bot) StdoutLine: {'line': b'-- Up-to-date symlink: /home/rohan/cobotx/install/nav_bot/share/nav_bot/worlds/meshes/nxt_racks/BTS00068634.png\n'}
[0.517755] (nav_bot) StdoutLine: {'line': b'-- Up-to-date symlink: /home/rohan/cobotx/install/nav_bot/share/nav_bot/worlds/meshes/nxt_racks/BTS00068635.png\n'}
[0.517878] (nav_bot) StdoutLine: {'line': b'-- Up-to-date symlink: /home/rohan/cobotx/install/nav_bot/share/nav_bot/worlds/meshes/nxt_racks/BTS00068636.png\n'}
[0.517999] (nav_bot) StdoutLine: {'line': b'-- Up-to-date symlink: /home/rohan/cobotx/install/nav_bot/share/nav_bot/worlds/meshes/nxt_racks/BTS00068637.png\n'}
[0.518272] (nav_bot) StdoutLine: {'line': b'-- Up-to-date symlink: /home/rohan/cobotx/install/nav_bot/share/nav_bot/worlds/meshes/nxt_racks/BTS00068638.png\n'}
[0.518544] (nav_bot) StdoutLine: {'line': b'-- Up-to-date symlink: /home/rohan/cobotx/install/nav_bot/share/nav_bot/worlds/meshes/nxt_racks/BTS00068639.png\n'}
[0.518820] (nav_bot) StdoutLine: {'line': b'-- Up-to-date symlink: /home/rohan/cobotx/install/nav_bot/share/nav_bot/worlds/meshes/nxt_racks/BTS00068640.png\n'}
[0.519108] (nav_bot) StdoutLine: {'line': b'-- Up-to-date symlink: /home/rohan/cobotx/install/nav_bot/share/nav_bot/worlds/meshes/nxt_racks/BTS00068641.png\n'}
[0.519326] (nav_bot) StdoutLine: {'line': b'-- Up-to-date symlink: /home/rohan/cobotx/install/nav_bot/share/nav_bot/worlds/meshes/nxt_racks/BTS00068642.png\n'}
[0.519520] (nav_bot) StdoutLine: {'line': b'-- Up-to-date symlink: /home/rohan/cobotx/install/nav_bot/share/nav_bot/worlds/meshes/nxt_racks/BTS00068643.png\n'}
[0.519744] (nav_bot) StdoutLine: {'line': b'-- Up-to-date symlink: /home/rohan/cobotx/install/nav_bot/share/nav_bot/worlds/meshes/nxt_racks/BTS00068644.png\n'}
[0.519964] (nav_bot) StdoutLine: {'line': b'-- Up-to-date symlink: /home/rohan/cobotx/install/nav_bot/share/nav_bot/worlds/meshes/nxt_racks/BTS00068645.png\n'}
[0.520232] (nav_bot) StdoutLine: {'line': b'-- Up-to-date symlink: /home/rohan/cobotx/install/nav_bot/share/nav_bot/worlds/meshes/nxt_racks/BTS00068646.png\n'}
[0.520454] (nav_bot) StdoutLine: {'line': b'-- Up-to-date symlink: /home/rohan/cobotx/install/nav_bot/share/nav_bot/worlds/meshes/nxt_racks/BTS00068647.png\n'}
[0.520670] (nav_bot) StdoutLine: {'line': b'-- Up-to-date symlink: /home/rohan/cobotx/install/nav_bot/share/nav_bot/worlds/meshes/nxt_racks/BTS00068648.png\n'}
[0.520826] (nav_bot) StdoutLine: {'line': b'-- Up-to-date symlink: /home/rohan/cobotx/install/nav_bot/share/nav_bot/worlds/meshes/nxt_racks/BTS00068649.png\n'}
[0.520940] (nav_bot) StdoutLine: {'line': b'-- Up-to-date symlink: /home/rohan/cobotx/install/nav_bot/share/nav_bot/worlds/meshes/nxt_racks/BTS00068650.png\n'}
[0.521071] (nav_bot) StdoutLine: {'line': b'-- Up-to-date symlink: /home/rohan/cobotx/install/nav_bot/share/nav_bot/worlds/meshes/nxt_racks/BTS00068651.png\n'}
[0.521206] (nav_bot) StdoutLine: {'line': b'-- Up-to-date symlink: /home/rohan/cobotx/install/nav_bot/share/nav_bot/worlds/meshes/nxt_racks/BTS00068652.png\n'}
[0.521340] (nav_bot) StdoutLine: {'line': b'-- Up-to-date symlink: /home/rohan/cobotx/install/nav_bot/share/nav_bot/worlds/meshes/nxt_racks/BTS00068653.png\n'}
[0.521491] (nav_bot) StdoutLine: {'line': b'-- Up-to-date symlink: /home/rohan/cobotx/install/nav_bot/share/nav_bot/worlds/meshes/nxt_racks/BTS00068654.png\n'}
[0.521618] (nav_bot) StdoutLine: {'line': b'-- Up-to-date symlink: /home/rohan/cobotx/install/nav_bot/share/nav_bot/worlds/meshes/nxt_racks/BTS00068655.png\n'}
[0.521739] (nav_bot) StdoutLine: {'line': b'-- Up-to-date symlink: /home/rohan/cobotx/install/nav_bot/share/nav_bot/worlds/meshes/nxt_racks/BTS00068656.png\n'}
[0.521868] (nav_bot) StdoutLine: {'line': b'-- Up-to-date symlink: /home/rohan/cobotx/install/nav_bot/share/nav_bot/worlds/meshes/nxt_racks/BTS00068657.png\n'}
[0.522000] (nav_bot) StdoutLine: {'line': b'-- Up-to-date symlink: /home/rohan/cobotx/install/nav_bot/share/nav_bot/worlds/meshes/nxt_racks/BTS00068658.png\n'}
[0.522131] (nav_bot) StdoutLine: {'line': b'-- Up-to-date symlink: /home/rohan/cobotx/install/nav_bot/share/nav_bot/worlds/meshes/nxt_racks/BTS00068659.png\n'}
[0.522262] (nav_bot) StdoutLine: {'line': b'-- Up-to-date symlink: /home/rohan/cobotx/install/nav_bot/share/nav_bot/worlds/meshes/nxt_racks/BTS00068660.png\n'}
[0.522396] (nav_bot) StdoutLine: {'line': b'-- Up-to-date symlink: /home/rohan/cobotx/install/nav_bot/share/nav_bot/worlds/meshes/nxt_racks/BTS00068661.png\n'}
[0.522542] (nav_bot) StdoutLine: {'line': b'-- Up-to-date symlink: /home/rohan/cobotx/install/nav_bot/share/nav_bot/worlds/meshes/nxt_racks/BTS00068662.png\n'}
[0.522667] (nav_bot) StdoutLine: {'line': b'-- Up-to-date symlink: /home/rohan/cobotx/install/nav_bot/share/nav_bot/worlds/meshes/nxt_racks/BTS00068663.png\n'}
[0.522793] (nav_bot) StdoutLine: {'line': b'-- Up-to-date symlink: /home/rohan/cobotx/install/nav_bot/share/nav_bot/worlds/meshes/nxt_racks/BTS00068664.png\n'}
[0.522922] (nav_bot) StdoutLine: {'line': b'-- Up-to-date symlink: /home/rohan/cobotx/install/nav_bot/share/nav_bot/worlds/meshes/nxt_racks/BTS00068665.png\n'}
[0.523054] (nav_bot) StdoutLine: {'line': b'-- Up-to-date symlink: /home/rohan/cobotx/install/nav_bot/share/nav_bot/worlds/meshes/nxt_racks/BTS00068666.png\n'}
[0.523188] (nav_bot) StdoutLine: {'line': b'-- Up-to-date symlink: /home/rohan/cobotx/install/nav_bot/share/nav_bot/worlds/meshes/nxt_racks/BTS00068667.png\n'}
[0.523323] (nav_bot) StdoutLine: {'line': b'-- Up-to-date symlink: /home/rohan/cobotx/install/nav_bot/share/nav_bot/worlds/meshes/nxt_racks/BTS00068668.png.001.png\n'}
[0.523461] (nav_bot) StdoutLine: {'line': b'-- Up-to-date symlink: /home/rohan/cobotx/install/nav_bot/share/nav_bot/worlds/meshes/nxt_racks/BTS00068669.png.001.png\n'}
[0.523598] (nav_bot) StdoutLine: {'line': b'-- Up-to-date symlink: /home/rohan/cobotx/install/nav_bot/share/nav_bot/worlds/meshes/nxt_racks/BTS00068670.png.001.png\n'}
[0.523726] (nav_bot) StdoutLine: {'line': b'-- Up-to-date symlink: /home/rohan/cobotx/install/nav_bot/share/nav_bot/worlds/meshes/nxt_racks/BTS00068671.png\n'}
[0.523856] (nav_bot) StdoutLine: {'line': b'-- Up-to-date symlink: /home/rohan/cobotx/install/nav_bot/share/nav_bot/worlds/meshes/nxt_racks/BTS00068672.png\n'}
[0.523984] (nav_bot) StdoutLine: {'line': b'-- Up-to-date symlink: /home/rohan/cobotx/install/nav_bot/share/nav_bot/worlds/meshes/nxt_racks/BTS00068673.png\n'}
[0.524113] (nav_bot) StdoutLine: {'line': b'-- Up-to-date symlink: /home/rohan/cobotx/install/nav_bot/share/nav_bot/worlds/meshes/nxt_racks/BTS00068674.png\n'}
[0.524242] (nav_bot) StdoutLine: {'line': b'-- Up-to-date symlink: /home/rohan/cobotx/install/nav_bot/share/nav_bot/worlds/meshes/nxt_racks/BTS00068675.png\n'}
[0.524369] (nav_bot) StdoutLine: {'line': b'-- Up-to-date symlink: /home/rohan/cobotx/install/nav_bot/share/nav_bot/worlds/meshes/nxt_racks/BTS00068676.png\n'}
[0.524502] (nav_bot) StdoutLine: {'line': b'-- Up-to-date symlink: /home/rohan/cobotx/install/nav_bot/share/nav_bot/worlds/meshes/nxt_racks/BTS00068677.png\n'}
[0.524629] (nav_bot) StdoutLine: {'line': b'-- Up-to-date symlink: /home/rohan/cobotx/install/nav_bot/share/nav_bot/worlds/meshes/nxt_racks/BTS00068678.png\n'}
[0.524754] (nav_bot) StdoutLine: {'line': b'-- Up-to-date symlink: /home/rohan/cobotx/install/nav_bot/share/nav_bot/worlds/meshes/nxt_racks/BTS00068679.png\n'}
[0.524880] (nav_bot) StdoutLine: {'line': b'-- Up-to-date symlink: /home/rohan/cobotx/install/nav_bot/share/nav_bot/worlds/meshes/nxt_racks/BTS00068680.png\n'}
[0.525004] (nav_bot) StdoutLine: {'line': b'-- Up-to-date symlink: /home/rohan/cobotx/install/nav_bot/share/nav_bot/worlds/meshes/nxt_racks/BTS00068681.png\n'}
[0.525131] (nav_bot) StdoutLine: {'line': b'-- Up-to-date symlink: /home/rohan/cobotx/install/nav_bot/share/nav_bot/worlds/meshes/nxt_racks/BTS00068682.png.001.png\n'}
[0.525256] (nav_bot) StdoutLine: {'line': b'-- Up-to-date symlink: /home/rohan/cobotx/install/nav_bot/share/nav_bot/worlds/meshes/nxt_racks/BTS00068683.png.001.png\n'}
[0.525386] (nav_bot) StdoutLine: {'line': b'-- Up-to-date symlink: /home/rohan/cobotx/install/nav_bot/share/nav_bot/worlds/meshes/nxt_racks/BTS00068684.png\n'}
[0.525525] (nav_bot) StdoutLine: {'line': b'-- Up-to-date symlink: /home/rohan/cobotx/install/nav_bot/share/nav_bot/worlds/meshes/nxt_racks/BTS00068685.png\n'}
[0.525652] (nav_bot) StdoutLine: {'line': b'-- Up-to-date symlink: /home/rohan/cobotx/install/nav_bot/share/nav_bot/worlds/meshes/nxt_racks/BTS00068686.png\n'}
[0.525776] (nav_bot) StdoutLine: {'line': b'-- Up-to-date symlink: /home/rohan/cobotx/install/nav_bot/share/nav_bot/worlds/meshes/nxt_racks/BTS00068687.png\n'}
[0.525912] (nav_bot) StdoutLine: {'line': b'-- Up-to-date symlink: /home/rohan/cobotx/install/nav_bot/share/nav_bot/worlds/meshes/nxt_racks/BTS00068688.png\n'}
[0.526022] (nav_bot) StdoutLine: {'line': b'-- Up-to-date symlink: /home/rohan/cobotx/install/nav_bot/share/nav_bot/worlds/meshes/nxt_racks/BTS00068689.png\n'}
[0.526149] (nav_bot) StdoutLine: {'line': b'-- Up-to-date symlink: /home/rohan/cobotx/install/nav_bot/share/nav_bot/worlds/meshes/nxt_racks/BTS00068690.png\n'}
[0.526274] (nav_bot) StdoutLine: {'line': b'-- Up-to-date symlink: /home/rohan/cobotx/install/nav_bot/share/nav_bot/worlds/meshes/nxt_racks/BTS00068691.png\n'}
[0.526400] (nav_bot) StdoutLine: {'line': b'-- Up-to-date symlink: /home/rohan/cobotx/install/nav_bot/share/nav_bot/worlds/meshes/nxt_racks/BTS00068692.png\n'}
[0.526531] (nav_bot) StdoutLine: {'line': b'-- Up-to-date symlink: /home/rohan/cobotx/install/nav_bot/share/nav_bot/worlds/meshes/nxt_racks/BTS00068693.png\n'}
[0.526654] (nav_bot) StdoutLine: {'line': b'-- Up-to-date symlink: /home/rohan/cobotx/install/nav_bot/share/nav_bot/worlds/meshes/nxt_racks/BTS00068694.png\n'}
[0.526779] (nav_bot) StdoutLine: {'line': b'-- Up-to-date symlink: /home/rohan/cobotx/install/nav_bot/share/nav_bot/worlds/meshes/nxt_racks/BTS00068695.png\n'}
[0.526905] (nav_bot) StdoutLine: {'line': b'-- Up-to-date symlink: /home/rohan/cobotx/install/nav_bot/share/nav_bot/worlds/meshes/nxt_racks/BTS00068696.png\n'}
[0.527031] (nav_bot) StdoutLine: {'line': b'-- Up-to-date symlink: /home/rohan/cobotx/install/nav_bot/share/nav_bot/worlds/meshes/nxt_racks/BTS00068697.png\n'}
[0.527158] (nav_bot) StdoutLine: {'line': b'-- Up-to-date symlink: /home/rohan/cobotx/install/nav_bot/share/nav_bot/worlds/meshes/nxt_racks/BTS00068698.png\n'}
[0.527287] (nav_bot) StdoutLine: {'line': b'-- Up-to-date symlink: /home/rohan/cobotx/install/nav_bot/share/nav_bot/worlds/meshes/nxt_racks/BTS00068699.png.001.png\n'}
[0.527582] (nav_bot) StdoutLine: {'line': b'-- Up-to-date symlink: /home/rohan/cobotx/install/nav_bot/share/nav_bot/worlds/meshes/nxt_racks/BTS00068700.png\n'}
[0.527862] (nav_bot) StdoutLine: {'line': b'-- Up-to-date symlink: /home/rohan/cobotx/install/nav_bot/share/nav_bot/worlds/meshes/nxt_racks/BTS00068701.png.001.png\n'}
[0.528128] (nav_bot) StdoutLine: {'line': b'-- Up-to-date symlink: /home/rohan/cobotx/install/nav_bot/share/nav_bot/worlds/meshes/nxt_racks/BTS00068702.png.001.png\n'}
[0.528409] (nav_bot) StdoutLine: {'line': b'-- Up-to-date symlink: /home/rohan/cobotx/install/nav_bot/share/nav_bot/worlds/meshes/nxt_racks/BTS00068703.png\n'}
[0.528707] (nav_bot) StdoutLine: {'line': b'-- Up-to-date symlink: /home/rohan/cobotx/install/nav_bot/share/nav_bot/worlds/meshes/nxt_racks/BTS00068704.png\n'}
[0.528961] (nav_bot) StdoutLine: {'line': b'-- Up-to-date symlink: /home/rohan/cobotx/install/nav_bot/share/nav_bot/worlds/meshes/nxt_racks/BTS00068705.png\n'}
[0.529226] (nav_bot) StdoutLine: {'line': b'-- Up-to-date symlink: /home/rohan/cobotx/install/nav_bot/share/nav_bot/worlds/meshes/nxt_racks/BTS00068706.png\n'}
[0.529499] (nav_bot) StdoutLine: {'line': b'-- Up-to-date symlink: /home/rohan/cobotx/install/nav_bot/share/nav_bot/worlds/meshes/nxt_racks/BTS00068707.png\n'}
[0.529725] (nav_bot) StdoutLine: {'line': b'-- Up-to-date symlink: /home/rohan/cobotx/install/nav_bot/share/nav_bot/worlds/meshes/nxt_racks/BTS00068708.png\n'}
[0.529963] (nav_bot) StdoutLine: {'line': b'-- Up-to-date symlink: /home/rohan/cobotx/install/nav_bot/share/nav_bot/worlds/meshes/nxt_racks/BTS00068709.png\n'}
[0.530175] (nav_bot) StdoutLine: {'line': b'-- Up-to-date symlink: /home/rohan/cobotx/install/nav_bot/share/nav_bot/worlds/meshes/nxt_racks/BTS00068710.png\n'}
[0.530337] (nav_bot) StdoutLine: {'line': b'-- Up-to-date symlink: /home/rohan/cobotx/install/nav_bot/share/nav_bot/worlds/meshes/nxt_racks/BTS00068711.png\n'}
[0.530476] (nav_bot) StdoutLine: {'line': b'-- Up-to-date symlink: /home/rohan/cobotx/install/nav_bot/share/nav_bot/worlds/meshes/nxt_racks/BTS00068712.png\n'}
[0.530605] (nav_bot) StdoutLine: {'line': b'-- Up-to-date symlink: /home/rohan/cobotx/install/nav_bot/share/nav_bot/worlds/meshes/nxt_racks/BTS00068713.png\n'}
[0.530731] (nav_bot) StdoutLine: {'line': b'-- Up-to-date symlink: /home/rohan/cobotx/install/nav_bot/share/nav_bot/worlds/meshes/nxt_racks/BTS00068714.png\n'}
[0.530870] (nav_bot) StdoutLine: {'line': b'-- Up-to-date symlink: /home/rohan/cobotx/install/nav_bot/share/nav_bot/worlds/meshes/nxt_racks/BTS00068715.png\n'}
[0.531000] (nav_bot) StdoutLine: {'line': b'-- Up-to-date symlink: /home/rohan/cobotx/install/nav_bot/share/nav_bot/worlds/meshes/nxt_racks/BTS00068716.png\n'}
[0.531128] (nav_bot) StdoutLine: {'line': b'-- Up-to-date symlink: /home/rohan/cobotx/install/nav_bot/share/nav_bot/worlds/meshes/nxt_racks/BTS00068717.png\n'}
[0.531252] (nav_bot) StdoutLine: {'line': b'-- Up-to-date symlink: /home/rohan/cobotx/install/nav_bot/share/nav_bot/worlds/meshes/nxt_racks/BTS00068718.png\n'}
[0.531383] (nav_bot) StdoutLine: {'line': b'-- Up-to-date symlink: /home/rohan/cobotx/install/nav_bot/share/nav_bot/worlds/meshes/nxt_racks/BTS00068719.png\n'}
[0.531517] (nav_bot) StdoutLine: {'line': b'-- Up-to-date symlink: /home/rohan/cobotx/install/nav_bot/share/nav_bot/worlds/meshes/nxt_racks/BTS00068720.png\n'}
[0.531645] (nav_bot) StdoutLine: {'line': b'-- Up-to-date symlink: /home/rohan/cobotx/install/nav_bot/share/nav_bot/worlds/meshes/nxt_racks/BTS00068721.png\n'}
[0.531766] (nav_bot) StdoutLine: {'line': b'-- Up-to-date symlink: /home/rohan/cobotx/install/nav_bot/share/nav_bot/worlds/meshes/nxt_racks/BTS00068722.png\n'}
[0.531887] (nav_bot) StdoutLine: {'line': b'-- Up-to-date symlink: /home/rohan/cobotx/install/nav_bot/share/nav_bot/worlds/meshes/nxt_racks/BTS00068723.png\n'}
[0.532004] (nav_bot) StdoutLine: {'line': b'-- Up-to-date symlink: /home/rohan/cobotx/install/nav_bot/share/nav_bot/worlds/meshes/nxt_racks/BTS00068724.png\n'}
[0.532120] (nav_bot) StdoutLine: {'line': b'-- Up-to-date symlink: /home/rohan/cobotx/install/nav_bot/share/nav_bot/worlds/meshes/nxt_racks/BTS00068725.png\n'}
[0.532241] (nav_bot) StdoutLine: {'line': b'-- Up-to-date symlink: /home/rohan/cobotx/install/nav_bot/share/nav_bot/worlds/meshes/nxt_racks/BTS00068726.png\n'}
[0.532369] (nav_bot) StdoutLine: {'line': b'-- Up-to-date symlink: /home/rohan/cobotx/install/nav_bot/share/nav_bot/worlds/meshes/nxt_racks/BTS00068727.png\n'}
[0.532501] (nav_bot) StdoutLine: {'line': b'-- Up-to-date symlink: /home/rohan/cobotx/install/nav_bot/share/nav_bot/worlds/meshes/nxt_racks/BTS00068728.png\n'}
[0.532629] (nav_bot) StdoutLine: {'line': b'-- Up-to-date symlink: /home/rohan/cobotx/install/nav_bot/share/nav_bot/worlds/meshes/nxt_racks/BTS00068729.png\n'}
[0.532751] (nav_bot) StdoutLine: {'line': b'-- Up-to-date symlink: /home/rohan/cobotx/install/nav_bot/share/nav_bot/worlds/meshes/nxt_racks/BTS00068730.png\n'}
[0.532872] (nav_bot) StdoutLine: {'line': b'-- Up-to-date symlink: /home/rohan/cobotx/install/nav_bot/share/nav_bot/worlds/meshes/nxt_racks/BTS00069884.png\n'}
[0.532993] (nav_bot) StdoutLine: {'line': b'-- Up-to-date symlink: /home/rohan/cobotx/install/nav_bot/share/nav_bot/worlds/meshes/nxt_racks/BTS00069885.png\n'}
[0.533116] (nav_bot) StdoutLine: {'line': b'-- Up-to-date symlink: /home/rohan/cobotx/install/nav_bot/share/nav_bot/worlds/meshes/nxt_racks/BTS00069886.png\n'}
[0.533241] (nav_bot) StdoutLine: {'line': b'-- Up-to-date symlink: /home/rohan/cobotx/install/nav_bot/share/nav_bot/worlds/meshes/nxt_racks/BTS00069887.png\n'}
[0.533367] (nav_bot) StdoutLine: {'line': b'-- Up-to-date symlink: /home/rohan/cobotx/install/nav_bot/share/nav_bot/worlds/meshes/nxt_racks/BTS00069888.png\n'}
[0.533497] (nav_bot) StdoutLine: {'line': b'-- Up-to-date symlink: /home/rohan/cobotx/install/nav_bot/share/nav_bot/worlds/meshes/nxt_racks/BTS00069889.png\n'}
[0.533626] (nav_bot) StdoutLine: {'line': b'-- Up-to-date symlink: /home/rohan/cobotx/install/nav_bot/share/nav_bot/worlds/meshes/nxt_racks/Bois_palette.jpg\n'}
[0.533749] (nav_bot) StdoutLine: {'line': b'-- Up-to-date symlink: /home/rohan/cobotx/install/nav_bot/share/nav_bot/worlds/meshes/nxt_racks/Box_paper_04_1_Base_Color.png\n'}
[0.533875] (nav_bot) StdoutLine: {'line': b'-- Up-to-date symlink: /home/rohan/cobotx/install/nav_bot/share/nav_bot/worlds/meshes/nxt_racks/Box_paper_04_1_Base_Color.png.001.png\n'}
[0.533996] (nav_bot) StdoutLine: {'line': b'-- Up-to-date symlink: /home/rohan/cobotx/install/nav_bot/share/nav_bot/worlds/meshes/nxt_racks/HD-01_A_01.png\n'}
[0.534122] (nav_bot) StdoutLine: {'line': b'-- Up-to-date symlink: /home/rohan/cobotx/install/nav_bot/share/nav_bot/worlds/meshes/nxt_racks/HD-01_A_01.png.002.png\n'}
[0.534240] (nav_bot) StdoutLine: {'line': b'-- Up-to-date symlink: /home/rohan/cobotx/install/nav_bot/share/nav_bot/worlds/meshes/nxt_racks/HD-01_A_01.png.003.png\n'}
[0.534361] (nav_bot) StdoutLine: {'line': b'-- Up-to-date symlink: /home/rohan/cobotx/install/nav_bot/share/nav_bot/worlds/meshes/nxt_racks/HD-01_A_01.png.004.png\n'}
[0.534504] (nav_bot) StdoutLine: {'line': b'-- Up-to-date symlink: /home/rohan/cobotx/install/nav_bot/share/nav_bot/worlds/meshes/nxt_racks/HD-01_A_01.png.005.png\n'}
[0.534634] (nav_bot) StdoutLine: {'line': b'-- Up-to-date symlink: /home/rohan/cobotx/install/nav_bot/share/nav_bot/worlds/meshes/nxt_racks/HD-01_A_01.png.006.png\n'}
[0.534760] (nav_bot) StdoutLine: {'line': b'-- Up-to-date symlink: /home/rohan/cobotx/install/nav_bot/share/nav_bot/worlds/meshes/nxt_racks/HD-01_A_01.png.007.png\n'}
[0.534884] (nav_bot) StdoutLine: {'line': b'-- Up-to-date symlink: /home/rohan/cobotx/install/nav_bot/share/nav_bot/worlds/meshes/nxt_racks/HD-01_A_01.png.008.png\n'}
[0.535171] (nav_bot) StdoutLine: {'line': b'-- Up-to-date symlink: /home/rohan/cobotx/install/nav_bot/share/nav_bot/worlds/meshes/nxt_racks/HD-01_A_01.png.009.png\n'}
[0.535464] (nav_bot) StdoutLine: {'line': b'-- Up-to-date symlink: /home/rohan/cobotx/install/nav_bot/share/nav_bot/worlds/meshes/nxt_racks/HD-01_A_01.png.010.png\n'}
[0.535683] (nav_bot) StdoutLine: {'line': b'-- Up-to-date symlink: /home/rohan/cobotx/install/nav_bot/share/nav_bot/worlds/meshes/nxt_racks/HD-01_A_01.png.011.png\n'}
[0.535941] (nav_bot) StdoutLine: {'line': b'-- Up-to-date symlink: /home/rohan/cobotx/install/nav_bot/share/nav_bot/worlds/meshes/nxt_racks/HD-01_A_01.png.016.png\n'}
[0.536212] (nav_bot) StdoutLine: {'line': b'-- Up-to-date symlink: /home/rohan/cobotx/install/nav_bot/share/nav_bot/worlds/meshes/nxt_racks/HD-01_A_01.png.017.png\n'}
[0.536408] (nav_bot) StdoutLine: {'line': b'-- Up-to-date symlink: /home/rohan/cobotx/install/nav_bot/share/nav_bot/worlds/meshes/nxt_racks/HD-01_A_01.png.018.png\n'}
[0.536629] (nav_bot) StdoutLine: {'line': b'-- Up-to-date symlink: /home/rohan/cobotx/install/nav_bot/share/nav_bot/worlds/meshes/nxt_racks/HD-01_A_01.png.019.png\n'}
[0.536851] (nav_bot) StdoutLine: {'line': b'-- Up-to-date symlink: /home/rohan/cobotx/install/nav_bot/share/nav_bot/worlds/meshes/nxt_racks/HD-01_A_01.png.020.png\n'}
[0.537066] (nav_bot) StdoutLine: {'line': b'-- Up-to-date symlink: /home/rohan/cobotx/install/nav_bot/share/nav_bot/worlds/meshes/nxt_racks/HD-01_A_01.png.021.png\n'}
[0.537363] (nav_bot) StdoutLine: {'line': b'-- Up-to-date symlink: /home/rohan/cobotx/install/nav_bot/share/nav_bot/worlds/meshes/nxt_racks/HD-01_A_01.png.022.png\n'}
[0.537589] (nav_bot) StdoutLine: {'line': b'-- Up-to-date symlink: /home/rohan/cobotx/install/nav_bot/share/nav_bot/worlds/meshes/nxt_racks/HD-01_A_01.png.023.png\n'}
[0.537819] (nav_bot) StdoutLine: {'line': b'-- Up-to-date symlink: /home/rohan/cobotx/install/nav_bot/share/nav_bot/worlds/meshes/nxt_racks/HD-01_A_01.png.024.png\n'}
[0.538033] (nav_bot) StdoutLine: {'line': b'-- Up-to-date symlink: /home/rohan/cobotx/install/nav_bot/share/nav_bot/worlds/meshes/nxt_racks/HD-01_A_01.png.025.png\n'}
[0.538261] (nav_bot) StdoutLine: {'line': b'-- Up-to-date symlink: /home/rohan/cobotx/install/nav_bot/share/nav_bot/worlds/meshes/nxt_racks/HD-01_A_01.png.030.png\n'}
[0.538491] (nav_bot) StdoutLine: {'line': b'-- Up-to-date symlink: /home/rohan/cobotx/install/nav_bot/share/nav_bot/worlds/meshes/nxt_racks/HD-01_A_01.png.031.png\n'}
[0.538756] (nav_bot) StdoutLine: {'line': b'-- Up-to-date symlink: /home/rohan/cobotx/install/nav_bot/share/nav_bot/worlds/meshes/nxt_racks/HD-01_A_01.png.032.png\n'}
[0.538969] (nav_bot) StdoutLine: {'line': b'-- Up-to-date symlink: /home/rohan/cobotx/install/nav_bot/share/nav_bot/worlds/meshes/nxt_racks/HD-01_A_01.png.033.png\n'}
[0.539246] (nav_bot) StdoutLine: {'line': b'-- Up-to-date symlink: /home/rohan/cobotx/install/nav_bot/share/nav_bot/worlds/meshes/nxt_racks/HD-01_A_01.png.034.png\n'}
[0.539462] (nav_bot) StdoutLine: {'line': b'-- Up-to-date symlink: /home/rohan/cobotx/install/nav_bot/share/nav_bot/worlds/meshes/nxt_racks/HD-01_A_01.png.035.png\n'}
[0.539697] (nav_bot) StdoutLine: {'line': b'-- Up-to-date symlink: /home/rohan/cobotx/install/nav_bot/share/nav_bot/worlds/meshes/nxt_racks/HD-01_A_01.png.036.png\n'}
[0.539910] (nav_bot) StdoutLine: {'line': b'-- Up-to-date symlink: /home/rohan/cobotx/install/nav_bot/share/nav_bot/worlds/meshes/nxt_racks/HD-01_A_01.png.037.png\n'}
[0.540058] (nav_bot) StdoutLine: {'line': b'-- Up-to-date symlink: /home/rohan/cobotx/install/nav_bot/share/nav_bot/worlds/meshes/nxt_racks/HD-01_A_01.png.038.png\n'}
[0.540274] (nav_bot) StdoutLine: {'line': b'-- Up-to-date symlink: /home/rohan/cobotx/install/nav_bot/share/nav_bot/worlds/meshes/nxt_racks/HD-01_A_01.png.039.png\n'}
[0.540496] (nav_bot) StdoutLine: {'line': b'-- Up-to-date symlink: /home/rohan/cobotx/install/nav_bot/share/nav_bot/worlds/meshes/nxt_racks/HD-01_A_01.png.044.png\n'}
[0.540714] (nav_bot) StdoutLine: {'line': b'-- Up-to-date symlink: /home/rohan/cobotx/install/nav_bot/share/nav_bot/worlds/meshes/nxt_racks/HD-01_A_01.png.045.png\n'}
[0.540924] (nav_bot) StdoutLine: {'line': b'-- Up-to-date symlink: /home/rohan/cobotx/install/nav_bot/share/nav_bot/worlds/meshes/nxt_racks/HD-01_A_01.png.046.png\n'}
[0.541137] (nav_bot) StdoutLine: {'line': b'-- Up-to-date symlink: /home/rohan/cobotx/install/nav_bot/share/nav_bot/worlds/meshes/nxt_racks/HD-01_A_01.png.047.png\n'}
[0.541403] (nav_bot) StdoutLine: {'line': b'-- Up-to-date symlink: /home/rohan/cobotx/install/nav_bot/share/nav_bot/worlds/meshes/nxt_racks/HD-01_A_01.png.048.png\n'}
[0.541633] (nav_bot) StdoutLine: {'line': b'-- Up-to-date symlink: /home/rohan/cobotx/install/nav_bot/share/nav_bot/worlds/meshes/nxt_racks/HD-01_A_01.png.049.png\n'}
[0.541858] (nav_bot) StdoutLine: {'line': b'-- Up-to-date symlink: /home/rohan/cobotx/install/nav_bot/share/nav_bot/worlds/meshes/nxt_racks/HD-01_A_01.png.050.png\n'}
[0.542122] (nav_bot) StdoutLine: {'line': b'-- Up-to-date symlink: /home/rohan/cobotx/install/nav_bot/share/nav_bot/worlds/meshes/nxt_racks/HD-01_A_01.png.051.png\n'}
[0.542335] (nav_bot) StdoutLine: {'line': b'-- Up-to-date symlink: /home/rohan/cobotx/install/nav_bot/share/nav_bot/worlds/meshes/nxt_racks/HD-01_A_01.png.052.png\n'}
[0.542615] (nav_bot) StdoutLine: {'line': b'-- Up-to-date symlink: /home/rohan/cobotx/install/nav_bot/share/nav_bot/worlds/meshes/nxt_racks/HD-01_A_01.png.053.png\n'}
[0.542841] (nav_bot) StdoutLine: {'line': b'-- Up-to-date symlink: /home/rohan/cobotx/install/nav_bot/share/nav_bot/worlds/meshes/nxt_racks/HD-01_A_01.png.058.png\n'}
[0.543063] (nav_bot) StdoutLine: {'line': b'-- Up-to-date symlink: /home/rohan/cobotx/install/nav_bot/share/nav_bot/worlds/meshes/nxt_racks/HD-01_A_01.png.059.png\n'}
[0.543283] (nav_bot) StdoutLine: {'line': b'-- Up-to-date symlink: /home/rohan/cobotx/install/nav_bot/share/nav_bot/worlds/meshes/nxt_racks/HD-01_A_01.png.060.png\n'}
[0.543508] (nav_bot) StdoutLine: {'line': b'-- Up-to-date symlink: /home/rohan/cobotx/install/nav_bot/share/nav_bot/worlds/meshes/nxt_racks/HD-01_A_01.png.061.png\n'}
[0.543724] (nav_bot) StdoutLine: {'line': b'-- Up-to-date symlink: /home/rohan/cobotx/install/nav_bot/share/nav_bot/worlds/meshes/nxt_racks/HD-01_A_01.png.062.png\n'}
[0.543868] (nav_bot) StdoutLine: {'line': b'-- Up-to-date symlink: /home/rohan/cobotx/install/nav_bot/share/nav_bot/worlds/meshes/nxt_racks/HD-01_A_01.png.063.png\n'}
[0.544081] (nav_bot) StdoutLine: {'line': b'-- Up-to-date symlink: /home/rohan/cobotx/install/nav_bot/share/nav_bot/worlds/meshes/nxt_racks/HD-01_A_01.png.064.png\n'}
[0.544295] (nav_bot) StdoutLine: {'line': b'-- Up-to-date symlink: /home/rohan/cobotx/install/nav_bot/share/nav_bot/worlds/meshes/nxt_racks/HD-01_A_01.png.065.png\n'}
[0.544514] (nav_bot) StdoutLine: {'line': b'-- Up-to-date symlink: /home/rohan/cobotx/install/nav_bot/share/nav_bot/worlds/meshes/nxt_racks/HD-01_A_01.png.066.png\n'}
[0.544782] (nav_bot) StdoutLine: {'line': b'-- Up-to-date symlink: /home/rohan/cobotx/install/nav_bot/share/nav_bot/worlds/meshes/nxt_racks/HD-01_A_01.png.067.png\n'}
[0.544995] (nav_bot) StdoutLine: {'line': b'-- Up-to-date symlink: /home/rohan/cobotx/install/nav_bot/share/nav_bot/worlds/meshes/nxt_racks/HD-01_A_01.png.072.png\n'}
[0.545209] (nav_bot) StdoutLine: {'line': b'-- Up-to-date symlink: /home/rohan/cobotx/install/nav_bot/share/nav_bot/worlds/meshes/nxt_racks/HD-01_A_01.png.073.png\n'}
[0.545423] (nav_bot) StdoutLine: {'line': b'-- Up-to-date symlink: /home/rohan/cobotx/install/nav_bot/share/nav_bot/worlds/meshes/nxt_racks/HD-01_A_01.png.074.png\n'}
[0.545654] (nav_bot) StdoutLine: {'line': b'-- Up-to-date symlink: /home/rohan/cobotx/install/nav_bot/share/nav_bot/worlds/meshes/nxt_racks/HD-01_A_01.png.075.png\n'}
[0.545931] (nav_bot) StdoutLine: {'line': b'-- Up-to-date symlink: /home/rohan/cobotx/install/nav_bot/share/nav_bot/worlds/meshes/nxt_racks/HD-01_A_01.png.076.png\n'}
[0.546130] (nav_bot) StdoutLine: {'line': b'-- Up-to-date symlink: /home/rohan/cobotx/install/nav_bot/share/nav_bot/worlds/meshes/nxt_racks/HD-01_A_01.png.079.png\n'}
[0.546394] (nav_bot) StdoutLine: {'line': b'-- Up-to-date symlink: /home/rohan/cobotx/install/nav_bot/share/nav_bot/worlds/meshes/nxt_racks/HD-01_A_01.png.080.png\n'}
[0.546618] (nav_bot) StdoutLine: {'line': b'-- Up-to-date symlink: /home/rohan/cobotx/install/nav_bot/share/nav_bot/worlds/meshes/nxt_racks/HD-01_A_01.png.081.png\n'}
[0.546840] (nav_bot) StdoutLine: {'line': b'-- Up-to-date symlink: /home/rohan/cobotx/install/nav_bot/share/nav_bot/worlds/meshes/nxt_racks/HD-01_A_01.png.082.png\n'}
[0.547054] (nav_bot) StdoutLine: {'line': b'-- Up-to-date symlink: /home/rohan/cobotx/install/nav_bot/share/nav_bot/worlds/meshes/nxt_racks/HD-01_A_01.png.083.png\n'}
[0.547271] (nav_bot) StdoutLine: {'line': b'-- Up-to-date symlink: /home/rohan/cobotx/install/nav_bot/share/nav_bot/worlds/meshes/nxt_racks/HD-01_A_01.png.084.png\n'}
[0.547496] (nav_bot) StdoutLine: {'line': b'-- Up-to-date symlink: /home/rohan/cobotx/install/nav_bot/share/nav_bot/worlds/meshes/nxt_racks/HD-01_A_01.png.085.png\n'}
[0.547713] (nav_bot) StdoutLine: {'line': b'-- Up-to-date symlink: /home/rohan/cobotx/install/nav_bot/share/nav_bot/worlds/meshes/nxt_racks/HD-01_A_01.png.086.png\n'}
[0.547971] (nav_bot) StdoutLine: {'line': b'-- Up-to-date symlink: /home/rohan/cobotx/install/nav_bot/share/nav_bot/worlds/meshes/nxt_racks/HD-01_A_01.png.087.png\n'}
[0.548135] (nav_bot) StdoutLine: {'line': b'-- Up-to-date symlink: /home/rohan/cobotx/install/nav_bot/share/nav_bot/worlds/meshes/nxt_racks/HD-01_A_01.png.088.png\n'}
[0.548354] (nav_bot) StdoutLine: {'line': b'-- Up-to-date symlink: /home/rohan/cobotx/install/nav_bot/share/nav_bot/worlds/meshes/nxt_racks/HD-01_A_01.png.093.png\n'}
[0.548568] (nav_bot) StdoutLine: {'line': b'-- Up-to-date symlink: /home/rohan/cobotx/install/nav_bot/share/nav_bot/worlds/meshes/nxt_racks/HD-01_A_01.png.094.png\n'}
[0.548848] (nav_bot) StdoutLine: {'line': b'-- Up-to-date symlink: /home/rohan/cobotx/install/nav_bot/share/nav_bot/worlds/meshes/nxt_racks/HD-01_A_01.png.095.png\n'}
[0.549066] (nav_bot) StdoutLine: {'line': b'-- Up-to-date symlink: /home/rohan/cobotx/install/nav_bot/share/nav_bot/worlds/meshes/nxt_racks/HD-01_A_01.png.096.png\n'}
[0.549325] (nav_bot) StdoutLine: {'line': b'-- Up-to-date symlink: /home/rohan/cobotx/install/nav_bot/share/nav_bot/worlds/meshes/nxt_racks/HD-01_A_01.png.097.png\n'}
[0.549541] (nav_bot) StdoutLine: {'line': b'-- Up-to-date symlink: /home/rohan/cobotx/install/nav_bot/share/nav_bot/worlds/meshes/nxt_racks/HD-01_A_01.png.098.png\n'}
[0.549756] (nav_bot) StdoutLine: {'line': b'-- Up-to-date symlink: /home/rohan/cobotx/install/nav_bot/share/nav_bot/worlds/meshes/nxt_racks/HD-01_A_01.png.099.png\n'}
[0.549955] (nav_bot) StdoutLine: {'line': b'-- Up-to-date symlink: /home/rohan/cobotx/install/nav_bot/share/nav_bot/worlds/meshes/nxt_racks/HD-01_A_01.png.100.png\n'}
[0.550173] (nav_bot) StdoutLine: {'line': b'-- Up-to-date symlink: /home/rohan/cobotx/install/nav_bot/share/nav_bot/worlds/meshes/nxt_racks/HD-01_A_01.png.101.png\n'}
[0.550385] (nav_bot) StdoutLine: {'line': b'-- Up-to-date symlink: /home/rohan/cobotx/install/nav_bot/share/nav_bot/worlds/meshes/nxt_racks/HD-01_A_01.png.102.png\n'}
[0.550606] (nav_bot) StdoutLine: {'line': b'-- Up-to-date symlink: /home/rohan/cobotx/install/nav_bot/share/nav_bot/worlds/meshes/nxt_racks/HD-01_A_01.png.107.png\n'}
[0.550823] (nav_bot) StdoutLine: {'line': b'-- Up-to-date symlink: /home/rohan/cobotx/install/nav_bot/share/nav_bot/worlds/meshes/nxt_racks/HD-01_A_01.png.108.png\n'}
[0.551041] (nav_bot) StdoutLine: {'line': b'-- Up-to-date symlink: /home/rohan/cobotx/install/nav_bot/share/nav_bot/worlds/meshes/nxt_racks/HD-01_A_01.png.109.png\n'}
[0.551190] (nav_bot) StdoutLine: {'line': b'-- Up-to-date symlink: /home/rohan/cobotx/install/nav_bot/share/nav_bot/worlds/meshes/nxt_racks/HD-01_A_01.png.110.png\n'}
[0.551316] (nav_bot) StdoutLine: {'line': b'-- Up-to-date symlink: /home/rohan/cobotx/install/nav_bot/share/nav_bot/worlds/meshes/nxt_racks/HD-01_A_01.png.111.png\n'}
[0.551443] (nav_bot) StdoutLine: {'line': b'-- Up-to-date symlink: /home/rohan/cobotx/install/nav_bot/share/nav_bot/worlds/meshes/nxt_racks/HD-01_A_01.png.112.png\n'}
[0.551685] (nav_bot) StdoutLine: {'line': b'-- Up-to-date symlink: /home/rohan/cobotx/install/nav_bot/share/nav_bot/worlds/meshes/nxt_racks/HD-01_A_01.png.113.png\n'}
[0.551950] (nav_bot) StdoutLine: {'line': b'-- Up-to-date symlink: /home/rohan/cobotx/install/nav_bot/share/nav_bot/worlds/meshes/nxt_racks/HD-01_A_01.png.114.png\n'}
[0.552212] (nav_bot) StdoutLine: {'line': b'-- Up-to-date symlink: /home/rohan/cobotx/install/nav_bot/share/nav_bot/worlds/meshes/nxt_racks/HD-01_A_01.png.115.png\n'}
[0.552479] (nav_bot) StdoutLine: {'line': b'-- Up-to-date symlink: /home/rohan/cobotx/install/nav_bot/share/nav_bot/worlds/meshes/nxt_racks/HD-01_A_01.png.122.png\n'}
[0.552698] (nav_bot) StdoutLine: {'line': b'-- Up-to-date symlink: /home/rohan/cobotx/install/nav_bot/share/nav_bot/worlds/meshes/nxt_racks/HD-01_A_01.png.123.png\n'}
[0.552875] (nav_bot) StdoutLine: {'line': b'-- Up-to-date symlink: /home/rohan/cobotx/install/nav_bot/share/nav_bot/worlds/meshes/nxt_racks/HD-01_A_01.png.124.png\n'}
[0.553152] (nav_bot) StdoutLine: {'line': b'-- Up-to-date symlink: /home/rohan/cobotx/install/nav_bot/share/nav_bot/worlds/meshes/nxt_racks/HD-01_A_01.png.125.png\n'}
[0.553415] (nav_bot) StdoutLine: {'line': b'-- Up-to-date symlink: /home/rohan/cobotx/install/nav_bot/share/nav_bot/worlds/meshes/nxt_racks/HD-01_A_01.png.126.png\n'}
[0.553629] (nav_bot) StdoutLine: {'line': b'-- Up-to-date symlink: /home/rohan/cobotx/install/nav_bot/share/nav_bot/worlds/meshes/nxt_racks/HD-01_A_01.png.127.png\n'}
[0.553850] (nav_bot) StdoutLine: {'line': b'-- Up-to-date symlink: /home/rohan/cobotx/install/nav_bot/share/nav_bot/worlds/meshes/nxt_racks/HD-01_A_01.png.128.png\n'}
[0.554071] (nav_bot) StdoutLine: {'line': b'-- Up-to-date symlink: /home/rohan/cobotx/install/nav_bot/share/nav_bot/worlds/meshes/nxt_racks/HD-01_A_01.png.129.png\n'}
[0.554288] (nav_bot) StdoutLine: {'line': b'-- Up-to-date symlink: /home/rohan/cobotx/install/nav_bot/share/nav_bot/worlds/meshes/nxt_racks/HD-01_A_01.png.130.png\n'}
[0.554505] (nav_bot) StdoutLine: {'line': b'-- Up-to-date symlink: /home/rohan/cobotx/install/nav_bot/share/nav_bot/worlds/meshes/nxt_racks/HD-01_A_01.png.135.png\n'}
[0.554724] (nav_bot) StdoutLine: {'line': b'-- Up-to-date symlink: /home/rohan/cobotx/install/nav_bot/share/nav_bot/worlds/meshes/nxt_racks/HD-01_A_01.png.136.png\n'}
[0.554941] (nav_bot) StdoutLine: {'line': b'-- Up-to-date symlink: /home/rohan/cobotx/install/nav_bot/share/nav_bot/worlds/meshes/nxt_racks/HD-01_A_01.png.137.png\n'}
[0.555214] (nav_bot) StdoutLine: {'line': b'-- Up-to-date symlink: /home/rohan/cobotx/install/nav_bot/share/nav_bot/worlds/meshes/nxt_racks/HD-01_A_01.png.138.png\n'}
[0.555359] (nav_bot) StdoutLine: {'line': b'-- Up-to-date symlink: /home/rohan/cobotx/install/nav_bot/share/nav_bot/worlds/meshes/nxt_racks/HD-01_A_01.png.139.png\n'}
[0.555587] (nav_bot) StdoutLine: {'line': b'-- Up-to-date symlink: /home/rohan/cobotx/install/nav_bot/share/nav_bot/worlds/meshes/nxt_racks/HD-01_A_01.png.142.png\n'}
[0.555810] (nav_bot) StdoutLine: {'line': b'-- Up-to-date symlink: /home/rohan/cobotx/install/nav_bot/share/nav_bot/worlds/meshes/nxt_racks/HD-01_A_01.png.143.png\n'}
[0.556028] (nav_bot) StdoutLine: {'line': b'-- Up-to-date symlink: /home/rohan/cobotx/install/nav_bot/share/nav_bot/worlds/meshes/nxt_racks/HD-01_A_01.png.144.png\n'}
[0.556312] (nav_bot) StdoutLine: {'line': b'-- Up-to-date symlink: /home/rohan/cobotx/install/nav_bot/share/nav_bot/worlds/meshes/nxt_racks/HD-01_A_01.png.145.png\n'}
[0.556669] (nav_bot) StdoutLine: {'line': b'-- Up-to-date symlink: /home/rohan/cobotx/install/nav_bot/share/nav_bot/worlds/meshes/nxt_racks/HD-01_A_01.png.146.png\n'}
[0.556914] (nav_bot) StdoutLine: {'line': b'-- Up-to-date symlink: /home/rohan/cobotx/install/nav_bot/share/nav_bot/worlds/meshes/nxt_racks/HD-01_A_01.png.147.png\n'}
[0.557051] (nav_bot) StdoutLine: {'line': b'-- Up-to-date symlink: /home/rohan/cobotx/install/nav_bot/share/nav_bot/worlds/meshes/nxt_racks/HD-01_A_01.png.148.png\n'}
[0.557175] (nav_bot) StdoutLine: {'line': b'-- Up-to-date symlink: /home/rohan/cobotx/install/nav_bot/share/nav_bot/worlds/meshes/nxt_racks/HD-01_A_01.png.149.png\n'}
[0.557297] (nav_bot) StdoutLine: {'line': b'-- Up-to-date symlink: /home/rohan/cobotx/install/nav_bot/share/nav_bot/worlds/meshes/nxt_racks/HD-01_A_01.png.150.png\n'}
[0.557423] (nav_bot) StdoutLine: {'line': b'-- Up-to-date symlink: /home/rohan/cobotx/install/nav_bot/share/nav_bot/worlds/meshes/nxt_racks/HD-01_A_01.png.151.png\n'}
[0.557552] (nav_bot) StdoutLine: {'line': b'-- Up-to-date symlink: /home/rohan/cobotx/install/nav_bot/share/nav_bot/worlds/meshes/nxt_racks/HD-01_A_01.png.156.png\n'}
[0.557673] (nav_bot) StdoutLine: {'line': b'-- Up-to-date symlink: /home/rohan/cobotx/install/nav_bot/share/nav_bot/worlds/meshes/nxt_racks/HD-01_A_01.png.157.png\n'}
[0.557802] (nav_bot) StdoutLine: {'line': b'-- Up-to-date symlink: /home/rohan/cobotx/install/nav_bot/share/nav_bot/worlds/meshes/nxt_racks/HD-01_A_01.png.158.png\n'}
[0.557929] (nav_bot) StdoutLine: {'line': b'-- Up-to-date symlink: /home/rohan/cobotx/install/nav_bot/share/nav_bot/worlds/meshes/nxt_racks/HD-01_A_01.png.159.png\n'}
[0.558057] (nav_bot) StdoutLine: {'line': b'-- Up-to-date symlink: /home/rohan/cobotx/install/nav_bot/share/nav_bot/worlds/meshes/nxt_racks/HD-01_A_01.png.160.png\n'}
[0.558184] (nav_bot) StdoutLine: {'line': b'-- Up-to-date symlink: /home/rohan/cobotx/install/nav_bot/share/nav_bot/worlds/meshes/nxt_racks/HD-01_A_01.png.161.png\n'}
[0.558307] (nav_bot) StdoutLine: {'line': b'-- Up-to-date symlink: /home/rohan/cobotx/install/nav_bot/share/nav_bot/worlds/meshes/nxt_racks/HD-01_A_01.png.162.png\n'}
[0.558429] (nav_bot) StdoutLine: {'line': b'-- Up-to-date symlink: /home/rohan/cobotx/install/nav_bot/share/nav_bot/worlds/meshes/nxt_racks/HD-01_A_01.png.163.png\n'}
[0.558557] (nav_bot) StdoutLine: {'line': b'-- Up-to-date symlink: /home/rohan/cobotx/install/nav_bot/share/nav_bot/worlds/meshes/nxt_racks/HD-01_A_01.png.164.png\n'}
[0.558682] (nav_bot) StdoutLine: {'line': b'-- Up-to-date symlink: /home/rohan/cobotx/install/nav_bot/share/nav_bot/worlds/meshes/nxt_racks/HD-01_A_01.png.165.png\n'}
[0.558802] (nav_bot) StdoutLine: {'line': b'-- Up-to-date symlink: /home/rohan/cobotx/install/nav_bot/share/nav_bot/worlds/meshes/nxt_racks/HD-01_A_01.png.170.png\n'}
[0.558929] (nav_bot) StdoutLine: {'line': b'-- Up-to-date symlink: /home/rohan/cobotx/install/nav_bot/share/nav_bot/worlds/meshes/nxt_racks/HD-01_A_01.png.171.png\n'}
[0.559051] (nav_bot) StdoutLine: {'line': b'-- Up-to-date symlink: /home/rohan/cobotx/install/nav_bot/share/nav_bot/worlds/meshes/nxt_racks/HD-01_A_01.png.172.png\n'}
[0.559177] (nav_bot) StdoutLine: {'line': b'-- Up-to-date symlink: /home/rohan/cobotx/install/nav_bot/share/nav_bot/worlds/meshes/nxt_racks/HD-01_A_01.png.173.png\n'}
[0.559302] (nav_bot) StdoutLine: {'line': b'-- Up-to-date symlink: /home/rohan/cobotx/install/nav_bot/share/nav_bot/worlds/meshes/nxt_racks/HD-01_A_01.png.174.png\n'}
[0.559428] (nav_bot) StdoutLine: {'line': b'-- Up-to-date symlink: /home/rohan/cobotx/install/nav_bot/share/nav_bot/worlds/meshes/nxt_racks/HD-01_A_01.png.175.png\n'}
[0.559564] (nav_bot) StdoutLine: {'line': b'-- Up-to-date symlink: /home/rohan/cobotx/install/nav_bot/share/nav_bot/worlds/meshes/nxt_racks/HD-01_A_01.png.176.png\n'}
[0.559695] (nav_bot) StdoutLine: {'line': b'-- Up-to-date symlink: /home/rohan/cobotx/install/nav_bot/share/nav_bot/worlds/meshes/nxt_racks/HD-01_A_01.png.177.png\n'}
[0.559821] (nav_bot) StdoutLine: {'line': b'-- Up-to-date symlink: /home/rohan/cobotx/install/nav_bot/share/nav_bot/worlds/meshes/nxt_racks/HD-01_A_01.png.178.png\n'}
[0.559947] (nav_bot) StdoutLine: {'line': b'-- Up-to-date symlink: /home/rohan/cobotx/install/nav_bot/share/nav_bot/worlds/meshes/nxt_racks/HD-01_A_01.png.179.png\n'}
[0.560074] (nav_bot) StdoutLine: {'line': b'-- Up-to-date symlink: /home/rohan/cobotx/install/nav_bot/share/nav_bot/worlds/meshes/nxt_racks/HD-01_A_01.png.184.png\n'}
[0.560201] (nav_bot) StdoutLine: {'line': b'-- Up-to-date symlink: /home/rohan/cobotx/install/nav_bot/share/nav_bot/worlds/meshes/nxt_racks/HD-01_A_01.png.185.png\n'}
[0.560327] (nav_bot) StdoutLine: {'line': b'-- Up-to-date symlink: /home/rohan/cobotx/install/nav_bot/share/nav_bot/worlds/meshes/nxt_racks/HD-01_A_01.png.186.png\n'}
[0.560455] (nav_bot) StdoutLine: {'line': b'-- Up-to-date symlink: /home/rohan/cobotx/install/nav_bot/share/nav_bot/worlds/meshes/nxt_racks/HD-01_A_01.png.187.png\n'}
[0.560584] (nav_bot) StdoutLine: {'line': b'-- Up-to-date symlink: /home/rohan/cobotx/install/nav_bot/share/nav_bot/worlds/meshes/nxt_racks/HD-01_A_01.png.188.png\n'}
[0.560706] (nav_bot) StdoutLine: {'line': b'-- Up-to-date symlink: /home/rohan/cobotx/install/nav_bot/share/nav_bot/worlds/meshes/nxt_racks/HD-01_A_01.png.189.png\n'}
[0.560828] (nav_bot) StdoutLine: {'line': b'-- Up-to-date symlink: /home/rohan/cobotx/install/nav_bot/share/nav_bot/worlds/meshes/nxt_racks/HD-01_A_01.png.190.png\n'}
[0.560949] (nav_bot) StdoutLine: {'line': b'-- Up-to-date symlink: /home/rohan/cobotx/install/nav_bot/share/nav_bot/worlds/meshes/nxt_racks/HD-01_A_01.png.191.png\n'}
[0.561070] (nav_bot) StdoutLine: {'line': b'-- Up-to-date symlink: /home/rohan/cobotx/install/nav_bot/share/nav_bot/worlds/meshes/nxt_racks/HD-01_A_01.png.192.png\n'}
[0.561191] (nav_bot) StdoutLine: {'line': b'-- Up-to-date symlink: /home/rohan/cobotx/install/nav_bot/share/nav_bot/worlds/meshes/nxt_racks/HD-01_A_01.png.193.png\n'}
[0.561321] (nav_bot) StdoutLine: {'line': b'-- Up-to-date symlink: /home/rohan/cobotx/install/nav_bot/share/nav_bot/worlds/meshes/nxt_racks/HD-01_A_01.png.198.png\n'}
[0.561452] (nav_bot) StdoutLine: {'line': b'-- Up-to-date symlink: /home/rohan/cobotx/install/nav_bot/share/nav_bot/worlds/meshes/nxt_racks/HD-01_A_01.png.199.png\n'}
[0.561582] (nav_bot) StdoutLine: {'line': b'-- Up-to-date symlink: /home/rohan/cobotx/install/nav_bot/share/nav_bot/worlds/meshes/nxt_racks/HD-01_A_01.png.200.png\n'}
[0.561710] (nav_bot) StdoutLine: {'line': b'-- Up-to-date symlink: /home/rohan/cobotx/install/nav_bot/share/nav_bot/worlds/meshes/nxt_racks/HD-01_A_01.png.201.png\n'}
[0.561833] (nav_bot) StdoutLine: {'line': b'-- Up-to-date symlink: /home/rohan/cobotx/install/nav_bot/share/nav_bot/worlds/meshes/nxt_racks/HD-01_A_01.png.202.png\n'}
[0.561955] (nav_bot) StdoutLine: {'line': b'-- Up-to-date symlink: /home/rohan/cobotx/install/nav_bot/share/nav_bot/worlds/meshes/nxt_racks/HD-01_A_01.png.203.png\n'}
[0.562093] (nav_bot) StdoutLine: {'line': b'-- Up-to-date symlink: /home/rohan/cobotx/install/nav_bot/share/nav_bot/worlds/meshes/nxt_racks/HD-01_A_01.png.204.png\n'}
[0.562222] (nav_bot) StdoutLine: {'line': b'-- Up-to-date symlink: /home/rohan/cobotx/install/nav_bot/share/nav_bot/worlds/meshes/nxt_racks/HD-01_A_01.png.205.png\n'}
[0.562353] (nav_bot) StdoutLine: {'line': b'-- Up-to-date symlink: /home/rohan/cobotx/install/nav_bot/share/nav_bot/worlds/meshes/nxt_racks/HD-01_A_01.png.206.png\n'}
[0.562484] (nav_bot) StdoutLine: {'line': b'-- Up-to-date symlink: /home/rohan/cobotx/install/nav_bot/share/nav_bot/worlds/meshes/nxt_racks/HD-01_A_01.png.207.png\n'}
[0.562626] (nav_bot) StdoutLine: {'line': b'-- Up-to-date symlink: /home/rohan/cobotx/install/nav_bot/share/nav_bot/worlds/meshes/nxt_racks/HD-01_A_01.png.212.png\n'}
[0.562749] (nav_bot) StdoutLine: {'line': b'-- Up-to-date symlink: /home/rohan/cobotx/install/nav_bot/share/nav_bot/worlds/meshes/nxt_racks/HD-01_A_01.png.213.png\n'}
[0.562871] (nav_bot) StdoutLine: {'line': b'-- Up-to-date symlink: /home/rohan/cobotx/install/nav_bot/share/nav_bot/worlds/meshes/nxt_racks/HD-01_A_01.png.214.png\n'}
[0.562995] (nav_bot) StdoutLine: {'line': b'-- Up-to-date symlink: /home/rohan/cobotx/install/nav_bot/share/nav_bot/worlds/meshes/nxt_racks/HD-01_A_01.png.215.png\n'}
[0.563117] (nav_bot) StdoutLine: {'line': b'-- Up-to-date symlink: /home/rohan/cobotx/install/nav_bot/share/nav_bot/worlds/meshes/nxt_racks/HD-01_A_01.png.216.png\n'}
[0.563250] (nav_bot) StdoutLine: {'line': b'-- Up-to-date symlink: /home/rohan/cobotx/install/nav_bot/share/nav_bot/worlds/meshes/nxt_racks/HD-01_A_01.png.217.png\n'}
[0.563378] (nav_bot) StdoutLine: {'line': b'-- Up-to-date symlink: /home/rohan/cobotx/install/nav_bot/share/nav_bot/worlds/meshes/nxt_racks/HD-01_A_01.png.218.png\n'}
[0.563514] (nav_bot) StdoutLine: {'line': b'-- Up-to-date symlink: /home/rohan/cobotx/install/nav_bot/share/nav_bot/worlds/meshes/nxt_racks/HD-01_A_01.png.219.png\n'}
[0.563642] (nav_bot) StdoutLine: {'line': b'-- Up-to-date symlink: /home/rohan/cobotx/install/nav_bot/share/nav_bot/worlds/meshes/nxt_racks/HD-01_A_01.png.220.png\n'}
[0.563768] (nav_bot) StdoutLine: {'line': b'-- Up-to-date symlink: /home/rohan/cobotx/install/nav_bot/share/nav_bot/worlds/meshes/nxt_racks/HD-01_A_01.png.221.png\n'}
[0.563890] (nav_bot) StdoutLine: {'line': b'-- Up-to-date symlink: /home/rohan/cobotx/install/nav_bot/share/nav_bot/worlds/meshes/nxt_racks/HD-01_A_01.png.226.png\n'}
[0.564013] (nav_bot) StdoutLine: {'line': b'-- Up-to-date symlink: /home/rohan/cobotx/install/nav_bot/share/nav_bot/worlds/meshes/nxt_racks/HD-01_A_01.png.227.png\n'}
[0.564137] (nav_bot) StdoutLine: {'line': b'-- Up-to-date symlink: /home/rohan/cobotx/install/nav_bot/share/nav_bot/worlds/meshes/nxt_racks/HD-01_A_01.png.228.png\n'}
[0.564264] (nav_bot) StdoutLine: {'line': b'-- Up-to-date symlink: /home/rohan/cobotx/install/nav_bot/share/nav_bot/worlds/meshes/nxt_racks/HD-01_A_01.png.229.png\n'}
[0.564391] (nav_bot) StdoutLine: {'line': b'-- Up-to-date symlink: /home/rohan/cobotx/install/nav_bot/share/nav_bot/worlds/meshes/nxt_racks/HD-01_A_01.png.230.png\n'}
[0.564551] (nav_bot) StdoutLine: {'line': b'-- Up-to-date symlink: /home/rohan/cobotx/install/nav_bot/share/nav_bot/worlds/meshes/nxt_racks/HD-01_A_01.png.231.png\n'}
[0.564680] (nav_bot) StdoutLine: {'line': b'-- Up-to-date symlink: /home/rohan/cobotx/install/nav_bot/share/nav_bot/worlds/meshes/nxt_racks/HD-01_A_01.png.232.png\n'}
[0.564793] (nav_bot) StdoutLine: {'line': b'-- Up-to-date symlink: /home/rohan/cobotx/install/nav_bot/share/nav_bot/worlds/meshes/nxt_racks/HD-01_A_01.png.233.png\n'}
[0.565097] (nav_bot) StdoutLine: {'line': b'-- Up-to-date symlink: /home/rohan/cobotx/install/nav_bot/share/nav_bot/worlds/meshes/nxt_racks/HD-01_A_01.png.234.png\n'}
[0.565360] (nav_bot) StdoutLine: {'line': b'-- Up-to-date symlink: /home/rohan/cobotx/install/nav_bot/share/nav_bot/worlds/meshes/nxt_racks/HD-01_A_01.png.235.png\n'}
[0.565623] (nav_bot) StdoutLine: {'line': b'-- Up-to-date symlink: /home/rohan/cobotx/install/nav_bot/share/nav_bot/worlds/meshes/nxt_racks/HD-01_A_01.png.240.png\n'}
[0.565895] (nav_bot) StdoutLine: {'line': b'-- Up-to-date symlink: /home/rohan/cobotx/install/nav_bot/share/nav_bot/worlds/meshes/nxt_racks/HD-01_A_01.png.241.png\n'}
[0.566163] (nav_bot) StdoutLine: {'line': b'-- Up-to-date symlink: /home/rohan/cobotx/install/nav_bot/share/nav_bot/worlds/meshes/nxt_racks/HD-01_A_01.png.242.png\n'}
[0.566420] (nav_bot) StdoutLine: {'line': b'-- Up-to-date symlink: /home/rohan/cobotx/install/nav_bot/share/nav_bot/worlds/meshes/nxt_racks/HD-01_A_01.png.243.png\n'}
[0.566675] (nav_bot) StdoutLine: {'line': b'-- Up-to-date symlink: /home/rohan/cobotx/install/nav_bot/share/nav_bot/worlds/meshes/nxt_racks/HD-01_A_01.png.244.png\n'}
[0.566968] (nav_bot) StdoutLine: {'line': b'-- Up-to-date symlink: /home/rohan/cobotx/install/nav_bot/share/nav_bot/worlds/meshes/nxt_racks/HD-01_A_01.png.245.png\n'}
[0.567180] (nav_bot) StdoutLine: {'line': b'-- Up-to-date symlink: /home/rohan/cobotx/install/nav_bot/share/nav_bot/worlds/meshes/nxt_racks/HD-01_A_01.png.246.png\n'}
[0.567405] (nav_bot) StdoutLine: {'line': b'-- Up-to-date symlink: /home/rohan/cobotx/install/nav_bot/share/nav_bot/worlds/meshes/nxt_racks/HD-01_A_01.png.247.png\n'}
[0.567618] (nav_bot) StdoutLine: {'line': b'-- Up-to-date symlink: /home/rohan/cobotx/install/nav_bot/share/nav_bot/worlds/meshes/nxt_racks/HD-01_A_01.png.248.png\n'}
[0.567771] (nav_bot) StdoutLine: {'line': b'-- Up-to-date symlink: /home/rohan/cobotx/install/nav_bot/share/nav_bot/worlds/meshes/nxt_racks/HD-01_A_01.png.249.png\n'}
[0.567898] (nav_bot) StdoutLine: {'line': b'-- Up-to-date symlink: /home/rohan/cobotx/install/nav_bot/share/nav_bot/worlds/meshes/nxt_racks/HD-01_A_01.png.254.png\n'}
[0.568026] (nav_bot) StdoutLine: {'line': b'-- Up-to-date symlink: /home/rohan/cobotx/install/nav_bot/share/nav_bot/worlds/meshes/nxt_racks/HD-01_A_01.png.255.png\n'}
[0.568153] (nav_bot) StdoutLine: {'line': b'-- Up-to-date symlink: /home/rohan/cobotx/install/nav_bot/share/nav_bot/worlds/meshes/nxt_racks/HD-01_A_01.png.256.png\n'}
[0.568279] (nav_bot) StdoutLine: {'line': b'-- Up-to-date symlink: /home/rohan/cobotx/install/nav_bot/share/nav_bot/worlds/meshes/nxt_racks/HD-01_A_01.png.257.png\n'}
[0.568406] (nav_bot) StdoutLine: {'line': b'-- Up-to-date symlink: /home/rohan/cobotx/install/nav_bot/share/nav_bot/worlds/meshes/nxt_racks/HD-01_A_01.png.258.png\n'}
[0.568532] (nav_bot) StdoutLine: {'line': b'-- Up-to-date symlink: /home/rohan/cobotx/install/nav_bot/share/nav_bot/worlds/meshes/nxt_racks/HD-01_A_02.png\n'}
[0.568658] (nav_bot) StdoutLine: {'line': b'-- Up-to-date symlink: /home/rohan/cobotx/install/nav_bot/share/nav_bot/worlds/meshes/nxt_racks/HD-01_A_03.png\n'}
[0.568780] (nav_bot) StdoutLine: {'line': b'-- Up-to-date symlink: /home/rohan/cobotx/install/nav_bot/share/nav_bot/worlds/meshes/nxt_racks/HD-01_A_04.png\n'}
[0.568901] (nav_bot) StdoutLine: {'line': b'-- Up-to-date symlink: /home/rohan/cobotx/install/nav_bot/share/nav_bot/worlds/meshes/nxt_racks/HD-01_A_05.png\n'}
[0.569023] (nav_bot) StdoutLine: {'line': b'-- Up-to-date symlink: /home/rohan/cobotx/install/nav_bot/share/nav_bot/worlds/meshes/nxt_racks/HD-01_A_06.png\n'}
[0.569148] (nav_bot) StdoutLine: {'line': b'-- Up-to-date symlink: /home/rohan/cobotx/install/nav_bot/share/nav_bot/worlds/meshes/nxt_racks/HD-01_A_07.png\n'}
[0.569274] (nav_bot) StdoutLine: {'line': b'-- Up-to-date symlink: /home/rohan/cobotx/install/nav_bot/share/nav_bot/worlds/meshes/nxt_racks/HD-01_A_08.png\n'}
[0.569405] (nav_bot) StdoutLine: {'line': b'-- Up-to-date symlink: /home/rohan/cobotx/install/nav_bot/share/nav_bot/worlds/meshes/nxt_racks/HD-01_A_09.png\n'}
[0.569542] (nav_bot) StdoutLine: {'line': b'-- Up-to-date symlink: /home/rohan/cobotx/install/nav_bot/share/nav_bot/worlds/meshes/nxt_racks/HD-01_A_10.png\n'}
[0.569667] (nav_bot) StdoutLine: {'line': b'-- Up-to-date symlink: /home/rohan/cobotx/install/nav_bot/share/nav_bot/worlds/meshes/nxt_racks/HD-01_A_11.png\n'}
[0.569790] (nav_bot) StdoutLine: {'line': b'-- Up-to-date symlink: /home/rohan/cobotx/install/nav_bot/share/nav_bot/worlds/meshes/nxt_racks/HD-01_A_12.png\n'}
[0.569912] (nav_bot) StdoutLine: {'line': b'-- Up-to-date symlink: /home/rohan/cobotx/install/nav_bot/share/nav_bot/worlds/meshes/nxt_racks/HD-01_A_13.png\n'}
[0.570034] (nav_bot) StdoutLine: {'line': b'-- Up-to-date symlink: /home/rohan/cobotx/install/nav_bot/share/nav_bot/worlds/meshes/nxt_racks/HD-01_A_14.png\n'}
[0.570160] (nav_bot) StdoutLine: {'line': b'-- Up-to-date symlink: /home/rohan/cobotx/install/nav_bot/share/nav_bot/worlds/meshes/nxt_racks/HD-01_A_15.png\n'}
[0.570287] (nav_bot) StdoutLine: {'line': b'-- Up-to-date symlink: /home/rohan/cobotx/install/nav_bot/share/nav_bot/worlds/meshes/nxt_racks/HD-01_A_15.png.001.png\n'}
[0.570417] (nav_bot) StdoutLine: {'line': b'-- Up-to-date symlink: /home/rohan/cobotx/install/nav_bot/share/nav_bot/worlds/meshes/nxt_racks/HD-01_A_16.png\n'}
[0.570551] (nav_bot) StdoutLine: {'line': b'-- Up-to-date symlink: /home/rohan/cobotx/install/nav_bot/share/nav_bot/worlds/meshes/nxt_racks/HD-01_A_19.png\n'}
[0.570675] (nav_bot) StdoutLine: {'line': b'-- Up-to-date symlink: /home/rohan/cobotx/install/nav_bot/share/nav_bot/worlds/meshes/nxt_racks/HD-01_A_20.png\n'}
[0.570798] (nav_bot) StdoutLine: {'line': b'-- Up-to-date symlink: /home/rohan/cobotx/install/nav_bot/share/nav_bot/worlds/meshes/nxt_racks/HD-01_A_21.png\n'}
[0.570919] (nav_bot) StdoutLine: {'line': b'-- Up-to-date symlink: /home/rohan/cobotx/install/nav_bot/share/nav_bot/worlds/meshes/nxt_racks/HD-01_A_21.png.001.png\n'}
[0.571045] (nav_bot) StdoutLine: {'line': b'-- Up-to-date symlink: /home/rohan/cobotx/install/nav_bot/share/nav_bot/worlds/meshes/nxt_racks/HD-01_A_22.png\n'}
[0.571171] (nav_bot) StdoutLine: {'line': b'-- Up-to-date symlink: /home/rohan/cobotx/install/nav_bot/share/nav_bot/worlds/meshes/nxt_racks/HD-01_A_23.png\n'}
[0.571296] (nav_bot) StdoutLine: {'line': b'-- Up-to-date symlink: /home/rohan/cobotx/install/nav_bot/share/nav_bot/worlds/meshes/nxt_racks/HD-01_A_24.png\n'}
[0.571424] (nav_bot) StdoutLine: {'line': b'-- Up-to-date symlink: /home/rohan/cobotx/install/nav_bot/share/nav_bot/worlds/meshes/nxt_racks/HD-01_A_25.png\n'}
[0.571561] (nav_bot) StdoutLine: {'line': b'-- Up-to-date symlink: /home/rohan/cobotx/install/nav_bot/share/nav_bot/worlds/meshes/nxt_racks/HD-01_A_26.png\n'}
[0.571684] (nav_bot) StdoutLine: {'line': b'-- Up-to-date symlink: /home/rohan/cobotx/install/nav_bot/share/nav_bot/worlds/meshes/nxt_racks/HD-01_A_27.png\n'}
[0.571805] (nav_bot) StdoutLine: {'line': b'-- Up-to-date symlink: /home/rohan/cobotx/install/nav_bot/share/nav_bot/worlds/meshes/nxt_racks/HD-01_A_28.png\n'}
[0.571942] (nav_bot) StdoutLine: {'line': b'-- Up-to-date symlink: /home/rohan/cobotx/install/nav_bot/share/nav_bot/worlds/meshes/nxt_racks/HD-01_A_29.png\n'}
[0.572067] (nav_bot) StdoutLine: {'line': b'-- Up-to-date symlink: /home/rohan/cobotx/install/nav_bot/share/nav_bot/worlds/meshes/nxt_racks/HD-01_A_30.png\n'}
[0.572193] (nav_bot) StdoutLine: {'line': b'-- Up-to-date symlink: /home/rohan/cobotx/install/nav_bot/share/nav_bot/worlds/meshes/nxt_racks/HD-01_A_31.png\n'}
[0.572320] (nav_bot) StdoutLine: {'line': b'-- Up-to-date symlink: /home/rohan/cobotx/install/nav_bot/share/nav_bot/worlds/meshes/nxt_racks/HD-01_A_32.png\n'}
[0.572463] (nav_bot) StdoutLine: {'line': b'-- Up-to-date symlink: /home/rohan/cobotx/install/nav_bot/share/nav_bot/worlds/meshes/nxt_racks/HD-01_A_33.png\n'}
[0.572579] (nav_bot) StdoutLine: {'line': b'-- Up-to-date symlink: /home/rohan/cobotx/install/nav_bot/share/nav_bot/worlds/meshes/nxt_racks/HD-01_A_33.png.001.png\n'}
[0.572702] (nav_bot) StdoutLine: {'line': b'-- Up-to-date symlink: /home/rohan/cobotx/install/nav_bot/share/nav_bot/worlds/meshes/nxt_racks/HD-01_A_34.png\n'}
[0.572824] (nav_bot) StdoutLine: {'line': b'-- Up-to-date symlink: /home/rohan/cobotx/install/nav_bot/share/nav_bot/worlds/meshes/nxt_racks/HD-01_A_35.png\n'}
[0.572950] (nav_bot) StdoutLine: {'line': b'-- Up-to-date symlink: /home/rohan/cobotx/install/nav_bot/share/nav_bot/worlds/meshes/nxt_racks/HD-01_A_36.png\n'}
[0.573079] (nav_bot) StdoutLine: {'line': b'-- Up-to-date symlink: /home/rohan/cobotx/install/nav_bot/share/nav_bot/worlds/meshes/nxt_racks/HD-01_A_37.png\n'}
[0.573206] (nav_bot) StdoutLine: {'line': b'-- Up-to-date symlink: /home/rohan/cobotx/install/nav_bot/share/nav_bot/worlds/meshes/nxt_racks/HD-01_A_37.png.001.png\n'}
[0.573332] (nav_bot) StdoutLine: {'line': b'-- Up-to-date symlink: /home/rohan/cobotx/install/nav_bot/share/nav_bot/worlds/meshes/nxt_racks/HD-01_A_38.png\n'}
[0.573461] (nav_bot) StdoutLine: {'line': b'-- Up-to-date symlink: /home/rohan/cobotx/install/nav_bot/share/nav_bot/worlds/meshes/nxt_racks/HD-01_B_01.png\n'}
[0.573586] (nav_bot) StdoutLine: {'line': b'-- Up-to-date symlink: /home/rohan/cobotx/install/nav_bot/share/nav_bot/worlds/meshes/nxt_racks/HD-01_B_02.png\n'}
[0.573709] (nav_bot) StdoutLine: {'line': b'-- Up-to-date symlink: /home/rohan/cobotx/install/nav_bot/share/nav_bot/worlds/meshes/nxt_racks/HD-01_B_03.png\n'}
[0.573831] (nav_bot) StdoutLine: {'line': b'-- Up-to-date symlink: /home/rohan/cobotx/install/nav_bot/share/nav_bot/worlds/meshes/nxt_racks/HD-01_B_04.png\n'}
[0.573958] (nav_bot) StdoutLine: {'line': b'-- Up-to-date symlink: /home/rohan/cobotx/install/nav_bot/share/nav_bot/worlds/meshes/nxt_racks/HD-01_B_05.png\n'}
[0.574083] (nav_bot) StdoutLine: {'line': b'-- Up-to-date symlink: /home/rohan/cobotx/install/nav_bot/share/nav_bot/worlds/meshes/nxt_racks/HD-01_B_06.png\n'}
[0.574212] (nav_bot) StdoutLine: {'line': b'-- Up-to-date symlink: /home/rohan/cobotx/install/nav_bot/share/nav_bot/worlds/meshes/nxt_racks/HD-01_B_07.png\n'}
[0.574340] (nav_bot) StdoutLine: {'line': b'-- Up-to-date symlink: /home/rohan/cobotx/install/nav_bot/share/nav_bot/worlds/meshes/nxt_racks/HD-01_B_07.png.001.png\n'}
[0.574473] (nav_bot) StdoutLine: {'line': b'-- Up-to-date symlink: /home/rohan/cobotx/install/nav_bot/share/nav_bot/worlds/meshes/nxt_racks/HD-01_B_08.png\n'}
[0.574605] (nav_bot) StdoutLine: {'line': b'-- Up-to-date symlink: /home/rohan/cobotx/install/nav_bot/share/nav_bot/worlds/meshes/nxt_racks/HD-01_B_09.png\n'}
[0.574727] (nav_bot) StdoutLine: {'line': b'-- Up-to-date symlink: /home/rohan/cobotx/install/nav_bot/share/nav_bot/worlds/meshes/nxt_racks/HD-01_B_10.png\n'}
[0.574848] (nav_bot) StdoutLine: {'line': b'-- Up-to-date symlink: /home/rohan/cobotx/install/nav_bot/share/nav_bot/worlds/meshes/nxt_racks/HD-01_B_11.png\n'}
[0.574969] (nav_bot) StdoutLine: {'line': b'-- Up-to-date symlink: /home/rohan/cobotx/install/nav_bot/share/nav_bot/worlds/meshes/nxt_racks/HD-01_B_12.png\n'}
[0.575091] (nav_bot) StdoutLine: {'line': b'-- Up-to-date symlink: /home/rohan/cobotx/install/nav_bot/share/nav_bot/worlds/meshes/nxt_racks/HD-01_B_13.png\n'}
[0.575243] (nav_bot) StdoutLine: {'line': b'-- Up-to-date symlink: /home/rohan/cobotx/install/nav_bot/share/nav_bot/worlds/meshes/nxt_racks/HD-01_B_14.png\n'}
[0.575350] (nav_bot) StdoutLine: {'line': b'-- Up-to-date symlink: /home/rohan/cobotx/install/nav_bot/share/nav_bot/worlds/meshes/nxt_racks/HD-01_B_15.png\n'}
[0.575501] (nav_bot) StdoutLine: {'line': b'-- Up-to-date symlink: /home/rohan/cobotx/install/nav_bot/share/nav_bot/worlds/meshes/nxt_racks/HD-01_B_16.png\n'}
[0.575623] (nav_bot) StdoutLine: {'line': b'-- Up-to-date symlink: /home/rohan/cobotx/install/nav_bot/share/nav_bot/worlds/meshes/nxt_racks/HD-01_B_19.png\n'}
[0.575760] (nav_bot) StdoutLine: {'line': b'-- Up-to-date symlink: /home/rohan/cobotx/install/nav_bot/share/nav_bot/worlds/meshes/nxt_racks/HD-01_B_20.png\n'}
[0.575868] (nav_bot) StdoutLine: {'line': b'-- Up-to-date symlink: /home/rohan/cobotx/install/nav_bot/share/nav_bot/worlds/meshes/nxt_racks/HD-01_B_22.png\n'}
[0.576016] (nav_bot) StdoutLine: {'line': b'-- Up-to-date symlink: /home/rohan/cobotx/install/nav_bot/share/nav_bot/worlds/meshes/nxt_racks/HD-01_B_23.png\n'}
[0.576138] (nav_bot) StdoutLine: {'line': b'-- Up-to-date symlink: /home/rohan/cobotx/install/nav_bot/share/nav_bot/worlds/meshes/nxt_racks/HD-01_B_24.png\n'}
[0.576234] (nav_bot) StdoutLine: {'line': b'-- Up-to-date symlink: /home/rohan/cobotx/install/nav_bot/share/nav_bot/worlds/meshes/nxt_racks/HD-01_B_25.png\n'}
[0.576353] (nav_bot) StdoutLine: {'line': b'-- Up-to-date symlink: /home/rohan/cobotx/install/nav_bot/share/nav_bot/worlds/meshes/nxt_racks/HD-01_B_26.png\n'}
[0.576481] (nav_bot) StdoutLine: {'line': b'-- Up-to-date symlink: /home/rohan/cobotx/install/nav_bot/share/nav_bot/worlds/meshes/nxt_racks/HD-01_B_27.png\n'}
[0.576612] (nav_bot) StdoutLine: {'line': b'-- Up-to-date symlink: /home/rohan/cobotx/install/nav_bot/share/nav_bot/worlds/meshes/nxt_racks/HD-01_B_28.png\n'}
[0.576739] (nav_bot) StdoutLine: {'line': b'-- Up-to-date symlink: /home/rohan/cobotx/install/nav_bot/share/nav_bot/worlds/meshes/nxt_racks/HD-01_B_29.png\n'}
[0.576868] (nav_bot) StdoutLine: {'line': b'-- Up-to-date symlink: /home/rohan/cobotx/install/nav_bot/share/nav_bot/worlds/meshes/nxt_racks/HD-01_B_30.png\n'}
[0.576994] (nav_bot) StdoutLine: {'line': b'-- Up-to-date symlink: /home/rohan/cobotx/install/nav_bot/share/nav_bot/worlds/meshes/nxt_racks/HD-01_B_31.png\n'}
[0.577121] (nav_bot) StdoutLine: {'line': b'-- Up-to-date symlink: /home/rohan/cobotx/install/nav_bot/share/nav_bot/worlds/meshes/nxt_racks/HD-01_B_32.png\n'}
[0.577247] (nav_bot) StdoutLine: {'line': b'-- Up-to-date symlink: /home/rohan/cobotx/install/nav_bot/share/nav_bot/worlds/meshes/nxt_racks/HD-01_B_34.png\n'}
[0.577373] (nav_bot) StdoutLine: {'line': b'-- Up-to-date symlink: /home/rohan/cobotx/install/nav_bot/share/nav_bot/worlds/meshes/nxt_racks/HD-01_B_35.png\n'}
[0.577586] (nav_bot) StdoutLine: {'line': b'-- Up-to-date symlink: /home/rohan/cobotx/install/nav_bot/share/nav_bot/worlds/meshes/nxt_racks/HD-01_B_36.png\n'}
[0.577904] (nav_bot) StdoutLine: {'line': b'-- Up-to-date symlink: /home/rohan/cobotx/install/nav_bot/share/nav_bot/worlds/meshes/nxt_racks/HD-01_B_38.png.001.png\n'}
[0.578183] (nav_bot) StdoutLine: {'line': b'-- Up-to-date symlink: /home/rohan/cobotx/install/nav_bot/share/nav_bot/worlds/meshes/nxt_racks/HD-01_C_01.png\n'}
[0.578472] (nav_bot) StdoutLine: {'line': b'-- Up-to-date symlink: /home/rohan/cobotx/install/nav_bot/share/nav_bot/worlds/meshes/nxt_racks/HD-01_C_02.png\n'}
[0.578690] (nav_bot) StdoutLine: {'line': b'-- Up-to-date symlink: /home/rohan/cobotx/install/nav_bot/share/nav_bot/worlds/meshes/nxt_racks/HD-01_C_03.png\n'}
[0.578880] (nav_bot) StdoutLine: {'line': b'-- Up-to-date symlink: /home/rohan/cobotx/install/nav_bot/share/nav_bot/worlds/meshes/nxt_racks/HD-01_C_04.png\n'}
[0.579097] (nav_bot) StdoutLine: {'line': b'-- Up-to-date symlink: /home/rohan/cobotx/install/nav_bot/share/nav_bot/worlds/meshes/nxt_racks/HD-01_C_05.png\n'}
[0.579367] (nav_bot) StdoutLine: {'line': b'-- Up-to-date symlink: /home/rohan/cobotx/install/nav_bot/share/nav_bot/worlds/meshes/nxt_racks/HD-01_C_06.png\n'}
[0.579642] (nav_bot) StdoutLine: {'line': b'-- Up-to-date symlink: /home/rohan/cobotx/install/nav_bot/share/nav_bot/worlds/meshes/nxt_racks/HD-01_C_07.png\n'}
[0.579865] (nav_bot) StdoutLine: {'line': b'-- Up-to-date symlink: /home/rohan/cobotx/install/nav_bot/share/nav_bot/worlds/meshes/nxt_racks/HD-01_C_08.png\n'}
[0.580080] (nav_bot) StdoutLine: {'line': b'-- Up-to-date symlink: /home/rohan/cobotx/install/nav_bot/share/nav_bot/worlds/meshes/nxt_racks/HD-01_C_09.png\n'}
[0.580287] (nav_bot) StdoutLine: {'line': b'-- Up-to-date symlink: /home/rohan/cobotx/install/nav_bot/share/nav_bot/worlds/meshes/nxt_racks/HD-01_C_10.png\n'}
[0.580410] (nav_bot) StdoutLine: {'line': b'-- Up-to-date symlink: /home/rohan/cobotx/install/nav_bot/share/nav_bot/worlds/meshes/nxt_racks/HD-01_C_11.png\n'}
[0.580536] (nav_bot) StdoutLine: {'line': b'-- Up-to-date symlink: /home/rohan/cobotx/install/nav_bot/share/nav_bot/worlds/meshes/nxt_racks/HD-01_C_12.png\n'}
[0.580662] (nav_bot) StdoutLine: {'line': b'-- Up-to-date symlink: /home/rohan/cobotx/install/nav_bot/share/nav_bot/worlds/meshes/nxt_racks/HD-01_C_13.png\n'}
[0.580788] (nav_bot) StdoutLine: {'line': b'-- Up-to-date symlink: /home/rohan/cobotx/install/nav_bot/share/nav_bot/worlds/meshes/nxt_racks/HD-01_C_14.png\n'}
[0.580915] (nav_bot) StdoutLine: {'line': b'-- Up-to-date symlink: /home/rohan/cobotx/install/nav_bot/share/nav_bot/worlds/meshes/nxt_racks/HD-01_C_15.png\n'}
[0.581042] (nav_bot) StdoutLine: {'line': b'-- Up-to-date symlink: /home/rohan/cobotx/install/nav_bot/share/nav_bot/worlds/meshes/nxt_racks/HD-01_C_16.png\n'}
[0.581308] (nav_bot) StdoutLine: {'line': b'-- Up-to-date symlink: /home/rohan/cobotx/install/nav_bot/share/nav_bot/worlds/meshes/nxt_racks/HD-01_C_19.png\n'}
[0.581588] (nav_bot) StdoutLine: {'line': b'-- Up-to-date symlink: /home/rohan/cobotx/install/nav_bot/share/nav_bot/worlds/meshes/nxt_racks/HD-01_C_20.png\n'}
[0.581885] (nav_bot) StdoutLine: {'line': b'-- Up-to-date symlink: /home/rohan/cobotx/install/nav_bot/share/nav_bot/worlds/meshes/nxt_racks/HD-01_C_21.png\n'}
[0.582153] (nav_bot) StdoutLine: {'line': b'-- Up-to-date symlink: /home/rohan/cobotx/install/nav_bot/share/nav_bot/worlds/meshes/nxt_racks/HD-01_C_22.png\n'}
[0.582369] (nav_bot) StdoutLine: {'line': b'-- Up-to-date symlink: /home/rohan/cobotx/install/nav_bot/share/nav_bot/worlds/meshes/nxt_racks/HD-01_C_23.png\n'}
[0.582617] (nav_bot) StdoutLine: {'line': b'-- Up-to-date symlink: /home/rohan/cobotx/install/nav_bot/share/nav_bot/worlds/meshes/nxt_racks/HD-01_C_24.png\n'}
[0.582899] (nav_bot) StdoutLine: {'line': b'-- Up-to-date symlink: /home/rohan/cobotx/install/nav_bot/share/nav_bot/worlds/meshes/nxt_racks/HD-01_C_25.png\n'}
[0.583119] (nav_bot) StdoutLine: {'line': b'-- Up-to-date symlink: /home/rohan/cobotx/install/nav_bot/share/nav_bot/worlds/meshes/nxt_racks/HD-01_C_26.png\n'}
[0.583384] (nav_bot) StdoutLine: {'line': b'-- Up-to-date symlink: /home/rohan/cobotx/install/nav_bot/share/nav_bot/worlds/meshes/nxt_racks/HD-01_C_27.png\n'}
[0.583616] (nav_bot) StdoutLine: {'line': b'-- Up-to-date symlink: /home/rohan/cobotx/install/nav_bot/share/nav_bot/worlds/meshes/nxt_racks/HD-01_C_28.png\n'}
[0.583840] (nav_bot) StdoutLine: {'line': b'-- Up-to-date symlink: /home/rohan/cobotx/install/nav_bot/share/nav_bot/worlds/meshes/nxt_racks/HD-01_C_29.png\n'}
[0.583998] (nav_bot) StdoutLine: {'line': b'-- Up-to-date symlink: /home/rohan/cobotx/install/nav_bot/share/nav_bot/worlds/meshes/nxt_racks/HD-01_C_30.png\n'}
[0.584140] (nav_bot) StdoutLine: {'line': b'-- Up-to-date symlink: /home/rohan/cobotx/install/nav_bot/share/nav_bot/worlds/meshes/nxt_racks/HD-01_C_31.png\n'}
[0.584265] (nav_bot) StdoutLine: {'line': b'-- Up-to-date symlink: /home/rohan/cobotx/install/nav_bot/share/nav_bot/worlds/meshes/nxt_racks/HD-01_C_32.png\n'}
[0.584391] (nav_bot) StdoutLine: {'line': b'-- Up-to-date symlink: /home/rohan/cobotx/install/nav_bot/share/nav_bot/worlds/meshes/nxt_racks/HD-01_C_33.png\n'}
[0.584524] (nav_bot) StdoutLine: {'line': b'-- Up-to-date symlink: /home/rohan/cobotx/install/nav_bot/share/nav_bot/worlds/meshes/nxt_racks/HD-01_C_34.png\n'}
[0.584652] (nav_bot) StdoutLine: {'line': b'-- Up-to-date symlink: /home/rohan/cobotx/install/nav_bot/share/nav_bot/worlds/meshes/nxt_racks/HD-01_C_35.png\n'}
[0.584776] (nav_bot) StdoutLine: {'line': b'-- Up-to-date symlink: /home/rohan/cobotx/install/nav_bot/share/nav_bot/worlds/meshes/nxt_racks/HD-01_C_36.png\n'}
[0.584900] (nav_bot) StdoutLine: {'line': b'-- Up-to-date symlink: /home/rohan/cobotx/install/nav_bot/share/nav_bot/worlds/meshes/nxt_racks/HD-01_C_37.png\n'}
[0.585024] (nav_bot) StdoutLine: {'line': b'-- Up-to-date symlink: /home/rohan/cobotx/install/nav_bot/share/nav_bot/worlds/meshes/nxt_racks/HD-01_C_38.png\n'}
[0.585148] (nav_bot) StdoutLine: {'line': b'-- Up-to-date symlink: /home/rohan/cobotx/install/nav_bot/share/nav_bot/worlds/meshes/nxt_racks/HD-01_C_38.png.001.png\n'}
[0.585270] (nav_bot) StdoutLine: {'line': b'-- Up-to-date symlink: /home/rohan/cobotx/install/nav_bot/share/nav_bot/worlds/meshes/nxt_racks/HD-01_D_01.png\n'}
[0.585396] (nav_bot) StdoutLine: {'line': b'-- Up-to-date symlink: /home/rohan/cobotx/install/nav_bot/share/nav_bot/worlds/meshes/nxt_racks/HD-01_D_02.png\n'}
[0.585528] (nav_bot) StdoutLine: {'line': b'-- Up-to-date symlink: /home/rohan/cobotx/install/nav_bot/share/nav_bot/worlds/meshes/nxt_racks/HD-01_D_03.png\n'}
[0.585654] (nav_bot) StdoutLine: {'line': b'-- Up-to-date symlink: /home/rohan/cobotx/install/nav_bot/share/nav_bot/worlds/meshes/nxt_racks/HD-01_D_04.png\n'}
[0.585781] (nav_bot) StdoutLine: {'line': b'-- Up-to-date symlink: /home/rohan/cobotx/install/nav_bot/share/nav_bot/worlds/meshes/nxt_racks/HD-01_D_05.png\n'}
[0.585905] (nav_bot) StdoutLine: {'line': b'-- Up-to-date symlink: /home/rohan/cobotx/install/nav_bot/share/nav_bot/worlds/meshes/nxt_racks/HD-01_D_06.png\n'}
[0.586026] (nav_bot) StdoutLine: {'line': b'-- Up-to-date symlink: /home/rohan/cobotx/install/nav_bot/share/nav_bot/worlds/meshes/nxt_racks/HD-01_D_08.png\n'}
[0.586148] (nav_bot) StdoutLine: {'line': b'-- Up-to-date symlink: /home/rohan/cobotx/install/nav_bot/share/nav_bot/worlds/meshes/nxt_racks/HD-01_D_09.png\n'}
[0.586272] (nav_bot) StdoutLine: {'line': b'-- Up-to-date symlink: /home/rohan/cobotx/install/nav_bot/share/nav_bot/worlds/meshes/nxt_racks/HD-01_D_10.png\n'}
[0.586396] (nav_bot) StdoutLine: {'line': b'-- Up-to-date symlink: /home/rohan/cobotx/install/nav_bot/share/nav_bot/worlds/meshes/nxt_racks/HD-01_D_11.png\n'}
[0.586528] (nav_bot) StdoutLine: {'line': b'-- Up-to-date symlink: /home/rohan/cobotx/install/nav_bot/share/nav_bot/worlds/meshes/nxt_racks/HD-01_D_12.png\n'}
[0.586654] (nav_bot) StdoutLine: {'line': b'-- Up-to-date symlink: /home/rohan/cobotx/install/nav_bot/share/nav_bot/worlds/meshes/nxt_racks/HD-01_D_13.png\n'}
[0.586775] (nav_bot) StdoutLine: {'line': b'-- Up-to-date symlink: /home/rohan/cobotx/install/nav_bot/share/nav_bot/worlds/meshes/nxt_racks/HD-01_D_14.png\n'}
[0.586901] (nav_bot) StdoutLine: {'line': b'-- Up-to-date symlink: /home/rohan/cobotx/install/nav_bot/share/nav_bot/worlds/meshes/nxt_racks/HD-01_D_16.png\n'}
[0.587026] (nav_bot) StdoutLine: {'line': b'-- Up-to-date symlink: /home/rohan/cobotx/install/nav_bot/share/nav_bot/worlds/meshes/nxt_racks/HD-01_D_17.png\n'}
[0.587148] (nav_bot) StdoutLine: {'line': b'-- Up-to-date symlink: /home/rohan/cobotx/install/nav_bot/share/nav_bot/worlds/meshes/nxt_racks/HD-01_D_18.png\n'}
[0.587269] (nav_bot) StdoutLine: {'line': b'-- Up-to-date symlink: /home/rohan/cobotx/install/nav_bot/share/nav_bot/worlds/meshes/nxt_racks/HD-01_D_19.png\n'}
[0.587393] (nav_bot) StdoutLine: {'line': b'-- Up-to-date symlink: /home/rohan/cobotx/install/nav_bot/share/nav_bot/worlds/meshes/nxt_racks/HD-01_D_20.png\n'}
[0.587534] (nav_bot) StdoutLine: {'line': b'-- Up-to-date symlink: /home/rohan/cobotx/install/nav_bot/share/nav_bot/worlds/meshes/nxt_racks/HD-01_D_21.png\n'}
[0.587664] (nav_bot) StdoutLine: {'line': b'-- Up-to-date symlink: /home/rohan/cobotx/install/nav_bot/share/nav_bot/worlds/meshes/nxt_racks/HD-01_D_22.png\n'}
[0.587784] (nav_bot) StdoutLine: {'line': b'-- Up-to-date symlink: /home/rohan/cobotx/install/nav_bot/share/nav_bot/worlds/meshes/nxt_racks/HD-01_D_23.png\n'}
[0.587908] (nav_bot) StdoutLine: {'line': b'-- Up-to-date symlink: /home/rohan/cobotx/install/nav_bot/share/nav_bot/worlds/meshes/nxt_racks/HD-01_D_24.png\n'}
[0.588034] (nav_bot) StdoutLine: {'line': b'-- Up-to-date symlink: /home/rohan/cobotx/install/nav_bot/share/nav_bot/worlds/meshes/nxt_racks/HD-01_D_25.png\n'}
[0.588163] (nav_bot) StdoutLine: {'line': b'-- Up-to-date symlink: /home/rohan/cobotx/install/nav_bot/share/nav_bot/worlds/meshes/nxt_racks/HD-01_D_26.png\n'}
[0.588284] (nav_bot) StdoutLine: {'line': b'-- Up-to-date symlink: /home/rohan/cobotx/install/nav_bot/share/nav_bot/worlds/meshes/nxt_racks/HD-01_D_27.png\n'}
[0.588407] (nav_bot) StdoutLine: {'line': b'-- Up-to-date symlink: /home/rohan/cobotx/install/nav_bot/share/nav_bot/worlds/meshes/nxt_racks/HD-01_D_28.png\n'}
[0.588546] (nav_bot) StdoutLine: {'line': b'-- Up-to-date symlink: /home/rohan/cobotx/install/nav_bot/share/nav_bot/worlds/meshes/nxt_racks/HD-01_D_29.png\n'}
[0.588675] (nav_bot) StdoutLine: {'line': b'-- Up-to-date symlink: /home/rohan/cobotx/install/nav_bot/share/nav_bot/worlds/meshes/nxt_racks/HD-01_D_30.png\n'}
[0.588805] (nav_bot) StdoutLine: {'line': b'-- Up-to-date symlink: /home/rohan/cobotx/install/nav_bot/share/nav_bot/worlds/meshes/nxt_racks/HD-01_D_31.png\n'}
[0.588931] (nav_bot) StdoutLine: {'line': b'-- Up-to-date symlink: /home/rohan/cobotx/install/nav_bot/share/nav_bot/worlds/meshes/nxt_racks/HD-01_D_32.png\n'}
[0.589056] (nav_bot) StdoutLine: {'line': b'-- Up-to-date symlink: /home/rohan/cobotx/install/nav_bot/share/nav_bot/worlds/meshes/nxt_racks/HD-01_D_33.png\n'}
[0.589183] (nav_bot) StdoutLine: {'line': b'-- Up-to-date symlink: /home/rohan/cobotx/install/nav_bot/share/nav_bot/worlds/meshes/nxt_racks/HD-01_D_34.png\n'}
[0.589310] (nav_bot) StdoutLine: {'line': b'-- Up-to-date symlink: /home/rohan/cobotx/install/nav_bot/share/nav_bot/worlds/meshes/nxt_racks/HD-01_D_35.png\n'}
[0.589436] (nav_bot) StdoutLine: {'line': b'-- Up-to-date symlink: /home/rohan/cobotx/install/nav_bot/share/nav_bot/worlds/meshes/nxt_racks/HD-01_D_36.png\n'}
[0.589572] (nav_bot) StdoutLine: {'line': b'-- Up-to-date symlink: /home/rohan/cobotx/install/nav_bot/share/nav_bot/worlds/meshes/nxt_racks/HD-01_D_37.png\n'}
[0.589700] (nav_bot) StdoutLine: {'line': b'-- Up-to-date symlink: /home/rohan/cobotx/install/nav_bot/share/nav_bot/worlds/meshes/nxt_racks/HD-01_D_38.png\n'}
[0.589830] (nav_bot) StdoutLine: {'line': b'-- Up-to-date symlink: /home/rohan/cobotx/install/nav_bot/share/nav_bot/worlds/meshes/nxt_racks/HD-01_E_01.png\n'}
[0.589958] (nav_bot) StdoutLine: {'line': b'-- Up-to-date symlink: /home/rohan/cobotx/install/nav_bot/share/nav_bot/worlds/meshes/nxt_racks/HD-01_E_02.png\n'}
[0.590084] (nav_bot) StdoutLine: {'line': b'-- Up-to-date symlink: /home/rohan/cobotx/install/nav_bot/share/nav_bot/worlds/meshes/nxt_racks/HD-01_E_03.png\n'}
[0.590209] (nav_bot) StdoutLine: {'line': b'-- Up-to-date symlink: /home/rohan/cobotx/install/nav_bot/share/nav_bot/worlds/meshes/nxt_racks/HD-01_E_04.png\n'}
[0.590335] (nav_bot) StdoutLine: {'line': b'-- Up-to-date symlink: /home/rohan/cobotx/install/nav_bot/share/nav_bot/worlds/meshes/nxt_racks/HD-01_E_05.png\n'}
[0.590463] (nav_bot) StdoutLine: {'line': b'-- Up-to-date symlink: /home/rohan/cobotx/install/nav_bot/share/nav_bot/worlds/meshes/nxt_racks/HD-01_E_06.png\n'}
[0.590730] (nav_bot) StdoutLine: {'line': b'-- Up-to-date symlink: /home/rohan/cobotx/install/nav_bot/share/nav_bot/worlds/meshes/nxt_racks/HD-01_E_07.png\n'}
[0.591007] (nav_bot) StdoutLine: {'line': b'-- Up-to-date symlink: /home/rohan/cobotx/install/nav_bot/share/nav_bot/worlds/meshes/nxt_racks/HD-01_E_08.png\n'}
[0.591268] (nav_bot) StdoutLine: {'line': b'-- Up-to-date symlink: /home/rohan/cobotx/install/nav_bot/share/nav_bot/worlds/meshes/nxt_racks/HD-01_E_09.png\n'}
[0.591544] (nav_bot) StdoutLine: {'line': b'-- Up-to-date symlink: /home/rohan/cobotx/install/nav_bot/share/nav_bot/worlds/meshes/nxt_racks/HD-01_E_10.png\n'}
[0.591763] (nav_bot) StdoutLine: {'line': b'-- Up-to-date symlink: /home/rohan/cobotx/install/nav_bot/share/nav_bot/worlds/meshes/nxt_racks/HD-01_E_11.png\n'}
[0.591963] (nav_bot) StdoutLine: {'line': b'-- Up-to-date symlink: /home/rohan/cobotx/install/nav_bot/share/nav_bot/worlds/meshes/nxt_racks/HD-01_E_12.png\n'}
[0.592185] (nav_bot) StdoutLine: {'line': b'-- Up-to-date symlink: /home/rohan/cobotx/install/nav_bot/share/nav_bot/worlds/meshes/nxt_racks/HD-01_E_13.png\n'}
[0.592400] (nav_bot) StdoutLine: {'line': b'-- Up-to-date symlink: /home/rohan/cobotx/install/nav_bot/share/nav_bot/worlds/meshes/nxt_racks/HD-01_E_14.png\n'}
[0.592625] (nav_bot) StdoutLine: {'line': b'-- Up-to-date symlink: /home/rohan/cobotx/install/nav_bot/share/nav_bot/worlds/meshes/nxt_racks/HD-01_E_15.png\n'}
[0.592846] (nav_bot) StdoutLine: {'line': b'-- Up-to-date symlink: /home/rohan/cobotx/install/nav_bot/share/nav_bot/worlds/meshes/nxt_racks/HD-01_E_16.png\n'}
[0.593065] (nav_bot) StdoutLine: {'line': b'-- Up-to-date symlink: /home/rohan/cobotx/install/nav_bot/share/nav_bot/worlds/meshes/nxt_racks/HD-01_E_17.png\n'}
[0.593226] (nav_bot) StdoutLine: {'line': b'-- Up-to-date symlink: /home/rohan/cobotx/install/nav_bot/share/nav_bot/worlds/meshes/nxt_racks/HD-01_E_18.png\n'}
[0.593346] (nav_bot) StdoutLine: {'line': b'-- Up-to-date symlink: /home/rohan/cobotx/install/nav_bot/share/nav_bot/worlds/meshes/nxt_racks/HD-01_E_19.png\n'}
[0.593476] (nav_bot) StdoutLine: {'line': b'-- Up-to-date symlink: /home/rohan/cobotx/install/nav_bot/share/nav_bot/worlds/meshes/nxt_racks/HD-01_E_20.png\n'}
[0.593607] (nav_bot) StdoutLine: {'line': b'-- Up-to-date symlink: /home/rohan/cobotx/install/nav_bot/share/nav_bot/worlds/meshes/nxt_racks/HD-01_E_21.png\n'}
[0.593733] (nav_bot) StdoutLine: {'line': b'-- Up-to-date symlink: /home/rohan/cobotx/install/nav_bot/share/nav_bot/worlds/meshes/nxt_racks/HD-01_E_22.png\n'}
[0.593856] (nav_bot) StdoutLine: {'line': b'-- Up-to-date symlink: /home/rohan/cobotx/install/nav_bot/share/nav_bot/worlds/meshes/nxt_racks/HD-01_E_23.png\n'}
[0.593974] (nav_bot) StdoutLine: {'line': b'-- Up-to-date symlink: /home/rohan/cobotx/install/nav_bot/share/nav_bot/worlds/meshes/nxt_racks/HD-01_E_24.png\n'}
[0.594124] (nav_bot) StdoutLine: {'line': b'-- Up-to-date symlink: /home/rohan/cobotx/install/nav_bot/share/nav_bot/worlds/meshes/nxt_racks/HD-01_E_25.png\n'}
[0.594253] (nav_bot) StdoutLine: {'line': b'-- Up-to-date symlink: /home/rohan/cobotx/install/nav_bot/share/nav_bot/worlds/meshes/nxt_racks/HD-01_E_26.png\n'}
[0.594383] (nav_bot) StdoutLine: {'line': b'-- Up-to-date symlink: /home/rohan/cobotx/install/nav_bot/share/nav_bot/worlds/meshes/nxt_racks/HD-01_E_27.png\n'}
[0.594522] (nav_bot) StdoutLine: {'line': b'-- Up-to-date symlink: /home/rohan/cobotx/install/nav_bot/share/nav_bot/worlds/meshes/nxt_racks/HD-01_E_28.png\n'}
[0.594661] (nav_bot) StdoutLine: {'line': b'-- Up-to-date symlink: /home/rohan/cobotx/install/nav_bot/share/nav_bot/worlds/meshes/nxt_racks/HD-01_E_29.png\n'}
[0.594792] (nav_bot) StdoutLine: {'line': b'-- Up-to-date symlink: /home/rohan/cobotx/install/nav_bot/share/nav_bot/worlds/meshes/nxt_racks/HD-01_E_30.png\n'}
[0.594921] (nav_bot) StdoutLine: {'line': b'-- Up-to-date symlink: /home/rohan/cobotx/install/nav_bot/share/nav_bot/worlds/meshes/nxt_racks/HD-01_E_31.png\n'}
[0.595045] (nav_bot) StdoutLine: {'line': b'-- Up-to-date symlink: /home/rohan/cobotx/install/nav_bot/share/nav_bot/worlds/meshes/nxt_racks/HD-01_E_32.png\n'}
[0.595176] (nav_bot) StdoutLine: {'line': b'-- Up-to-date symlink: /home/rohan/cobotx/install/nav_bot/share/nav_bot/worlds/meshes/nxt_racks/HD-01_E_33.png\n'}
[0.595300] (nav_bot) StdoutLine: {'line': b'-- Up-to-date symlink: /home/rohan/cobotx/install/nav_bot/share/nav_bot/worlds/meshes/nxt_racks/HD-01_E_34.png\n'}
[0.595414] (nav_bot) StdoutLine: {'line': b'-- Up-to-date symlink: /home/rohan/cobotx/install/nav_bot/share/nav_bot/worlds/meshes/nxt_racks/HD-01_E_35.png\n'}
[0.595542] (nav_bot) StdoutLine: {'line': b'-- Up-to-date symlink: /home/rohan/cobotx/install/nav_bot/share/nav_bot/worlds/meshes/nxt_racks/HD-01_E_36.png\n'}
[0.595669] (nav_bot) StdoutLine: {'line': b'-- Up-to-date symlink: /home/rohan/cobotx/install/nav_bot/share/nav_bot/worlds/meshes/nxt_racks/HD-01_E_37.png\n'}
[0.595797] (nav_bot) StdoutLine: {'line': b'-- Up-to-date symlink: /home/rohan/cobotx/install/nav_bot/share/nav_bot/worlds/meshes/nxt_racks/HD-01_E_38.png\n'}
[0.595923] (nav_bot) StdoutLine: {'line': b'-- Up-to-date symlink: /home/rohan/cobotx/install/nav_bot/share/nav_bot/worlds/meshes/nxt_racks/HD-01_F_01.png\n'}
[0.596049] (nav_bot) StdoutLine: {'line': b'-- Up-to-date symlink: /home/rohan/cobotx/install/nav_bot/share/nav_bot/worlds/meshes/nxt_racks/HD-01_F_02.png\n'}
[0.596176] (nav_bot) StdoutLine: {'line': b'-- Up-to-date symlink: /home/rohan/cobotx/install/nav_bot/share/nav_bot/worlds/meshes/nxt_racks/HD-01_F_03.png\n'}
[0.596303] (nav_bot) StdoutLine: {'line': b'-- Up-to-date symlink: /home/rohan/cobotx/install/nav_bot/share/nav_bot/worlds/meshes/nxt_racks/HD-01_F_04.png\n'}
[0.596437] (nav_bot) StdoutLine: {'line': b'-- Up-to-date symlink: /home/rohan/cobotx/install/nav_bot/share/nav_bot/worlds/meshes/nxt_racks/HD-01_F_05.png\n'}
[0.596568] (nav_bot) StdoutLine: {'line': b'-- Up-to-date symlink: /home/rohan/cobotx/install/nav_bot/share/nav_bot/worlds/meshes/nxt_racks/HD-01_F_06.png\n'}
[0.596697] (nav_bot) StdoutLine: {'line': b'-- Up-to-date symlink: /home/rohan/cobotx/install/nav_bot/share/nav_bot/worlds/meshes/nxt_racks/HD-01_F_07.png\n'}
[0.596823] (nav_bot) StdoutLine: {'line': b'-- Up-to-date symlink: /home/rohan/cobotx/install/nav_bot/share/nav_bot/worlds/meshes/nxt_racks/HD-01_F_08.png\n'}
[0.596955] (nav_bot) StdoutLine: {'line': b'-- Up-to-date symlink: /home/rohan/cobotx/install/nav_bot/share/nav_bot/worlds/meshes/nxt_racks/HD-01_F_09.png\n'}
[0.597082] (nav_bot) StdoutLine: {'line': b'-- Up-to-date symlink: /home/rohan/cobotx/install/nav_bot/share/nav_bot/worlds/meshes/nxt_racks/HD-01_F_10.png\n'}
[0.597208] (nav_bot) StdoutLine: {'line': b'-- Up-to-date symlink: /home/rohan/cobotx/install/nav_bot/share/nav_bot/worlds/meshes/nxt_racks/HD-01_F_12.png\n'}
[0.597334] (nav_bot) StdoutLine: {'line': b'-- Up-to-date symlink: /home/rohan/cobotx/install/nav_bot/share/nav_bot/worlds/meshes/nxt_racks/HD-01_F_13.png\n'}
[0.597464] (nav_bot) StdoutLine: {'line': b'-- Up-to-date symlink: /home/rohan/cobotx/install/nav_bot/share/nav_bot/worlds/meshes/nxt_racks/HD-01_F_14.png\n'}
[0.597596] (nav_bot) StdoutLine: {'line': b'-- Up-to-date symlink: /home/rohan/cobotx/install/nav_bot/share/nav_bot/worlds/meshes/nxt_racks/HD-01_F_15.png\n'}
[0.597722] (nav_bot) StdoutLine: {'line': b'-- Up-to-date symlink: /home/rohan/cobotx/install/nav_bot/share/nav_bot/worlds/meshes/nxt_racks/HD-01_F_16.png\n'}
[0.597847] (nav_bot) StdoutLine: {'line': b'-- Up-to-date symlink: /home/rohan/cobotx/install/nav_bot/share/nav_bot/worlds/meshes/nxt_racks/HD-01_F_17.png\n'}
[0.597973] (nav_bot) StdoutLine: {'line': b'-- Up-to-date symlink: /home/rohan/cobotx/install/nav_bot/share/nav_bot/worlds/meshes/nxt_racks/HD-01_F_18.png\n'}
[0.598099] (nav_bot) StdoutLine: {'line': b'-- Up-to-date symlink: /home/rohan/cobotx/install/nav_bot/share/nav_bot/worlds/meshes/nxt_racks/HD-01_F_19.png\n'}
[0.598225] (nav_bot) StdoutLine: {'line': b'-- Up-to-date symlink: /home/rohan/cobotx/install/nav_bot/share/nav_bot/worlds/meshes/nxt_racks/HD-01_F_20.png\n'}
[0.598351] (nav_bot) StdoutLine: {'line': b'-- Up-to-date symlink: /home/rohan/cobotx/install/nav_bot/share/nav_bot/worlds/meshes/nxt_racks/HD-01_F_21.png\n'}
[0.598482] (nav_bot) StdoutLine: {'line': b'-- Up-to-date symlink: /home/rohan/cobotx/install/nav_bot/share/nav_bot/worlds/meshes/nxt_racks/HD-01_F_22.png\n'}
[0.598613] (nav_bot) StdoutLine: {'line': b'-- Up-to-date symlink: /home/rohan/cobotx/install/nav_bot/share/nav_bot/worlds/meshes/nxt_racks/HD-01_F_23.png\n'}
[0.598737] (nav_bot) StdoutLine: {'line': b'-- Up-to-date symlink: /home/rohan/cobotx/install/nav_bot/share/nav_bot/worlds/meshes/nxt_racks/HD-01_F_24.png\n'}
[0.598860] (nav_bot) StdoutLine: {'line': b'-- Up-to-date symlink: /home/rohan/cobotx/install/nav_bot/share/nav_bot/worlds/meshes/nxt_racks/HD-01_F_25.png\n'}
[0.598981] (nav_bot) StdoutLine: {'line': b'-- Up-to-date symlink: /home/rohan/cobotx/install/nav_bot/share/nav_bot/worlds/meshes/nxt_racks/HD-01_F_26.png\n'}
[0.599103] (nav_bot) StdoutLine: {'line': b'-- Up-to-date symlink: /home/rohan/cobotx/install/nav_bot/share/nav_bot/worlds/meshes/nxt_racks/HD-01_F_27.png\n'}
[0.599228] (nav_bot) StdoutLine: {'line': b'-- Up-to-date symlink: /home/rohan/cobotx/install/nav_bot/share/nav_bot/worlds/meshes/nxt_racks/HD-01_F_28.png\n'}
[0.599354] (nav_bot) StdoutLine: {'line': b'-- Up-to-date symlink: /home/rohan/cobotx/install/nav_bot/share/nav_bot/worlds/meshes/nxt_racks/HD-01_F_29.png\n'}
[0.599647] (nav_bot) StdoutLine: {'line': b'-- Up-to-date symlink: /home/rohan/cobotx/install/nav_bot/share/nav_bot/worlds/meshes/nxt_racks/HD-01_F_30.png\n'}
[0.599926] (nav_bot) StdoutLine: {'line': b'-- Up-to-date symlink: /home/rohan/cobotx/install/nav_bot/share/nav_bot/worlds/meshes/nxt_racks/HD-01_F_31.png\n'}
[0.600215] (nav_bot) StdoutLine: {'line': b'-- Up-to-date symlink: /home/rohan/cobotx/install/nav_bot/share/nav_bot/worlds/meshes/nxt_racks/HD-01_F_32.png\n'}
[0.600456] (-) TimerEvent: {}
[0.600567] (nav_bot) StdoutLine: {'line': b'-- Up-to-date symlink: /home/rohan/cobotx/install/nav_bot/share/nav_bot/worlds/meshes/nxt_racks/HD-01_F_33.png\n'}
[0.600792] (nav_bot) StdoutLine: {'line': b'-- Up-to-date symlink: /home/rohan/cobotx/install/nav_bot/share/nav_bot/worlds/meshes/nxt_racks/HD-01_F_34.png\n'}
[0.601041] (nav_bot) StdoutLine: {'line': b'-- Up-to-date symlink: /home/rohan/cobotx/install/nav_bot/share/nav_bot/worlds/meshes/nxt_racks/HD-01_F_35.png\n'}
[0.601254] (nav_bot) StdoutLine: {'line': b'-- Up-to-date symlink: /home/rohan/cobotx/install/nav_bot/share/nav_bot/worlds/meshes/nxt_racks/HD-01_F_36.png\n'}
[0.601538] (nav_bot) StdoutLine: {'line': b'-- Up-to-date symlink: /home/rohan/cobotx/install/nav_bot/share/nav_bot/worlds/meshes/nxt_racks/HD-01_F_37.png\n'}
[0.601756] (nav_bot) StdoutLine: {'line': b'-- Up-to-date symlink: /home/rohan/cobotx/install/nav_bot/share/nav_bot/worlds/meshes/nxt_racks/HD-01_F_38.png\n'}
[0.602034] (nav_bot) StdoutLine: {'line': b'-- Up-to-date symlink: /home/rohan/cobotx/install/nav_bot/share/nav_bot/worlds/meshes/nxt_racks/HD-01_G_01.png\n'}
[0.602248] (nav_bot) StdoutLine: {'line': b'-- Up-to-date symlink: /home/rohan/cobotx/install/nav_bot/share/nav_bot/worlds/meshes/nxt_racks/HD-01_G_02.png\n'}
[0.602408] (nav_bot) StdoutLine: {'line': b'-- Up-to-date symlink: /home/rohan/cobotx/install/nav_bot/share/nav_bot/worlds/meshes/nxt_racks/HD-01_G_03.png\n'}
[0.602538] (nav_bot) StdoutLine: {'line': b'-- Up-to-date symlink: /home/rohan/cobotx/install/nav_bot/share/nav_bot/worlds/meshes/nxt_racks/HD-01_G_04.png\n'}
[0.602670] (nav_bot) StdoutLine: {'line': b'-- Up-to-date symlink: /home/rohan/cobotx/install/nav_bot/share/nav_bot/worlds/meshes/nxt_racks/HD-01_G_05.png\n'}
[0.602792] (nav_bot) StdoutLine: {'line': b'-- Up-to-date symlink: /home/rohan/cobotx/install/nav_bot/share/nav_bot/worlds/meshes/nxt_racks/HD-01_G_06.png\n'}
[0.602913] (nav_bot) StdoutLine: {'line': b'-- Up-to-date symlink: /home/rohan/cobotx/install/nav_bot/share/nav_bot/worlds/meshes/nxt_racks/HD-01_G_07.png\n'}
[0.603034] (nav_bot) StdoutLine: {'line': b'-- Up-to-date symlink: /home/rohan/cobotx/install/nav_bot/share/nav_bot/worlds/meshes/nxt_racks/HD-01_G_08.png\n'}
[0.603154] (nav_bot) StdoutLine: {'line': b'-- Up-to-date symlink: /home/rohan/cobotx/install/nav_bot/share/nav_bot/worlds/meshes/nxt_racks/HD-01_G_09.png\n'}
[0.603276] (nav_bot) StdoutLine: {'line': b'-- Up-to-date symlink: /home/rohan/cobotx/install/nav_bot/share/nav_bot/worlds/meshes/nxt_racks/HD-01_G_10.png\n'}
[0.603398] (nav_bot) StdoutLine: {'line': b'-- Up-to-date symlink: /home/rohan/cobotx/install/nav_bot/share/nav_bot/worlds/meshes/nxt_racks/HD-01_G_11.png\n'}
[0.603528] (nav_bot) StdoutLine: {'line': b'-- Up-to-date symlink: /home/rohan/cobotx/install/nav_bot/share/nav_bot/worlds/meshes/nxt_racks/HD-01_G_12.png\n'}
[0.603658] (nav_bot) StdoutLine: {'line': b'-- Up-to-date symlink: /home/rohan/cobotx/install/nav_bot/share/nav_bot/worlds/meshes/nxt_racks/HD-01_G_13.png\n'}
[0.603784] (nav_bot) StdoutLine: {'line': b'-- Up-to-date symlink: /home/rohan/cobotx/install/nav_bot/share/nav_bot/worlds/meshes/nxt_racks/HD-01_G_14.png\n'}
[0.603906] (nav_bot) StdoutLine: {'line': b'-- Up-to-date symlink: /home/rohan/cobotx/install/nav_bot/share/nav_bot/worlds/meshes/nxt_racks/HD-01_G_15.png\n'}
[0.604029] (nav_bot) StdoutLine: {'line': b'-- Up-to-date symlink: /home/rohan/cobotx/install/nav_bot/share/nav_bot/worlds/meshes/nxt_racks/HD-01_G_16.png\n'}
[0.604153] (nav_bot) StdoutLine: {'line': b'-- Up-to-date symlink: /home/rohan/cobotx/install/nav_bot/share/nav_bot/worlds/meshes/nxt_racks/HD-01_G_17.png\n'}
[0.604274] (nav_bot) StdoutLine: {'line': b'-- Up-to-date symlink: /home/rohan/cobotx/install/nav_bot/share/nav_bot/worlds/meshes/nxt_racks/HD-01_G_18.png\n'}
[0.604400] (nav_bot) StdoutLine: {'line': b'-- Up-to-date symlink: /home/rohan/cobotx/install/nav_bot/share/nav_bot/worlds/meshes/nxt_racks/HD-01_G_19.png\n'}
[0.604528] (nav_bot) StdoutLine: {'line': b'-- Up-to-date symlink: /home/rohan/cobotx/install/nav_bot/share/nav_bot/worlds/meshes/nxt_racks/HD-01_G_20.png\n'}
[0.604656] (nav_bot) StdoutLine: {'line': b'-- Up-to-date symlink: /home/rohan/cobotx/install/nav_bot/share/nav_bot/worlds/meshes/nxt_racks/HD-01_G_21.png\n'}
[0.604795] (nav_bot) StdoutLine: {'line': b'-- Up-to-date symlink: /home/rohan/cobotx/install/nav_bot/share/nav_bot/worlds/meshes/nxt_racks/HD-01_G_22.png\n'}
[0.604922] (nav_bot) StdoutLine: {'line': b'-- Up-to-date symlink: /home/rohan/cobotx/install/nav_bot/share/nav_bot/worlds/meshes/nxt_racks/HD-01_G_23.png\n'}
[0.605045] (nav_bot) StdoutLine: {'line': b'-- Up-to-date symlink: /home/rohan/cobotx/install/nav_bot/share/nav_bot/worlds/meshes/nxt_racks/HD-01_G_24.png\n'}
[0.605166] (nav_bot) StdoutLine: {'line': b'-- Up-to-date symlink: /home/rohan/cobotx/install/nav_bot/share/nav_bot/worlds/meshes/nxt_racks/HD-01_G_25.png\n'}
[0.605289] (nav_bot) StdoutLine: {'line': b'-- Up-to-date symlink: /home/rohan/cobotx/install/nav_bot/share/nav_bot/worlds/meshes/nxt_racks/HD-01_G_26.png\n'}
[0.605409] (nav_bot) StdoutLine: {'line': b'-- Up-to-date symlink: /home/rohan/cobotx/install/nav_bot/share/nav_bot/worlds/meshes/nxt_racks/HD-01_G_27.png\n'}
[0.605543] (nav_bot) StdoutLine: {'line': b'-- Up-to-date symlink: /home/rohan/cobotx/install/nav_bot/share/nav_bot/worlds/meshes/nxt_racks/HD-01_G_28.png\n'}
[0.605667] (nav_bot) StdoutLine: {'line': b'-- Up-to-date symlink: /home/rohan/cobotx/install/nav_bot/share/nav_bot/worlds/meshes/nxt_racks/HD-01_G_29.png\n'}
[0.605795] (nav_bot) StdoutLine: {'line': b'-- Up-to-date symlink: /home/rohan/cobotx/install/nav_bot/share/nav_bot/worlds/meshes/nxt_racks/HD-01_G_30.png\n'}
[0.605979] (nav_bot) StdoutLine: {'line': b'-- Up-to-date symlink: /home/rohan/cobotx/install/nav_bot/share/nav_bot/worlds/meshes/nxt_racks/HD-01_G_31.png\n'}
[0.606168] (nav_bot) StdoutLine: {'line': b'-- Up-to-date symlink: /home/rohan/cobotx/install/nav_bot/share/nav_bot/worlds/meshes/nxt_racks/HD-01_G_32.png\n'}
[0.606351] (nav_bot) StdoutLine: {'line': b'-- Up-to-date symlink: /home/rohan/cobotx/install/nav_bot/share/nav_bot/worlds/meshes/nxt_racks/HD-01_G_33.png\n'}
[0.606548] (nav_bot) StdoutLine: {'line': b'-- Up-to-date symlink: /home/rohan/cobotx/install/nav_bot/share/nav_bot/worlds/meshes/nxt_racks/HD-01_G_34.png\n'}
[0.606741] (nav_bot) StdoutLine: {'line': b'-- Up-to-date symlink: /home/rohan/cobotx/install/nav_bot/share/nav_bot/worlds/meshes/nxt_racks/HD-01_G_35.png\n'}
[0.606932] (nav_bot) StdoutLine: {'line': b'-- Up-to-date symlink: /home/rohan/cobotx/install/nav_bot/share/nav_bot/worlds/meshes/nxt_racks/HD-01_G_36.png\n'}
[0.607129] (nav_bot) StdoutLine: {'line': b'-- Up-to-date symlink: /home/rohan/cobotx/install/nav_bot/share/nav_bot/worlds/meshes/nxt_racks/HD-01_G_37.png\n'}
[0.607339] (nav_bot) StdoutLine: {'line': b'-- Up-to-date symlink: /home/rohan/cobotx/install/nav_bot/share/nav_bot/worlds/meshes/nxt_racks/HD-01_G_38.png\n'}
[0.607522] (nav_bot) StdoutLine: {'line': b'-- Up-to-date symlink: /home/rohan/cobotx/install/nav_bot/share/nav_bot/worlds/meshes/nxt_racks/NxT_warehouse.dae\n'}
[0.607667] (nav_bot) StdoutLine: {'line': b'-- Up-to-date symlink: /home/rohan/cobotx/install/nav_bot/share/nav_bot/worlds/meshes/nxt_racks/NxT_warehouse_colision.stl\n'}
[0.607800] (nav_bot) StdoutLine: {'line': b'-- Up-to-date symlink: /home/rohan/cobotx/install/nav_bot/share/nav_bot/worlds/meshes/nxt_racks/Rough_Square_Concrete_Block.jpg\n'}
[0.607946] (nav_bot) StdoutLine: {'line': b'-- Up-to-date symlink: /home/rohan/cobotx/install/nav_bot/share/nav_bot/worlds/meshes/nxt_racks/Tape001_1K_Color.png\n'}
[0.608064] (nav_bot) StdoutLine: {'line': b'-- Up-to-date symlink: /home/rohan/cobotx/install/nav_bot/share/nav_bot/worlds/meshes/nxt_racks/Terrazzo005_1K_Color.jpg\n'}
[0.608194] (nav_bot) StdoutLine: {'line': b'-- Up-to-date symlink: /home/rohan/cobotx/install/nav_bot/share/nav_bot/worlds/meshes/nxt_racks/back.png\n'}
[0.608348] (nav_bot) StdoutLine: {'line': b'-- Up-to-date symlink: /home/rohan/cobotx/install/nav_bot/share/nav_bot/worlds/meshes/nxt_racks/bts_qr_codes/BTS00068631.png\n'}
[0.608483] (nav_bot) StdoutLine: {'line': b'-- Up-to-date symlink: /home/rohan/cobotx/install/nav_bot/share/nav_bot/worlds/meshes/nxt_racks/bts_qr_codes/BTS00068632.png\n'}
[0.608626] (nav_bot) StdoutLine: {'line': b'-- Up-to-date symlink: /home/rohan/cobotx/install/nav_bot/share/nav_bot/worlds/meshes/nxt_racks/bts_qr_codes/BTS00068633.png\n'}
[0.608764] (nav_bot) StdoutLine: {'line': b'-- Up-to-date symlink: /home/rohan/cobotx/install/nav_bot/share/nav_bot/worlds/meshes/nxt_racks/bts_qr_codes/BTS00068634.png\n'}
[0.608887] (nav_bot) StdoutLine: {'line': b'-- Up-to-date symlink: /home/rohan/cobotx/install/nav_bot/share/nav_bot/worlds/meshes/nxt_racks/bts_qr_codes/BTS00068635.png\n'}
[0.609008] (nav_bot) StdoutLine: {'line': b'-- Up-to-date symlink: /home/rohan/cobotx/install/nav_bot/share/nav_bot/worlds/meshes/nxt_racks/bts_qr_codes/BTS00068636.png\n'}
[0.609172] (nav_bot) StdoutLine: {'line': b'-- Up-to-date symlink: /home/rohan/cobotx/install/nav_bot/share/nav_bot/worlds/meshes/nxt_racks/bts_qr_codes/BTS00068637.png\n'}
[0.609364] (nav_bot) StdoutLine: {'line': b'-- Up-to-date symlink: /home/rohan/cobotx/install/nav_bot/share/nav_bot/worlds/meshes/nxt_racks/bts_qr_codes/BTS00068638.png\n'}
[0.609547] (nav_bot) StdoutLine: {'line': b'-- Up-to-date symlink: /home/rohan/cobotx/install/nav_bot/share/nav_bot/worlds/meshes/nxt_racks/bts_qr_codes/BTS00068639.png\n'}
[0.609714] (nav_bot) StdoutLine: {'line': b'-- Up-to-date symlink: /home/rohan/cobotx/install/nav_bot/share/nav_bot/worlds/meshes/nxt_racks/bts_qr_codes/BTS00068640.png\n'}
[0.609849] (nav_bot) StdoutLine: {'line': b'-- Up-to-date symlink: /home/rohan/cobotx/install/nav_bot/share/nav_bot/worlds/meshes/nxt_racks/bts_qr_codes/BTS00068641.png\n'}
[0.609985] (nav_bot) StdoutLine: {'line': b'-- Up-to-date symlink: /home/rohan/cobotx/install/nav_bot/share/nav_bot/worlds/meshes/nxt_racks/bts_qr_codes/BTS00068642.png\n'}
[0.610115] (nav_bot) StdoutLine: {'line': b'-- Up-to-date symlink: /home/rohan/cobotx/install/nav_bot/share/nav_bot/worlds/meshes/nxt_racks/bts_qr_codes/BTS00068643.png\n'}
[0.610249] (nav_bot) StdoutLine: {'line': b'-- Up-to-date symlink: /home/rohan/cobotx/install/nav_bot/share/nav_bot/worlds/meshes/nxt_racks/bts_qr_codes/BTS00068644.png\n'}
[0.610387] (nav_bot) StdoutLine: {'line': b'-- Up-to-date symlink: /home/rohan/cobotx/install/nav_bot/share/nav_bot/worlds/meshes/nxt_racks/bts_qr_codes/BTS00068645.png\n'}
[0.610542] (nav_bot) StdoutLine: {'line': b'-- Up-to-date symlink: /home/rohan/cobotx/install/nav_bot/share/nav_bot/worlds/meshes/nxt_racks/bts_qr_codes/BTS00068646.png\n'}
[0.610690] (nav_bot) StdoutLine: {'line': b'-- Up-to-date symlink: /home/rohan/cobotx/install/nav_bot/share/nav_bot/worlds/meshes/nxt_racks/bts_qr_codes/BTS00068647.png\n'}
[0.610841] (nav_bot) StdoutLine: {'line': b'-- Up-to-date symlink: /home/rohan/cobotx/install/nav_bot/share/nav_bot/worlds/meshes/nxt_racks/bts_qr_codes/BTS00068648.png\n'}
[0.610980] (nav_bot) StdoutLine: {'line': b'-- Up-to-date symlink: /home/rohan/cobotx/install/nav_bot/share/nav_bot/worlds/meshes/nxt_racks/bts_qr_codes/BTS00068649.png\n'}
[0.611112] (nav_bot) StdoutLine: {'line': b'-- Up-to-date symlink: /home/rohan/cobotx/install/nav_bot/share/nav_bot/worlds/meshes/nxt_racks/bts_qr_codes/BTS00068650.png\n'}
[0.611250] (nav_bot) StdoutLine: {'line': b'-- Up-to-date symlink: /home/rohan/cobotx/install/nav_bot/share/nav_bot/worlds/meshes/nxt_racks/bts_qr_codes/BTS00068651.png\n'}
[0.611394] (nav_bot) StdoutLine: {'line': b'-- Up-to-date symlink: /home/rohan/cobotx/install/nav_bot/share/nav_bot/worlds/meshes/nxt_racks/bts_qr_codes/BTS00068652.png\n'}
[0.611537] (nav_bot) StdoutLine: {'line': b'-- Up-to-date symlink: /home/rohan/cobotx/install/nav_bot/share/nav_bot/worlds/meshes/nxt_racks/bts_qr_codes/BTS00068653.png\n'}
[0.611668] (nav_bot) StdoutLine: {'line': b'-- Up-to-date symlink: /home/rohan/cobotx/install/nav_bot/share/nav_bot/worlds/meshes/nxt_racks/bts_qr_codes/BTS00068654.png\n'}
[0.611806] (nav_bot) StdoutLine: {'line': b'-- Up-to-date symlink: /home/rohan/cobotx/install/nav_bot/share/nav_bot/worlds/meshes/nxt_racks/bts_qr_codes/BTS00068655.png\n'}
[0.611960] (nav_bot) StdoutLine: {'line': b'-- Up-to-date symlink: /home/rohan/cobotx/install/nav_bot/share/nav_bot/worlds/meshes/nxt_racks/bts_qr_codes/BTS00068656.png\n'}
[0.612114] (nav_bot) StdoutLine: {'line': b'-- Up-to-date symlink: /home/rohan/cobotx/install/nav_bot/share/nav_bot/worlds/meshes/nxt_racks/bts_qr_codes/BTS00068657.png\n'}
[0.612240] (nav_bot) StdoutLine: {'line': b'-- Up-to-date symlink: /home/rohan/cobotx/install/nav_bot/share/nav_bot/worlds/meshes/nxt_racks/bts_qr_codes/BTS00068658.png\n'}
[0.612363] (nav_bot) StdoutLine: {'line': b'-- Up-to-date symlink: /home/rohan/cobotx/install/nav_bot/share/nav_bot/worlds/meshes/nxt_racks/bts_qr_codes/BTS00068659.png\n'}
[0.612487] (nav_bot) StdoutLine: {'line': b'-- Up-to-date symlink: /home/rohan/cobotx/install/nav_bot/share/nav_bot/worlds/meshes/nxt_racks/bts_qr_codes/BTS00068660.png\n'}
[0.612625] (nav_bot) StdoutLine: {'line': b'-- Up-to-date symlink: /home/rohan/cobotx/install/nav_bot/share/nav_bot/worlds/meshes/nxt_racks/bts_qr_codes/BTS00068661.png\n'}
[0.612777] (nav_bot) StdoutLine: {'line': b'-- Up-to-date symlink: /home/rohan/cobotx/install/nav_bot/share/nav_bot/worlds/meshes/nxt_racks/bts_qr_codes/BTS00068662.png\n'}
[0.612903] (nav_bot) StdoutLine: {'line': b'-- Up-to-date symlink: /home/rohan/cobotx/install/nav_bot/share/nav_bot/worlds/meshes/nxt_racks/bts_qr_codes/BTS00068663.png\n'}
[0.613034] (nav_bot) StdoutLine: {'line': b'-- Up-to-date symlink: /home/rohan/cobotx/install/nav_bot/share/nav_bot/worlds/meshes/nxt_racks/bts_qr_codes/BTS00068664.png\n'}
[0.613160] (nav_bot) StdoutLine: {'line': b'-- Up-to-date symlink: /home/rohan/cobotx/install/nav_bot/share/nav_bot/worlds/meshes/nxt_racks/bts_qr_codes/BTS00068665.png\n'}
[0.613288] (nav_bot) StdoutLine: {'line': b'-- Up-to-date symlink: /home/rohan/cobotx/install/nav_bot/share/nav_bot/worlds/meshes/nxt_racks/bts_qr_codes/BTS00068666.png\n'}
[0.613415] (nav_bot) StdoutLine: {'line': b'-- Up-to-date symlink: /home/rohan/cobotx/install/nav_bot/share/nav_bot/worlds/meshes/nxt_racks/bts_qr_codes/BTS00068667.png\n'}
[0.613549] (nav_bot) StdoutLine: {'line': b'-- Up-to-date symlink: /home/rohan/cobotx/install/nav_bot/share/nav_bot/worlds/meshes/nxt_racks/bts_qr_codes/BTS00068668.png\n'}
[0.613681] (nav_bot) StdoutLine: {'line': b'-- Up-to-date symlink: /home/rohan/cobotx/install/nav_bot/share/nav_bot/worlds/meshes/nxt_racks/bts_qr_codes/BTS00068669.png\n'}
[0.613813] (nav_bot) StdoutLine: {'line': b'-- Up-to-date symlink: /home/rohan/cobotx/install/nav_bot/share/nav_bot/worlds/meshes/nxt_racks/bts_qr_codes/BTS00068670.png\n'}
[0.613944] (nav_bot) StdoutLine: {'line': b'-- Up-to-date symlink: /home/rohan/cobotx/install/nav_bot/share/nav_bot/worlds/meshes/nxt_racks/bts_qr_codes/BTS00068671.png\n'}
[0.614080] (nav_bot) StdoutLine: {'line': b'-- Up-to-date symlink: /home/rohan/cobotx/install/nav_bot/share/nav_bot/worlds/meshes/nxt_racks/bts_qr_codes/BTS00068672.png\n'}
[0.614213] (nav_bot) StdoutLine: {'line': b'-- Up-to-date symlink: /home/rohan/cobotx/install/nav_bot/share/nav_bot/worlds/meshes/nxt_racks/bts_qr_codes/BTS00068673.png\n'}
[0.614348] (nav_bot) StdoutLine: {'line': b'-- Up-to-date symlink: /home/rohan/cobotx/install/nav_bot/share/nav_bot/worlds/meshes/nxt_racks/bts_qr_codes/BTS00068674.png\n'}
[0.614492] (nav_bot) StdoutLine: {'line': b'-- Up-to-date symlink: /home/rohan/cobotx/install/nav_bot/share/nav_bot/worlds/meshes/nxt_racks/bts_qr_codes/BTS00068675.png\n'}
[0.614628] (nav_bot) StdoutLine: {'line': b'-- Up-to-date symlink: /home/rohan/cobotx/install/nav_bot/share/nav_bot/worlds/meshes/nxt_racks/bts_qr_codes/BTS00068676.png\n'}
[0.614765] (nav_bot) StdoutLine: {'line': b'-- Up-to-date symlink: /home/rohan/cobotx/install/nav_bot/share/nav_bot/worlds/meshes/nxt_racks/bts_qr_codes/BTS00068677.png\n'}
[0.614901] (nav_bot) StdoutLine: {'line': b'-- Up-to-date symlink: /home/rohan/cobotx/install/nav_bot/share/nav_bot/worlds/meshes/nxt_racks/bts_qr_codes/BTS00068678.png\n'}
[0.615040] (nav_bot) StdoutLine: {'line': b'-- Up-to-date symlink: /home/rohan/cobotx/install/nav_bot/share/nav_bot/worlds/meshes/nxt_racks/bts_qr_codes/BTS00068679.png\n'}
[0.615175] (nav_bot) StdoutLine: {'line': b'-- Up-to-date symlink: /home/rohan/cobotx/install/nav_bot/share/nav_bot/worlds/meshes/nxt_racks/bts_qr_codes/BTS00068680.png\n'}
[0.615312] (nav_bot) StdoutLine: {'line': b'-- Up-to-date symlink: /home/rohan/cobotx/install/nav_bot/share/nav_bot/worlds/meshes/nxt_racks/bts_qr_codes/BTS00068681.png\n'}
[0.615454] (nav_bot) StdoutLine: {'line': b'-- Up-to-date symlink: /home/rohan/cobotx/install/nav_bot/share/nav_bot/worlds/meshes/nxt_racks/bts_qr_codes/BTS00068682.png\n'}
[0.615594] (nav_bot) StdoutLine: {'line': b'-- Up-to-date symlink: /home/rohan/cobotx/install/nav_bot/share/nav_bot/worlds/meshes/nxt_racks/bts_qr_codes/BTS00068683.png\n'}
[0.615731] (nav_bot) StdoutLine: {'line': b'-- Up-to-date symlink: /home/rohan/cobotx/install/nav_bot/share/nav_bot/worlds/meshes/nxt_racks/bts_qr_codes/BTS00068684.png\n'}
[0.615869] (nav_bot) StdoutLine: {'line': b'-- Up-to-date symlink: /home/rohan/cobotx/install/nav_bot/share/nav_bot/worlds/meshes/nxt_racks/bts_qr_codes/BTS00068685.png\n'}
[0.616002] (nav_bot) StdoutLine: {'line': b'-- Up-to-date symlink: /home/rohan/cobotx/install/nav_bot/share/nav_bot/worlds/meshes/nxt_racks/bts_qr_codes/BTS00068686.png\n'}
[0.616136] (nav_bot) StdoutLine: {'line': b'-- Up-to-date symlink: /home/rohan/cobotx/install/nav_bot/share/nav_bot/worlds/meshes/nxt_racks/bts_qr_codes/BTS00068687.png\n'}
[0.616272] (nav_bot) StdoutLine: {'line': b'-- Up-to-date symlink: /home/rohan/cobotx/install/nav_bot/share/nav_bot/worlds/meshes/nxt_racks/bts_qr_codes/BTS00068688.png\n'}
[0.616405] (nav_bot) StdoutLine: {'line': b'-- Up-to-date symlink: /home/rohan/cobotx/install/nav_bot/share/nav_bot/worlds/meshes/nxt_racks/bts_qr_codes/BTS00068689.png\n'}
[0.616542] (nav_bot) StdoutLine: {'line': b'-- Up-to-date symlink: /home/rohan/cobotx/install/nav_bot/share/nav_bot/worlds/meshes/nxt_racks/bts_qr_codes/BTS00068690.png\n'}
[0.616678] (nav_bot) StdoutLine: {'line': b'-- Up-to-date symlink: /home/rohan/cobotx/install/nav_bot/share/nav_bot/worlds/meshes/nxt_racks/bts_qr_codes/BTS00068691.png\n'}
[0.616811] (nav_bot) StdoutLine: {'line': b'-- Up-to-date symlink: /home/rohan/cobotx/install/nav_bot/share/nav_bot/worlds/meshes/nxt_racks/bts_qr_codes/BTS00068692.png\n'}
[0.616944] (nav_bot) StdoutLine: {'line': b'-- Up-to-date symlink: /home/rohan/cobotx/install/nav_bot/share/nav_bot/worlds/meshes/nxt_racks/bts_qr_codes/BTS00068693.png\n'}
[0.617071] (nav_bot) StdoutLine: {'line': b'-- Up-to-date symlink: /home/rohan/cobotx/install/nav_bot/share/nav_bot/worlds/meshes/nxt_racks/bts_qr_codes/BTS00068694.png\n'}
[0.617218] (nav_bot) StdoutLine: {'line': b'-- Up-to-date symlink: /home/rohan/cobotx/install/nav_bot/share/nav_bot/worlds/meshes/nxt_racks/bts_qr_codes/BTS00068695.png\n'}
[0.617344] (nav_bot) StdoutLine: {'line': b'-- Up-to-date symlink: /home/rohan/cobotx/install/nav_bot/share/nav_bot/worlds/meshes/nxt_racks/bts_qr_codes/BTS00068696.png\n'}
[0.617468] (nav_bot) StdoutLine: {'line': b'-- Up-to-date symlink: /home/rohan/cobotx/install/nav_bot/share/nav_bot/worlds/meshes/nxt_racks/bts_qr_codes/BTS00068697.png\n'}
[0.617599] (nav_bot) StdoutLine: {'line': b'-- Up-to-date symlink: /home/rohan/cobotx/install/nav_bot/share/nav_bot/worlds/meshes/nxt_racks/bts_qr_codes/BTS00068698.png\n'}
[0.617725] (nav_bot) StdoutLine: {'line': b'-- Up-to-date symlink: /home/rohan/cobotx/install/nav_bot/share/nav_bot/worlds/meshes/nxt_racks/bts_qr_codes/BTS00068699.png\n'}
[0.617851] (nav_bot) StdoutLine: {'line': b'-- Up-to-date symlink: /home/rohan/cobotx/install/nav_bot/share/nav_bot/worlds/meshes/nxt_racks/bts_qr_codes/BTS00068700.png\n'}
[0.617977] (nav_bot) StdoutLine: {'line': b'-- Up-to-date symlink: /home/rohan/cobotx/install/nav_bot/share/nav_bot/worlds/meshes/nxt_racks/bts_qr_codes/BTS00068701.png\n'}
[0.618100] (nav_bot) StdoutLine: {'line': b'-- Up-to-date symlink: /home/rohan/cobotx/install/nav_bot/share/nav_bot/worlds/meshes/nxt_racks/bts_qr_codes/BTS00068702.png\n'}
[0.618230] (nav_bot) StdoutLine: {'line': b'-- Up-to-date symlink: /home/rohan/cobotx/install/nav_bot/share/nav_bot/worlds/meshes/nxt_racks/bts_qr_codes/BTS00068703.png\n'}
[0.618362] (nav_bot) StdoutLine: {'line': b'-- Up-to-date symlink: /home/rohan/cobotx/install/nav_bot/share/nav_bot/worlds/meshes/nxt_racks/bts_qr_codes/BTS00068704.png\n'}
[0.618635] (nav_bot) StdoutLine: {'line': b'-- Up-to-date symlink: /home/rohan/cobotx/install/nav_bot/share/nav_bot/worlds/meshes/nxt_racks/bts_qr_codes/BTS00068705.png\n'}
[0.618925] (nav_bot) StdoutLine: {'line': b'-- Up-to-date symlink: /home/rohan/cobotx/install/nav_bot/share/nav_bot/worlds/meshes/nxt_racks/bts_qr_codes/BTS00068706.png\n'}
[0.619192] (nav_bot) StdoutLine: {'line': b'-- Up-to-date symlink: /home/rohan/cobotx/install/nav_bot/share/nav_bot/worlds/meshes/nxt_racks/bts_qr_codes/BTS00068707.png\n'}
[0.619482] (nav_bot) StdoutLine: {'line': b'-- Up-to-date symlink: /home/rohan/cobotx/install/nav_bot/share/nav_bot/worlds/meshes/nxt_racks/bts_qr_codes/BTS00068708.png\n'}
[0.619771] (nav_bot) StdoutLine: {'line': b'-- Up-to-date symlink: /home/rohan/cobotx/install/nav_bot/share/nav_bot/worlds/meshes/nxt_racks/bts_qr_codes/BTS00068709.png\n'}
[0.619966] (nav_bot) StdoutLine: {'line': b'-- Up-to-date symlink: /home/rohan/cobotx/install/nav_bot/share/nav_bot/worlds/meshes/nxt_racks/bts_qr_codes/BTS00068710.png\n'}
[0.620187] (nav_bot) StdoutLine: {'line': b'-- Up-to-date symlink: /home/rohan/cobotx/install/nav_bot/share/nav_bot/worlds/meshes/nxt_racks/bts_qr_codes/BTS00068711.png\n'}
[0.620462] (nav_bot) StdoutLine: {'line': b'-- Up-to-date symlink: /home/rohan/cobotx/install/nav_bot/share/nav_bot/worlds/meshes/nxt_racks/bts_qr_codes/BTS00068712.png\n'}
[0.620689] (nav_bot) StdoutLine: {'line': b'-- Up-to-date symlink: /home/rohan/cobotx/install/nav_bot/share/nav_bot/worlds/meshes/nxt_racks/bts_qr_codes/BTS00068713.png\n'}
[0.620953] (nav_bot) StdoutLine: {'line': b'-- Up-to-date symlink: /home/rohan/cobotx/install/nav_bot/share/nav_bot/worlds/meshes/nxt_racks/bts_qr_codes/BTS00068714.png\n'}
[0.621182] (nav_bot) StdoutLine: {'line': b'-- Up-to-date symlink: /home/rohan/cobotx/install/nav_bot/share/nav_bot/worlds/meshes/nxt_racks/bts_qr_codes/BTS00068715.png\n'}
[0.621352] (nav_bot) StdoutLine: {'line': b'-- Up-to-date symlink: /home/rohan/cobotx/install/nav_bot/share/nav_bot/worlds/meshes/nxt_racks/bts_qr_codes/BTS00068716.png\n'}
[0.621485] (nav_bot) StdoutLine: {'line': b'-- Up-to-date symlink: /home/rohan/cobotx/install/nav_bot/share/nav_bot/worlds/meshes/nxt_racks/bts_qr_codes/BTS00068717.png\n'}
[0.621629] (nav_bot) StdoutLine: {'line': b'-- Up-to-date symlink: /home/rohan/cobotx/install/nav_bot/share/nav_bot/worlds/meshes/nxt_racks/bts_qr_codes/BTS00068718.png\n'}
[0.621763] (nav_bot) StdoutLine: {'line': b'-- Up-to-date symlink: /home/rohan/cobotx/install/nav_bot/share/nav_bot/worlds/meshes/nxt_racks/bts_qr_codes/BTS00068719.png\n'}
[0.621897] (nav_bot) StdoutLine: {'line': b'-- Up-to-date symlink: /home/rohan/cobotx/install/nav_bot/share/nav_bot/worlds/meshes/nxt_racks/bts_qr_codes/BTS00068720.png\n'}
[0.622037] (nav_bot) StdoutLine: {'line': b'-- Up-to-date symlink: /home/rohan/cobotx/install/nav_bot/share/nav_bot/worlds/meshes/nxt_racks/bts_qr_codes/BTS00068721.png\n'}
[0.622175] (nav_bot) StdoutLine: {'line': b'-- Up-to-date symlink: /home/rohan/cobotx/install/nav_bot/share/nav_bot/worlds/meshes/nxt_racks/bts_qr_codes/BTS00068722.png\n'}
[0.622311] (nav_bot) StdoutLine: {'line': b'-- Up-to-date symlink: /home/rohan/cobotx/install/nav_bot/share/nav_bot/worlds/meshes/nxt_racks/bts_qr_codes/BTS00068723.png\n'}
[0.622453] (nav_bot) StdoutLine: {'line': b'-- Up-to-date symlink: /home/rohan/cobotx/install/nav_bot/share/nav_bot/worlds/meshes/nxt_racks/bts_qr_codes/BTS00068724.png\n'}
[0.622594] (nav_bot) StdoutLine: {'line': b'-- Up-to-date symlink: /home/rohan/cobotx/install/nav_bot/share/nav_bot/worlds/meshes/nxt_racks/bts_qr_codes/BTS00068725.png\n'}
[0.622732] (nav_bot) StdoutLine: {'line': b'-- Up-to-date symlink: /home/rohan/cobotx/install/nav_bot/share/nav_bot/worlds/meshes/nxt_racks/bts_qr_codes/BTS00068726.png\n'}
[0.622870] (nav_bot) StdoutLine: {'line': b'-- Up-to-date symlink: /home/rohan/cobotx/install/nav_bot/share/nav_bot/worlds/meshes/nxt_racks/bts_qr_codes/BTS00068727.png\n'}
[0.623012] (nav_bot) StdoutLine: {'line': b'-- Up-to-date symlink: /home/rohan/cobotx/install/nav_bot/share/nav_bot/worlds/meshes/nxt_racks/bts_qr_codes/BTS00068728.png\n'}
[0.623152] (nav_bot) StdoutLine: {'line': b'-- Up-to-date symlink: /home/rohan/cobotx/install/nav_bot/share/nav_bot/worlds/meshes/nxt_racks/bts_qr_codes/BTS00068729.png\n'}
[0.623293] (nav_bot) StdoutLine: {'line': b'-- Up-to-date symlink: /home/rohan/cobotx/install/nav_bot/share/nav_bot/worlds/meshes/nxt_racks/bts_qr_codes/BTS00068730.png\n'}
[0.623434] (nav_bot) StdoutLine: {'line': b'-- Up-to-date symlink: /home/rohan/cobotx/install/nav_bot/share/nav_bot/worlds/meshes/nxt_racks/bts_qr_codes/BTS00069884.png\n'}
[0.623561] (nav_bot) StdoutLine: {'line': b'-- Up-to-date symlink: /home/rohan/cobotx/install/nav_bot/share/nav_bot/worlds/meshes/nxt_racks/bts_qr_codes/BTS00069885.png\n'}
[0.623692] (nav_bot) StdoutLine: {'line': b'-- Up-to-date symlink: /home/rohan/cobotx/install/nav_bot/share/nav_bot/worlds/meshes/nxt_racks/bts_qr_codes/BTS00069886.png\n'}
[0.623817] (nav_bot) StdoutLine: {'line': b'-- Up-to-date symlink: /home/rohan/cobotx/install/nav_bot/share/nav_bot/worlds/meshes/nxt_racks/bts_qr_codes/BTS00069887.png\n'}
[0.623942] (nav_bot) StdoutLine: {'line': b'-- Up-to-date symlink: /home/rohan/cobotx/install/nav_bot/share/nav_bot/worlds/meshes/nxt_racks/bts_qr_codes/BTS00069888.png\n'}
[0.624075] (nav_bot) StdoutLine: {'line': b'-- Up-to-date symlink: /home/rohan/cobotx/install/nav_bot/share/nav_bot/worlds/meshes/nxt_racks/bts_qr_codes/BTS00069889.png\n'}
[0.624202] (nav_bot) StdoutLine: {'line': b'-- Up-to-date symlink: /home/rohan/cobotx/install/nav_bot/share/nav_bot/worlds/meshes/nxt_racks/bts_qr_codes/BTS00069890.png\n'}
[0.624328] (nav_bot) StdoutLine: {'line': b'-- Up-to-date symlink: /home/rohan/cobotx/install/nav_bot/share/nav_bot/worlds/meshes/nxt_racks/bts_qr_codes/BTS00069891.png\n'}
[0.624466] (nav_bot) StdoutLine: {'line': b'-- Up-to-date symlink: /home/rohan/cobotx/install/nav_bot/share/nav_bot/worlds/meshes/nxt_racks/bts_qr_codes/BTS00069892.png\n'}
[0.624598] (nav_bot) StdoutLine: {'line': b'-- Up-to-date symlink: /home/rohan/cobotx/install/nav_bot/share/nav_bot/worlds/meshes/nxt_racks/bts_qr_codes/BTS00069893.png\n'}
[0.624747] (nav_bot) StdoutLine: {'line': b'-- Up-to-date symlink: /home/rohan/cobotx/install/nav_bot/share/nav_bot/worlds/meshes/nxt_racks/bts_qr_codes/BTS00069894.png\n'}
[0.624868] (nav_bot) StdoutLine: {'line': b'-- Up-to-date symlink: /home/rohan/cobotx/install/nav_bot/share/nav_bot/worlds/meshes/nxt_racks/bts_qr_codes/BTS00069895.png\n'}
[0.624992] (nav_bot) StdoutLine: {'line': b'-- Up-to-date symlink: /home/rohan/cobotx/install/nav_bot/share/nav_bot/worlds/meshes/nxt_racks/bts_qr_codes/BTS00069896.png\n'}
[0.625121] (nav_bot) StdoutLine: {'line': b'-- Up-to-date symlink: /home/rohan/cobotx/install/nav_bot/share/nav_bot/worlds/meshes/nxt_racks/bts_qr_codes/BTS00069897.png\n'}
[0.625247] (nav_bot) StdoutLine: {'line': b'-- Up-to-date symlink: /home/rohan/cobotx/install/nav_bot/share/nav_bot/worlds/meshes/nxt_racks/bts_qr_codes/BTS00069898.png\n'}
[0.625372] (nav_bot) StdoutLine: {'line': b'-- Up-to-date symlink: /home/rohan/cobotx/install/nav_bot/share/nav_bot/worlds/meshes/nxt_racks/bts_qr_codes/BTS00069899.png\n'}
[0.625504] (nav_bot) StdoutLine: {'line': b'-- Up-to-date symlink: /home/rohan/cobotx/install/nav_bot/share/nav_bot/worlds/meshes/nxt_racks/bts_qr_codes/BTS00069900.png\n'}
[0.625638] (nav_bot) StdoutLine: {'line': b'-- Up-to-date symlink: /home/rohan/cobotx/install/nav_bot/share/nav_bot/worlds/meshes/nxt_racks/front.png\n'}
[0.625756] (nav_bot) StdoutLine: {'line': b'-- Up-to-date symlink: /home/rohan/cobotx/install/nav_bot/share/nav_bot/worlds/meshes/nxt_racks/ground.png\n'}
[0.625880] (nav_bot) StdoutLine: {'line': b'-- Up-to-date symlink: /home/rohan/cobotx/install/nav_bot/share/nav_bot/worlds/meshes/nxt_racks/left.png\n'}
[0.626009] (nav_bot) StdoutLine: {'line': b'-- Up-to-date symlink: /home/rohan/cobotx/install/nav_bot/share/nav_bot/worlds/meshes/nxt_racks/qr_output/HD-01_A_01.png\n'}
[0.626143] (nav_bot) StdoutLine: {'line': b'-- Up-to-date symlink: /home/rohan/cobotx/install/nav_bot/share/nav_bot/worlds/meshes/nxt_racks/qr_output/HD-01_A_02.png\n'}
[0.626280] (nav_bot) StdoutLine: {'line': b'-- Up-to-date symlink: /home/rohan/cobotx/install/nav_bot/share/nav_bot/worlds/meshes/nxt_racks/qr_output/HD-01_A_03.png\n'}
[0.626395] (nav_bot) StdoutLine: {'line': b'-- Up-to-date symlink: /home/rohan/cobotx/install/nav_bot/share/nav_bot/worlds/meshes/nxt_racks/qr_output/HD-01_A_04.png\n'}
[0.626536] (nav_bot) StdoutLine: {'line': b'-- Up-to-date symlink: /home/rohan/cobotx/install/nav_bot/share/nav_bot/worlds/meshes/nxt_racks/qr_output/HD-01_A_05.png\n'}
[0.626671] (nav_bot) StdoutLine: {'line': b'-- Up-to-date symlink: /home/rohan/cobotx/install/nav_bot/share/nav_bot/worlds/meshes/nxt_racks/qr_output/HD-01_A_06.png\n'}
[0.626799] (nav_bot) StdoutLine: {'line': b'-- Up-to-date symlink: /home/rohan/cobotx/install/nav_bot/share/nav_bot/worlds/meshes/nxt_racks/qr_output/HD-01_A_07.png\n'}
[0.626927] (nav_bot) StdoutLine: {'line': b'-- Up-to-date symlink: /home/rohan/cobotx/install/nav_bot/share/nav_bot/worlds/meshes/nxt_racks/qr_output/HD-01_A_08.png\n'}
[0.627055] (nav_bot) StdoutLine: {'line': b'-- Up-to-date symlink: /home/rohan/cobotx/install/nav_bot/share/nav_bot/worlds/meshes/nxt_racks/qr_output/HD-01_A_09.png\n'}
[0.627182] (nav_bot) StdoutLine: {'line': b'-- Up-to-date symlink: /home/rohan/cobotx/install/nav_bot/share/nav_bot/worlds/meshes/nxt_racks/qr_output/HD-01_A_10.png\n'}
[0.627310] (nav_bot) StdoutLine: {'line': b'-- Up-to-date symlink: /home/rohan/cobotx/install/nav_bot/share/nav_bot/worlds/meshes/nxt_racks/qr_output/HD-01_A_11.png\n'}
[0.627440] (nav_bot) StdoutLine: {'line': b'-- Up-to-date symlink: /home/rohan/cobotx/install/nav_bot/share/nav_bot/worlds/meshes/nxt_racks/qr_output/HD-01_A_12.png\n'}
[0.627576] (nav_bot) StdoutLine: {'line': b'-- Up-to-date symlink: /home/rohan/cobotx/install/nav_bot/share/nav_bot/worlds/meshes/nxt_racks/qr_output/HD-01_A_13.png\n'}
[0.627708] (nav_bot) StdoutLine: {'line': b'-- Up-to-date symlink: /home/rohan/cobotx/install/nav_bot/share/nav_bot/worlds/meshes/nxt_racks/qr_output/HD-01_A_14.png\n'}
[0.627842] (nav_bot) StdoutLine: {'line': b'-- Up-to-date symlink: /home/rohan/cobotx/install/nav_bot/share/nav_bot/worlds/meshes/nxt_racks/qr_output/HD-01_A_15.png\n'}
[0.627972] (nav_bot) StdoutLine: {'line': b'-- Up-to-date symlink: /home/rohan/cobotx/install/nav_bot/share/nav_bot/worlds/meshes/nxt_racks/qr_output/HD-01_A_16.png\n'}
[0.628101] (nav_bot) StdoutLine: {'line': b'-- Up-to-date symlink: /home/rohan/cobotx/install/nav_bot/share/nav_bot/worlds/meshes/nxt_racks/qr_output/HD-01_A_17.png\n'}
[0.628229] (nav_bot) StdoutLine: {'line': b'-- Up-to-date symlink: /home/rohan/cobotx/install/nav_bot/share/nav_bot/worlds/meshes/nxt_racks/qr_output/HD-01_A_18.png\n'}
[0.628358] (nav_bot) StdoutLine: {'line': b'-- Up-to-date symlink: /home/rohan/cobotx/install/nav_bot/share/nav_bot/worlds/meshes/nxt_racks/qr_output/HD-01_A_19.png\n'}
[0.628499] (nav_bot) StdoutLine: {'line': b'-- Up-to-date symlink: /home/rohan/cobotx/install/nav_bot/share/nav_bot/worlds/meshes/nxt_racks/qr_output/HD-01_A_20.png\n'}
[0.628634] (nav_bot) StdoutLine: {'line': b'-- Up-to-date symlink: /home/rohan/cobotx/install/nav_bot/share/nav_bot/worlds/meshes/nxt_racks/qr_output/HD-01_A_21.png\n'}
[0.628762] (nav_bot) StdoutLine: {'line': b'-- Up-to-date symlink: /home/rohan/cobotx/install/nav_bot/share/nav_bot/worlds/meshes/nxt_racks/qr_output/HD-01_A_22.png\n'}
[0.628895] (nav_bot) StdoutLine: {'line': b'-- Up-to-date symlink: /home/rohan/cobotx/install/nav_bot/share/nav_bot/worlds/meshes/nxt_racks/qr_output/HD-01_A_23.png\n'}
[0.629024] (nav_bot) StdoutLine: {'line': b'-- Up-to-date symlink: /home/rohan/cobotx/install/nav_bot/share/nav_bot/worlds/meshes/nxt_racks/qr_output/HD-01_A_24.png\n'}
[0.629151] (nav_bot) StdoutLine: {'line': b'-- Up-to-date symlink: /home/rohan/cobotx/install/nav_bot/share/nav_bot/worlds/meshes/nxt_racks/qr_output/HD-01_A_25.png\n'}
[0.629278] (nav_bot) StdoutLine: {'line': b'-- Up-to-date symlink: /home/rohan/cobotx/install/nav_bot/share/nav_bot/worlds/meshes/nxt_racks/qr_output/HD-01_A_26.png\n'}
[0.629408] (nav_bot) StdoutLine: {'line': b'-- Up-to-date symlink: /home/rohan/cobotx/install/nav_bot/share/nav_bot/worlds/meshes/nxt_racks/qr_output/HD-01_A_27.png\n'}
[0.629538] (nav_bot) StdoutLine: {'line': b'-- Up-to-date symlink: /home/rohan/cobotx/install/nav_bot/share/nav_bot/worlds/meshes/nxt_racks/qr_output/HD-01_A_28.png\n'}
[0.629671] (nav_bot) StdoutLine: {'line': b'-- Up-to-date symlink: /home/rohan/cobotx/install/nav_bot/share/nav_bot/worlds/meshes/nxt_racks/qr_output/HD-01_A_29.png\n'}
[0.629797] (nav_bot) StdoutLine: {'line': b'-- Up-to-date symlink: /home/rohan/cobotx/install/nav_bot/share/nav_bot/worlds/meshes/nxt_racks/qr_output/HD-01_A_30.png\n'}
[0.629928] (nav_bot) StdoutLine: {'line': b'-- Up-to-date symlink: /home/rohan/cobotx/install/nav_bot/share/nav_bot/worlds/meshes/nxt_racks/qr_output/HD-01_A_31.png\n'}
[0.630059] (nav_bot) StdoutLine: {'line': b'-- Up-to-date symlink: /home/rohan/cobotx/install/nav_bot/share/nav_bot/worlds/meshes/nxt_racks/qr_output/HD-01_A_32.png\n'}
[0.630189] (nav_bot) StdoutLine: {'line': b'-- Up-to-date symlink: /home/rohan/cobotx/install/nav_bot/share/nav_bot/worlds/meshes/nxt_racks/qr_output/HD-01_A_33.png\n'}
[0.630316] (nav_bot) StdoutLine: {'line': b'-- Up-to-date symlink: /home/rohan/cobotx/install/nav_bot/share/nav_bot/worlds/meshes/nxt_racks/qr_output/HD-01_A_34.png\n'}
[0.630442] (nav_bot) StdoutLine: {'line': b'-- Up-to-date symlink: /home/rohan/cobotx/install/nav_bot/share/nav_bot/worlds/meshes/nxt_racks/qr_output/HD-01_A_35.png\n'}
[0.630583] (nav_bot) StdoutLine: {'line': b'-- Up-to-date symlink: /home/rohan/cobotx/install/nav_bot/share/nav_bot/worlds/meshes/nxt_racks/qr_output/HD-01_A_36.png\n'}
[0.630706] (nav_bot) StdoutLine: {'line': b'-- Up-to-date symlink: /home/rohan/cobotx/install/nav_bot/share/nav_bot/worlds/meshes/nxt_racks/qr_output/HD-01_A_37.png\n'}
[0.630833] (nav_bot) StdoutLine: {'line': b'-- Up-to-date symlink: /home/rohan/cobotx/install/nav_bot/share/nav_bot/worlds/meshes/nxt_racks/qr_output/HD-01_A_38.png\n'}
[0.630960] (nav_bot) StdoutLine: {'line': b'-- Up-to-date symlink: /home/rohan/cobotx/install/nav_bot/share/nav_bot/worlds/meshes/nxt_racks/qr_output/HD-01_B_01.png\n'}
[0.631087] (nav_bot) StdoutLine: {'line': b'-- Up-to-date symlink: /home/rohan/cobotx/install/nav_bot/share/nav_bot/worlds/meshes/nxt_racks/qr_output/HD-01_B_02.png\n'}
[0.631208] (nav_bot) StdoutLine: {'line': b'-- Up-to-date symlink: /home/rohan/cobotx/install/nav_bot/share/nav_bot/worlds/meshes/nxt_racks/qr_output/HD-01_B_03.png\n'}
[0.631331] (nav_bot) StdoutLine: {'line': b'-- Up-to-date symlink: /home/rohan/cobotx/install/nav_bot/share/nav_bot/worlds/meshes/nxt_racks/qr_output/HD-01_B_04.png\n'}
[0.631465] (nav_bot) StdoutLine: {'line': b'-- Up-to-date symlink: /home/rohan/cobotx/install/nav_bot/share/nav_bot/worlds/meshes/nxt_racks/qr_output/HD-01_B_05.png\n'}
[0.631598] (nav_bot) StdoutLine: {'line': b'-- Up-to-date symlink: /home/rohan/cobotx/install/nav_bot/share/nav_bot/worlds/meshes/nxt_racks/qr_output/HD-01_B_06.png\n'}
[0.631731] (nav_bot) StdoutLine: {'line': b'-- Up-to-date symlink: /home/rohan/cobotx/install/nav_bot/share/nav_bot/worlds/meshes/nxt_racks/qr_output/HD-01_B_07.png\n'}
[0.631866] (nav_bot) StdoutLine: {'line': b'-- Up-to-date symlink: /home/rohan/cobotx/install/nav_bot/share/nav_bot/worlds/meshes/nxt_racks/qr_output/HD-01_B_08.png\n'}
[0.631999] (nav_bot) StdoutLine: {'line': b'-- Up-to-date symlink: /home/rohan/cobotx/install/nav_bot/share/nav_bot/worlds/meshes/nxt_racks/qr_output/HD-01_B_09.png\n'}
[0.632133] (nav_bot) StdoutLine: {'line': b'-- Up-to-date symlink: /home/rohan/cobotx/install/nav_bot/share/nav_bot/worlds/meshes/nxt_racks/qr_output/HD-01_B_10.png\n'}
[0.632265] (nav_bot) StdoutLine: {'line': b'-- Up-to-date symlink: /home/rohan/cobotx/install/nav_bot/share/nav_bot/worlds/meshes/nxt_racks/qr_output/HD-01_B_11.png\n'}
[0.632398] (nav_bot) StdoutLine: {'line': b'-- Up-to-date symlink: /home/rohan/cobotx/install/nav_bot/share/nav_bot/worlds/meshes/nxt_racks/qr_output/HD-01_B_12.png\n'}
[0.632531] (nav_bot) StdoutLine: {'line': b'-- Up-to-date symlink: /home/rohan/cobotx/install/nav_bot/share/nav_bot/worlds/meshes/nxt_racks/qr_output/HD-01_B_13.png\n'}
[0.632684] (nav_bot) StdoutLine: {'line': b'-- Up-to-date symlink: /home/rohan/cobotx/install/nav_bot/share/nav_bot/worlds/meshes/nxt_racks/qr_output/HD-01_B_14.png\n'}
[0.632813] (nav_bot) StdoutLine: {'line': b'-- Up-to-date symlink: /home/rohan/cobotx/install/nav_bot/share/nav_bot/worlds/meshes/nxt_racks/qr_output/HD-01_B_15.png\n'}
[0.632939] (nav_bot) StdoutLine: {'line': b'-- Up-to-date symlink: /home/rohan/cobotx/install/nav_bot/share/nav_bot/worlds/meshes/nxt_racks/qr_output/HD-01_B_16.png\n'}
[0.633066] (nav_bot) StdoutLine: {'line': b'-- Up-to-date symlink: /home/rohan/cobotx/install/nav_bot/share/nav_bot/worlds/meshes/nxt_racks/qr_output/HD-01_B_17.png\n'}
[0.633191] (nav_bot) StdoutLine: {'line': b'-- Up-to-date symlink: /home/rohan/cobotx/install/nav_bot/share/nav_bot/worlds/meshes/nxt_racks/qr_output/HD-01_B_18.png\n'}
[0.633322] (nav_bot) StdoutLine: {'line': b'-- Up-to-date symlink: /home/rohan/cobotx/install/nav_bot/share/nav_bot/worlds/meshes/nxt_racks/qr_output/HD-01_B_19.png\n'}
[0.633457] (nav_bot) StdoutLine: {'line': b'-- Up-to-date symlink: /home/rohan/cobotx/install/nav_bot/share/nav_bot/worlds/meshes/nxt_racks/qr_output/HD-01_B_20.png\n'}
[0.633592] (nav_bot) StdoutLine: {'line': b'-- Up-to-date symlink: /home/rohan/cobotx/install/nav_bot/share/nav_bot/worlds/meshes/nxt_racks/qr_output/HD-01_B_21.png\n'}
[0.633719] (nav_bot) StdoutLine: {'line': b'-- Up-to-date symlink: /home/rohan/cobotx/install/nav_bot/share/nav_bot/worlds/meshes/nxt_racks/qr_output/HD-01_B_22.png\n'}
[0.633842] (nav_bot) StdoutLine: {'line': b'-- Up-to-date symlink: /home/rohan/cobotx/install/nav_bot/share/nav_bot/worlds/meshes/nxt_racks/qr_output/HD-01_B_23.png\n'}
[0.633989] (nav_bot) StdoutLine: {'line': b'-- Up-to-date symlink: /home/rohan/cobotx/install/nav_bot/share/nav_bot/worlds/meshes/nxt_racks/qr_output/HD-01_B_24.png\n'}
[0.634117] (nav_bot) StdoutLine: {'line': b'-- Up-to-date symlink: /home/rohan/cobotx/install/nav_bot/share/nav_bot/worlds/meshes/nxt_racks/qr_output/HD-01_B_25.png\n'}
[0.634244] (nav_bot) StdoutLine: {'line': b'-- Up-to-date symlink: /home/rohan/cobotx/install/nav_bot/share/nav_bot/worlds/meshes/nxt_racks/qr_output/HD-01_B_26.png\n'}
[0.634372] (nav_bot) StdoutLine: {'line': b'-- Up-to-date symlink: /home/rohan/cobotx/install/nav_bot/share/nav_bot/worlds/meshes/nxt_racks/qr_output/HD-01_B_27.png\n'}
[0.634509] (nav_bot) StdoutLine: {'line': b'-- Up-to-date symlink: /home/rohan/cobotx/install/nav_bot/share/nav_bot/worlds/meshes/nxt_racks/qr_output/HD-01_B_28.png\n'}
[0.634641] (nav_bot) StdoutLine: {'line': b'-- Up-to-date symlink: /home/rohan/cobotx/install/nav_bot/share/nav_bot/worlds/meshes/nxt_racks/qr_output/HD-01_B_29.png\n'}
[0.634770] (nav_bot) StdoutLine: {'line': b'-- Up-to-date symlink: /home/rohan/cobotx/install/nav_bot/share/nav_bot/worlds/meshes/nxt_racks/qr_output/HD-01_B_30.png\n'}
[0.634897] (nav_bot) StdoutLine: {'line': b'-- Up-to-date symlink: /home/rohan/cobotx/install/nav_bot/share/nav_bot/worlds/meshes/nxt_racks/qr_output/HD-01_B_31.png\n'}
[0.635025] (nav_bot) StdoutLine: {'line': b'-- Up-to-date symlink: /home/rohan/cobotx/install/nav_bot/share/nav_bot/worlds/meshes/nxt_racks/qr_output/HD-01_B_32.png\n'}
[0.635155] (nav_bot) StdoutLine: {'line': b'-- Up-to-date symlink: /home/rohan/cobotx/install/nav_bot/share/nav_bot/worlds/meshes/nxt_racks/qr_output/HD-01_B_33.png\n'}
[0.635281] (nav_bot) StdoutLine: {'line': b'-- Up-to-date symlink: /home/rohan/cobotx/install/nav_bot/share/nav_bot/worlds/meshes/nxt_racks/qr_output/HD-01_B_34.png\n'}
[0.635409] (nav_bot) StdoutLine: {'line': b'-- Up-to-date symlink: /home/rohan/cobotx/install/nav_bot/share/nav_bot/worlds/meshes/nxt_racks/qr_output/HD-01_B_35.png\n'}
[0.635539] (nav_bot) StdoutLine: {'line': b'-- Up-to-date symlink: /home/rohan/cobotx/install/nav_bot/share/nav_bot/worlds/meshes/nxt_racks/qr_output/HD-01_B_36.png\n'}
[0.635670] (nav_bot) StdoutLine: {'line': b'-- Up-to-date symlink: /home/rohan/cobotx/install/nav_bot/share/nav_bot/worlds/meshes/nxt_racks/qr_output/HD-01_B_37.png\n'}
[0.635797] (nav_bot) StdoutLine: {'line': b'-- Up-to-date symlink: /home/rohan/cobotx/install/nav_bot/share/nav_bot/worlds/meshes/nxt_racks/qr_output/HD-01_B_38.png\n'}
[0.635928] (nav_bot) StdoutLine: {'line': b'-- Up-to-date symlink: /home/rohan/cobotx/install/nav_bot/share/nav_bot/worlds/meshes/nxt_racks/qr_output/HD-01_C_01.png\n'}
[0.636059] (nav_bot) StdoutLine: {'line': b'-- Up-to-date symlink: /home/rohan/cobotx/install/nav_bot/share/nav_bot/worlds/meshes/nxt_racks/qr_output/HD-01_C_02.png\n'}
[0.636189] (nav_bot) StdoutLine: {'line': b'-- Up-to-date symlink: /home/rohan/cobotx/install/nav_bot/share/nav_bot/worlds/meshes/nxt_racks/qr_output/HD-01_C_03.png\n'}
[0.636315] (nav_bot) StdoutLine: {'line': b'-- Up-to-date symlink: /home/rohan/cobotx/install/nav_bot/share/nav_bot/worlds/meshes/nxt_racks/qr_output/HD-01_C_04.png\n'}
[0.636441] (nav_bot) StdoutLine: {'line': b'-- Up-to-date symlink: /home/rohan/cobotx/install/nav_bot/share/nav_bot/worlds/meshes/nxt_racks/qr_output/HD-01_C_05.png\n'}
[0.636723] (nav_bot) StdoutLine: {'line': b'-- Up-to-date symlink: /home/rohan/cobotx/install/nav_bot/share/nav_bot/worlds/meshes/nxt_racks/qr_output/HD-01_C_06.png\n'}
[0.636996] (nav_bot) StdoutLine: {'line': b'-- Up-to-date symlink: /home/rohan/cobotx/install/nav_bot/share/nav_bot/worlds/meshes/nxt_racks/qr_output/HD-01_C_07.png\n'}
[0.637287] (nav_bot) StdoutLine: {'line': b'-- Up-to-date symlink: /home/rohan/cobotx/install/nav_bot/share/nav_bot/worlds/meshes/nxt_racks/qr_output/HD-01_C_08.png\n'}
[0.637588] (nav_bot) StdoutLine: {'line': b'-- Up-to-date symlink: /home/rohan/cobotx/install/nav_bot/share/nav_bot/worlds/meshes/nxt_racks/qr_output/HD-01_C_09.png\n'}
[0.637817] (nav_bot) StdoutLine: {'line': b'-- Up-to-date symlink: /home/rohan/cobotx/install/nav_bot/share/nav_bot/worlds/meshes/nxt_racks/qr_output/HD-01_C_10.png\n'}
[0.638014] (nav_bot) StdoutLine: {'line': b'-- Up-to-date symlink: /home/rohan/cobotx/install/nav_bot/share/nav_bot/worlds/meshes/nxt_racks/qr_output/HD-01_C_11.png\n'}
[0.638239] (nav_bot) StdoutLine: {'line': b'-- Up-to-date symlink: /home/rohan/cobotx/install/nav_bot/share/nav_bot/worlds/meshes/nxt_racks/qr_output/HD-01_C_12.png\n'}
[0.638519] (nav_bot) StdoutLine: {'line': b'-- Up-to-date symlink: /home/rohan/cobotx/install/nav_bot/share/nav_bot/worlds/meshes/nxt_racks/qr_output/HD-01_C_13.png\n'}
[0.638749] (nav_bot) StdoutLine: {'line': b'-- Up-to-date symlink: /home/rohan/cobotx/install/nav_bot/share/nav_bot/worlds/meshes/nxt_racks/qr_output/HD-01_C_14.png\n'}
[0.639017] (nav_bot) StdoutLine: {'line': b'-- Up-to-date symlink: /home/rohan/cobotx/install/nav_bot/share/nav_bot/worlds/meshes/nxt_racks/qr_output/HD-01_C_15.png\n'}
[0.639237] (nav_bot) StdoutLine: {'line': b'-- Up-to-date symlink: /home/rohan/cobotx/install/nav_bot/share/nav_bot/worlds/meshes/nxt_racks/qr_output/HD-01_C_16.png\n'}
[0.639401] (nav_bot) StdoutLine: {'line': b'-- Up-to-date symlink: /home/rohan/cobotx/install/nav_bot/share/nav_bot/worlds/meshes/nxt_racks/qr_output/HD-01_C_17.png\n'}
[0.639535] (nav_bot) StdoutLine: {'line': b'-- Up-to-date symlink: /home/rohan/cobotx/install/nav_bot/share/nav_bot/worlds/meshes/nxt_racks/qr_output/HD-01_C_18.png\n'}
[0.639670] (nav_bot) StdoutLine: {'line': b'-- Up-to-date symlink: /home/rohan/cobotx/install/nav_bot/share/nav_bot/worlds/meshes/nxt_racks/qr_output/HD-01_C_19.png\n'}
[0.639802] (nav_bot) StdoutLine: {'line': b'-- Up-to-date symlink: /home/rohan/cobotx/install/nav_bot/share/nav_bot/worlds/meshes/nxt_racks/qr_output/HD-01_C_20.png\n'}
[0.639932] (nav_bot) StdoutLine: {'line': b'-- Up-to-date symlink: /home/rohan/cobotx/install/nav_bot/share/nav_bot/worlds/meshes/nxt_racks/qr_output/HD-01_C_21.png\n'}
[0.640065] (nav_bot) StdoutLine: {'line': b'-- Up-to-date symlink: /home/rohan/cobotx/install/nav_bot/share/nav_bot/worlds/meshes/nxt_racks/qr_output/HD-01_C_22.png\n'}
[0.640200] (nav_bot) StdoutLine: {'line': b'-- Up-to-date symlink: /home/rohan/cobotx/install/nav_bot/share/nav_bot/worlds/meshes/nxt_racks/qr_output/HD-01_C_23.png\n'}
[0.640343] (nav_bot) StdoutLine: {'line': b'-- Up-to-date symlink: /home/rohan/cobotx/install/nav_bot/share/nav_bot/worlds/meshes/nxt_racks/qr_output/HD-01_C_24.png\n'}
[0.640486] (nav_bot) StdoutLine: {'line': b'-- Up-to-date symlink: /home/rohan/cobotx/install/nav_bot/share/nav_bot/worlds/meshes/nxt_racks/qr_output/HD-01_C_25.png\n'}
[0.640633] (nav_bot) StdoutLine: {'line': b'-- Up-to-date symlink: /home/rohan/cobotx/install/nav_bot/share/nav_bot/worlds/meshes/nxt_racks/qr_output/HD-01_C_26.png\n'}
[0.640788] (nav_bot) StdoutLine: {'line': b'-- Up-to-date symlink: /home/rohan/cobotx/install/nav_bot/share/nav_bot/worlds/meshes/nxt_racks/qr_output/HD-01_C_27.png\n'}
[0.640923] (nav_bot) StdoutLine: {'line': b'-- Up-to-date symlink: /home/rohan/cobotx/install/nav_bot/share/nav_bot/worlds/meshes/nxt_racks/qr_output/HD-01_C_28.png\n'}
[0.641051] (nav_bot) StdoutLine: {'line': b'-- Up-to-date symlink: /home/rohan/cobotx/install/nav_bot/share/nav_bot/worlds/meshes/nxt_racks/qr_output/HD-01_C_29.png\n'}
[0.641178] (nav_bot) StdoutLine: {'line': b'-- Up-to-date symlink: /home/rohan/cobotx/install/nav_bot/share/nav_bot/worlds/meshes/nxt_racks/qr_output/HD-01_C_30.png\n'}
[0.641300] (nav_bot) StdoutLine: {'line': b'-- Up-to-date symlink: /home/rohan/cobotx/install/nav_bot/share/nav_bot/worlds/meshes/nxt_racks/qr_output/HD-01_C_31.png\n'}
[0.641428] (nav_bot) StdoutLine: {'line': b'-- Up-to-date symlink: /home/rohan/cobotx/install/nav_bot/share/nav_bot/worlds/meshes/nxt_racks/qr_output/HD-01_C_32.png\n'}
[0.641565] (nav_bot) StdoutLine: {'line': b'-- Up-to-date symlink: /home/rohan/cobotx/install/nav_bot/share/nav_bot/worlds/meshes/nxt_racks/qr_output/HD-01_C_33.png\n'}
[0.641711] (nav_bot) StdoutLine: {'line': b'-- Up-to-date symlink: /home/rohan/cobotx/install/nav_bot/share/nav_bot/worlds/meshes/nxt_racks/qr_output/HD-01_C_34.png\n'}
[0.641840] (nav_bot) StdoutLine: {'line': b'-- Up-to-date symlink: /home/rohan/cobotx/install/nav_bot/share/nav_bot/worlds/meshes/nxt_racks/qr_output/HD-01_C_35.png\n'}
[0.641969] (nav_bot) StdoutLine: {'line': b'-- Up-to-date symlink: /home/rohan/cobotx/install/nav_bot/share/nav_bot/worlds/meshes/nxt_racks/qr_output/HD-01_C_36.png\n'}
[0.642095] (nav_bot) StdoutLine: {'line': b'-- Up-to-date symlink: /home/rohan/cobotx/install/nav_bot/share/nav_bot/worlds/meshes/nxt_racks/qr_output/HD-01_C_37.png\n'}
[0.642223] (nav_bot) StdoutLine: {'line': b'-- Up-to-date symlink: /home/rohan/cobotx/install/nav_bot/share/nav_bot/worlds/meshes/nxt_racks/qr_output/HD-01_C_38.png\n'}
[0.642373] (nav_bot) StdoutLine: {'line': b'-- Up-to-date symlink: /home/rohan/cobotx/install/nav_bot/share/nav_bot/worlds/meshes/nxt_racks/qr_output/HD-01_D_01.png\n'}
[0.642509] (nav_bot) StdoutLine: {'line': b'-- Up-to-date symlink: /home/rohan/cobotx/install/nav_bot/share/nav_bot/worlds/meshes/nxt_racks/qr_output/HD-01_D_02.png\n'}
[0.642642] (nav_bot) StdoutLine: {'line': b'-- Up-to-date symlink: /home/rohan/cobotx/install/nav_bot/share/nav_bot/worlds/meshes/nxt_racks/qr_output/HD-01_D_03.png\n'}
[0.642769] (nav_bot) StdoutLine: {'line': b'-- Up-to-date symlink: /home/rohan/cobotx/install/nav_bot/share/nav_bot/worlds/meshes/nxt_racks/qr_output/HD-01_D_04.png\n'}
[0.642894] (nav_bot) StdoutLine: {'line': b'-- Up-to-date symlink: /home/rohan/cobotx/install/nav_bot/share/nav_bot/worlds/meshes/nxt_racks/qr_output/HD-01_D_05.png\n'}
[0.643021] (nav_bot) StdoutLine: {'line': b'-- Up-to-date symlink: /home/rohan/cobotx/install/nav_bot/share/nav_bot/worlds/meshes/nxt_racks/qr_output/HD-01_D_06.png\n'}
[0.643149] (nav_bot) StdoutLine: {'line': b'-- Up-to-date symlink: /home/rohan/cobotx/install/nav_bot/share/nav_bot/worlds/meshes/nxt_racks/qr_output/HD-01_D_07.png\n'}
[0.643277] (nav_bot) StdoutLine: {'line': b'-- Up-to-date symlink: /home/rohan/cobotx/install/nav_bot/share/nav_bot/worlds/meshes/nxt_racks/qr_output/HD-01_D_08.png\n'}
[0.643411] (nav_bot) StdoutLine: {'line': b'-- Up-to-date symlink: /home/rohan/cobotx/install/nav_bot/share/nav_bot/worlds/meshes/nxt_racks/qr_output/HD-01_D_09.png\n'}
[0.643548] (nav_bot) StdoutLine: {'line': b'-- Up-to-date symlink: /home/rohan/cobotx/install/nav_bot/share/nav_bot/worlds/meshes/nxt_racks/qr_output/HD-01_D_10.png\n'}
[0.648778] (nav_bot) StdoutLine: {'line': b'-- Up-to-date symlink: /home/rohan/cobotx/install/nav_bot/share/nav_bot/worlds/meshes/nxt_racks/qr_output/HD-01_D_11.png\n'}
[0.648927] (nav_bot) StdoutLine: {'line': b'-- Up-to-date symlink: /home/rohan/cobotx/install/nav_bot/share/nav_bot/worlds/meshes/nxt_racks/qr_output/HD-01_D_12.png\n'}
[0.649079] (nav_bot) StdoutLine: {'line': b'-- Up-to-date symlink: /home/rohan/cobotx/install/nav_bot/share/nav_bot/worlds/meshes/nxt_racks/qr_output/HD-01_D_13.png\n'}
[0.649233] (nav_bot) StdoutLine: {'line': b'-- Up-to-date symlink: /home/rohan/cobotx/install/nav_bot/share/nav_bot/worlds/meshes/nxt_racks/qr_output/HD-01_D_14.png\n'}
[0.649387] (nav_bot) StdoutLine: {'line': b'-- Up-to-date symlink: /home/rohan/cobotx/install/nav_bot/share/nav_bot/worlds/meshes/nxt_racks/qr_output/HD-01_D_15.png\n'}
[0.649547] (nav_bot) StdoutLine: {'line': b'-- Up-to-date symlink: /home/rohan/cobotx/install/nav_bot/share/nav_bot/worlds/meshes/nxt_racks/qr_output/HD-01_D_16.png\n'}
[0.649704] (nav_bot) StdoutLine: {'line': b'-- Up-to-date symlink: /home/rohan/cobotx/install/nav_bot/share/nav_bot/worlds/meshes/nxt_racks/qr_output/HD-01_D_17.png\n'}
[0.649845] (nav_bot) StdoutLine: {'line': b'-- Up-to-date symlink: /home/rohan/cobotx/install/nav_bot/share/nav_bot/worlds/meshes/nxt_racks/qr_output/HD-01_D_18.png\n'}
[0.649976] (nav_bot) StdoutLine: {'line': b'-- Up-to-date symlink: /home/rohan/cobotx/install/nav_bot/share/nav_bot/worlds/meshes/nxt_racks/qr_output/HD-01_D_19.png\n'}
[0.650109] (nav_bot) StdoutLine: {'line': b'-- Up-to-date symlink: /home/rohan/cobotx/install/nav_bot/share/nav_bot/worlds/meshes/nxt_racks/qr_output/HD-01_D_20.png\n'}
[0.650242] (nav_bot) StdoutLine: {'line': b'-- Up-to-date symlink: /home/rohan/cobotx/install/nav_bot/share/nav_bot/worlds/meshes/nxt_racks/qr_output/HD-01_D_21.png\n'}
[0.650387] (nav_bot) StdoutLine: {'line': b'-- Up-to-date symlink: /home/rohan/cobotx/install/nav_bot/share/nav_bot/worlds/meshes/nxt_racks/qr_output/HD-01_D_22.png\n'}
[0.650521] (nav_bot) StdoutLine: {'line': b'-- Up-to-date symlink: /home/rohan/cobotx/install/nav_bot/share/nav_bot/worlds/meshes/nxt_racks/qr_output/HD-01_D_23.png\n'}
[0.650675] (nav_bot) StdoutLine: {'line': b'-- Up-to-date symlink: /home/rohan/cobotx/install/nav_bot/share/nav_bot/worlds/meshes/nxt_racks/qr_output/HD-01_D_24.png\n'}
[0.650827] (nav_bot) StdoutLine: {'line': b'-- Up-to-date symlink: /home/rohan/cobotx/install/nav_bot/share/nav_bot/worlds/meshes/nxt_racks/qr_output/HD-01_D_25.png\n'}
[0.650954] (nav_bot) StdoutLine: {'line': b'-- Up-to-date symlink: /home/rohan/cobotx/install/nav_bot/share/nav_bot/worlds/meshes/nxt_racks/qr_output/HD-01_D_26.png\n'}
[0.651080] (nav_bot) StdoutLine: {'line': b'-- Up-to-date symlink: /home/rohan/cobotx/install/nav_bot/share/nav_bot/worlds/meshes/nxt_racks/qr_output/HD-01_D_27.png\n'}
[0.651205] (nav_bot) StdoutLine: {'line': b'-- Up-to-date symlink: /home/rohan/cobotx/install/nav_bot/share/nav_bot/worlds/meshes/nxt_racks/qr_output/HD-01_D_28.png\n'}
[0.651337] (nav_bot) StdoutLine: {'line': b'-- Up-to-date symlink: /home/rohan/cobotx/install/nav_bot/share/nav_bot/worlds/meshes/nxt_racks/qr_output/HD-01_D_29.png\n'}
[0.651470] (nav_bot) StdoutLine: {'line': b'-- Up-to-date symlink: /home/rohan/cobotx/install/nav_bot/share/nav_bot/worlds/meshes/nxt_racks/qr_output/HD-01_D_30.png\n'}
[0.651645] (nav_bot) StdoutLine: {'line': b'-- Up-to-date symlink: /home/rohan/cobotx/install/nav_bot/share/nav_bot/worlds/meshes/nxt_racks/qr_output/HD-01_D_31.png\n'}
[0.651780] (nav_bot) StdoutLine: {'line': b'-- Up-to-date symlink: /home/rohan/cobotx/install/nav_bot/share/nav_bot/worlds/meshes/nxt_racks/qr_output/HD-01_D_32.png\n'}
[0.651915] (nav_bot) StdoutLine: {'line': b'-- Up-to-date symlink: /home/rohan/cobotx/install/nav_bot/share/nav_bot/worlds/meshes/nxt_racks/qr_output/HD-01_D_33.png\n'}
[0.652050] (nav_bot) StdoutLine: {'line': b'-- Up-to-date symlink: /home/rohan/cobotx/install/nav_bot/share/nav_bot/worlds/meshes/nxt_racks/qr_output/HD-01_D_34.png\n'}
[0.652184] (nav_bot) StdoutLine: {'line': b'-- Up-to-date symlink: /home/rohan/cobotx/install/nav_bot/share/nav_bot/worlds/meshes/nxt_racks/qr_output/HD-01_D_35.png\n'}
[0.652318] (nav_bot) StdoutLine: {'line': b'-- Up-to-date symlink: /home/rohan/cobotx/install/nav_bot/share/nav_bot/worlds/meshes/nxt_racks/qr_output/HD-01_D_36.png\n'}
[0.652441] (nav_bot) StdoutLine: {'line': b'-- Up-to-date symlink: /home/rohan/cobotx/install/nav_bot/share/nav_bot/worlds/meshes/nxt_racks/qr_output/HD-01_D_37.png\n'}
[0.652574] (nav_bot) StdoutLine: {'line': b'-- Up-to-date symlink: /home/rohan/cobotx/install/nav_bot/share/nav_bot/worlds/meshes/nxt_racks/qr_output/HD-01_D_38.png\n'}
[0.652705] (nav_bot) StdoutLine: {'line': b'-- Up-to-date symlink: /home/rohan/cobotx/install/nav_bot/share/nav_bot/worlds/meshes/nxt_racks/qr_output/HD-01_E_01.png\n'}
[0.652824] (nav_bot) StdoutLine: {'line': b'-- Up-to-date symlink: /home/rohan/cobotx/install/nav_bot/share/nav_bot/worlds/meshes/nxt_racks/qr_output/HD-01_E_02.png\n'}
[0.652956] (nav_bot) StdoutLine: {'line': b'-- Up-to-date symlink: /home/rohan/cobotx/install/nav_bot/share/nav_bot/worlds/meshes/nxt_racks/qr_output/HD-01_E_03.png\n'}
[0.653088] (nav_bot) StdoutLine: {'line': b'-- Up-to-date symlink: /home/rohan/cobotx/install/nav_bot/share/nav_bot/worlds/meshes/nxt_racks/qr_output/HD-01_E_04.png\n'}
[0.653220] (nav_bot) StdoutLine: {'line': b'-- Up-to-date symlink: /home/rohan/cobotx/install/nav_bot/share/nav_bot/worlds/meshes/nxt_racks/qr_output/HD-01_E_05.png\n'}
[0.653352] (nav_bot) StdoutLine: {'line': b'-- Up-to-date symlink: /home/rohan/cobotx/install/nav_bot/share/nav_bot/worlds/meshes/nxt_racks/qr_output/HD-01_E_06.png\n'}
[0.653492] (nav_bot) StdoutLine: {'line': b'-- Up-to-date symlink: /home/rohan/cobotx/install/nav_bot/share/nav_bot/worlds/meshes/nxt_racks/qr_output/HD-01_E_07.png\n'}
[0.653626] (nav_bot) StdoutLine: {'line': b'-- Up-to-date symlink: /home/rohan/cobotx/install/nav_bot/share/nav_bot/worlds/meshes/nxt_racks/qr_output/HD-01_E_08.png\n'}
[0.653753] (nav_bot) StdoutLine: {'line': b'-- Up-to-date symlink: /home/rohan/cobotx/install/nav_bot/share/nav_bot/worlds/meshes/nxt_racks/qr_output/HD-01_E_09.png\n'}
[0.653880] (nav_bot) StdoutLine: {'line': b'-- Up-to-date symlink: /home/rohan/cobotx/install/nav_bot/share/nav_bot/worlds/meshes/nxt_racks/qr_output/HD-01_E_10.png\n'}
[0.654007] (nav_bot) StdoutLine: {'line': b'-- Up-to-date symlink: /home/rohan/cobotx/install/nav_bot/share/nav_bot/worlds/meshes/nxt_racks/qr_output/HD-01_E_11.png\n'}
[0.654135] (nav_bot) StdoutLine: {'line': b'-- Up-to-date symlink: /home/rohan/cobotx/install/nav_bot/share/nav_bot/worlds/meshes/nxt_racks/qr_output/HD-01_E_12.png\n'}
[0.654263] (nav_bot) StdoutLine: {'line': b'-- Up-to-date symlink: /home/rohan/cobotx/install/nav_bot/share/nav_bot/worlds/meshes/nxt_racks/qr_output/HD-01_E_13.png\n'}
[0.654392] (nav_bot) StdoutLine: {'line': b'-- Up-to-date symlink: /home/rohan/cobotx/install/nav_bot/share/nav_bot/worlds/meshes/nxt_racks/qr_output/HD-01_E_14.png\n'}
[0.654527] (nav_bot) StdoutLine: {'line': b'-- Up-to-date symlink: /home/rohan/cobotx/install/nav_bot/share/nav_bot/worlds/meshes/nxt_racks/qr_output/HD-01_E_15.png\n'}
[0.654661] (nav_bot) StdoutLine: {'line': b'-- Up-to-date symlink: /home/rohan/cobotx/install/nav_bot/share/nav_bot/worlds/meshes/nxt_racks/qr_output/HD-01_E_16.png\n'}
[0.654791] (nav_bot) StdoutLine: {'line': b'-- Up-to-date symlink: /home/rohan/cobotx/install/nav_bot/share/nav_bot/worlds/meshes/nxt_racks/qr_output/HD-01_E_17.png\n'}
[0.654917] (nav_bot) StdoutLine: {'line': b'-- Up-to-date symlink: /home/rohan/cobotx/install/nav_bot/share/nav_bot/worlds/meshes/nxt_racks/qr_output/HD-01_E_18.png\n'}
[0.655043] (nav_bot) StdoutLine: {'line': b'-- Up-to-date symlink: /home/rohan/cobotx/install/nav_bot/share/nav_bot/worlds/meshes/nxt_racks/qr_output/HD-01_E_19.png\n'}
[0.655168] (nav_bot) StdoutLine: {'line': b'-- Up-to-date symlink: /home/rohan/cobotx/install/nav_bot/share/nav_bot/worlds/meshes/nxt_racks/qr_output/HD-01_E_20.png\n'}
[0.655296] (nav_bot) StdoutLine: {'line': b'-- Up-to-date symlink: /home/rohan/cobotx/install/nav_bot/share/nav_bot/worlds/meshes/nxt_racks/qr_output/HD-01_E_21.png\n'}
[0.655427] (nav_bot) StdoutLine: {'line': b'-- Up-to-date symlink: /home/rohan/cobotx/install/nav_bot/share/nav_bot/worlds/meshes/nxt_racks/qr_output/HD-01_E_22.png\n'}
[0.655555] (nav_bot) StdoutLine: {'line': b'-- Up-to-date symlink: /home/rohan/cobotx/install/nav_bot/share/nav_bot/worlds/meshes/nxt_racks/qr_output/HD-01_E_23.png\n'}
[0.655689] (nav_bot) StdoutLine: {'line': b'-- Up-to-date symlink: /home/rohan/cobotx/install/nav_bot/share/nav_bot/worlds/meshes/nxt_racks/qr_output/HD-01_E_24.png\n'}
[0.655822] (nav_bot) StdoutLine: {'line': b'-- Up-to-date symlink: /home/rohan/cobotx/install/nav_bot/share/nav_bot/worlds/meshes/nxt_racks/qr_output/HD-01_E_25.png\n'}
[0.655951] (nav_bot) StdoutLine: {'line': b'-- Up-to-date symlink: /home/rohan/cobotx/install/nav_bot/share/nav_bot/worlds/meshes/nxt_racks/qr_output/HD-01_E_26.png\n'}
[0.656079] (nav_bot) StdoutLine: {'line': b'-- Up-to-date symlink: /home/rohan/cobotx/install/nav_bot/share/nav_bot/worlds/meshes/nxt_racks/qr_output/HD-01_E_27.png\n'}
[0.656208] (nav_bot) StdoutLine: {'line': b'-- Up-to-date symlink: /home/rohan/cobotx/install/nav_bot/share/nav_bot/worlds/meshes/nxt_racks/qr_output/HD-01_E_28.png\n'}
[0.656354] (nav_bot) StdoutLine: {'line': b'-- Up-to-date symlink: /home/rohan/cobotx/install/nav_bot/share/nav_bot/worlds/meshes/nxt_racks/qr_output/HD-01_E_29.png\n'}
[0.656494] (nav_bot) StdoutLine: {'line': b'-- Up-to-date symlink: /home/rohan/cobotx/install/nav_bot/share/nav_bot/worlds/meshes/nxt_racks/qr_output/HD-01_E_30.png\n'}
[0.656635] (nav_bot) StdoutLine: {'line': b'-- Up-to-date symlink: /home/rohan/cobotx/install/nav_bot/share/nav_bot/worlds/meshes/nxt_racks/qr_output/HD-01_E_31.png\n'}
[0.656761] (nav_bot) StdoutLine: {'line': b'-- Up-to-date symlink: /home/rohan/cobotx/install/nav_bot/share/nav_bot/worlds/meshes/nxt_racks/qr_output/HD-01_E_32.png\n'}
[0.656889] (nav_bot) StdoutLine: {'line': b'-- Up-to-date symlink: /home/rohan/cobotx/install/nav_bot/share/nav_bot/worlds/meshes/nxt_racks/qr_output/HD-01_E_33.png\n'}
[0.657014] (nav_bot) StdoutLine: {'line': b'-- Up-to-date symlink: /home/rohan/cobotx/install/nav_bot/share/nav_bot/worlds/meshes/nxt_racks/qr_output/HD-01_E_34.png\n'}
[0.657146] (nav_bot) StdoutLine: {'line': b'-- Up-to-date symlink: /home/rohan/cobotx/install/nav_bot/share/nav_bot/worlds/meshes/nxt_racks/qr_output/HD-01_E_35.png\n'}
[0.657278] (nav_bot) StdoutLine: {'line': b'-- Up-to-date symlink: /home/rohan/cobotx/install/nav_bot/share/nav_bot/worlds/meshes/nxt_racks/qr_output/HD-01_E_36.png\n'}
[0.657408] (nav_bot) StdoutLine: {'line': b'-- Up-to-date symlink: /home/rohan/cobotx/install/nav_bot/share/nav_bot/worlds/meshes/nxt_racks/qr_output/HD-01_E_37.png\n'}
[0.657540] (nav_bot) StdoutLine: {'line': b'-- Up-to-date symlink: /home/rohan/cobotx/install/nav_bot/share/nav_bot/worlds/meshes/nxt_racks/qr_output/HD-01_E_38.png\n'}
[0.657677] (nav_bot) StdoutLine: {'line': b'-- Up-to-date symlink: /home/rohan/cobotx/install/nav_bot/share/nav_bot/worlds/meshes/nxt_racks/qr_output/HD-01_F_01.png\n'}
[0.657806] (nav_bot) StdoutLine: {'line': b'-- Up-to-date symlink: /home/rohan/cobotx/install/nav_bot/share/nav_bot/worlds/meshes/nxt_racks/qr_output/HD-01_F_02.png\n'}
[0.657934] (nav_bot) StdoutLine: {'line': b'-- Up-to-date symlink: /home/rohan/cobotx/install/nav_bot/share/nav_bot/worlds/meshes/nxt_racks/qr_output/HD-01_F_03.png\n'}
[0.658061] (nav_bot) StdoutLine: {'line': b'-- Up-to-date symlink: /home/rohan/cobotx/install/nav_bot/share/nav_bot/worlds/meshes/nxt_racks/qr_output/HD-01_F_04.png\n'}
[0.658188] (nav_bot) StdoutLine: {'line': b'-- Up-to-date symlink: /home/rohan/cobotx/install/nav_bot/share/nav_bot/worlds/meshes/nxt_racks/qr_output/HD-01_F_05.png\n'}
[0.658319] (nav_bot) StdoutLine: {'line': b'-- Up-to-date symlink: /home/rohan/cobotx/install/nav_bot/share/nav_bot/worlds/meshes/nxt_racks/qr_output/HD-01_F_06.png\n'}
[0.658458] (nav_bot) StdoutLine: {'line': b'-- Up-to-date symlink: /home/rohan/cobotx/install/nav_bot/share/nav_bot/worlds/meshes/nxt_racks/qr_output/HD-01_F_07.png\n'}
[0.658588] (nav_bot) StdoutLine: {'line': b'-- Up-to-date symlink: /home/rohan/cobotx/install/nav_bot/share/nav_bot/worlds/meshes/nxt_racks/qr_output/HD-01_F_08.png\n'}
[0.658716] (nav_bot) StdoutLine: {'line': b'-- Up-to-date symlink: /home/rohan/cobotx/install/nav_bot/share/nav_bot/worlds/meshes/nxt_racks/qr_output/HD-01_F_09.png\n'}
[0.658842] (nav_bot) StdoutLine: {'line': b'-- Up-to-date symlink: /home/rohan/cobotx/install/nav_bot/share/nav_bot/worlds/meshes/nxt_racks/qr_output/HD-01_F_10.png\n'}
[0.658970] (nav_bot) StdoutLine: {'line': b'-- Up-to-date symlink: /home/rohan/cobotx/install/nav_bot/share/nav_bot/worlds/meshes/nxt_racks/qr_output/HD-01_F_11.png\n'}
[0.659096] (nav_bot) StdoutLine: {'line': b'-- Up-to-date symlink: /home/rohan/cobotx/install/nav_bot/share/nav_bot/worlds/meshes/nxt_racks/qr_output/HD-01_F_12.png\n'}
[0.659225] (nav_bot) StdoutLine: {'line': b'-- Up-to-date symlink: /home/rohan/cobotx/install/nav_bot/share/nav_bot/worlds/meshes/nxt_racks/qr_output/HD-01_F_13.png\n'}
[0.659351] (nav_bot) StdoutLine: {'line': b'-- Up-to-date symlink: /home/rohan/cobotx/install/nav_bot/share/nav_bot/worlds/meshes/nxt_racks/qr_output/HD-01_F_14.png\n'}
[0.659477] (nav_bot) StdoutLine: {'line': b'-- Up-to-date symlink: /home/rohan/cobotx/install/nav_bot/share/nav_bot/worlds/meshes/nxt_racks/qr_output/HD-01_F_15.png\n'}
[0.659611] (nav_bot) StdoutLine: {'line': b'-- Up-to-date symlink: /home/rohan/cobotx/install/nav_bot/share/nav_bot/worlds/meshes/nxt_racks/qr_output/HD-01_F_16.png\n'}
[0.659740] (nav_bot) StdoutLine: {'line': b'-- Up-to-date symlink: /home/rohan/cobotx/install/nav_bot/share/nav_bot/worlds/meshes/nxt_racks/qr_output/HD-01_F_17.png\n'}
[0.660018] (nav_bot) StdoutLine: {'line': b'-- Up-to-date symlink: /home/rohan/cobotx/install/nav_bot/share/nav_bot/worlds/meshes/nxt_racks/qr_output/HD-01_F_18.png\n'}
[0.660287] (nav_bot) StdoutLine: {'line': b'-- Up-to-date symlink: /home/rohan/cobotx/install/nav_bot/share/nav_bot/worlds/meshes/nxt_racks/qr_output/HD-01_F_19.png\n'}
[0.660558] (nav_bot) StdoutLine: {'line': b'-- Up-to-date symlink: /home/rohan/cobotx/install/nav_bot/share/nav_bot/worlds/meshes/nxt_racks/qr_output/HD-01_F_20.png\n'}
[0.660825] (nav_bot) StdoutLine: {'line': b'-- Up-to-date symlink: /home/rohan/cobotx/install/nav_bot/share/nav_bot/worlds/meshes/nxt_racks/qr_output/HD-01_F_21.png\n'}
[0.661049] (nav_bot) StdoutLine: {'line': b'-- Up-to-date symlink: /home/rohan/cobotx/install/nav_bot/share/nav_bot/worlds/meshes/nxt_racks/qr_output/HD-01_F_22.png\n'}
[0.661298] (nav_bot) StdoutLine: {'line': b'-- Up-to-date symlink: /home/rohan/cobotx/install/nav_bot/share/nav_bot/worlds/meshes/nxt_racks/qr_output/HD-01_F_23.png\n'}
[0.661531] (nav_bot) StdoutLine: {'line': b'-- Up-to-date symlink: /home/rohan/cobotx/install/nav_bot/share/nav_bot/worlds/meshes/nxt_racks/qr_output/HD-01_F_24.png\n'}
[0.661753] (nav_bot) StdoutLine: {'line': b'-- Up-to-date symlink: /home/rohan/cobotx/install/nav_bot/share/nav_bot/worlds/meshes/nxt_racks/qr_output/HD-01_F_25.png\n'}
[0.661972] (nav_bot) StdoutLine: {'line': b'-- Up-to-date symlink: /home/rohan/cobotx/install/nav_bot/share/nav_bot/worlds/meshes/nxt_racks/qr_output/HD-01_F_26.png\n'}
[0.662188] (nav_bot) StdoutLine: {'line': b'-- Up-to-date symlink: /home/rohan/cobotx/install/nav_bot/share/nav_bot/worlds/meshes/nxt_racks/qr_output/HD-01_F_27.png\n'}
[0.662409] (nav_bot) StdoutLine: {'line': b'-- Up-to-date symlink: /home/rohan/cobotx/install/nav_bot/share/nav_bot/worlds/meshes/nxt_racks/qr_output/HD-01_F_28.png\n'}
[0.662596] (nav_bot) StdoutLine: {'line': b'-- Up-to-date symlink: /home/rohan/cobotx/install/nav_bot/share/nav_bot/worlds/meshes/nxt_racks/qr_output/HD-01_F_29.png\n'}
[0.662709] (nav_bot) StdoutLine: {'line': b'-- Up-to-date symlink: /home/rohan/cobotx/install/nav_bot/share/nav_bot/worlds/meshes/nxt_racks/qr_output/HD-01_F_30.png\n'}
[0.662870] (nav_bot) StdoutLine: {'line': b'-- Up-to-date symlink: /home/rohan/cobotx/install/nav_bot/share/nav_bot/worlds/meshes/nxt_racks/qr_output/HD-01_F_31.png\n'}
[0.662985] (nav_bot) StdoutLine: {'line': b'-- Up-to-date symlink: /home/rohan/cobotx/install/nav_bot/share/nav_bot/worlds/meshes/nxt_racks/qr_output/HD-01_F_32.png\n'}
[0.663137] (nav_bot) StdoutLine: {'line': b'-- Up-to-date symlink: /home/rohan/cobotx/install/nav_bot/share/nav_bot/worlds/meshes/nxt_racks/qr_output/HD-01_F_33.png\n'}
[0.663252] (nav_bot) StdoutLine: {'line': b'-- Up-to-date symlink: /home/rohan/cobotx/install/nav_bot/share/nav_bot/worlds/meshes/nxt_racks/qr_output/HD-01_F_34.png\n'}
[0.663401] (nav_bot) StdoutLine: {'line': b'-- Up-to-date symlink: /home/rohan/cobotx/install/nav_bot/share/nav_bot/worlds/meshes/nxt_racks/qr_output/HD-01_F_35.png\n'}
[0.663536] (nav_bot) StdoutLine: {'line': b'-- Up-to-date symlink: /home/rohan/cobotx/install/nav_bot/share/nav_bot/worlds/meshes/nxt_racks/qr_output/HD-01_F_36.png\n'}
[0.663639] (nav_bot) StdoutLine: {'line': b'-- Up-to-date symlink: /home/rohan/cobotx/install/nav_bot/share/nav_bot/worlds/meshes/nxt_racks/qr_output/HD-01_F_37.png\n'}
[0.663766] (nav_bot) StdoutLine: {'line': b'-- Up-to-date symlink: /home/rohan/cobotx/install/nav_bot/share/nav_bot/worlds/meshes/nxt_racks/qr_output/HD-01_F_38.png\n'}
[0.663897] (nav_bot) StdoutLine: {'line': b'-- Up-to-date symlink: /home/rohan/cobotx/install/nav_bot/share/nav_bot/worlds/meshes/nxt_racks/qr_output/HD-01_G_01.png\n'}
[0.664024] (nav_bot) StdoutLine: {'line': b'-- Up-to-date symlink: /home/rohan/cobotx/install/nav_bot/share/nav_bot/worlds/meshes/nxt_racks/qr_output/HD-01_G_02.png\n'}
[0.664151] (nav_bot) StdoutLine: {'line': b'-- Up-to-date symlink: /home/rohan/cobotx/install/nav_bot/share/nav_bot/worlds/meshes/nxt_racks/qr_output/HD-01_G_03.png\n'}
[0.664312] (nav_bot) StdoutLine: {'line': b'-- Up-to-date symlink: /home/rohan/cobotx/install/nav_bot/share/nav_bot/worlds/meshes/nxt_racks/qr_output/HD-01_G_04.png\n'}
[0.664457] (nav_bot) StdoutLine: {'line': b'-- Up-to-date symlink: /home/rohan/cobotx/install/nav_bot/share/nav_bot/worlds/meshes/nxt_racks/qr_output/HD-01_G_05.png\n'}
[0.664597] (nav_bot) StdoutLine: {'line': b'-- Up-to-date symlink: /home/rohan/cobotx/install/nav_bot/share/nav_bot/worlds/meshes/nxt_racks/qr_output/HD-01_G_06.png\n'}
[0.664733] (nav_bot) StdoutLine: {'line': b'-- Up-to-date symlink: /home/rohan/cobotx/install/nav_bot/share/nav_bot/worlds/meshes/nxt_racks/qr_output/HD-01_G_07.png\n'}
[0.664848] (nav_bot) StdoutLine: {'line': b'-- Up-to-date symlink: /home/rohan/cobotx/install/nav_bot/share/nav_bot/worlds/meshes/nxt_racks/qr_output/HD-01_G_08.png\n'}
[0.664977] (nav_bot) StdoutLine: {'line': b'-- Up-to-date symlink: /home/rohan/cobotx/install/nav_bot/share/nav_bot/worlds/meshes/nxt_racks/qr_output/HD-01_G_09.png\n'}
[0.665102] (nav_bot) StdoutLine: {'line': b'-- Up-to-date symlink: /home/rohan/cobotx/install/nav_bot/share/nav_bot/worlds/meshes/nxt_racks/qr_output/HD-01_G_10.png\n'}
[0.665227] (nav_bot) StdoutLine: {'line': b'-- Up-to-date symlink: /home/rohan/cobotx/install/nav_bot/share/nav_bot/worlds/meshes/nxt_racks/qr_output/HD-01_G_11.png\n'}
[0.665356] (nav_bot) StdoutLine: {'line': b'-- Up-to-date symlink: /home/rohan/cobotx/install/nav_bot/share/nav_bot/worlds/meshes/nxt_racks/qr_output/HD-01_G_12.png\n'}
[0.665494] (nav_bot) StdoutLine: {'line': b'-- Up-to-date symlink: /home/rohan/cobotx/install/nav_bot/share/nav_bot/worlds/meshes/nxt_racks/qr_output/HD-01_G_13.png\n'}
[0.665627] (nav_bot) StdoutLine: {'line': b'-- Up-to-date symlink: /home/rohan/cobotx/install/nav_bot/share/nav_bot/worlds/meshes/nxt_racks/qr_output/HD-01_G_14.png\n'}
[0.665756] (nav_bot) StdoutLine: {'line': b'-- Up-to-date symlink: /home/rohan/cobotx/install/nav_bot/share/nav_bot/worlds/meshes/nxt_racks/qr_output/HD-01_G_15.png\n'}
[0.665881] (nav_bot) StdoutLine: {'line': b'-- Up-to-date symlink: /home/rohan/cobotx/install/nav_bot/share/nav_bot/worlds/meshes/nxt_racks/qr_output/HD-01_G_16.png\n'}
[0.666009] (nav_bot) StdoutLine: {'line': b'-- Up-to-date symlink: /home/rohan/cobotx/install/nav_bot/share/nav_bot/worlds/meshes/nxt_racks/qr_output/HD-01_G_17.png\n'}
[0.666136] (nav_bot) StdoutLine: {'line': b'-- Up-to-date symlink: /home/rohan/cobotx/install/nav_bot/share/nav_bot/worlds/meshes/nxt_racks/qr_output/HD-01_G_18.png\n'}
[0.666269] (nav_bot) StdoutLine: {'line': b'-- Up-to-date symlink: /home/rohan/cobotx/install/nav_bot/share/nav_bot/worlds/meshes/nxt_racks/qr_output/HD-01_G_19.png\n'}
[0.666404] (nav_bot) StdoutLine: {'line': b'-- Up-to-date symlink: /home/rohan/cobotx/install/nav_bot/share/nav_bot/worlds/meshes/nxt_racks/qr_output/HD-01_G_20.png\n'}
[0.666539] (nav_bot) StdoutLine: {'line': b'-- Up-to-date symlink: /home/rohan/cobotx/install/nav_bot/share/nav_bot/worlds/meshes/nxt_racks/qr_output/HD-01_G_21.png\n'}
[0.666688] (nav_bot) StdoutLine: {'line': b'-- Up-to-date symlink: /home/rohan/cobotx/install/nav_bot/share/nav_bot/worlds/meshes/nxt_racks/qr_output/HD-01_G_22.png\n'}
[0.666814] (nav_bot) StdoutLine: {'line': b'-- Up-to-date symlink: /home/rohan/cobotx/install/nav_bot/share/nav_bot/worlds/meshes/nxt_racks/qr_output/HD-01_G_23.png\n'}
[0.666940] (nav_bot) StdoutLine: {'line': b'-- Up-to-date symlink: /home/rohan/cobotx/install/nav_bot/share/nav_bot/worlds/meshes/nxt_racks/qr_output/HD-01_G_24.png\n'}
[0.667064] (nav_bot) StdoutLine: {'line': b'-- Up-to-date symlink: /home/rohan/cobotx/install/nav_bot/share/nav_bot/worlds/meshes/nxt_racks/qr_output/HD-01_G_25.png\n'}
[0.667192] (nav_bot) StdoutLine: {'line': b'-- Up-to-date symlink: /home/rohan/cobotx/install/nav_bot/share/nav_bot/worlds/meshes/nxt_racks/qr_output/HD-01_G_26.png\n'}
[0.667318] (nav_bot) StdoutLine: {'line': b'-- Up-to-date symlink: /home/rohan/cobotx/install/nav_bot/share/nav_bot/worlds/meshes/nxt_racks/qr_output/HD-01_G_27.png\n'}
[0.667444] (nav_bot) StdoutLine: {'line': b'-- Up-to-date symlink: /home/rohan/cobotx/install/nav_bot/share/nav_bot/worlds/meshes/nxt_racks/qr_output/HD-01_G_28.png\n'}
[0.667581] (nav_bot) StdoutLine: {'line': b'-- Up-to-date symlink: /home/rohan/cobotx/install/nav_bot/share/nav_bot/worlds/meshes/nxt_racks/qr_output/HD-01_G_29.png\n'}
[0.667711] (nav_bot) StdoutLine: {'line': b'-- Up-to-date symlink: /home/rohan/cobotx/install/nav_bot/share/nav_bot/worlds/meshes/nxt_racks/qr_output/HD-01_G_30.png\n'}
[0.667838] (nav_bot) StdoutLine: {'line': b'-- Up-to-date symlink: /home/rohan/cobotx/install/nav_bot/share/nav_bot/worlds/meshes/nxt_racks/qr_output/HD-01_G_31.png\n'}
[0.667966] (nav_bot) StdoutLine: {'line': b'-- Up-to-date symlink: /home/rohan/cobotx/install/nav_bot/share/nav_bot/worlds/meshes/nxt_racks/qr_output/HD-01_G_32.png\n'}
[0.668099] (nav_bot) StdoutLine: {'line': b'-- Up-to-date symlink: /home/rohan/cobotx/install/nav_bot/share/nav_bot/worlds/meshes/nxt_racks/qr_output/HD-01_G_33.png\n'}
[0.668233] (nav_bot) StdoutLine: {'line': b'-- Up-to-date symlink: /home/rohan/cobotx/install/nav_bot/share/nav_bot/worlds/meshes/nxt_racks/qr_output/HD-01_G_34.png\n'}
[0.668361] (nav_bot) StdoutLine: {'line': b'-- Up-to-date symlink: /home/rohan/cobotx/install/nav_bot/share/nav_bot/worlds/meshes/nxt_racks/qr_output/HD-01_G_35.png\n'}
[0.668496] (nav_bot) StdoutLine: {'line': b'-- Up-to-date symlink: /home/rohan/cobotx/install/nav_bot/share/nav_bot/worlds/meshes/nxt_racks/qr_output/HD-01_G_36.png\n'}
[0.668629] (nav_bot) StdoutLine: {'line': b'-- Up-to-date symlink: /home/rohan/cobotx/install/nav_bot/share/nav_bot/worlds/meshes/nxt_racks/qr_output/HD-01_G_37.png\n'}
[0.668756] (nav_bot) StdoutLine: {'line': b'-- Up-to-date symlink: /home/rohan/cobotx/install/nav_bot/share/nav_bot/worlds/meshes/nxt_racks/qr_output/HD-01_G_38.png\n'}
[0.668885] (nav_bot) StdoutLine: {'line': b'-- Up-to-date symlink: /home/rohan/cobotx/install/nav_bot/share/nav_bot/worlds/meshes/nxt_racks/rack.dae\n'}
[0.669014] (nav_bot) StdoutLine: {'line': b'-- Up-to-date symlink: /home/rohan/cobotx/install/nav_bot/share/nav_bot/worlds/meshes/nxt_racks/right.png\n'}
[0.669107] (nav_bot) StdoutLine: {'line': b'-- Up-to-date symlink: /home/rohan/cobotx/install/nav_bot/share/nav_bot/worlds/obstacle_world.sdf\n'}
[0.669187] (nav_bot) StdoutLine: {'line': b'-- Up-to-date symlink: /home/rohan/cobotx/install/nav_bot/share/nav_bot/worlds/warehouse.sdf\n'}
[0.669269] (nav_bot) StdoutLine: {'line': b'-- Up-to-date symlink: /home/rohan/cobotx/install/nav_bot/share/nav_bot/worlds/warehouse_1.sdf\n'}
[0.669350] (nav_bot) StdoutLine: {'line': b'-- Up-to-date symlink: /home/rohan/cobotx/install/nav_bot/share/nav_bot/worlds/world.sdf\n'}
[0.669600] (nav_bot) StdoutLine: {'line': b'-- Up-to-date symlink: /home/rohan/cobotx/install/nav_bot/share/nav_bot/environment/pythonpath.sh\n'}
[0.669773] (nav_bot) StdoutLine: {'line': b'-- Up-to-date symlink: /home/rohan/cobotx/install/nav_bot/share/nav_bot/environment/pythonpath.dsv\n'}
[0.670021] (nav_bot) StdoutLine: {'line': b'-- Up-to-date symlink: /home/rohan/cobotx/install/nav_bot/local/lib/python3.10/dist-packages/scripts-0.0.0-py3.10.egg-info/PKG-INFO\n'}
[0.670167] (nav_bot) StdoutLine: {'line': b'-- Up-to-date symlink: /home/rohan/cobotx/install/nav_bot/local/lib/python3.10/dist-packages/scripts-0.0.0-py3.10.egg-info/SOURCES.txt\n'}
[0.670307] (nav_bot) StdoutLine: {'line': b'-- Up-to-date symlink: /home/rohan/cobotx/install/nav_bot/local/lib/python3.10/dist-packages/scripts-0.0.0-py3.10.egg-info/dependency_links.txt\n'}
[0.670450] (nav_bot) StdoutLine: {'line': b'-- Up-to-date symlink: /home/rohan/cobotx/install/nav_bot/local/lib/python3.10/dist-packages/scripts-0.0.0-py3.10.egg-info/top_level.txt\n'}
[0.670747] (nav_bot) StdoutLine: {'line': b'-- Up-to-date symlink: /home/rohan/cobotx/install/nav_bot/local/lib/python3.10/dist-packages/scripts/__init__.py\n'}
[0.670877] (nav_bot) StdoutLine: {'line': b'-- Up-to-date symlink: /home/rohan/cobotx/install/nav_bot/local/lib/python3.10/dist-packages/scripts/multi_robot_teleop.py\n'}
[0.670970] (nav_bot) StdoutLine: {'line': b'-- Up-to-date symlink: /home/rohan/cobotx/install/nav_bot/local/lib/python3.10/dist-packages/scripts/object_detection.py\n'}
[0.671057] (nav_bot) StdoutLine: {'line': b'-- Up-to-date symlink: /home/rohan/cobotx/install/nav_bot/local/lib/python3.10/dist-packages/scripts/utils.py\n'}
[0.671211] (nav_bot) StdoutLine: {'line': b'-- Up-to-date symlink: /home/rohan/cobotx/install/nav_bot/lib/nav_bot/multi_robot_teleop.py\n'}
[0.671304] (nav_bot) StdoutLine: {'line': b'-- Up-to-date symlink: /home/rohan/cobotx/install/nav_bot/lib/nav_bot/object_detection.py\n'}
[0.671433] (nav_bot) StdoutLine: {'line': b'-- Up-to-date symlink: /home/rohan/cobotx/install/nav_bot/share/ament_index/resource_index/package_run_dependencies/nav_bot\n'}
[0.671604] (nav_bot) StdoutLine: {'line': b'-- Up-to-date symlink: /home/rohan/cobotx/install/nav_bot/share/ament_index/resource_index/parent_prefix_path/nav_bot\n'}
[0.671756] (nav_bot) StdoutLine: {'line': b'-- Up-to-date symlink: /home/rohan/cobotx/install/nav_bot/share/nav_bot/environment/ament_prefix_path.sh\n'}
[0.671900] (nav_bot) StdoutLine: {'line': b'-- Up-to-date symlink: /home/rohan/cobotx/install/nav_bot/share/nav_bot/environment/ament_prefix_path.dsv\n'}
[0.672057] (nav_bot) StdoutLine: {'line': b'-- Up-to-date symlink: /home/rohan/cobotx/install/nav_bot/share/nav_bot/environment/path.sh\n'}
[0.672207] (nav_bot) StdoutLine: {'line': b'-- Up-to-date symlink: /home/rohan/cobotx/install/nav_bot/share/nav_bot/environment/path.dsv\n'}
[0.672354] (nav_bot) StdoutLine: {'line': b'-- Up-to-date symlink: /home/rohan/cobotx/install/nav_bot/share/nav_bot/local_setup.bash\n'}
[0.672507] (nav_bot) StdoutLine: {'line': b'-- Up-to-date symlink: /home/rohan/cobotx/install/nav_bot/share/nav_bot/local_setup.sh\n'}
[0.672654] (nav_bot) StdoutLine: {'line': b'-- Up-to-date symlink: /home/rohan/cobotx/install/nav_bot/share/nav_bot/local_setup.zsh\n'}
[0.672799] (nav_bot) StdoutLine: {'line': b'-- Up-to-date symlink: /home/rohan/cobotx/install/nav_bot/share/nav_bot/local_setup.dsv\n'}
[0.672875] (nav_bot) StdoutLine: {'line': b'-- Symlinking: /home/rohan/cobotx/install/nav_bot/share/nav_bot/package.dsv\n'}
[0.683101] (nav_bot) StdoutLine: {'line': b'-- Up-to-date symlink: /home/rohan/cobotx/install/nav_bot/share/ament_index/resource_index/packages/nav_bot\n'}
[0.683276] (nav_bot) StdoutLine: {'line': b'-- Up-to-date symlink: /home/rohan/cobotx/install/nav_bot/share/nav_bot/cmake/nav_botConfig.cmake\n'}
[0.683437] (nav_bot) StdoutLine: {'line': b'-- Up-to-date symlink: /home/rohan/cobotx/install/nav_bot/share/nav_bot/cmake/nav_botConfig-version.cmake\n'}
[0.683577] (nav_bot) StdoutLine: {'line': b'-- Up-to-date symlink: /home/rohan/cobotx/install/nav_bot/share/nav_bot/package.xml\n'}
[0.700541] (-) TimerEvent: {}
[0.716223] (nav_bot) StdoutLine: {'line': b"Listing '/home/rohan/cobotx/install/nav_bot/local/lib/python3.10/dist-packages/scripts'...\n"}
[0.716395] (nav_bot) StdoutLine: {'line': b"Compiling '/home/rohan/cobotx/install/nav_bot/local/lib/python3.10/dist-packages/scripts/object_detection.py'...\n"}
[0.722341] (nav_bot) CommandEnded: {'returncode': 0}
[0.751942] (nav_bot) JobEnded: {'identifier': 'nav_bot', 'rc': 0}
[0.752498] (-) EventReactorShutdown: {}
