[0.000000] (-) TimerEvent: {}
[0.000607] (nav_bot) JobQueued: {'identifier': 'nav_bot', 'dependencies': OrderedDict()}
[0.000659] (nav_bot) JobStarted: {'identifier': 'nav_bot'}
[0.010282] (nav_bot) JobProgress: {'identifier': 'nav_bot', 'progress': 'cmake'}
[0.010889] (nav_bot) JobProgress: {'identifier': 'nav_bot', 'progress': 'build'}
[0.011496] (nav_bot) Command: {'cmd': ['/usr/bin/cmake', '--build', '/home/rohan/cobotx/build/nav_bot', '--', '-j16', '-l16'], 'cwd': '/home/rohan/cobotx/build/nav_bot', 'env': OrderedDict([('GJS_DEBUG_TOPICS', 'JS ERROR;JS LOG'), ('PYTHON_BASIC_REPL', '1'), ('LESSOPEN', '| /usr/bin/lesspipe %s'), ('GZ_SIM_RESOURCE_PATH', ':/opt/ros/humble/share/ros_gz_sim_demos/models:/opt/ros/humble/share/ros_gz_sim_demos/models'), ('LANGUAGE', 'en_IN:en'), ('USER', 'rohan'), ('XDG_SESSION_TYPE', 'wayland'), ('GIT_ASKPASS', '/usr/share/code/resources/app/extensions/git/dist/askpass.sh'), ('SHLVL', '1'), ('LD_LIBRARY_PATH', '/usr/local/lib:/usr/local/lib:/usr/lib/x86_64-linux-gnu/gazebo-11/plugins:/opt/ros/humble/opt/rviz_ogre_vendor/lib:/opt/ros/humble/lib/x86_64-linux-gnu:/opt/ros/humble/lib:/usr/lib/x86_64-linux-gnu/gazebo-11/plugins::/usr/lib/x86_64-linux-gnu/gazebo-11/plugins:/usr/lib/x86_64-linux-gnu/gazebo-11/plugins::/usr/lib/x86_64-linux-gnu/gazebo-11/plugins:/usr/lib/x86_64-linux-gnu/gazebo-11/plugins:/usr/lib/x86_64-linux-gnu/gazebo-11/plugins::/usr/lib/x86_64-linux-gnu/gazebo-11/plugins:/usr/lib/x86_64-linux-gnu/gazebo-11/plugins:/usr/lib/x86_64-linux-gnu/gazebo-11/plugins:/usr/lib/x86_64-linux-gnu/gazebo-11/plugins:'), ('HOME', '/home/rohan'), ('CHROME_DESKTOP', 'code.desktop'), ('TERM_PROGRAM_VERSION', '1.112.0'), ('DESKTOP_SESSION', 'ubuntu'), ('GIO_LAUNCHED_DESKTOP_FILE', '/usr/share/applications/code.desktop'), ('GAZEBO_MASTER_URI', 'http://localhost:11345'), ('ROS_PYTHON_VERSION', '3'), ('GNOME_SHELL_SESSION_MODE', 'ubuntu'), ('GTK_MODULES', 'gail:atk-bridge'), ('VSCODE_GIT_ASKPASS_MAIN', '/usr/share/code/resources/app/extensions/git/dist/askpass-main.js'), ('VSCODE_GIT_ASKPASS_NODE', '/usr/share/code/code'), ('MANAGERPID', '1546'), ('PYDEVD_DISABLE_FILE_VALIDATION', '1'), ('SYSTEMD_EXEC_PID', '1722'), ('BUNDLED_DEBUGPY_PATH', '/home/rohan/.vscode/extensions/ms-python.debugpy-2025.18.0-linux-x64/bundled/libs/debugpy'), ('IM_CONFIG_CHECK_ENV', '1'), ('VSCODE_PYTHON_AUTOACTIVATE_GUARD', '1'), ('DBUS_SESSION_BUS_ADDRESS', 'unix:path=/run/user/1000/bus'), ('COLORTERM', 'truecolor'), ('GIO_LAUNCHED_DESKTOP_FILE_PID', '6449'), ('IM_CONFIG_PHASE', '1'), ('WAYLAND_DISPLAY', 'wayland-0'), ('COLCON_PREFIX_PATH', '/home/rohan/cobotx/install'), ('ROS_DISTRO', 'humble'), ('LOGNAME', 'rohan'), ('JOURNAL_STREAM', '8:16277'), ('_', '/usr/bin/colcon'), ('ROS_VERSION', '2'), ('CLAUDE_CODE_SSE_PORT', '23054'), ('XDG_SESSION_CLASS', 'user'), ('USERNAME', 'rohan'), ('TERM', 'xterm-256color'), ('GAZEBO_MODEL_PATH', '/usr/share/gazebo-11/models:/usr/share/gazebo-11/models:/usr/share/gazebo-11/models:/usr/share/gazebo-11/models::/trial/src/my_bot/urdf/my_bot.urdf:home/rohan/gazebo11_models/models:/trial/src/my_bot/urdf/my_bot.urdf:home/rohan/gazebo11_models/models'), ('GNOME_DESKTOP_SESSION_ID', 'this-is-deprecated'), ('FC_FONTATIONS', '1'), ('ROS_LOCALHOST_ONLY', '0'), ('OGRE_RESOURCE_PATH', '/usr/lib/x86_64-linux-gnu/OGRE-1.9.0'), ('PATH', '/home/rohan/.config/Code/User/globalStorage/github.copilot-chat/debugCommand:/home/rohan/.config/Code/User/globalStorage/github.copilot-chat/copilotCli:/home/rohan/.local/bin:/opt/ros/humble/bin:/home/rohan/.local/bin:/usr/local/sbin:/usr/local/bin:/usr/sbin:/usr/bin:/sbin:/bin:/usr/games:/usr/local/games:/snap/bin:/snap/bin:/opt/ros/humble/share/gazebo_dev/gz/bin:/opt/xtensa-esp-elf/bin/:/opt/xtensa-esp-elf/bin/:/home/rohan/.vscode/extensions/ms-python.debugpy-2025.18.0-linux-x64/bundled/scripts/noConfigScripts:/opt/ros/humble/share/gazebo_dev/gz/bin:/opt/xtensa-esp-elf/bin/:/opt/xtensa-esp-elf/bin/'), ('SESSION_MANAGER', 'local/rohan-IdeaPad-Gaming-3-15ACH6:@/tmp/.ICE-unix/1686,unix/rohan-IdeaPad-Gaming-3-15ACH6:/tmp/.ICE-unix/1686'), ('INVOCATION_ID', 'f0be94935e6e4ae4ad7499dae6035c9d'), ('XDG_MENU_PREFIX', 'gnome-'), ('GNOME_SETUP_DISPLAY', ':1'), ('XDG_RUNTIME_DIR', '/run/user/1000'), ('GDK_BACKEND', 'wayland'), ('DISPLAY', ':0'), ('VSCODE_DEBUGPY_ADAPTER_ENDPOINTS', '/home/rohan/.vscode/extensions/ms-python.debugpy-2025.18.0-linux-x64/.noConfigDebugAdapterEndpoints/endpoint-b75deebb94fba710.txt'), ('LANG', 'en_US.UTF-8'), ('XDG_CURRENT_DESKTOP', 'ubuntu:GNOME'), ('PYTHONSTARTUP', '/home/rohan/.config/Code/User/workspaceStorage/99f73eee95fb8c5f9c1d66af55c24b55/ms-python.python/pythonrc.py'), ('RMW_IMPLEMENTATION', 'rmw_cyclonedds_cpp'), ('XMODIFIERS', '@im=ibus'), ('XDG_SESSION_DESKTOP', 'ubuntu'), ('XAUTHORITY', '/run/user/1000/.mutter-Xwaylandauth.ZF08M3'), ('LS_COLORS', 'rs=0:di=01;34:ln=01;36:mh=00:pi=40;33:so=01;35:do=01;35:bd=40;33;01:cd=40;33;01:or=40;31;01:mi=00:su=37;41:sg=30;43:ca=30;41:tw=30;42:ow=34;42:st=37;44:ex=01;32:*.tar=01;31:*.tgz=01;31:*.arc=01;31:*.arj=01;31:*.taz=01;31:*.lha=01;31:*.lz4=01;31:*.lzh=01;31:*.lzma=01;31:*.tlz=01;31:*.txz=01;31:*.tzo=01;31:*.t7z=01;31:*.zip=01;31:*.z=01;31:*.dz=01;31:*.gz=01;31:*.lrz=01;31:*.lz=01;31:*.lzo=01;31:*.xz=01;31:*.zst=01;31:*.tzst=01;31:*.bz2=01;31:*.bz=01;31:*.tbz=01;31:*.tbz2=01;31:*.tz=01;31:*.deb=01;31:*.rpm=01;31:*.jar=01;31:*.war=01;31:*.ear=01;31:*.sar=01;31:*.rar=01;31:*.alz=01;31:*.ace=01;31:*.zoo=01;31:*.cpio=01;31:*.7z=01;31:*.rz=01;31:*.cab=01;31:*.wim=01;31:*.swm=01;31:*.dwm=01;31:*.esd=01;31:*.jpg=01;35:*.jpeg=01;35:*.mjpg=01;35:*.mjpeg=01;35:*.gif=01;35:*.bmp=01;35:*.pbm=01;35:*.pgm=01;35:*.ppm=01;35:*.tga=01;35:*.xbm=01;35:*.xpm=01;35:*.tif=01;35:*.tiff=01;35:*.png=01;35:*.svg=01;35:*.svgz=01;35:*.mng=01;35:*.pcx=01;35:*.mov=01;35:*.mpg=01;35:*.mpeg=01;35:*.m2v=01;35:*.mkv=01;35:*.webm=01;35:*.webp=01;35:*.ogm=01;35:*.mp4=01;35:*.m4v=01;35:*.mp4v=01;35:*.vob=01;35:*.qt=01;35:*.nuv=01;35:*.wmv=01;35:*.asf=01;35:*.rm=01;35:*.rmvb=01;35:*.flc=01;35:*.avi=01;35:*.fli=01;35:*.flv=01;35:*.gl=01;35:*.dl=01;35:*.xcf=01;35:*.xwd=01;35:*.yuv=01;35:*.cgm=01;35:*.emf=01;35:*.ogv=01;35:*.ogx=01;35:*.aac=00;36:*.au=00;36:*.flac=00;36:*.m4a=00;36:*.mid=00;36:*.midi=00;36:*.mka=00;36:*.mp3=00;36:*.mpc=00;36:*.ogg=00;36:*.ra=00;36:*.wav=00;36:*.oga=00;36:*.opus=00;36:*.spx=00;36:*.xspf=00;36:'), ('VSCODE_GIT_IPC_HANDLE', '/run/user/1000/vscode-git-330fa3cde8.sock'), ('TERM_PROGRAM', 'vscode'), ('SSH_AGENT_LAUNCHER', 'gnome-keyring'), ('SSH_AUTH_SOCK', '/run/user/1000/keyring/ssh'), ('ROS_DOMAIN_ID', '0'), ('AMENT_PREFIX_PATH', '/home/rohan/cobotx/install/nav_bot:/opt/ros/humble'), ('SHELL', '/bin/bash'), ('QT_ACCESSIBILITY', '1'), ('GDMSESSION', 'ubuntu'), ('LESSCLOSE', '/usr/bin/lesspipe %s %s'), ('IGN_GAZEBO_RESOURCE_PATH', ':/home/rohan/cobotx/src/nav_bot/models:/home/rohan/cobotx/src/nav_bot/models'), ('GAZEBO_RESOURCE_PATH', '/usr/share/gazebo-11:/usr/share/gazebo-11:/usr/share/gazebo-11:/usr/share/gazebo-11::home/rohan/gazebo11_models/worlds:home/rohan/gazebo11_models/worlds'), ('GJS_DEBUG_OUTPUT', 'stderr'), ('GZ_VERSION', 'harmonic'), ('GAZEBO_MODEL_DATABASE_URI', 'http://models.gazebosim.org'), ('VSCODE_GIT_ASKPASS_EXTRA_ARGS', ''), ('QT_IM_MODULE', 'ibus'), ('PWD', '/home/rohan/cobotx/build/nav_bot'), ('QT_QPA_PLATFORM', 'xcb'), ('TURTLEBOT3_MODEL', 'waffle'), ('LC_ALL', 'en_US.UTF-8'), ('XDG_CONFIG_DIRS', '/etc/xdg/xdg-ubuntu:/etc/xdg'), ('GAZEBO_PLUGIN_PATH', '/usr/lib/x86_64-linux-gnu/gazebo-11/plugins:/usr/lib/x86_64-linux-gnu/gazebo-11/plugins:/usr/lib/x86_64-linux-gnu/gazebo-11/plugins:/usr/lib/x86_64-linux-gnu/gazebo-11/plugins:'), ('XDG_DATA_DIRS', '/usr/share/ubuntu:/usr/local/share/:/usr/share/:/var/lib/snapd/desktop'), ('PYTHONPATH', '/home/rohan/cobotx/install/nav_bot/local/lib/python3.10/dist-packages:/opt/ros/humble/lib/python3.10/site-packages:/opt/ros/humble/local/lib/python3.10/dist-packages'), ('COLCON', '1'), ('CMAKE_PREFIX_PATH', '/home/rohan/cobotx/install/nav_bot:/opt/ros/humble')]), 'shell': False}
[0.099812] (-) TimerEvent: {}
[0.105307] (nav_bot) StdoutLine: {'line': b'Built target ament_cmake_python_symlink_scripts\n'}
[0.199905] (-) TimerEvent: {}
[0.300150] (-) TimerEvent: {}
[0.364094] (nav_bot) StdoutLine: {'line': b'running egg_info\n'}
[0.364635] (nav_bot) StdoutLine: {'line': b'writing scripts.egg-info/PKG-INFO\n'}
[0.364815] (nav_bot) StdoutLine: {'line': b'writing dependency_links to scripts.egg-info/dependency_links.txt\n'}
[0.365050] (nav_bot) StdoutLine: {'line': b'writing top-level names to scripts.egg-info/top_level.txt\n'}
[0.367390] (nav_bot) StdoutLine: {'line': b"reading manifest file 'scripts.egg-info/SOURCES.txt'\n"}
[0.368003] (nav_bot) StdoutLine: {'line': b"writing manifest file 'scripts.egg-info/SOURCES.txt'\n"}
[0.389065] (nav_bot) StdoutLine: {'line': b'Built target ament_cmake_python_build_scripts_egg\n'}
[0.399092] (nav_bot) CommandEnded: {'returncode': 0}
[0.400175] (nav_bot) JobProgress: {'identifier': 'nav_bot', 'progress': 'install'}
[0.400471] (-) TimerEvent: {}
[0.408935] (nav_bot) Command: {'cmd': ['/usr/bin/cmake', '--install', '/home/rohan/cobotx/build/nav_bot'], 'cwd': '/home/rohan/cobotx/build/nav_bot', 'env': OrderedDict([('GJS_DEBUG_TOPICS', 'JS ERROR;JS LOG'), ('PYTHON_BASIC_REPL', '1'), ('LESSOPEN', '| /usr/bin/lesspipe %s'), ('GZ_SIM_RESOURCE_PATH', ':/opt/ros/humble/share/ros_gz_sim_demos/models:/opt/ros/humble/share/ros_gz_sim_demos/models'), ('LANGUAGE', 'en_IN:en'), ('USER', 'rohan'), ('XDG_SESSION_TYPE', 'wayland'), ('GIT_ASKPASS', '/usr/share/code/resources/app/extensions/git/dist/askpass.sh'), ('SHLVL', '1'), ('LD_LIBRARY_PATH', '/usr/local/lib:/usr/local/lib:/usr/lib/x86_64-linux-gnu/gazebo-11/plugins:/opt/ros/humble/opt/rviz_ogre_vendor/lib:/opt/ros/humble/lib/x86_64-linux-gnu:/opt/ros/humble/lib:/usr/lib/x86_64-linux-gnu/gazebo-11/plugins::/usr/lib/x86_64-linux-gnu/gazebo-11/plugins:/usr/lib/x86_64-linux-gnu/gazebo-11/plugins::/usr/lib/x86_64-linux-gnu/gazebo-11/plugins:/usr/lib/x86_64-linux-gnu/gazebo-11/plugins:/usr/lib/x86_64-linux-gnu/gazebo-11/plugins::/usr/lib/x86_64-linux-gnu/gazebo-11/plugins:/usr/lib/x86_64-linux-gnu/gazebo-11/plugins:/usr/lib/x86_64-linux-gnu/gazebo-11/plugins:/usr/lib/x86_64-linux-gnu/gazebo-11/plugins:'), ('HOME', '/home/rohan'), ('CHROME_DESKTOP', 'code.desktop'), ('TERM_PROGRAM_VERSION', '1.112.0'), ('DESKTOP_SESSION', 'ubuntu'), ('GIO_LAUNCHED_DESKTOP_FILE', '/usr/share/applications/code.desktop'), ('GAZEBO_MASTER_URI', 'http://localhost:11345'), ('ROS_PYTHON_VERSION', '3'), ('GNOME_SHELL_SESSION_MODE', 'ubuntu'), ('GTK_MODULES', 'gail:atk-bridge'), ('VSCODE_GIT_ASKPASS_MAIN', '/usr/share/code/resources/app/extensions/git/dist/askpass-main.js'), ('VSCODE_GIT_ASKPASS_NODE', '/usr/share/code/code'), ('MANAGERPID', '1546'), ('PYDEVD_DISABLE_FILE_VALIDATION', '1'), ('SYSTEMD_EXEC_PID', '1722'), ('BUNDLED_DEBUGPY_PATH', '/home/rohan/.vscode/extensions/ms-python.debugpy-2025.18.0-linux-x64/bundled/libs/debugpy'), ('IM_CONFIG_CHECK_ENV', '1'), ('VSCODE_PYTHON_AUTOACTIVATE_GUARD', '1'), ('DBUS_SESSION_BUS_ADDRESS', 'unix:path=/run/user/1000/bus'), ('COLORTERM', 'truecolor'), ('GIO_LAUNCHED_DESKTOP_FILE_PID', '6449'), ('IM_CONFIG_PHASE', '1'), ('WAYLAND_DISPLAY', 'wayland-0'), ('COLCON_PREFIX_PATH', '/home/rohan/cobotx/install'), ('ROS_DISTRO', 'humble'), ('LOGNAME', 'rohan'), ('JOURNAL_STREAM', '8:16277'), ('_', '/usr/bin/colcon'), ('ROS_VERSION', '2'), ('CLAUDE_CODE_SSE_PORT', '23054'), ('XDG_SESSION_CLASS', 'user'), ('USERNAME', 'rohan'), ('TERM', 'xterm-256color'), ('GAZEBO_MODEL_PATH', '/usr/share/gazebo-11/models:/usr/share/gazebo-11/models:/usr/share/gazebo-11/models:/usr/share/gazebo-11/models::/trial/src/my_bot/urdf/my_bot.urdf:home/rohan/gazebo11_models/models:/trial/src/my_bot/urdf/my_bot.urdf:home/rohan/gazebo11_models/models'), ('GNOME_DESKTOP_SESSION_ID', 'this-is-deprecated'), ('FC_FONTATIONS', '1'), ('ROS_LOCALHOST_ONLY', '0'), ('OGRE_RESOURCE_PATH', '/usr/lib/x86_64-linux-gnu/OGRE-1.9.0'), ('PATH', '/home/rohan/.config/Code/User/globalStorage/github.copilot-chat/debugCommand:/home/rohan/.config/Code/User/globalStorage/github.copilot-chat/copilotCli:/home/rohan/.local/bin:/opt/ros/humble/bin:/home/rohan/.local/bin:/usr/local/sbin:/usr/local/bin:/usr/sbin:/usr/bin:/sbin:/bin:/usr/games:/usr/local/games:/snap/bin:/snap/bin:/opt/ros/humble/share/gazebo_dev/gz/bin:/opt/xtensa-esp-elf/bin/:/opt/xtensa-esp-elf/bin/:/home/rohan/.vscode/extensions/ms-python.debugpy-2025.18.0-linux-x64/bundled/scripts/noConfigScripts:/opt/ros/humble/share/gazebo_dev/gz/bin:/opt/xtensa-esp-elf/bin/:/opt/xtensa-esp-elf/bin/'), ('SESSION_MANAGER', 'local/rohan-IdeaPad-Gaming-3-15ACH6:@/tmp/.ICE-unix/1686,unix/rohan-IdeaPad-Gaming-3-15ACH6:/tmp/.ICE-unix/1686'), ('INVOCATION_ID', 'f0be94935e6e4ae4ad7499dae6035c9d'), ('XDG_MENU_PREFIX', 'gnome-'), ('GNOME_SETUP_DISPLAY', ':1'), ('XDG_RUNTIME_DIR', '/run/user/1000'), ('GDK_BACKEND', 'wayland'), ('DISPLAY', ':0'), ('VSCODE_DEBUGPY_ADAPTER_ENDPOINTS', '/home/rohan/.vscode/extensions/ms-python.debugpy-2025.18.0-linux-x64/.noConfigDebugAdapterEndpoints/endpoint-b75deebb94fba710.txt'), ('LANG', 'en_US.UTF-8'), ('XDG_CURRENT_DESKTOP', 'ubuntu:GNOME'), ('PYTHONSTARTUP', '/home/rohan/.config/Code/User/workspaceStorage/99f73eee95fb8c5f9c1d66af55c24b55/ms-python.python/pythonrc.py'), ('RMW_IMPLEMENTATION', 'rmw_cyclonedds_cpp'), ('XMODIFIERS', '@im=ibus'), ('XDG_SESSION_DESKTOP', 'ubuntu'), ('XAUTHORITY', '/run/user/1000/.mutter-Xwaylandauth.ZF08M3'), ('LS_COLORS', 'rs=0:di=01;34:ln=01;36:mh=00:pi=40;33:so=01;35:do=01;35:bd=40;33;01:cd=40;33;01:or=40;31;01:mi=00:su=37;41:sg=30;43:ca=30;41:tw=30;42:ow=34;42:st=37;44:ex=01;32:*.tar=01;31:*.tgz=01;31:*.arc=01;31:*.arj=01;31:*.taz=01;31:*.lha=01;31:*.lz4=01;31:*.lzh=01;31:*.lzma=01;31:*.tlz=01;31:*.txz=01;31:*.tzo=01;31:*.t7z=01;31:*.zip=01;31:*.z=01;31:*.dz=01;31:*.gz=01;31:*.lrz=01;31:*.lz=01;31:*.lzo=01;31:*.xz=01;31:*.zst=01;31:*.tzst=01;31:*.bz2=01;31:*.bz=01;31:*.tbz=01;31:*.tbz2=01;31:*.tz=01;31:*.deb=01;31:*.rpm=01;31:*.jar=01;31:*.war=01;31:*.ear=01;31:*.sar=01;31:*.rar=01;31:*.alz=01;31:*.ace=01;31:*.zoo=01;31:*.cpio=01;31:*.7z=01;31:*.rz=01;31:*.cab=01;31:*.wim=01;31:*.swm=01;31:*.dwm=01;31:*.esd=01;31:*.jpg=01;35:*.jpeg=01;35:*.mjpg=01;35:*.mjpeg=01;35:*.gif=01;35:*.bmp=01;35:*.pbm=01;35:*.pgm=01;35:*.ppm=01;35:*.tga=01;35:*.xbm=01;35:*.xpm=01;35:*.tif=01;35:*.tiff=01;35:*.png=01;35:*.svg=01;35:*.svgz=01;35:*.mng=01;35:*.pcx=01;35:*.mov=01;35:*.mpg=01;35:*.mpeg=01;35:*.m2v=01;35:*.mkv=01;35:*.webm=01;35:*.webp=01;35:*.ogm=01;35:*.mp4=01;35:*.m4v=01;35:*.mp4v=01;35:*.vob=01;35:*.qt=01;35:*.nuv=01;35:*.wmv=01;35:*.asf=01;35:*.rm=01;35:*.rmvb=01;35:*.flc=01;35:*.avi=01;35:*.fli=01;35:*.flv=01;35:*.gl=01;35:*.dl=01;35:*.xcf=01;35:*.xwd=01;35:*.yuv=01;35:*.cgm=01;35:*.emf=01;35:*.ogv=01;35:*.ogx=01;35:*.aac=00;36:*.au=00;36:*.flac=00;36:*.m4a=00;36:*.mid=00;36:*.midi=00;36:*.mka=00;36:*.mp3=00;36:*.mpc=00;36:*.ogg=00;36:*.ra=00;36:*.wav=00;36:*.oga=00;36:*.opus=00;36:*.spx=00;36:*.xspf=00;36:'), ('VSCODE_GIT_IPC_HANDLE', '/run/user/1000/vscode-git-330fa3cde8.sock'), ('TERM_PROGRAM', 'vscode'), ('SSH_AGENT_LAUNCHER', 'gnome-keyring'), ('SSH_AUTH_SOCK', '/run/user/1000/keyring/ssh'), ('ROS_DOMAIN_ID', '0'), ('AMENT_PREFIX_PATH', '/home/rohan/cobotx/install/nav_bot:/opt/ros/humble'), ('SHELL', '/bin/bash'), ('QT_ACCESSIBILITY', '1'), ('GDMSESSION', 'ubuntu'), ('LESSCLOSE', '/usr/bin/lesspipe %s %s'), ('IGN_GAZEBO_RESOURCE_PATH', ':/home/rohan/cobotx/src/nav_bot/models:/home/rohan/cobotx/src/nav_bot/models'), ('GAZEBO_RESOURCE_PATH', '/usr/share/gazebo-11:/usr/share/gazebo-11:/usr/share/gazebo-11:/usr/share/gazebo-11::home/rohan/gazebo11_models/worlds:home/rohan/gazebo11_models/worlds'), ('GJS_DEBUG_OUTPUT', 'stderr'), ('GZ_VERSION', 'harmonic'), ('GAZEBO_MODEL_DATABASE_URI', 'http://models.gazebosim.org'), ('VSCODE_GIT_ASKPASS_EXTRA_ARGS', ''), ('QT_IM_MODULE', 'ibus'), ('PWD', '/home/rohan/cobotx/build/nav_bot'), ('QT_QPA_PLATFORM', 'xcb'), ('TURTLEBOT3_MODEL', 'waffle'), ('LC_ALL', 'en_US.UTF-8'), ('XDG_CONFIG_DIRS', '/etc/xdg/xdg-ubuntu:/etc/xdg'), ('GAZEBO_PLUGIN_PATH', '/usr/lib/x86_64-linux-gnu/gazebo-11/plugins:/usr/lib/x86_64-linux-gnu/gazebo-11/plugins:/usr/lib/x86_64-linux-gnu/gazebo-11/plugins:/usr/lib/x86_64-linux-gnu/gazebo-11/plugins:'), ('XDG_DATA_DIRS', '/usr/share/ubuntu:/usr/local/share/:/usr/share/:/var/lib/snapd/desktop'), ('PYTHONPATH', '/home/rohan/cobotx/install/nav_bot/local/lib/python3.10/dist-packages:/opt/ros/humble/lib/python3.10/site-packages:/opt/ros/humble/local/lib/python3.10/dist-packages'), ('COLCON', '1'), ('CMAKE_PREFIX_PATH', '/home/rohan/cobotx/install/nav_bot:/opt/ros/humble')]), 'shell': False}
[0.417738] (nav_bot) StdoutLine: {'line': b'-- Install configuration: ""\n'}
[0.418233] (nav_bot) StdoutLine: {'line': b'-- Execute custom install script\n'}
[0.418592] (nav_bot) StdoutLine: {'line': b'-- Up-to-date symlink: /home/rohan/cobotx/install/nav_bot/share/nav_bot/config/config.rviz\n'}
[0.418710] (nav_bot) StdoutLine: {'line': b'-- Up-to-date symlink: /home/rohan/cobotx/install/nav_bot/share/nav_bot/config/drive_bot.rviz\n'}
[0.418822] (nav_bot) StdoutLine: {'line': b'-- Up-to-date symlink: /home/rohan/cobotx/install/nav_bot/share/nav_bot/config/gz_bridge.yaml\n'}
[0.418918] (nav_bot) StdoutLine: {'line': b'-- Up-to-date symlink: /home/rohan/cobotx/install/nav_bot/share/nav_bot/config/joystick.yaml\n'}
[0.419001] (nav_bot) StdoutLine: {'line': b'-- Up-to-date symlink: /home/rohan/cobotx/install/nav_bot/share/nav_bot/config/mapper_params_online_async.yaml\n'}
[0.419077] (nav_bot) StdoutLine: {'line': b'-- Up-to-date symlink: /home/rohan/cobotx/install/nav_bot/share/nav_bot/config/multi_bot_config.rviz\n'}
[0.419158] (nav_bot) StdoutLine: {'line': b'-- Up-to-date symlink: /home/rohan/cobotx/install/nav_bot/share/nav_bot/config/my_controllers.yaml\n'}
[0.419240] (nav_bot) StdoutLine: {'line': b'-- Up-to-date symlink: /home/rohan/cobotx/install/nav_bot/share/nav_bot/config/nav2_params.yaml\n'}
[0.419315] (nav_bot) StdoutLine: {'line': b'-- Up-to-date symlink: /home/rohan/cobotx/install/nav_bot/share/nav_bot/config/robots.yaml\n'}
[0.419388] (nav_bot) StdoutLine: {'line': b'-- Up-to-date symlink: /home/rohan/cobotx/install/nav_bot/share/nav_bot/config/slam_toolbox.yaml\n'}
[0.419462] (nav_bot) StdoutLine: {'line': b'-- Up-to-date symlink: /home/rohan/cobotx/install/nav_bot/share/nav_bot/config/twist_mux.yaml\n'}
[0.419623] (nav_bot) StdoutLine: {'line': b'-- Up-to-date symlink: /home/rohan/cobotx/install/nav_bot/share/nav_bot/description/bot.urdf.xacro\n'}
[0.419704] (nav_bot) StdoutLine: {'line': b'-- Up-to-date symlink: /home/rohan/cobotx/install/nav_bot/share/nav_bot/description/bot_core.xacro\n'}
[0.419782] (nav_bot) StdoutLine: {'line': b'-- Up-to-date symlink: /home/rohan/cobotx/install/nav_bot/share/nav_bot/description/camera.xacro\n'}
[0.419864] (nav_bot) StdoutLine: {'line': b'-- Up-to-date symlink: /home/rohan/cobotx/install/nav_bot/share/nav_bot/description/depth_camera.xacro\n'}
[0.419937] (nav_bot) StdoutLine: {'line': b'-- Up-to-date symlink: /home/rohan/cobotx/install/nav_bot/share/nav_bot/description/gazebo_control.xacro\n'}
[0.420014] (nav_bot) StdoutLine: {'line': b'-- Up-to-date symlink: /home/rohan/cobotx/install/nav_bot/share/nav_bot/description/gz_control.xacro\n'}
[0.420091] (nav_bot) StdoutLine: {'line': b'-- Up-to-date symlink: /home/rohan/cobotx/install/nav_bot/share/nav_bot/description/inertial_macros.xacro\n'}
[0.420170] (nav_bot) StdoutLine: {'line': b'-- Up-to-date symlink: /home/rohan/cobotx/install/nav_bot/share/nav_bot/description/lidar.xacro\n'}
[0.420246] (nav_bot) StdoutLine: {'line': b'-- Up-to-date symlink: /home/rohan/cobotx/install/nav_bot/share/nav_bot/description/multi_camera.xacro\n'}
[0.420315] (nav_bot) StdoutLine: {'line': b'-- Up-to-date symlink: /home/rohan/cobotx/install/nav_bot/share/nav_bot/description/multi_lidar.xacro\n'}
[0.420389] (nav_bot) StdoutLine: {'line': b'-- Up-to-date symlink: /home/rohan/cobotx/install/nav_bot/share/nav_bot/description/robot.urdf.xacro\n'}
[0.420460] (nav_bot) StdoutLine: {'line': b'-- Up-to-date symlink: /home/rohan/cobotx/install/nav_bot/share/nav_bot/description/robot_core.xacro\n'}
[0.420527] (nav_bot) StdoutLine: {'line': b'-- Up-to-date symlink: /home/rohan/cobotx/install/nav_bot/share/nav_bot/description/ros2_control.xacro\n'}
[0.420689] (nav_bot) StdoutLine: {'line': b'-- Up-to-date symlink: /home/rohan/cobotx/install/nav_bot/share/nav_bot/launch/joystick.launch.py\n'}
[0.420775] (nav_bot) StdoutLine: {'line': b'-- Up-to-date symlink: /home/rohan/cobotx/install/nav_bot/share/nav_bot/launch/launch_sim.launch.py\n'}
[0.420966] (nav_bot) StdoutLine: {'line': b'-- Up-to-date symlink: /home/rohan/cobotx/install/nav_bot/share/nav_bot/launch/multi_robot_main.launch.py\n'}
[0.421088] (nav_bot) StdoutLine: {'line': b'-- Up-to-date symlink: /home/rohan/cobotx/install/nav_bot/share/nav_bot/launch/rsp.launch.py\n'}
[0.421163] (nav_bot) StdoutLine: {'line': b'-- Up-to-date symlink: /home/rohan/cobotx/install/nav_bot/share/nav_bot/launch/spawn_robot.launch.py\n'}
[0.421222] (nav_bot) StdoutLine: {'line': b'-- Up-to-date symlink: /home/rohan/cobotx/install/nav_bot/share/nav_bot/launch/start.launch.py\n'}
[0.428605] (nav_bot) StdoutLine: {'line': b'-- Up-to-date symlink: /home/rohan/cobotx/install/nav_bot/share/nav_bot/worlds/empty_world.sdf\n'}
[0.428748] (nav_bot) StdoutLine: {'line': b'-- Up-to-date symlink: /home/rohan/cobotx/install/nav_bot/share/nav_bot/worlds/meshes/nxt_racks/Asphalt010_1K_Color.jpg\n'}
[0.428878] (nav_bot) StdoutLine: {'line': b'-- Up-to-date symlink: /home/rohan/cobotx/install/nav_bot/share/nav_bot/worlds/meshes/nxt_racks/BTS00068631.png\n'}
[0.428952] (nav_bot) StdoutLine: {'line': b'-- Up-to-date symlink: /home/rohan/cobotx/install/nav_bot/share/nav_bot/worlds/meshes/nxt_racks/BTS00068631.png.001.png\n'}
[0.429060] (nav_bot) StdoutLine: {'line': b'-- Up-to-date symlink: /home/rohan/cobotx/install/nav_bot/share/nav_bot/worlds/meshes/nxt_racks/BTS00068631.png.002.png\n'}
[0.429154] (nav_bot) StdoutLine: {'line': b'-- Up-to-date symlink: /home/rohan/cobotx/install/nav_bot/share/nav_bot/worlds/meshes/nxt_racks/BTS00068631.png.003.png\n'}
[0.429259] (nav_bot) StdoutLine: {'line': b'-- Up-to-date symlink: /home/rohan/cobotx/install/nav_bot/share/nav_bot/worlds/meshes/nxt_racks/BTS00068631.png.004.png\n'}
[0.429320] (nav_bot) StdoutLine: {'line': b'-- Up-to-date symlink: /home/rohan/cobotx/install/nav_bot/share/nav_bot/worlds/meshes/nxt_racks/BTS00068631.png.005.png\n'}
[0.429434] (nav_bot) StdoutLine: {'line': b'-- Up-to-date symlink: /home/rohan/cobotx/install/nav_bot/share/nav_bot/worlds/meshes/nxt_racks/BTS00068631.png.006.png\n'}
[0.429594] (nav_bot) StdoutLine: {'line': b'-- Up-to-date symlink: /home/rohan/cobotx/install/nav_bot/share/nav_bot/worlds/meshes/nxt_racks/BTS00068631.png.007.png\n'}
[0.429654] (nav_bot) StdoutLine: {'line': b'-- Up-to-date symlink: /home/rohan/cobotx/install/nav_bot/share/nav_bot/worlds/meshes/nxt_racks/BTS00068631.png.008.png\n'}
[0.429707] (nav_bot) StdoutLine: {'line': b'-- Up-to-date symlink: /home/rohan/cobotx/install/nav_bot/share/nav_bot/worlds/meshes/nxt_racks/BTS00068631.png.009.png\n'}
[0.429787] (nav_bot) StdoutLine: {'line': b'-- Up-to-date symlink: /home/rohan/cobotx/install/nav_bot/share/nav_bot/worlds/meshes/nxt_racks/BTS00068631.png.010.png\n'}
[0.429891] (nav_bot) StdoutLine: {'line': b'-- Up-to-date symlink: /home/rohan/cobotx/install/nav_bot/share/nav_bot/worlds/meshes/nxt_racks/BTS00068631.png.011.png\n'}
[0.429985] (nav_bot) StdoutLine: {'line': b'-- Up-to-date symlink: /home/rohan/cobotx/install/nav_bot/share/nav_bot/worlds/meshes/nxt_racks/BTS00068631.png.012.png\n'}
[0.430044] (nav_bot) StdoutLine: {'line': b'-- Up-to-date symlink: /home/rohan/cobotx/install/nav_bot/share/nav_bot/worlds/meshes/nxt_racks/BTS00068631.png.013.png\n'}
[0.430088] (nav_bot) StdoutLine: {'line': b'-- Up-to-date symlink: /home/rohan/cobotx/install/nav_bot/share/nav_bot/worlds/meshes/nxt_racks/BTS00068631.png.014.png\n'}
[0.430141] (nav_bot) StdoutLine: {'line': b'-- Up-to-date symlink: /home/rohan/cobotx/install/nav_bot/share/nav_bot/worlds/meshes/nxt_racks/BTS00068631.png.015.png\n'}
[0.430183] (nav_bot) StdoutLine: {'line': b'-- Up-to-date symlink: /home/rohan/cobotx/install/nav_bot/share/nav_bot/worlds/meshes/nxt_racks/BTS00068631.png.016.png\n'}
[0.430233] (nav_bot) StdoutLine: {'line': b'-- Up-to-date symlink: /home/rohan/cobotx/install/nav_bot/share/nav_bot/worlds/meshes/nxt_racks/BTS00068631.png.017.png\n'}
[0.430300] (nav_bot) StdoutLine: {'line': b'-- Up-to-date symlink: /home/rohan/cobotx/install/nav_bot/share/nav_bot/worlds/meshes/nxt_racks/BTS00068631.png.018.png\n'}
[0.430386] (nav_bot) StdoutLine: {'line': b'-- Up-to-date symlink: /home/rohan/cobotx/install/nav_bot/share/nav_bot/worlds/meshes/nxt_racks/BTS00068631.png.019.png\n'}
[0.430471] (nav_bot) StdoutLine: {'line': b'-- Up-to-date symlink: /home/rohan/cobotx/install/nav_bot/share/nav_bot/worlds/meshes/nxt_racks/BTS00068631.png.020.png\n'}
[0.430564] (nav_bot) StdoutLine: {'line': b'-- Up-to-date symlink: /home/rohan/cobotx/install/nav_bot/share/nav_bot/worlds/meshes/nxt_racks/BTS00068631.png.021.png\n'}
[0.430665] (nav_bot) StdoutLine: {'line': b'-- Up-to-date symlink: /home/rohan/cobotx/install/nav_bot/share/nav_bot/worlds/meshes/nxt_racks/BTS00068631.png.022.png\n'}
[0.430766] (nav_bot) StdoutLine: {'line': b'-- Up-to-date symlink: /home/rohan/cobotx/install/nav_bot/share/nav_bot/worlds/meshes/nxt_racks/BTS00068631.png.023.png\n'}
[0.430872] (nav_bot) StdoutLine: {'line': b'-- Up-to-date symlink: /home/rohan/cobotx/install/nav_bot/share/nav_bot/worlds/meshes/nxt_racks/BTS00068631.png.024.png\n'}
[0.430980] (nav_bot) StdoutLine: {'line': b'-- Up-to-date symlink: /home/rohan/cobotx/install/nav_bot/share/nav_bot/worlds/meshes/nxt_racks/BTS00068631.png.025.png\n'}
[0.431079] (nav_bot) StdoutLine: {'line': b'-- Up-to-date symlink: /home/rohan/cobotx/install/nav_bot/share/nav_bot/worlds/meshes/nxt_racks/BTS00068631.png.026.png\n'}
[0.431179] (nav_bot) StdoutLine: {'line': b'-- Up-to-date symlink: /home/rohan/cobotx/install/nav_bot/share/nav_bot/worlds/meshes/nxt_racks/BTS00068631.png.027.png\n'}
[0.431277] (nav_bot) StdoutLine: {'line': b'-- Up-to-date symlink: /home/rohan/cobotx/install/nav_bot/share/nav_bot/worlds/meshes/nxt_racks/BTS00068631.png.028.png\n'}
[0.431379] (nav_bot) StdoutLine: {'line': b'-- Up-to-date symlink: /home/rohan/cobotx/install/nav_bot/share/nav_bot/worlds/meshes/nxt_racks/BTS00068631.png.029.png\n'}
[0.431476] (nav_bot) StdoutLine: {'line': b'-- Up-to-date symlink: /home/rohan/cobotx/install/nav_bot/share/nav_bot/worlds/meshes/nxt_racks/BTS00068631.png.030.png\n'}
[0.431575] (nav_bot) StdoutLine: {'line': b'-- Up-to-date symlink: /home/rohan/cobotx/install/nav_bot/share/nav_bot/worlds/meshes/nxt_racks/BTS00068631.png.031.png\n'}
[0.431667] (nav_bot) StdoutLine: {'line': b'-- Up-to-date symlink: /home/rohan/cobotx/install/nav_bot/share/nav_bot/worlds/meshes/nxt_racks/BTS00068631.png.032.png\n'}
[0.431757] (nav_bot) StdoutLine: {'line': b'-- Up-to-date symlink: /home/rohan/cobotx/install/nav_bot/share/nav_bot/worlds/meshes/nxt_racks/BTS00068631.png.033.png\n'}
[0.431848] (nav_bot) StdoutLine: {'line': b'-- Up-to-date symlink: /home/rohan/cobotx/install/nav_bot/share/nav_bot/worlds/meshes/nxt_racks/BTS00068631.png.034.png\n'}
[0.431944] (nav_bot) StdoutLine: {'line': b'-- Up-to-date symlink: /home/rohan/cobotx/install/nav_bot/share/nav_bot/worlds/meshes/nxt_racks/BTS00068631.png.035.png\n'}
[0.432034] (nav_bot) StdoutLine: {'line': b'-- Up-to-date symlink: /home/rohan/cobotx/install/nav_bot/share/nav_bot/worlds/meshes/nxt_racks/BTS00068631.png.036.png\n'}
[0.432122] (nav_bot) StdoutLine: {'line': b'-- Up-to-date symlink: /home/rohan/cobotx/install/nav_bot/share/nav_bot/worlds/meshes/nxt_racks/BTS00068631.png.037.png\n'}
[0.432211] (nav_bot) StdoutLine: {'line': b'-- Up-to-date symlink: /home/rohan/cobotx/install/nav_bot/share/nav_bot/worlds/meshes/nxt_racks/BTS00068631.png.038.png\n'}
[0.432299] (nav_bot) StdoutLine: {'line': b'-- Up-to-date symlink: /home/rohan/cobotx/install/nav_bot/share/nav_bot/worlds/meshes/nxt_racks/BTS00068631.png.039.png\n'}
[0.432387] (nav_bot) StdoutLine: {'line': b'-- Up-to-date symlink: /home/rohan/cobotx/install/nav_bot/share/nav_bot/worlds/meshes/nxt_racks/BTS00068631.png.040.png\n'}
[0.432476] (nav_bot) StdoutLine: {'line': b'-- Up-to-date symlink: /home/rohan/cobotx/install/nav_bot/share/nav_bot/worlds/meshes/nxt_racks/BTS00068631.png.041.png\n'}
[0.432563] (nav_bot) StdoutLine: {'line': b'-- Up-to-date symlink: /home/rohan/cobotx/install/nav_bot/share/nav_bot/worlds/meshes/nxt_racks/BTS00068631.png.042.png\n'}
[0.432654] (nav_bot) StdoutLine: {'line': b'-- Up-to-date symlink: /home/rohan/cobotx/install/nav_bot/share/nav_bot/worlds/meshes/nxt_racks/BTS00068631.png.043.png\n'}
[0.432744] (nav_bot) StdoutLine: {'line': b'-- Up-to-date symlink: /home/rohan/cobotx/install/nav_bot/share/nav_bot/worlds/meshes/nxt_racks/BTS00068631.png.044.png\n'}
[0.432836] (nav_bot) StdoutLine: {'line': b'-- Up-to-date symlink: /home/rohan/cobotx/install/nav_bot/share/nav_bot/worlds/meshes/nxt_racks/BTS00068631.png.045.png\n'}
[0.432937] (nav_bot) StdoutLine: {'line': b'-- Up-to-date symlink: /home/rohan/cobotx/install/nav_bot/share/nav_bot/worlds/meshes/nxt_racks/BTS00068631.png.046.png\n'}
[0.433028] (nav_bot) StdoutLine: {'line': b'-- Up-to-date symlink: /home/rohan/cobotx/install/nav_bot/share/nav_bot/worlds/meshes/nxt_racks/BTS00068631.png.047.png\n'}
[0.433119] (nav_bot) StdoutLine: {'line': b'-- Up-to-date symlink: /home/rohan/cobotx/install/nav_bot/share/nav_bot/worlds/meshes/nxt_racks/BTS00068631.png.048.png\n'}
[0.433209] (nav_bot) StdoutLine: {'line': b'-- Up-to-date symlink: /home/rohan/cobotx/install/nav_bot/share/nav_bot/worlds/meshes/nxt_racks/BTS00068631.png.049.png\n'}
[0.433300] (nav_bot) StdoutLine: {'line': b'-- Up-to-date symlink: /home/rohan/cobotx/install/nav_bot/share/nav_bot/worlds/meshes/nxt_racks/BTS00068631.png.051.png\n'}
[0.433391] (nav_bot) StdoutLine: {'line': b'-- Up-to-date symlink: /home/rohan/cobotx/install/nav_bot/share/nav_bot/worlds/meshes/nxt_racks/BTS00068631.png.052.png\n'}
[0.433482] (nav_bot) StdoutLine: {'line': b'-- Up-to-date symlink: /home/rohan/cobotx/install/nav_bot/share/nav_bot/worlds/meshes/nxt_racks/BTS00068631.png.053.png\n'}
[0.433575] (nav_bot) StdoutLine: {'line': b'-- Up-to-date symlink: /home/rohan/cobotx/install/nav_bot/share/nav_bot/worlds/meshes/nxt_racks/BTS00068631.png.054.png\n'}
[0.433664] (nav_bot) StdoutLine: {'line': b'-- Up-to-date symlink: /home/rohan/cobotx/install/nav_bot/share/nav_bot/worlds/meshes/nxt_racks/BTS00068631.png.055.png\n'}
[0.433754] (nav_bot) StdoutLine: {'line': b'-- Up-to-date symlink: /home/rohan/cobotx/install/nav_bot/share/nav_bot/worlds/meshes/nxt_racks/BTS00068631.png.056.png\n'}
[0.433843] (nav_bot) StdoutLine: {'line': b'-- Up-to-date symlink: /home/rohan/cobotx/install/nav_bot/share/nav_bot/worlds/meshes/nxt_racks/BTS00068631.png.057.png\n'}
[0.433943] (nav_bot) StdoutLine: {'line': b'-- Up-to-date symlink: /home/rohan/cobotx/install/nav_bot/share/nav_bot/worlds/meshes/nxt_racks/BTS00068631.png.058.png\n'}
[0.434034] (nav_bot) StdoutLine: {'line': b'-- Up-to-date symlink: /home/rohan/cobotx/install/nav_bot/share/nav_bot/worlds/meshes/nxt_racks/BTS00068631.png.059.png\n'}
[0.434129] (nav_bot) StdoutLine: {'line': b'-- Up-to-date symlink: /home/rohan/cobotx/install/nav_bot/share/nav_bot/worlds/meshes/nxt_racks/BTS00068631.png.060.png\n'}
[0.434221] (nav_bot) StdoutLine: {'line': b'-- Up-to-date symlink: /home/rohan/cobotx/install/nav_bot/share/nav_bot/worlds/meshes/nxt_racks/BTS00068631.png.061.png\n'}
[0.434310] (nav_bot) StdoutLine: {'line': b'-- Up-to-date symlink: /home/rohan/cobotx/install/nav_bot/share/nav_bot/worlds/meshes/nxt_racks/BTS00068631.png.062.png\n'}
[0.434399] (nav_bot) StdoutLine: {'line': b'-- Up-to-date symlink: /home/rohan/cobotx/install/nav_bot/share/nav_bot/worlds/meshes/nxt_racks/BTS00068631.png.063.png\n'}
[0.434489] (nav_bot) StdoutLine: {'line': b'-- Up-to-date symlink: /home/rohan/cobotx/install/nav_bot/share/nav_bot/worlds/meshes/nxt_racks/BTS00068631.png.064.png\n'}
[0.434580] (nav_bot) StdoutLine: {'line': b'-- Up-to-date symlink: /home/rohan/cobotx/install/nav_bot/share/nav_bot/worlds/meshes/nxt_racks/BTS00068631.png.065.png\n'}
[0.434668] (nav_bot) StdoutLine: {'line': b'-- Up-to-date symlink: /home/rohan/cobotx/install/nav_bot/share/nav_bot/worlds/meshes/nxt_racks/BTS00068631.png.066.png\n'}
[0.434771] (nav_bot) StdoutLine: {'line': b'-- Up-to-date symlink: /home/rohan/cobotx/install/nav_bot/share/nav_bot/worlds/meshes/nxt_racks/BTS00068631.png.067.png\n'}
[0.434864] (nav_bot) StdoutLine: {'line': b'-- Up-to-date symlink: /home/rohan/cobotx/install/nav_bot/share/nav_bot/worlds/meshes/nxt_racks/BTS00068631.png.068.png\n'}
[0.434960] (nav_bot) StdoutLine: {'line': b'-- Up-to-date symlink: /home/rohan/cobotx/install/nav_bot/share/nav_bot/worlds/meshes/nxt_racks/BTS00068631.png.069.png\n'}
[0.435053] (nav_bot) StdoutLine: {'line': b'-- Up-to-date symlink: /home/rohan/cobotx/install/nav_bot/share/nav_bot/worlds/meshes/nxt_racks/BTS00068631.png.070.png\n'}
[0.435146] (nav_bot) StdoutLine: {'line': b'-- Up-to-date symlink: /home/rohan/cobotx/install/nav_bot/share/nav_bot/worlds/meshes/nxt_racks/BTS00068631.png.071.png\n'}
[0.435237] (nav_bot) StdoutLine: {'line': b'-- Up-to-date symlink: /home/rohan/cobotx/install/nav_bot/share/nav_bot/worlds/meshes/nxt_racks/BTS00068631.png.072.png\n'}
[0.435344] (nav_bot) StdoutLine: {'line': b'-- Up-to-date symlink: /home/rohan/cobotx/install/nav_bot/share/nav_bot/worlds/meshes/nxt_racks/BTS00068631.png.073.png\n'}
[0.435442] (nav_bot) StdoutLine: {'line': b'-- Up-to-date symlink: /home/rohan/cobotx/install/nav_bot/share/nav_bot/worlds/meshes/nxt_racks/BTS00068631.png.074.png\n'}
[0.435533] (nav_bot) StdoutLine: {'line': b'-- Up-to-date symlink: /home/rohan/cobotx/install/nav_bot/share/nav_bot/worlds/meshes/nxt_racks/BTS00068631.png.075.png\n'}
[0.435626] (nav_bot) StdoutLine: {'line': b'-- Up-to-date symlink: /home/rohan/cobotx/install/nav_bot/share/nav_bot/worlds/meshes/nxt_racks/BTS00068631.png.076.png\n'}
[0.435717] (nav_bot) StdoutLine: {'line': b'-- Up-to-date symlink: /home/rohan/cobotx/install/nav_bot/share/nav_bot/worlds/meshes/nxt_racks/BTS00068631.png.077.png\n'}
[0.435810] (nav_bot) StdoutLine: {'line': b'-- Up-to-date symlink: /home/rohan/cobotx/install/nav_bot/share/nav_bot/worlds/meshes/nxt_racks/BTS00068631.png.078.png\n'}
[0.435921] (nav_bot) StdoutLine: {'line': b'-- Up-to-date symlink: /home/rohan/cobotx/install/nav_bot/share/nav_bot/worlds/meshes/nxt_racks/BTS00068631.png.079.png\n'}
[0.436017] (nav_bot) StdoutLine: {'line': b'-- Up-to-date symlink: /home/rohan/cobotx/install/nav_bot/share/nav_bot/worlds/meshes/nxt_racks/BTS00068631.png.080.png\n'}
[0.436108] (nav_bot) StdoutLine: {'line': b'-- Up-to-date symlink: /home/rohan/cobotx/install/nav_bot/share/nav_bot/worlds/meshes/nxt_racks/BTS00068631.png.081.png\n'}
[0.436200] (nav_bot) StdoutLine: {'line': b'-- Up-to-date symlink: /home/rohan/cobotx/install/nav_bot/share/nav_bot/worlds/meshes/nxt_racks/BTS00068631.png.082.png\n'}
[0.436291] (nav_bot) StdoutLine: {'line': b'-- Up-to-date symlink: /home/rohan/cobotx/install/nav_bot/share/nav_bot/worlds/meshes/nxt_racks/BTS00068631.png.083.png\n'}
[0.436383] (nav_bot) StdoutLine: {'line': b'-- Up-to-date symlink: /home/rohan/cobotx/install/nav_bot/share/nav_bot/worlds/meshes/nxt_racks/BTS00068631.png.084.png\n'}
[0.436474] (nav_bot) StdoutLine: {'line': b'-- Up-to-date symlink: /home/rohan/cobotx/install/nav_bot/share/nav_bot/worlds/meshes/nxt_racks/BTS00068631.png.085.png\n'}
[0.436564] (nav_bot) StdoutLine: {'line': b'-- Up-to-date symlink: /home/rohan/cobotx/install/nav_bot/share/nav_bot/worlds/meshes/nxt_racks/BTS00068631.png.086.png\n'}
[0.436653] (nav_bot) StdoutLine: {'line': b'-- Up-to-date symlink: /home/rohan/cobotx/install/nav_bot/share/nav_bot/worlds/meshes/nxt_racks/BTS00068631.png.087.png\n'}
[0.436744] (nav_bot) StdoutLine: {'line': b'-- Up-to-date symlink: /home/rohan/cobotx/install/nav_bot/share/nav_bot/worlds/meshes/nxt_racks/BTS00068631.png.088.png\n'}
[0.436834] (nav_bot) StdoutLine: {'line': b'-- Up-to-date symlink: /home/rohan/cobotx/install/nav_bot/share/nav_bot/worlds/meshes/nxt_racks/BTS00068631.png.089.png\n'}
[0.436930] (nav_bot) StdoutLine: {'line': b'-- Up-to-date symlink: /home/rohan/cobotx/install/nav_bot/share/nav_bot/worlds/meshes/nxt_racks/BTS00068631.png.090.png\n'}
[0.437023] (nav_bot) StdoutLine: {'line': b'-- Up-to-date symlink: /home/rohan/cobotx/install/nav_bot/share/nav_bot/worlds/meshes/nxt_racks/BTS00068631.png.091.png\n'}
[0.437113] (nav_bot) StdoutLine: {'line': b'-- Up-to-date symlink: /home/rohan/cobotx/install/nav_bot/share/nav_bot/worlds/meshes/nxt_racks/BTS00068631.png.092.png\n'}
[0.437203] (nav_bot) StdoutLine: {'line': b'-- Up-to-date symlink: /home/rohan/cobotx/install/nav_bot/share/nav_bot/worlds/meshes/nxt_racks/BTS00068631.png.093.png\n'}
[0.437292] (nav_bot) StdoutLine: {'line': b'-- Up-to-date symlink: /home/rohan/cobotx/install/nav_bot/share/nav_bot/worlds/meshes/nxt_racks/BTS00068631.png.094.png\n'}
[0.437382] (nav_bot) StdoutLine: {'line': b'-- Up-to-date symlink: /home/rohan/cobotx/install/nav_bot/share/nav_bot/worlds/meshes/nxt_racks/BTS00068631.png.095.png\n'}
[0.437472] (nav_bot) StdoutLine: {'line': b'-- Up-to-date symlink: /home/rohan/cobotx/install/nav_bot/share/nav_bot/worlds/meshes/nxt_racks/BTS00068631.png.096.png\n'}
[0.437561] (nav_bot) StdoutLine: {'line': b'-- Up-to-date symlink: /home/rohan/cobotx/install/nav_bot/share/nav_bot/worlds/meshes/nxt_racks/BTS00068631.png.097.png\n'}
[0.437649] (nav_bot) StdoutLine: {'line': b'-- Up-to-date symlink: /home/rohan/cobotx/install/nav_bot/share/nav_bot/worlds/meshes/nxt_racks/BTS00068631.png.098.png\n'}
[0.437739] (nav_bot) StdoutLine: {'line': b'-- Up-to-date symlink: /home/rohan/cobotx/install/nav_bot/share/nav_bot/worlds/meshes/nxt_racks/BTS00068631.png.099.png\n'}
[0.437828] (nav_bot) StdoutLine: {'line': b'-- Up-to-date symlink: /home/rohan/cobotx/install/nav_bot/share/nav_bot/worlds/meshes/nxt_racks/BTS00068631.png.100.png\n'}
[0.437924] (nav_bot) StdoutLine: {'line': b'-- Up-to-date symlink: /home/rohan/cobotx/install/nav_bot/share/nav_bot/worlds/meshes/nxt_racks/BTS00068631.png.101.png\n'}
[0.438023] (nav_bot) StdoutLine: {'line': b'-- Up-to-date symlink: /home/rohan/cobotx/install/nav_bot/share/nav_bot/worlds/meshes/nxt_racks/BTS00068631.png.102.png\n'}
[0.438117] (nav_bot) StdoutLine: {'line': b'-- Up-to-date symlink: /home/rohan/cobotx/install/nav_bot/share/nav_bot/worlds/meshes/nxt_racks/BTS00068631.png.103.png\n'}
[0.438207] (nav_bot) StdoutLine: {'line': b'-- Up-to-date symlink: /home/rohan/cobotx/install/nav_bot/share/nav_bot/worlds/meshes/nxt_racks/BTS00068631.png.104.png\n'}
[0.438297] (nav_bot) StdoutLine: {'line': b'-- Up-to-date symlink: /home/rohan/cobotx/install/nav_bot/share/nav_bot/worlds/meshes/nxt_racks/BTS00068631.png.105.png\n'}
[0.438387] (nav_bot) StdoutLine: {'line': b'-- Up-to-date symlink: /home/rohan/cobotx/install/nav_bot/share/nav_bot/worlds/meshes/nxt_racks/BTS00068631.png.106.png\n'}
[0.438478] (nav_bot) StdoutLine: {'line': b'-- Up-to-date symlink: /home/rohan/cobotx/install/nav_bot/share/nav_bot/worlds/meshes/nxt_racks/BTS00068632.png\n'}
[0.438571] (nav_bot) StdoutLine: {'line': b'-- Up-to-date symlink: /home/rohan/cobotx/install/nav_bot/share/nav_bot/worlds/meshes/nxt_racks/BTS00068633.png\n'}
[0.438661] (nav_bot) StdoutLine: {'line': b'-- Up-to-date symlink: /home/rohan/cobotx/install/nav_bot/share/nav_bot/worlds/meshes/nxt_racks/BTS00068634.png\n'}
[0.438752] (nav_bot) StdoutLine: {'line': b'-- Up-to-date symlink: /home/rohan/cobotx/install/nav_bot/share/nav_bot/worlds/meshes/nxt_racks/BTS00068635.png\n'}
[0.438843] (nav_bot) StdoutLine: {'line': b'-- Up-to-date symlink: /home/rohan/cobotx/install/nav_bot/share/nav_bot/worlds/meshes/nxt_racks/BTS00068636.png\n'}
[0.438944] (nav_bot) StdoutLine: {'line': b'-- Up-to-date symlink: /home/rohan/cobotx/install/nav_bot/share/nav_bot/worlds/meshes/nxt_racks/BTS00068637.png\n'}
[0.439036] (nav_bot) StdoutLine: {'line': b'-- Up-to-date symlink: /home/rohan/cobotx/install/nav_bot/share/nav_bot/worlds/meshes/nxt_racks/BTS00068638.png\n'}
[0.439126] (nav_bot) StdoutLine: {'line': b'-- Up-to-date symlink: /home/rohan/cobotx/install/nav_bot/share/nav_bot/worlds/meshes/nxt_racks/BTS00068639.png\n'}
[0.439216] (nav_bot) StdoutLine: {'line': b'-- Up-to-date symlink: /home/rohan/cobotx/install/nav_bot/share/nav_bot/worlds/meshes/nxt_racks/BTS00068640.png\n'}
[0.439306] (nav_bot) StdoutLine: {'line': b'-- Up-to-date symlink: /home/rohan/cobotx/install/nav_bot/share/nav_bot/worlds/meshes/nxt_racks/BTS00068641.png\n'}
[0.439396] (nav_bot) StdoutLine: {'line': b'-- Up-to-date symlink: /home/rohan/cobotx/install/nav_bot/share/nav_bot/worlds/meshes/nxt_racks/BTS00068642.png\n'}
[0.439487] (nav_bot) StdoutLine: {'line': b'-- Up-to-date symlink: /home/rohan/cobotx/install/nav_bot/share/nav_bot/worlds/meshes/nxt_racks/BTS00068643.png\n'}
[0.439576] (nav_bot) StdoutLine: {'line': b'-- Up-to-date symlink: /home/rohan/cobotx/install/nav_bot/share/nav_bot/worlds/meshes/nxt_racks/BTS00068644.png\n'}
[0.439664] (nav_bot) StdoutLine: {'line': b'-- Up-to-date symlink: /home/rohan/cobotx/install/nav_bot/share/nav_bot/worlds/meshes/nxt_racks/BTS00068645.png\n'}
[0.439753] (nav_bot) StdoutLine: {'line': b'-- Up-to-date symlink: /home/rohan/cobotx/install/nav_bot/share/nav_bot/worlds/meshes/nxt_racks/BTS00068646.png\n'}
[0.439842] (nav_bot) StdoutLine: {'line': b'-- Up-to-date symlink: /home/rohan/cobotx/install/nav_bot/share/nav_bot/worlds/meshes/nxt_racks/BTS00068647.png\n'}
[0.439940] (nav_bot) StdoutLine: {'line': b'-- Up-to-date symlink: /home/rohan/cobotx/install/nav_bot/share/nav_bot/worlds/meshes/nxt_racks/BTS00068648.png\n'}
[0.440029] (nav_bot) StdoutLine: {'line': b'-- Up-to-date symlink: /home/rohan/cobotx/install/nav_bot/share/nav_bot/worlds/meshes/nxt_racks/BTS00068649.png\n'}
[0.440117] (nav_bot) StdoutLine: {'line': b'-- Up-to-date symlink: /home/rohan/cobotx/install/nav_bot/share/nav_bot/worlds/meshes/nxt_racks/BTS00068650.png\n'}
[0.440206] (nav_bot) StdoutLine: {'line': b'-- Up-to-date symlink: /home/rohan/cobotx/install/nav_bot/share/nav_bot/worlds/meshes/nxt_racks/BTS00068651.png\n'}
[0.440294] (nav_bot) StdoutLine: {'line': b'-- Up-to-date symlink: /home/rohan/cobotx/install/nav_bot/share/nav_bot/worlds/meshes/nxt_racks/BTS00068652.png\n'}
[0.440384] (nav_bot) StdoutLine: {'line': b'-- Up-to-date symlink: /home/rohan/cobotx/install/nav_bot/share/nav_bot/worlds/meshes/nxt_racks/BTS00068653.png\n'}
[0.440472] (nav_bot) StdoutLine: {'line': b'-- Up-to-date symlink: /home/rohan/cobotx/install/nav_bot/share/nav_bot/worlds/meshes/nxt_racks/BTS00068654.png\n'}
[0.440562] (nav_bot) StdoutLine: {'line': b'-- Up-to-date symlink: /home/rohan/cobotx/install/nav_bot/share/nav_bot/worlds/meshes/nxt_racks/BTS00068655.png\n'}
[0.440653] (nav_bot) StdoutLine: {'line': b'-- Up-to-date symlink: /home/rohan/cobotx/install/nav_bot/share/nav_bot/worlds/meshes/nxt_racks/BTS00068656.png\n'}
[0.440743] (nav_bot) StdoutLine: {'line': b'-- Up-to-date symlink: /home/rohan/cobotx/install/nav_bot/share/nav_bot/worlds/meshes/nxt_racks/BTS00068657.png\n'}
[0.440833] (nav_bot) StdoutLine: {'line': b'-- Up-to-date symlink: /home/rohan/cobotx/install/nav_bot/share/nav_bot/worlds/meshes/nxt_racks/BTS00068658.png\n'}
[0.440930] (nav_bot) StdoutLine: {'line': b'-- Up-to-date symlink: /home/rohan/cobotx/install/nav_bot/share/nav_bot/worlds/meshes/nxt_racks/BTS00068659.png\n'}
[0.441023] (nav_bot) StdoutLine: {'line': b'-- Up-to-date symlink: /home/rohan/cobotx/install/nav_bot/share/nav_bot/worlds/meshes/nxt_racks/BTS00068660.png\n'}
[0.441115] (nav_bot) StdoutLine: {'line': b'-- Up-to-date symlink: /home/rohan/cobotx/install/nav_bot/share/nav_bot/worlds/meshes/nxt_racks/BTS00068661.png\n'}
[0.441205] (nav_bot) StdoutLine: {'line': b'-- Up-to-date symlink: /home/rohan/cobotx/install/nav_bot/share/nav_bot/worlds/meshes/nxt_racks/BTS00068662.png\n'}
[0.441296] (nav_bot) StdoutLine: {'line': b'-- Up-to-date symlink: /home/rohan/cobotx/install/nav_bot/share/nav_bot/worlds/meshes/nxt_racks/BTS00068663.png\n'}
[0.441387] (nav_bot) StdoutLine: {'line': b'-- Up-to-date symlink: /home/rohan/cobotx/install/nav_bot/share/nav_bot/worlds/meshes/nxt_racks/BTS00068664.png\n'}
[0.441478] (nav_bot) StdoutLine: {'line': b'-- Up-to-date symlink: /home/rohan/cobotx/install/nav_bot/share/nav_bot/worlds/meshes/nxt_racks/BTS00068665.png\n'}
[0.441569] (nav_bot) StdoutLine: {'line': b'-- Up-to-date symlink: /home/rohan/cobotx/install/nav_bot/share/nav_bot/worlds/meshes/nxt_racks/BTS00068666.png\n'}
[0.441658] (nav_bot) StdoutLine: {'line': b'-- Up-to-date symlink: /home/rohan/cobotx/install/nav_bot/share/nav_bot/worlds/meshes/nxt_racks/BTS00068667.png\n'}
[0.441750] (nav_bot) StdoutLine: {'line': b'-- Up-to-date symlink: /home/rohan/cobotx/install/nav_bot/share/nav_bot/worlds/meshes/nxt_racks/BTS00068668.png.001.png\n'}
[0.441841] (nav_bot) StdoutLine: {'line': b'-- Up-to-date symlink: /home/rohan/cobotx/install/nav_bot/share/nav_bot/worlds/meshes/nxt_racks/BTS00068669.png.001.png\n'}
[0.441941] (nav_bot) StdoutLine: {'line': b'-- Up-to-date symlink: /home/rohan/cobotx/install/nav_bot/share/nav_bot/worlds/meshes/nxt_racks/BTS00068670.png.001.png\n'}
[0.442032] (nav_bot) StdoutLine: {'line': b'-- Up-to-date symlink: /home/rohan/cobotx/install/nav_bot/share/nav_bot/worlds/meshes/nxt_racks/BTS00068671.png\n'}
[0.442128] (nav_bot) StdoutLine: {'line': b'-- Up-to-date symlink: /home/rohan/cobotx/install/nav_bot/share/nav_bot/worlds/meshes/nxt_racks/BTS00068672.png\n'}
[0.442219] (nav_bot) StdoutLine: {'line': b'-- Up-to-date symlink: /home/rohan/cobotx/install/nav_bot/share/nav_bot/worlds/meshes/nxt_racks/BTS00068673.png\n'}
[0.442309] (nav_bot) StdoutLine: {'line': b'-- Up-to-date symlink: /home/rohan/cobotx/install/nav_bot/share/nav_bot/worlds/meshes/nxt_racks/BTS00068674.png\n'}
[0.442399] (nav_bot) StdoutLine: {'line': b'-- Up-to-date symlink: /home/rohan/cobotx/install/nav_bot/share/nav_bot/worlds/meshes/nxt_racks/BTS00068675.png\n'}
[0.442489] (nav_bot) StdoutLine: {'line': b'-- Up-to-date symlink: /home/rohan/cobotx/install/nav_bot/share/nav_bot/worlds/meshes/nxt_racks/BTS00068676.png\n'}
[0.442579] (nav_bot) StdoutLine: {'line': b'-- Up-to-date symlink: /home/rohan/cobotx/install/nav_bot/share/nav_bot/worlds/meshes/nxt_racks/BTS00068677.png\n'}
[0.442669] (nav_bot) StdoutLine: {'line': b'-- Up-to-date symlink: /home/rohan/cobotx/install/nav_bot/share/nav_bot/worlds/meshes/nxt_racks/BTS00068678.png\n'}
[0.442761] (nav_bot) StdoutLine: {'line': b'-- Up-to-date symlink: /home/rohan/cobotx/install/nav_bot/share/nav_bot/worlds/meshes/nxt_racks/BTS00068679.png\n'}
[0.442855] (nav_bot) StdoutLine: {'line': b'-- Up-to-date symlink: /home/rohan/cobotx/install/nav_bot/share/nav_bot/worlds/meshes/nxt_racks/BTS00068680.png\n'}
[0.442948] (nav_bot) StdoutLine: {'line': b'-- Up-to-date symlink: /home/rohan/cobotx/install/nav_bot/share/nav_bot/worlds/meshes/nxt_racks/BTS00068681.png\n'}
[0.443038] (nav_bot) StdoutLine: {'line': b'-- Up-to-date symlink: /home/rohan/cobotx/install/nav_bot/share/nav_bot/worlds/meshes/nxt_racks/BTS00068682.png.001.png\n'}
[0.443128] (nav_bot) StdoutLine: {'line': b'-- Up-to-date symlink: /home/rohan/cobotx/install/nav_bot/share/nav_bot/worlds/meshes/nxt_racks/BTS00068683.png.001.png\n'}
[0.443218] (nav_bot) StdoutLine: {'line': b'-- Up-to-date symlink: /home/rohan/cobotx/install/nav_bot/share/nav_bot/worlds/meshes/nxt_racks/BTS00068684.png\n'}
[0.443308] (nav_bot) StdoutLine: {'line': b'-- Up-to-date symlink: /home/rohan/cobotx/install/nav_bot/share/nav_bot/worlds/meshes/nxt_racks/BTS00068685.png\n'}
[0.443399] (nav_bot) StdoutLine: {'line': b'-- Up-to-date symlink: /home/rohan/cobotx/install/nav_bot/share/nav_bot/worlds/meshes/nxt_racks/BTS00068686.png\n'}
[0.443487] (nav_bot) StdoutLine: {'line': b'-- Up-to-date symlink: /home/rohan/cobotx/install/nav_bot/share/nav_bot/worlds/meshes/nxt_racks/BTS00068687.png\n'}
[0.443576] (nav_bot) StdoutLine: {'line': b'-- Up-to-date symlink: /home/rohan/cobotx/install/nav_bot/share/nav_bot/worlds/meshes/nxt_racks/BTS00068688.png\n'}
[0.443665] (nav_bot) StdoutLine: {'line': b'-- Up-to-date symlink: /home/rohan/cobotx/install/nav_bot/share/nav_bot/worlds/meshes/nxt_racks/BTS00068689.png\n'}
[0.443755] (nav_bot) StdoutLine: {'line': b'-- Up-to-date symlink: /home/rohan/cobotx/install/nav_bot/share/nav_bot/worlds/meshes/nxt_racks/BTS00068690.png\n'}
[0.443850] (nav_bot) StdoutLine: {'line': b'-- Up-to-date symlink: /home/rohan/cobotx/install/nav_bot/share/nav_bot/worlds/meshes/nxt_racks/BTS00068691.png\n'}
[0.443949] (nav_bot) StdoutLine: {'line': b'-- Up-to-date symlink: /home/rohan/cobotx/install/nav_bot/share/nav_bot/worlds/meshes/nxt_racks/BTS00068692.png\n'}
[0.444040] (nav_bot) StdoutLine: {'line': b'-- Up-to-date symlink: /home/rohan/cobotx/install/nav_bot/share/nav_bot/worlds/meshes/nxt_racks/BTS00068693.png\n'}
[0.444130] (nav_bot) StdoutLine: {'line': b'-- Up-to-date symlink: /home/rohan/cobotx/install/nav_bot/share/nav_bot/worlds/meshes/nxt_racks/BTS00068694.png\n'}
[0.444219] (nav_bot) StdoutLine: {'line': b'-- Up-to-date symlink: /home/rohan/cobotx/install/nav_bot/share/nav_bot/worlds/meshes/nxt_racks/BTS00068695.png\n'}
[0.444309] (nav_bot) StdoutLine: {'line': b'-- Up-to-date symlink: /home/rohan/cobotx/install/nav_bot/share/nav_bot/worlds/meshes/nxt_racks/BTS00068696.png\n'}
[0.444399] (nav_bot) StdoutLine: {'line': b'-- Up-to-date symlink: /home/rohan/cobotx/install/nav_bot/share/nav_bot/worlds/meshes/nxt_racks/BTS00068697.png\n'}
[0.444488] (nav_bot) StdoutLine: {'line': b'-- Up-to-date symlink: /home/rohan/cobotx/install/nav_bot/share/nav_bot/worlds/meshes/nxt_racks/BTS00068698.png\n'}
[0.444577] (nav_bot) StdoutLine: {'line': b'-- Up-to-date symlink: /home/rohan/cobotx/install/nav_bot/share/nav_bot/worlds/meshes/nxt_racks/BTS00068699.png.001.png\n'}
[0.444667] (nav_bot) StdoutLine: {'line': b'-- Up-to-date symlink: /home/rohan/cobotx/install/nav_bot/share/nav_bot/worlds/meshes/nxt_racks/BTS00068700.png\n'}
[0.444758] (nav_bot) StdoutLine: {'line': b'-- Up-to-date symlink: /home/rohan/cobotx/install/nav_bot/share/nav_bot/worlds/meshes/nxt_racks/BTS00068701.png.001.png\n'}
[0.444854] (nav_bot) StdoutLine: {'line': b'-- Up-to-date symlink: /home/rohan/cobotx/install/nav_bot/share/nav_bot/worlds/meshes/nxt_racks/BTS00068702.png.001.png\n'}
[0.444949] (nav_bot) StdoutLine: {'line': b'-- Up-to-date symlink: /home/rohan/cobotx/install/nav_bot/share/nav_bot/worlds/meshes/nxt_racks/BTS00068703.png\n'}
[0.445039] (nav_bot) StdoutLine: {'line': b'-- Up-to-date symlink: /home/rohan/cobotx/install/nav_bot/share/nav_bot/worlds/meshes/nxt_racks/BTS00068704.png\n'}
[0.445129] (nav_bot) StdoutLine: {'line': b'-- Up-to-date symlink: /home/rohan/cobotx/install/nav_bot/share/nav_bot/worlds/meshes/nxt_racks/BTS00068705.png\n'}
[0.445219] (nav_bot) StdoutLine: {'line': b'-- Up-to-date symlink: /home/rohan/cobotx/install/nav_bot/share/nav_bot/worlds/meshes/nxt_racks/BTS00068706.png\n'}
[0.445309] (nav_bot) StdoutLine: {'line': b'-- Up-to-date symlink: /home/rohan/cobotx/install/nav_bot/share/nav_bot/worlds/meshes/nxt_racks/BTS00068707.png\n'}
[0.445426] (nav_bot) StdoutLine: {'line': b'-- Up-to-date symlink: /home/rohan/cobotx/install/nav_bot/share/nav_bot/worlds/meshes/nxt_racks/BTS00068708.png\n'}
[0.445519] (nav_bot) StdoutLine: {'line': b'-- Up-to-date symlink: /home/rohan/cobotx/install/nav_bot/share/nav_bot/worlds/meshes/nxt_racks/BTS00068709.png\n'}
[0.445609] (nav_bot) StdoutLine: {'line': b'-- Up-to-date symlink: /home/rohan/cobotx/install/nav_bot/share/nav_bot/worlds/meshes/nxt_racks/BTS00068710.png\n'}
[0.445700] (nav_bot) StdoutLine: {'line': b'-- Up-to-date symlink: /home/rohan/cobotx/install/nav_bot/share/nav_bot/worlds/meshes/nxt_racks/BTS00068711.png\n'}
[0.445790] (nav_bot) StdoutLine: {'line': b'-- Up-to-date symlink: /home/rohan/cobotx/install/nav_bot/share/nav_bot/worlds/meshes/nxt_racks/BTS00068712.png\n'}
[0.445887] (nav_bot) StdoutLine: {'line': b'-- Up-to-date symlink: /home/rohan/cobotx/install/nav_bot/share/nav_bot/worlds/meshes/nxt_racks/BTS00068713.png\n'}
[0.445984] (nav_bot) StdoutLine: {'line': b'-- Up-to-date symlink: /home/rohan/cobotx/install/nav_bot/share/nav_bot/worlds/meshes/nxt_racks/BTS00068714.png\n'}
[0.446076] (nav_bot) StdoutLine: {'line': b'-- Up-to-date symlink: /home/rohan/cobotx/install/nav_bot/share/nav_bot/worlds/meshes/nxt_racks/BTS00068715.png\n'}
[0.446167] (nav_bot) StdoutLine: {'line': b'-- Up-to-date symlink: /home/rohan/cobotx/install/nav_bot/share/nav_bot/worlds/meshes/nxt_racks/BTS00068716.png\n'}
[0.446256] (nav_bot) StdoutLine: {'line': b'-- Up-to-date symlink: /home/rohan/cobotx/install/nav_bot/share/nav_bot/worlds/meshes/nxt_racks/BTS00068717.png\n'}
[0.446362] (nav_bot) StdoutLine: {'line': b'-- Up-to-date symlink: /home/rohan/cobotx/install/nav_bot/share/nav_bot/worlds/meshes/nxt_racks/BTS00068718.png\n'}
[0.446476] (nav_bot) StdoutLine: {'line': b'-- Up-to-date symlink: /home/rohan/cobotx/install/nav_bot/share/nav_bot/worlds/meshes/nxt_racks/BTS00068719.png\n'}
[0.446568] (nav_bot) StdoutLine: {'line': b'-- Up-to-date symlink: /home/rohan/cobotx/install/nav_bot/share/nav_bot/worlds/meshes/nxt_racks/BTS00068720.png\n'}
[0.446638] (nav_bot) StdoutLine: {'line': b'-- Up-to-date symlink: /home/rohan/cobotx/install/nav_bot/share/nav_bot/worlds/meshes/nxt_racks/BTS00068721.png\n'}
[0.446726] (nav_bot) StdoutLine: {'line': b'-- Up-to-date symlink: /home/rohan/cobotx/install/nav_bot/share/nav_bot/worlds/meshes/nxt_racks/BTS00068722.png\n'}
[0.446813] (nav_bot) StdoutLine: {'line': b'-- Up-to-date symlink: /home/rohan/cobotx/install/nav_bot/share/nav_bot/worlds/meshes/nxt_racks/BTS00068723.png\n'}
[0.446909] (nav_bot) StdoutLine: {'line': b'-- Up-to-date symlink: /home/rohan/cobotx/install/nav_bot/share/nav_bot/worlds/meshes/nxt_racks/BTS00068724.png\n'}
[0.447000] (nav_bot) StdoutLine: {'line': b'-- Up-to-date symlink: /home/rohan/cobotx/install/nav_bot/share/nav_bot/worlds/meshes/nxt_racks/BTS00068725.png\n'}
[0.447089] (nav_bot) StdoutLine: {'line': b'-- Up-to-date symlink: /home/rohan/cobotx/install/nav_bot/share/nav_bot/worlds/meshes/nxt_racks/BTS00068726.png\n'}
[0.447179] (nav_bot) StdoutLine: {'line': b'-- Up-to-date symlink: /home/rohan/cobotx/install/nav_bot/share/nav_bot/worlds/meshes/nxt_racks/BTS00068727.png\n'}
[0.447269] (nav_bot) StdoutLine: {'line': b'-- Up-to-date symlink: /home/rohan/cobotx/install/nav_bot/share/nav_bot/worlds/meshes/nxt_racks/BTS00068728.png\n'}
[0.447358] (nav_bot) StdoutLine: {'line': b'-- Up-to-date symlink: /home/rohan/cobotx/install/nav_bot/share/nav_bot/worlds/meshes/nxt_racks/BTS00068729.png\n'}
[0.447448] (nav_bot) StdoutLine: {'line': b'-- Up-to-date symlink: /home/rohan/cobotx/install/nav_bot/share/nav_bot/worlds/meshes/nxt_racks/BTS00068730.png\n'}
[0.447537] (nav_bot) StdoutLine: {'line': b'-- Up-to-date symlink: /home/rohan/cobotx/install/nav_bot/share/nav_bot/worlds/meshes/nxt_racks/BTS00069884.png\n'}
[0.447623] (nav_bot) StdoutLine: {'line': b'-- Up-to-date symlink: /home/rohan/cobotx/install/nav_bot/share/nav_bot/worlds/meshes/nxt_racks/BTS00069885.png\n'}
[0.447711] (nav_bot) StdoutLine: {'line': b'-- Up-to-date symlink: /home/rohan/cobotx/install/nav_bot/share/nav_bot/worlds/meshes/nxt_racks/BTS00069886.png\n'}
[0.447800] (nav_bot) StdoutLine: {'line': b'-- Up-to-date symlink: /home/rohan/cobotx/install/nav_bot/share/nav_bot/worlds/meshes/nxt_racks/BTS00069887.png\n'}
[0.447894] (nav_bot) StdoutLine: {'line': b'-- Up-to-date symlink: /home/rohan/cobotx/install/nav_bot/share/nav_bot/worlds/meshes/nxt_racks/BTS00069888.png\n'}
[0.447987] (nav_bot) StdoutLine: {'line': b'-- Up-to-date symlink: /home/rohan/cobotx/install/nav_bot/share/nav_bot/worlds/meshes/nxt_racks/BTS00069889.png\n'}
[0.448076] (nav_bot) StdoutLine: {'line': b'-- Up-to-date symlink: /home/rohan/cobotx/install/nav_bot/share/nav_bot/worlds/meshes/nxt_racks/Bois_palette.jpg\n'}
[0.448166] (nav_bot) StdoutLine: {'line': b'-- Up-to-date symlink: /home/rohan/cobotx/install/nav_bot/share/nav_bot/worlds/meshes/nxt_racks/Box_paper_04_1_Base_Color.png\n'}
[0.448257] (nav_bot) StdoutLine: {'line': b'-- Up-to-date symlink: /home/rohan/cobotx/install/nav_bot/share/nav_bot/worlds/meshes/nxt_racks/Box_paper_04_1_Base_Color.png.001.png\n'}
[0.448347] (nav_bot) StdoutLine: {'line': b'-- Up-to-date symlink: /home/rohan/cobotx/install/nav_bot/share/nav_bot/worlds/meshes/nxt_racks/HD-01_A_01.png\n'}
[0.448437] (nav_bot) StdoutLine: {'line': b'-- Up-to-date symlink: /home/rohan/cobotx/install/nav_bot/share/nav_bot/worlds/meshes/nxt_racks/HD-01_A_01.png.002.png\n'}
[0.448528] (nav_bot) StdoutLine: {'line': b'-- Up-to-date symlink: /home/rohan/cobotx/install/nav_bot/share/nav_bot/worlds/meshes/nxt_racks/HD-01_A_01.png.003.png\n'}
[0.448618] (nav_bot) StdoutLine: {'line': b'-- Up-to-date symlink: /home/rohan/cobotx/install/nav_bot/share/nav_bot/worlds/meshes/nxt_racks/HD-01_A_01.png.004.png\n'}
[0.448708] (nav_bot) StdoutLine: {'line': b'-- Up-to-date symlink: /home/rohan/cobotx/install/nav_bot/share/nav_bot/worlds/meshes/nxt_racks/HD-01_A_01.png.005.png\n'}
[0.448798] (nav_bot) StdoutLine: {'line': b'-- Up-to-date symlink: /home/rohan/cobotx/install/nav_bot/share/nav_bot/worlds/meshes/nxt_racks/HD-01_A_01.png.006.png\n'}
[0.448894] (nav_bot) StdoutLine: {'line': b'-- Up-to-date symlink: /home/rohan/cobotx/install/nav_bot/share/nav_bot/worlds/meshes/nxt_racks/HD-01_A_01.png.007.png\n'}
[0.448989] (nav_bot) StdoutLine: {'line': b'-- Up-to-date symlink: /home/rohan/cobotx/install/nav_bot/share/nav_bot/worlds/meshes/nxt_racks/HD-01_A_01.png.008.png\n'}
[0.449080] (nav_bot) StdoutLine: {'line': b'-- Up-to-date symlink: /home/rohan/cobotx/install/nav_bot/share/nav_bot/worlds/meshes/nxt_racks/HD-01_A_01.png.009.png\n'}
[0.449171] (nav_bot) StdoutLine: {'line': b'-- Up-to-date symlink: /home/rohan/cobotx/install/nav_bot/share/nav_bot/worlds/meshes/nxt_racks/HD-01_A_01.png.010.png\n'}
[0.449261] (nav_bot) StdoutLine: {'line': b'-- Up-to-date symlink: /home/rohan/cobotx/install/nav_bot/share/nav_bot/worlds/meshes/nxt_racks/HD-01_A_01.png.011.png\n'}
[0.449352] (nav_bot) StdoutLine: {'line': b'-- Up-to-date symlink: /home/rohan/cobotx/install/nav_bot/share/nav_bot/worlds/meshes/nxt_racks/HD-01_A_01.png.016.png\n'}
[0.449443] (nav_bot) StdoutLine: {'line': b'-- Up-to-date symlink: /home/rohan/cobotx/install/nav_bot/share/nav_bot/worlds/meshes/nxt_racks/HD-01_A_01.png.017.png\n'}
[0.449534] (nav_bot) StdoutLine: {'line': b'-- Up-to-date symlink: /home/rohan/cobotx/install/nav_bot/share/nav_bot/worlds/meshes/nxt_racks/HD-01_A_01.png.018.png\n'}
[0.449624] (nav_bot) StdoutLine: {'line': b'-- Up-to-date symlink: /home/rohan/cobotx/install/nav_bot/share/nav_bot/worlds/meshes/nxt_racks/HD-01_A_01.png.019.png\n'}
[0.449714] (nav_bot) StdoutLine: {'line': b'-- Up-to-date symlink: /home/rohan/cobotx/install/nav_bot/share/nav_bot/worlds/meshes/nxt_racks/HD-01_A_01.png.020.png\n'}
[0.449807] (nav_bot) StdoutLine: {'line': b'-- Up-to-date symlink: /home/rohan/cobotx/install/nav_bot/share/nav_bot/worlds/meshes/nxt_racks/HD-01_A_01.png.021.png\n'}
[0.449906] (nav_bot) StdoutLine: {'line': b'-- Up-to-date symlink: /home/rohan/cobotx/install/nav_bot/share/nav_bot/worlds/meshes/nxt_racks/HD-01_A_01.png.022.png\n'}
[0.449997] (nav_bot) StdoutLine: {'line': b'-- Up-to-date symlink: /home/rohan/cobotx/install/nav_bot/share/nav_bot/worlds/meshes/nxt_racks/HD-01_A_01.png.023.png\n'}
[0.450088] (nav_bot) StdoutLine: {'line': b'-- Up-to-date symlink: /home/rohan/cobotx/install/nav_bot/share/nav_bot/worlds/meshes/nxt_racks/HD-01_A_01.png.024.png\n'}
[0.450178] (nav_bot) StdoutLine: {'line': b'-- Up-to-date symlink: /home/rohan/cobotx/install/nav_bot/share/nav_bot/worlds/meshes/nxt_racks/HD-01_A_01.png.025.png\n'}
[0.450268] (nav_bot) StdoutLine: {'line': b'-- Up-to-date symlink: /home/rohan/cobotx/install/nav_bot/share/nav_bot/worlds/meshes/nxt_racks/HD-01_A_01.png.030.png\n'}
[0.450363] (nav_bot) StdoutLine: {'line': b'-- Up-to-date symlink: /home/rohan/cobotx/install/nav_bot/share/nav_bot/worlds/meshes/nxt_racks/HD-01_A_01.png.031.png\n'}
[0.450454] (nav_bot) StdoutLine: {'line': b'-- Up-to-date symlink: /home/rohan/cobotx/install/nav_bot/share/nav_bot/worlds/meshes/nxt_racks/HD-01_A_01.png.032.png\n'}
[0.450544] (nav_bot) StdoutLine: {'line': b'-- Up-to-date symlink: /home/rohan/cobotx/install/nav_bot/share/nav_bot/worlds/meshes/nxt_racks/HD-01_A_01.png.033.png\n'}
[0.450636] (nav_bot) StdoutLine: {'line': b'-- Up-to-date symlink: /home/rohan/cobotx/install/nav_bot/share/nav_bot/worlds/meshes/nxt_racks/HD-01_A_01.png.034.png\n'}
[0.450727] (nav_bot) StdoutLine: {'line': b'-- Up-to-date symlink: /home/rohan/cobotx/install/nav_bot/share/nav_bot/worlds/meshes/nxt_racks/HD-01_A_01.png.035.png\n'}
[0.450818] (nav_bot) StdoutLine: {'line': b'-- Up-to-date symlink: /home/rohan/cobotx/install/nav_bot/share/nav_bot/worlds/meshes/nxt_racks/HD-01_A_01.png.036.png\n'}
[0.450918] (nav_bot) StdoutLine: {'line': b'-- Up-to-date symlink: /home/rohan/cobotx/install/nav_bot/share/nav_bot/worlds/meshes/nxt_racks/HD-01_A_01.png.037.png\n'}
[0.451013] (nav_bot) StdoutLine: {'line': b'-- Up-to-date symlink: /home/rohan/cobotx/install/nav_bot/share/nav_bot/worlds/meshes/nxt_racks/HD-01_A_01.png.038.png\n'}
[0.451105] (nav_bot) StdoutLine: {'line': b'-- Up-to-date symlink: /home/rohan/cobotx/install/nav_bot/share/nav_bot/worlds/meshes/nxt_racks/HD-01_A_01.png.039.png\n'}
[0.451196] (nav_bot) StdoutLine: {'line': b'-- Up-to-date symlink: /home/rohan/cobotx/install/nav_bot/share/nav_bot/worlds/meshes/nxt_racks/HD-01_A_01.png.044.png\n'}
[0.451287] (nav_bot) StdoutLine: {'line': b'-- Up-to-date symlink: /home/rohan/cobotx/install/nav_bot/share/nav_bot/worlds/meshes/nxt_racks/HD-01_A_01.png.045.png\n'}
[0.451378] (nav_bot) StdoutLine: {'line': b'-- Up-to-date symlink: /home/rohan/cobotx/install/nav_bot/share/nav_bot/worlds/meshes/nxt_racks/HD-01_A_01.png.046.png\n'}
[0.451470] (nav_bot) StdoutLine: {'line': b'-- Up-to-date symlink: /home/rohan/cobotx/install/nav_bot/share/nav_bot/worlds/meshes/nxt_racks/HD-01_A_01.png.047.png\n'}
[0.451562] (nav_bot) StdoutLine: {'line': b'-- Up-to-date symlink: /home/rohan/cobotx/install/nav_bot/share/nav_bot/worlds/meshes/nxt_racks/HD-01_A_01.png.048.png\n'}
[0.451654] (nav_bot) StdoutLine: {'line': b'-- Up-to-date symlink: /home/rohan/cobotx/install/nav_bot/share/nav_bot/worlds/meshes/nxt_racks/HD-01_A_01.png.049.png\n'}
[0.451744] (nav_bot) StdoutLine: {'line': b'-- Up-to-date symlink: /home/rohan/cobotx/install/nav_bot/share/nav_bot/worlds/meshes/nxt_racks/HD-01_A_01.png.050.png\n'}
[0.451834] (nav_bot) StdoutLine: {'line': b'-- Up-to-date symlink: /home/rohan/cobotx/install/nav_bot/share/nav_bot/worlds/meshes/nxt_racks/HD-01_A_01.png.051.png\n'}
[0.451934] (nav_bot) StdoutLine: {'line': b'-- Up-to-date symlink: /home/rohan/cobotx/install/nav_bot/share/nav_bot/worlds/meshes/nxt_racks/HD-01_A_01.png.052.png\n'}
[0.452026] (nav_bot) StdoutLine: {'line': b'-- Up-to-date symlink: /home/rohan/cobotx/install/nav_bot/share/nav_bot/worlds/meshes/nxt_racks/HD-01_A_01.png.053.png\n'}
[0.452116] (nav_bot) StdoutLine: {'line': b'-- Up-to-date symlink: /home/rohan/cobotx/install/nav_bot/share/nav_bot/worlds/meshes/nxt_racks/HD-01_A_01.png.058.png\n'}
[0.452207] (nav_bot) StdoutLine: {'line': b'-- Up-to-date symlink: /home/rohan/cobotx/install/nav_bot/share/nav_bot/worlds/meshes/nxt_racks/HD-01_A_01.png.059.png\n'}
[0.452314] (nav_bot) StdoutLine: {'line': b'-- Up-to-date symlink: /home/rohan/cobotx/install/nav_bot/share/nav_bot/worlds/meshes/nxt_racks/HD-01_A_01.png.060.png\n'}
[0.452401] (nav_bot) StdoutLine: {'line': b'-- Up-to-date symlink: /home/rohan/cobotx/install/nav_bot/share/nav_bot/worlds/meshes/nxt_racks/HD-01_A_01.png.061.png\n'}
[0.452491] (nav_bot) StdoutLine: {'line': b'-- Up-to-date symlink: /home/rohan/cobotx/install/nav_bot/share/nav_bot/worlds/meshes/nxt_racks/HD-01_A_01.png.062.png\n'}
[0.452581] (nav_bot) StdoutLine: {'line': b'-- Up-to-date symlink: /home/rohan/cobotx/install/nav_bot/share/nav_bot/worlds/meshes/nxt_racks/HD-01_A_01.png.063.png\n'}
[0.452670] (nav_bot) StdoutLine: {'line': b'-- Up-to-date symlink: /home/rohan/cobotx/install/nav_bot/share/nav_bot/worlds/meshes/nxt_racks/HD-01_A_01.png.064.png\n'}
[0.452759] (nav_bot) StdoutLine: {'line': b'-- Up-to-date symlink: /home/rohan/cobotx/install/nav_bot/share/nav_bot/worlds/meshes/nxt_racks/HD-01_A_01.png.065.png\n'}
[0.452854] (nav_bot) StdoutLine: {'line': b'-- Up-to-date symlink: /home/rohan/cobotx/install/nav_bot/share/nav_bot/worlds/meshes/nxt_racks/HD-01_A_01.png.066.png\n'}
[0.452951] (nav_bot) StdoutLine: {'line': b'-- Up-to-date symlink: /home/rohan/cobotx/install/nav_bot/share/nav_bot/worlds/meshes/nxt_racks/HD-01_A_01.png.067.png\n'}
[0.453087] (nav_bot) StdoutLine: {'line': b'-- Up-to-date symlink: /home/rohan/cobotx/install/nav_bot/share/nav_bot/worlds/meshes/nxt_racks/HD-01_A_01.png.072.png\n'}
[0.453206] (nav_bot) StdoutLine: {'line': b'-- Up-to-date symlink: /home/rohan/cobotx/install/nav_bot/share/nav_bot/worlds/meshes/nxt_racks/HD-01_A_01.png.073.png\n'}
[0.453302] (nav_bot) StdoutLine: {'line': b'-- Up-to-date symlink: /home/rohan/cobotx/install/nav_bot/share/nav_bot/worlds/meshes/nxt_racks/HD-01_A_01.png.074.png\n'}
[0.453393] (nav_bot) StdoutLine: {'line': b'-- Up-to-date symlink: /home/rohan/cobotx/install/nav_bot/share/nav_bot/worlds/meshes/nxt_racks/HD-01_A_01.png.075.png\n'}
[0.453482] (nav_bot) StdoutLine: {'line': b'-- Up-to-date symlink: /home/rohan/cobotx/install/nav_bot/share/nav_bot/worlds/meshes/nxt_racks/HD-01_A_01.png.076.png\n'}
[0.453573] (nav_bot) StdoutLine: {'line': b'-- Up-to-date symlink: /home/rohan/cobotx/install/nav_bot/share/nav_bot/worlds/meshes/nxt_racks/HD-01_A_01.png.079.png\n'}
[0.453666] (nav_bot) StdoutLine: {'line': b'-- Up-to-date symlink: /home/rohan/cobotx/install/nav_bot/share/nav_bot/worlds/meshes/nxt_racks/HD-01_A_01.png.080.png\n'}
[0.453760] (nav_bot) StdoutLine: {'line': b'-- Up-to-date symlink: /home/rohan/cobotx/install/nav_bot/share/nav_bot/worlds/meshes/nxt_racks/HD-01_A_01.png.081.png\n'}
[0.453859] (nav_bot) StdoutLine: {'line': b'-- Up-to-date symlink: /home/rohan/cobotx/install/nav_bot/share/nav_bot/worlds/meshes/nxt_racks/HD-01_A_01.png.082.png\n'}
[0.453958] (nav_bot) StdoutLine: {'line': b'-- Up-to-date symlink: /home/rohan/cobotx/install/nav_bot/share/nav_bot/worlds/meshes/nxt_racks/HD-01_A_01.png.083.png\n'}
[0.454052] (nav_bot) StdoutLine: {'line': b'-- Up-to-date symlink: /home/rohan/cobotx/install/nav_bot/share/nav_bot/worlds/meshes/nxt_racks/HD-01_A_01.png.084.png\n'}
[0.454155] (nav_bot) StdoutLine: {'line': b'-- Up-to-date symlink: /home/rohan/cobotx/install/nav_bot/share/nav_bot/worlds/meshes/nxt_racks/HD-01_A_01.png.085.png\n'}
[0.454249] (nav_bot) StdoutLine: {'line': b'-- Up-to-date symlink: /home/rohan/cobotx/install/nav_bot/share/nav_bot/worlds/meshes/nxt_racks/HD-01_A_01.png.086.png\n'}
[0.454343] (nav_bot) StdoutLine: {'line': b'-- Up-to-date symlink: /home/rohan/cobotx/install/nav_bot/share/nav_bot/worlds/meshes/nxt_racks/HD-01_A_01.png.087.png\n'}
[0.454456] (nav_bot) StdoutLine: {'line': b'-- Up-to-date symlink: /home/rohan/cobotx/install/nav_bot/share/nav_bot/worlds/meshes/nxt_racks/HD-01_A_01.png.088.png\n'}
[0.454550] (nav_bot) StdoutLine: {'line': b'-- Up-to-date symlink: /home/rohan/cobotx/install/nav_bot/share/nav_bot/worlds/meshes/nxt_racks/HD-01_A_01.png.093.png\n'}
[0.454646] (nav_bot) StdoutLine: {'line': b'-- Up-to-date symlink: /home/rohan/cobotx/install/nav_bot/share/nav_bot/worlds/meshes/nxt_racks/HD-01_A_01.png.094.png\n'}
[0.454741] (nav_bot) StdoutLine: {'line': b'-- Up-to-date symlink: /home/rohan/cobotx/install/nav_bot/share/nav_bot/worlds/meshes/nxt_racks/HD-01_A_01.png.095.png\n'}
[0.454837] (nav_bot) StdoutLine: {'line': b'-- Up-to-date symlink: /home/rohan/cobotx/install/nav_bot/share/nav_bot/worlds/meshes/nxt_racks/HD-01_A_01.png.096.png\n'}
[0.454953] (nav_bot) StdoutLine: {'line': b'-- Up-to-date symlink: /home/rohan/cobotx/install/nav_bot/share/nav_bot/worlds/meshes/nxt_racks/HD-01_A_01.png.097.png\n'}
[0.455050] (nav_bot) StdoutLine: {'line': b'-- Up-to-date symlink: /home/rohan/cobotx/install/nav_bot/share/nav_bot/worlds/meshes/nxt_racks/HD-01_A_01.png.098.png\n'}
[0.455145] (nav_bot) StdoutLine: {'line': b'-- Up-to-date symlink: /home/rohan/cobotx/install/nav_bot/share/nav_bot/worlds/meshes/nxt_racks/HD-01_A_01.png.099.png\n'}
[0.455241] (nav_bot) StdoutLine: {'line': b'-- Up-to-date symlink: /home/rohan/cobotx/install/nav_bot/share/nav_bot/worlds/meshes/nxt_racks/HD-01_A_01.png.100.png\n'}
[0.455336] (nav_bot) StdoutLine: {'line': b'-- Up-to-date symlink: /home/rohan/cobotx/install/nav_bot/share/nav_bot/worlds/meshes/nxt_racks/HD-01_A_01.png.101.png\n'}
[0.455431] (nav_bot) StdoutLine: {'line': b'-- Up-to-date symlink: /home/rohan/cobotx/install/nav_bot/share/nav_bot/worlds/meshes/nxt_racks/HD-01_A_01.png.102.png\n'}
[0.455526] (nav_bot) StdoutLine: {'line': b'-- Up-to-date symlink: /home/rohan/cobotx/install/nav_bot/share/nav_bot/worlds/meshes/nxt_racks/HD-01_A_01.png.107.png\n'}
[0.455622] (nav_bot) StdoutLine: {'line': b'-- Up-to-date symlink: /home/rohan/cobotx/install/nav_bot/share/nav_bot/worlds/meshes/nxt_racks/HD-01_A_01.png.108.png\n'}
[0.455717] (nav_bot) StdoutLine: {'line': b'-- Up-to-date symlink: /home/rohan/cobotx/install/nav_bot/share/nav_bot/worlds/meshes/nxt_racks/HD-01_A_01.png.109.png\n'}
[0.455811] (nav_bot) StdoutLine: {'line': b'-- Up-to-date symlink: /home/rohan/cobotx/install/nav_bot/share/nav_bot/worlds/meshes/nxt_racks/HD-01_A_01.png.110.png\n'}
[0.455916] (nav_bot) StdoutLine: {'line': b'-- Up-to-date symlink: /home/rohan/cobotx/install/nav_bot/share/nav_bot/worlds/meshes/nxt_racks/HD-01_A_01.png.111.png\n'}
[0.456016] (nav_bot) StdoutLine: {'line': b'-- Up-to-date symlink: /home/rohan/cobotx/install/nav_bot/share/nav_bot/worlds/meshes/nxt_racks/HD-01_A_01.png.112.png\n'}
[0.456112] (nav_bot) StdoutLine: {'line': b'-- Up-to-date symlink: /home/rohan/cobotx/install/nav_bot/share/nav_bot/worlds/meshes/nxt_racks/HD-01_A_01.png.113.png\n'}
[0.456206] (nav_bot) StdoutLine: {'line': b'-- Up-to-date symlink: /home/rohan/cobotx/install/nav_bot/share/nav_bot/worlds/meshes/nxt_racks/HD-01_A_01.png.114.png\n'}
[0.456301] (nav_bot) StdoutLine: {'line': b'-- Up-to-date symlink: /home/rohan/cobotx/install/nav_bot/share/nav_bot/worlds/meshes/nxt_racks/HD-01_A_01.png.115.png\n'}
[0.456395] (nav_bot) StdoutLine: {'line': b'-- Up-to-date symlink: /home/rohan/cobotx/install/nav_bot/share/nav_bot/worlds/meshes/nxt_racks/HD-01_A_01.png.122.png\n'}
[0.456496] (nav_bot) StdoutLine: {'line': b'-- Up-to-date symlink: /home/rohan/cobotx/install/nav_bot/share/nav_bot/worlds/meshes/nxt_racks/HD-01_A_01.png.123.png\n'}
[0.456602] (nav_bot) StdoutLine: {'line': b'-- Up-to-date symlink: /home/rohan/cobotx/install/nav_bot/share/nav_bot/worlds/meshes/nxt_racks/HD-01_A_01.png.124.png\n'}
[0.456703] (nav_bot) StdoutLine: {'line': b'-- Up-to-date symlink: /home/rohan/cobotx/install/nav_bot/share/nav_bot/worlds/meshes/nxt_racks/HD-01_A_01.png.125.png\n'}
[0.456778] (nav_bot) StdoutLine: {'line': b'-- Up-to-date symlink: /home/rohan/cobotx/install/nav_bot/share/nav_bot/worlds/meshes/nxt_racks/HD-01_A_01.png.126.png\n'}
[0.456880] (nav_bot) StdoutLine: {'line': b'-- Up-to-date symlink: /home/rohan/cobotx/install/nav_bot/share/nav_bot/worlds/meshes/nxt_racks/HD-01_A_01.png.127.png\n'}
[0.457002] (nav_bot) StdoutLine: {'line': b'-- Up-to-date symlink: /home/rohan/cobotx/install/nav_bot/share/nav_bot/worlds/meshes/nxt_racks/HD-01_A_01.png.128.png\n'}
[0.457114] (nav_bot) StdoutLine: {'line': b'-- Up-to-date symlink: /home/rohan/cobotx/install/nav_bot/share/nav_bot/worlds/meshes/nxt_racks/HD-01_A_01.png.129.png\n'}
[0.457188] (nav_bot) StdoutLine: {'line': b'-- Up-to-date symlink: /home/rohan/cobotx/install/nav_bot/share/nav_bot/worlds/meshes/nxt_racks/HD-01_A_01.png.130.png\n'}
[0.457282] (nav_bot) StdoutLine: {'line': b'-- Up-to-date symlink: /home/rohan/cobotx/install/nav_bot/share/nav_bot/worlds/meshes/nxt_racks/HD-01_A_01.png.135.png\n'}
[0.457377] (nav_bot) StdoutLine: {'line': b'-- Up-to-date symlink: /home/rohan/cobotx/install/nav_bot/share/nav_bot/worlds/meshes/nxt_racks/HD-01_A_01.png.136.png\n'}
[0.457472] (nav_bot) StdoutLine: {'line': b'-- Up-to-date symlink: /home/rohan/cobotx/install/nav_bot/share/nav_bot/worlds/meshes/nxt_racks/HD-01_A_01.png.137.png\n'}
[0.457568] (nav_bot) StdoutLine: {'line': b'-- Up-to-date symlink: /home/rohan/cobotx/install/nav_bot/share/nav_bot/worlds/meshes/nxt_racks/HD-01_A_01.png.138.png\n'}
[0.457667] (nav_bot) StdoutLine: {'line': b'-- Up-to-date symlink: /home/rohan/cobotx/install/nav_bot/share/nav_bot/worlds/meshes/nxt_racks/HD-01_A_01.png.139.png\n'}
[0.457766] (nav_bot) StdoutLine: {'line': b'-- Up-to-date symlink: /home/rohan/cobotx/install/nav_bot/share/nav_bot/worlds/meshes/nxt_racks/HD-01_A_01.png.142.png\n'}
[0.457870] (nav_bot) StdoutLine: {'line': b'-- Up-to-date symlink: /home/rohan/cobotx/install/nav_bot/share/nav_bot/worlds/meshes/nxt_racks/HD-01_A_01.png.143.png\n'}
[0.457981] (nav_bot) StdoutLine: {'line': b'-- Up-to-date symlink: /home/rohan/cobotx/install/nav_bot/share/nav_bot/worlds/meshes/nxt_racks/HD-01_A_01.png.144.png\n'}
[0.458081] (nav_bot) StdoutLine: {'line': b'-- Up-to-date symlink: /home/rohan/cobotx/install/nav_bot/share/nav_bot/worlds/meshes/nxt_racks/HD-01_A_01.png.145.png\n'}
[0.458179] (nav_bot) StdoutLine: {'line': b'-- Up-to-date symlink: /home/rohan/cobotx/install/nav_bot/share/nav_bot/worlds/meshes/nxt_racks/HD-01_A_01.png.146.png\n'}
[0.458278] (nav_bot) StdoutLine: {'line': b'-- Up-to-date symlink: /home/rohan/cobotx/install/nav_bot/share/nav_bot/worlds/meshes/nxt_racks/HD-01_A_01.png.147.png\n'}
[0.458374] (nav_bot) StdoutLine: {'line': b'-- Up-to-date symlink: /home/rohan/cobotx/install/nav_bot/share/nav_bot/worlds/meshes/nxt_racks/HD-01_A_01.png.148.png\n'}
[0.458476] (nav_bot) StdoutLine: {'line': b'-- Up-to-date symlink: /home/rohan/cobotx/install/nav_bot/share/nav_bot/worlds/meshes/nxt_racks/HD-01_A_01.png.149.png\n'}
[0.458578] (nav_bot) StdoutLine: {'line': b'-- Up-to-date symlink: /home/rohan/cobotx/install/nav_bot/share/nav_bot/worlds/meshes/nxt_racks/HD-01_A_01.png.150.png\n'}
[0.458676] (nav_bot) StdoutLine: {'line': b'-- Up-to-date symlink: /home/rohan/cobotx/install/nav_bot/share/nav_bot/worlds/meshes/nxt_racks/HD-01_A_01.png.151.png\n'}
[0.458774] (nav_bot) StdoutLine: {'line': b'-- Up-to-date symlink: /home/rohan/cobotx/install/nav_bot/share/nav_bot/worlds/meshes/nxt_racks/HD-01_A_01.png.156.png\n'}
[0.458878] (nav_bot) StdoutLine: {'line': b'-- Up-to-date symlink: /home/rohan/cobotx/install/nav_bot/share/nav_bot/worlds/meshes/nxt_racks/HD-01_A_01.png.157.png\n'}
[0.458981] (nav_bot) StdoutLine: {'line': b'-- Up-to-date symlink: /home/rohan/cobotx/install/nav_bot/share/nav_bot/worlds/meshes/nxt_racks/HD-01_A_01.png.158.png\n'}
[0.459085] (nav_bot) StdoutLine: {'line': b'-- Up-to-date symlink: /home/rohan/cobotx/install/nav_bot/share/nav_bot/worlds/meshes/nxt_racks/HD-01_A_01.png.159.png\n'}
[0.459185] (nav_bot) StdoutLine: {'line': b'-- Up-to-date symlink: /home/rohan/cobotx/install/nav_bot/share/nav_bot/worlds/meshes/nxt_racks/HD-01_A_01.png.160.png\n'}
[0.459282] (nav_bot) StdoutLine: {'line': b'-- Up-to-date symlink: /home/rohan/cobotx/install/nav_bot/share/nav_bot/worlds/meshes/nxt_racks/HD-01_A_01.png.161.png\n'}
[0.459377] (nav_bot) StdoutLine: {'line': b'-- Up-to-date symlink: /home/rohan/cobotx/install/nav_bot/share/nav_bot/worlds/meshes/nxt_racks/HD-01_A_01.png.162.png\n'}
[0.459474] (nav_bot) StdoutLine: {'line': b'-- Up-to-date symlink: /home/rohan/cobotx/install/nav_bot/share/nav_bot/worlds/meshes/nxt_racks/HD-01_A_01.png.163.png\n'}
[0.459571] (nav_bot) StdoutLine: {'line': b'-- Up-to-date symlink: /home/rohan/cobotx/install/nav_bot/share/nav_bot/worlds/meshes/nxt_racks/HD-01_A_01.png.164.png\n'}
[0.459671] (nav_bot) StdoutLine: {'line': b'-- Up-to-date symlink: /home/rohan/cobotx/install/nav_bot/share/nav_bot/worlds/meshes/nxt_racks/HD-01_A_01.png.165.png\n'}
[0.459771] (nav_bot) StdoutLine: {'line': b'-- Up-to-date symlink: /home/rohan/cobotx/install/nav_bot/share/nav_bot/worlds/meshes/nxt_racks/HD-01_A_01.png.170.png\n'}
[0.459879] (nav_bot) StdoutLine: {'line': b'-- Up-to-date symlink: /home/rohan/cobotx/install/nav_bot/share/nav_bot/worlds/meshes/nxt_racks/HD-01_A_01.png.171.png\n'}
[0.459986] (nav_bot) StdoutLine: {'line': b'-- Up-to-date symlink: /home/rohan/cobotx/install/nav_bot/share/nav_bot/worlds/meshes/nxt_racks/HD-01_A_01.png.172.png\n'}
[0.460087] (nav_bot) StdoutLine: {'line': b'-- Up-to-date symlink: /home/rohan/cobotx/install/nav_bot/share/nav_bot/worlds/meshes/nxt_racks/HD-01_A_01.png.173.png\n'}
[0.460187] (nav_bot) StdoutLine: {'line': b'-- Up-to-date symlink: /home/rohan/cobotx/install/nav_bot/share/nav_bot/worlds/meshes/nxt_racks/HD-01_A_01.png.174.png\n'}
[0.460284] (nav_bot) StdoutLine: {'line': b'-- Up-to-date symlink: /home/rohan/cobotx/install/nav_bot/share/nav_bot/worlds/meshes/nxt_racks/HD-01_A_01.png.175.png\n'}
[0.460385] (nav_bot) StdoutLine: {'line': b'-- Up-to-date symlink: /home/rohan/cobotx/install/nav_bot/share/nav_bot/worlds/meshes/nxt_racks/HD-01_A_01.png.176.png\n'}
[0.460486] (nav_bot) StdoutLine: {'line': b'-- Up-to-date symlink: /home/rohan/cobotx/install/nav_bot/share/nav_bot/worlds/meshes/nxt_racks/HD-01_A_01.png.177.png\n'}
[0.460585] (nav_bot) StdoutLine: {'line': b'-- Up-to-date symlink: /home/rohan/cobotx/install/nav_bot/share/nav_bot/worlds/meshes/nxt_racks/HD-01_A_01.png.178.png\n'}
[0.460681] (nav_bot) StdoutLine: {'line': b'-- Up-to-date symlink: /home/rohan/cobotx/install/nav_bot/share/nav_bot/worlds/meshes/nxt_racks/HD-01_A_01.png.179.png\n'}
[0.460776] (nav_bot) StdoutLine: {'line': b'-- Up-to-date symlink: /home/rohan/cobotx/install/nav_bot/share/nav_bot/worlds/meshes/nxt_racks/HD-01_A_01.png.184.png\n'}
[0.460880] (nav_bot) StdoutLine: {'line': b'-- Up-to-date symlink: /home/rohan/cobotx/install/nav_bot/share/nav_bot/worlds/meshes/nxt_racks/HD-01_A_01.png.185.png\n'}
[0.460982] (nav_bot) StdoutLine: {'line': b'-- Up-to-date symlink: /home/rohan/cobotx/install/nav_bot/share/nav_bot/worlds/meshes/nxt_racks/HD-01_A_01.png.186.png\n'}
[0.461076] (nav_bot) StdoutLine: {'line': b'-- Up-to-date symlink: /home/rohan/cobotx/install/nav_bot/share/nav_bot/worlds/meshes/nxt_racks/HD-01_A_01.png.187.png\n'}
[0.461169] (nav_bot) StdoutLine: {'line': b'-- Up-to-date symlink: /home/rohan/cobotx/install/nav_bot/share/nav_bot/worlds/meshes/nxt_racks/HD-01_A_01.png.188.png\n'}
[0.461265] (nav_bot) StdoutLine: {'line': b'-- Up-to-date symlink: /home/rohan/cobotx/install/nav_bot/share/nav_bot/worlds/meshes/nxt_racks/HD-01_A_01.png.189.png\n'}
[0.461358] (nav_bot) StdoutLine: {'line': b'-- Up-to-date symlink: /home/rohan/cobotx/install/nav_bot/share/nav_bot/worlds/meshes/nxt_racks/HD-01_A_01.png.190.png\n'}
[0.461451] (nav_bot) StdoutLine: {'line': b'-- Up-to-date symlink: /home/rohan/cobotx/install/nav_bot/share/nav_bot/worlds/meshes/nxt_racks/HD-01_A_01.png.191.png\n'}
[0.461546] (nav_bot) StdoutLine: {'line': b'-- Up-to-date symlink: /home/rohan/cobotx/install/nav_bot/share/nav_bot/worlds/meshes/nxt_racks/HD-01_A_01.png.192.png\n'}
[0.461640] (nav_bot) StdoutLine: {'line': b'-- Up-to-date symlink: /home/rohan/cobotx/install/nav_bot/share/nav_bot/worlds/meshes/nxt_racks/HD-01_A_01.png.193.png\n'}
[0.461735] (nav_bot) StdoutLine: {'line': b'-- Up-to-date symlink: /home/rohan/cobotx/install/nav_bot/share/nav_bot/worlds/meshes/nxt_racks/HD-01_A_01.png.198.png\n'}
[0.461829] (nav_bot) StdoutLine: {'line': b'-- Up-to-date symlink: /home/rohan/cobotx/install/nav_bot/share/nav_bot/worlds/meshes/nxt_racks/HD-01_A_01.png.199.png\n'}
[0.461930] (nav_bot) StdoutLine: {'line': b'-- Up-to-date symlink: /home/rohan/cobotx/install/nav_bot/share/nav_bot/worlds/meshes/nxt_racks/HD-01_A_01.png.200.png\n'}
[0.462028] (nav_bot) StdoutLine: {'line': b'-- Up-to-date symlink: /home/rohan/cobotx/install/nav_bot/share/nav_bot/worlds/meshes/nxt_racks/HD-01_A_01.png.201.png\n'}
[0.462123] (nav_bot) StdoutLine: {'line': b'-- Up-to-date symlink: /home/rohan/cobotx/install/nav_bot/share/nav_bot/worlds/meshes/nxt_racks/HD-01_A_01.png.202.png\n'}
[0.462219] (nav_bot) StdoutLine: {'line': b'-- Up-to-date symlink: /home/rohan/cobotx/install/nav_bot/share/nav_bot/worlds/meshes/nxt_racks/HD-01_A_01.png.203.png\n'}
[0.462315] (nav_bot) StdoutLine: {'line': b'-- Up-to-date symlink: /home/rohan/cobotx/install/nav_bot/share/nav_bot/worlds/meshes/nxt_racks/HD-01_A_01.png.204.png\n'}
[0.462410] (nav_bot) StdoutLine: {'line': b'-- Up-to-date symlink: /home/rohan/cobotx/install/nav_bot/share/nav_bot/worlds/meshes/nxt_racks/HD-01_A_01.png.205.png\n'}
[0.462511] (nav_bot) StdoutLine: {'line': b'-- Up-to-date symlink: /home/rohan/cobotx/install/nav_bot/share/nav_bot/worlds/meshes/nxt_racks/HD-01_A_01.png.206.png\n'}
[0.462601] (nav_bot) StdoutLine: {'line': b'-- Up-to-date symlink: /home/rohan/cobotx/install/nav_bot/share/nav_bot/worlds/meshes/nxt_racks/HD-01_A_01.png.207.png\n'}
[0.462697] (nav_bot) StdoutLine: {'line': b'-- Up-to-date symlink: /home/rohan/cobotx/install/nav_bot/share/nav_bot/worlds/meshes/nxt_racks/HD-01_A_01.png.212.png\n'}
[0.462799] (nav_bot) StdoutLine: {'line': b'-- Up-to-date symlink: /home/rohan/cobotx/install/nav_bot/share/nav_bot/worlds/meshes/nxt_racks/HD-01_A_01.png.213.png\n'}
[0.462903] (nav_bot) StdoutLine: {'line': b'-- Up-to-date symlink: /home/rohan/cobotx/install/nav_bot/share/nav_bot/worlds/meshes/nxt_racks/HD-01_A_01.png.214.png\n'}
[0.463005] (nav_bot) StdoutLine: {'line': b'-- Up-to-date symlink: /home/rohan/cobotx/install/nav_bot/share/nav_bot/worlds/meshes/nxt_racks/HD-01_A_01.png.215.png\n'}
[0.463100] (nav_bot) StdoutLine: {'line': b'-- Up-to-date symlink: /home/rohan/cobotx/install/nav_bot/share/nav_bot/worlds/meshes/nxt_racks/HD-01_A_01.png.216.png\n'}
[0.463196] (nav_bot) StdoutLine: {'line': b'-- Up-to-date symlink: /home/rohan/cobotx/install/nav_bot/share/nav_bot/worlds/meshes/nxt_racks/HD-01_A_01.png.217.png\n'}
[0.463291] (nav_bot) StdoutLine: {'line': b'-- Up-to-date symlink: /home/rohan/cobotx/install/nav_bot/share/nav_bot/worlds/meshes/nxt_racks/HD-01_A_01.png.218.png\n'}
[0.463387] (nav_bot) StdoutLine: {'line': b'-- Up-to-date symlink: /home/rohan/cobotx/install/nav_bot/share/nav_bot/worlds/meshes/nxt_racks/HD-01_A_01.png.219.png\n'}
[0.463483] (nav_bot) StdoutLine: {'line': b'-- Up-to-date symlink: /home/rohan/cobotx/install/nav_bot/share/nav_bot/worlds/meshes/nxt_racks/HD-01_A_01.png.220.png\n'}
[0.463579] (nav_bot) StdoutLine: {'line': b'-- Up-to-date symlink: /home/rohan/cobotx/install/nav_bot/share/nav_bot/worlds/meshes/nxt_racks/HD-01_A_01.png.221.png\n'}
[0.463673] (nav_bot) StdoutLine: {'line': b'-- Up-to-date symlink: /home/rohan/cobotx/install/nav_bot/share/nav_bot/worlds/meshes/nxt_racks/HD-01_A_01.png.226.png\n'}
[0.463763] (nav_bot) StdoutLine: {'line': b'-- Up-to-date symlink: /home/rohan/cobotx/install/nav_bot/share/nav_bot/worlds/meshes/nxt_racks/HD-01_A_01.png.227.png\n'}
[0.463858] (nav_bot) StdoutLine: {'line': b'-- Up-to-date symlink: /home/rohan/cobotx/install/nav_bot/share/nav_bot/worlds/meshes/nxt_racks/HD-01_A_01.png.228.png\n'}
[0.463955] (nav_bot) StdoutLine: {'line': b'-- Up-to-date symlink: /home/rohan/cobotx/install/nav_bot/share/nav_bot/worlds/meshes/nxt_racks/HD-01_A_01.png.229.png\n'}
[0.464047] (nav_bot) StdoutLine: {'line': b'-- Up-to-date symlink: /home/rohan/cobotx/install/nav_bot/share/nav_bot/worlds/meshes/nxt_racks/HD-01_A_01.png.230.png\n'}
[0.464138] (nav_bot) StdoutLine: {'line': b'-- Up-to-date symlink: /home/rohan/cobotx/install/nav_bot/share/nav_bot/worlds/meshes/nxt_racks/HD-01_A_01.png.231.png\n'}
[0.464230] (nav_bot) StdoutLine: {'line': b'-- Up-to-date symlink: /home/rohan/cobotx/install/nav_bot/share/nav_bot/worlds/meshes/nxt_racks/HD-01_A_01.png.232.png\n'}
[0.464321] (nav_bot) StdoutLine: {'line': b'-- Up-to-date symlink: /home/rohan/cobotx/install/nav_bot/share/nav_bot/worlds/meshes/nxt_racks/HD-01_A_01.png.233.png\n'}
[0.464413] (nav_bot) StdoutLine: {'line': b'-- Up-to-date symlink: /home/rohan/cobotx/install/nav_bot/share/nav_bot/worlds/meshes/nxt_racks/HD-01_A_01.png.234.png\n'}
[0.464505] (nav_bot) StdoutLine: {'line': b'-- Up-to-date symlink: /home/rohan/cobotx/install/nav_bot/share/nav_bot/worlds/meshes/nxt_racks/HD-01_A_01.png.235.png\n'}
[0.464596] (nav_bot) StdoutLine: {'line': b'-- Up-to-date symlink: /home/rohan/cobotx/install/nav_bot/share/nav_bot/worlds/meshes/nxt_racks/HD-01_A_01.png.240.png\n'}
[0.464687] (nav_bot) StdoutLine: {'line': b'-- Up-to-date symlink: /home/rohan/cobotx/install/nav_bot/share/nav_bot/worlds/meshes/nxt_racks/HD-01_A_01.png.241.png\n'}
[0.464779] (nav_bot) StdoutLine: {'line': b'-- Up-to-date symlink: /home/rohan/cobotx/install/nav_bot/share/nav_bot/worlds/meshes/nxt_racks/HD-01_A_01.png.242.png\n'}
[0.464877] (nav_bot) StdoutLine: {'line': b'-- Up-to-date symlink: /home/rohan/cobotx/install/nav_bot/share/nav_bot/worlds/meshes/nxt_racks/HD-01_A_01.png.243.png\n'}
[0.464972] (nav_bot) StdoutLine: {'line': b'-- Up-to-date symlink: /home/rohan/cobotx/install/nav_bot/share/nav_bot/worlds/meshes/nxt_racks/HD-01_A_01.png.244.png\n'}
[0.465064] (nav_bot) StdoutLine: {'line': b'-- Up-to-date symlink: /home/rohan/cobotx/install/nav_bot/share/nav_bot/worlds/meshes/nxt_racks/HD-01_A_01.png.245.png\n'}
[0.465154] (nav_bot) StdoutLine: {'line': b'-- Up-to-date symlink: /home/rohan/cobotx/install/nav_bot/share/nav_bot/worlds/meshes/nxt_racks/HD-01_A_01.png.246.png\n'}
[0.465246] (nav_bot) StdoutLine: {'line': b'-- Up-to-date symlink: /home/rohan/cobotx/install/nav_bot/share/nav_bot/worlds/meshes/nxt_racks/HD-01_A_01.png.247.png\n'}
[0.465345] (nav_bot) StdoutLine: {'line': b'-- Up-to-date symlink: /home/rohan/cobotx/install/nav_bot/share/nav_bot/worlds/meshes/nxt_racks/HD-01_A_01.png.248.png\n'}
[0.465463] (nav_bot) StdoutLine: {'line': b'-- Up-to-date symlink: /home/rohan/cobotx/install/nav_bot/share/nav_bot/worlds/meshes/nxt_racks/HD-01_A_01.png.249.png\n'}
[0.465564] (nav_bot) StdoutLine: {'line': b'-- Up-to-date symlink: /home/rohan/cobotx/install/nav_bot/share/nav_bot/worlds/meshes/nxt_racks/HD-01_A_01.png.254.png\n'}
[0.465655] (nav_bot) StdoutLine: {'line': b'-- Up-to-date symlink: /home/rohan/cobotx/install/nav_bot/share/nav_bot/worlds/meshes/nxt_racks/HD-01_A_01.png.255.png\n'}
[0.465745] (nav_bot) StdoutLine: {'line': b'-- Up-to-date symlink: /home/rohan/cobotx/install/nav_bot/share/nav_bot/worlds/meshes/nxt_racks/HD-01_A_01.png.256.png\n'}
[0.465836] (nav_bot) StdoutLine: {'line': b'-- Up-to-date symlink: /home/rohan/cobotx/install/nav_bot/share/nav_bot/worlds/meshes/nxt_racks/HD-01_A_01.png.257.png\n'}
[0.465937] (nav_bot) StdoutLine: {'line': b'-- Up-to-date symlink: /home/rohan/cobotx/install/nav_bot/share/nav_bot/worlds/meshes/nxt_racks/HD-01_A_01.png.258.png\n'}
[0.466030] (nav_bot) StdoutLine: {'line': b'-- Up-to-date symlink: /home/rohan/cobotx/install/nav_bot/share/nav_bot/worlds/meshes/nxt_racks/HD-01_A_02.png\n'}
[0.466121] (nav_bot) StdoutLine: {'line': b'-- Up-to-date symlink: /home/rohan/cobotx/install/nav_bot/share/nav_bot/worlds/meshes/nxt_racks/HD-01_A_03.png\n'}
[0.466213] (nav_bot) StdoutLine: {'line': b'-- Up-to-date symlink: /home/rohan/cobotx/install/nav_bot/share/nav_bot/worlds/meshes/nxt_racks/HD-01_A_04.png\n'}
[0.466304] (nav_bot) StdoutLine: {'line': b'-- Up-to-date symlink: /home/rohan/cobotx/install/nav_bot/share/nav_bot/worlds/meshes/nxt_racks/HD-01_A_05.png\n'}
[0.466394] (nav_bot) StdoutLine: {'line': b'-- Up-to-date symlink: /home/rohan/cobotx/install/nav_bot/share/nav_bot/worlds/meshes/nxt_racks/HD-01_A_06.png\n'}
[0.466485] (nav_bot) StdoutLine: {'line': b'-- Up-to-date symlink: /home/rohan/cobotx/install/nav_bot/share/nav_bot/worlds/meshes/nxt_racks/HD-01_A_07.png\n'}
[0.466576] (nav_bot) StdoutLine: {'line': b'-- Up-to-date symlink: /home/rohan/cobotx/install/nav_bot/share/nav_bot/worlds/meshes/nxt_racks/HD-01_A_08.png\n'}
[0.466668] (nav_bot) StdoutLine: {'line': b'-- Up-to-date symlink: /home/rohan/cobotx/install/nav_bot/share/nav_bot/worlds/meshes/nxt_racks/HD-01_A_09.png\n'}
[0.466759] (nav_bot) StdoutLine: {'line': b'-- Up-to-date symlink: /home/rohan/cobotx/install/nav_bot/share/nav_bot/worlds/meshes/nxt_racks/HD-01_A_10.png\n'}
[0.466863] (nav_bot) StdoutLine: {'line': b'-- Up-to-date symlink: /home/rohan/cobotx/install/nav_bot/share/nav_bot/worlds/meshes/nxt_racks/HD-01_A_11.png\n'}
[0.466961] (nav_bot) StdoutLine: {'line': b'-- Up-to-date symlink: /home/rohan/cobotx/install/nav_bot/share/nav_bot/worlds/meshes/nxt_racks/HD-01_A_12.png\n'}
[0.467053] (nav_bot) StdoutLine: {'line': b'-- Up-to-date symlink: /home/rohan/cobotx/install/nav_bot/share/nav_bot/worlds/meshes/nxt_racks/HD-01_A_13.png\n'}
[0.467145] (nav_bot) StdoutLine: {'line': b'-- Up-to-date symlink: /home/rohan/cobotx/install/nav_bot/share/nav_bot/worlds/meshes/nxt_racks/HD-01_A_14.png\n'}
[0.467236] (nav_bot) StdoutLine: {'line': b'-- Up-to-date symlink: /home/rohan/cobotx/install/nav_bot/share/nav_bot/worlds/meshes/nxt_racks/HD-01_A_15.png\n'}
[0.467329] (nav_bot) StdoutLine: {'line': b'-- Up-to-date symlink: /home/rohan/cobotx/install/nav_bot/share/nav_bot/worlds/meshes/nxt_racks/HD-01_A_15.png.001.png\n'}
[0.467422] (nav_bot) StdoutLine: {'line': b'-- Up-to-date symlink: /home/rohan/cobotx/install/nav_bot/share/nav_bot/worlds/meshes/nxt_racks/HD-01_A_16.png\n'}
[0.467514] (nav_bot) StdoutLine: {'line': b'-- Up-to-date symlink: /home/rohan/cobotx/install/nav_bot/share/nav_bot/worlds/meshes/nxt_racks/HD-01_A_19.png\n'}
[0.467608] (nav_bot) StdoutLine: {'line': b'-- Up-to-date symlink: /home/rohan/cobotx/install/nav_bot/share/nav_bot/worlds/meshes/nxt_racks/HD-01_A_20.png\n'}
[0.467699] (nav_bot) StdoutLine: {'line': b'-- Up-to-date symlink: /home/rohan/cobotx/install/nav_bot/share/nav_bot/worlds/meshes/nxt_racks/HD-01_A_21.png\n'}
[0.467791] (nav_bot) StdoutLine: {'line': b'-- Up-to-date symlink: /home/rohan/cobotx/install/nav_bot/share/nav_bot/worlds/meshes/nxt_racks/HD-01_A_21.png.001.png\n'}
[0.467889] (nav_bot) StdoutLine: {'line': b'-- Up-to-date symlink: /home/rohan/cobotx/install/nav_bot/share/nav_bot/worlds/meshes/nxt_racks/HD-01_A_22.png\n'}
[0.467983] (nav_bot) StdoutLine: {'line': b'-- Up-to-date symlink: /home/rohan/cobotx/install/nav_bot/share/nav_bot/worlds/meshes/nxt_racks/HD-01_A_23.png\n'}
[0.468073] (nav_bot) StdoutLine: {'line': b'-- Up-to-date symlink: /home/rohan/cobotx/install/nav_bot/share/nav_bot/worlds/meshes/nxt_racks/HD-01_A_24.png\n'}
[0.468163] (nav_bot) StdoutLine: {'line': b'-- Up-to-date symlink: /home/rohan/cobotx/install/nav_bot/share/nav_bot/worlds/meshes/nxt_racks/HD-01_A_25.png\n'}
[0.468255] (nav_bot) StdoutLine: {'line': b'-- Up-to-date symlink: /home/rohan/cobotx/install/nav_bot/share/nav_bot/worlds/meshes/nxt_racks/HD-01_A_26.png\n'}
[0.468345] (nav_bot) StdoutLine: {'line': b'-- Up-to-date symlink: /home/rohan/cobotx/install/nav_bot/share/nav_bot/worlds/meshes/nxt_racks/HD-01_A_27.png\n'}
[0.468436] (nav_bot) StdoutLine: {'line': b'-- Up-to-date symlink: /home/rohan/cobotx/install/nav_bot/share/nav_bot/worlds/meshes/nxt_racks/HD-01_A_28.png\n'}
[0.468526] (nav_bot) StdoutLine: {'line': b'-- Up-to-date symlink: /home/rohan/cobotx/install/nav_bot/share/nav_bot/worlds/meshes/nxt_racks/HD-01_A_29.png\n'}
[0.468617] (nav_bot) StdoutLine: {'line': b'-- Up-to-date symlink: /home/rohan/cobotx/install/nav_bot/share/nav_bot/worlds/meshes/nxt_racks/HD-01_A_30.png\n'}
[0.468710] (nav_bot) StdoutLine: {'line': b'-- Up-to-date symlink: /home/rohan/cobotx/install/nav_bot/share/nav_bot/worlds/meshes/nxt_racks/HD-01_A_31.png\n'}
[0.468802] (nav_bot) StdoutLine: {'line': b'-- Up-to-date symlink: /home/rohan/cobotx/install/nav_bot/share/nav_bot/worlds/meshes/nxt_racks/HD-01_A_32.png\n'}
[0.468900] (nav_bot) StdoutLine: {'line': b'-- Up-to-date symlink: /home/rohan/cobotx/install/nav_bot/share/nav_bot/worlds/meshes/nxt_racks/HD-01_A_33.png\n'}
[0.468998] (nav_bot) StdoutLine: {'line': b'-- Up-to-date symlink: /home/rohan/cobotx/install/nav_bot/share/nav_bot/worlds/meshes/nxt_racks/HD-01_A_33.png.001.png\n'}
[0.469091] (nav_bot) StdoutLine: {'line': b'-- Up-to-date symlink: /home/rohan/cobotx/install/nav_bot/share/nav_bot/worlds/meshes/nxt_racks/HD-01_A_34.png\n'}
[0.469184] (nav_bot) StdoutLine: {'line': b'-- Up-to-date symlink: /home/rohan/cobotx/install/nav_bot/share/nav_bot/worlds/meshes/nxt_racks/HD-01_A_35.png\n'}
[0.469276] (nav_bot) StdoutLine: {'line': b'-- Up-to-date symlink: /home/rohan/cobotx/install/nav_bot/share/nav_bot/worlds/meshes/nxt_racks/HD-01_A_36.png\n'}
[0.469369] (nav_bot) StdoutLine: {'line': b'-- Up-to-date symlink: /home/rohan/cobotx/install/nav_bot/share/nav_bot/worlds/meshes/nxt_racks/HD-01_A_37.png\n'}
[0.469462] (nav_bot) StdoutLine: {'line': b'-- Up-to-date symlink: /home/rohan/cobotx/install/nav_bot/share/nav_bot/worlds/meshes/nxt_racks/HD-01_A_37.png.001.png\n'}
[0.469556] (nav_bot) StdoutLine: {'line': b'-- Up-to-date symlink: /home/rohan/cobotx/install/nav_bot/share/nav_bot/worlds/meshes/nxt_racks/HD-01_A_38.png\n'}
[0.469647] (nav_bot) StdoutLine: {'line': b'-- Up-to-date symlink: /home/rohan/cobotx/install/nav_bot/share/nav_bot/worlds/meshes/nxt_racks/HD-01_B_01.png\n'}
[0.469737] (nav_bot) StdoutLine: {'line': b'-- Up-to-date symlink: /home/rohan/cobotx/install/nav_bot/share/nav_bot/worlds/meshes/nxt_racks/HD-01_B_02.png\n'}
[0.469826] (nav_bot) StdoutLine: {'line': b'-- Up-to-date symlink: /home/rohan/cobotx/install/nav_bot/share/nav_bot/worlds/meshes/nxt_racks/HD-01_B_03.png\n'}
[0.469922] (nav_bot) StdoutLine: {'line': b'-- Up-to-date symlink: /home/rohan/cobotx/install/nav_bot/share/nav_bot/worlds/meshes/nxt_racks/HD-01_B_04.png\n'}
[0.470015] (nav_bot) StdoutLine: {'line': b'-- Up-to-date symlink: /home/rohan/cobotx/install/nav_bot/share/nav_bot/worlds/meshes/nxt_racks/HD-01_B_05.png\n'}
[0.470104] (nav_bot) StdoutLine: {'line': b'-- Up-to-date symlink: /home/rohan/cobotx/install/nav_bot/share/nav_bot/worlds/meshes/nxt_racks/HD-01_B_06.png\n'}
[0.470193] (nav_bot) StdoutLine: {'line': b'-- Up-to-date symlink: /home/rohan/cobotx/install/nav_bot/share/nav_bot/worlds/meshes/nxt_racks/HD-01_B_07.png\n'}
[0.470283] (nav_bot) StdoutLine: {'line': b'-- Up-to-date symlink: /home/rohan/cobotx/install/nav_bot/share/nav_bot/worlds/meshes/nxt_racks/HD-01_B_07.png.001.png\n'}
[0.470375] (nav_bot) StdoutLine: {'line': b'-- Up-to-date symlink: /home/rohan/cobotx/install/nav_bot/share/nav_bot/worlds/meshes/nxt_racks/HD-01_B_08.png\n'}
[0.470463] (nav_bot) StdoutLine: {'line': b'-- Up-to-date symlink: /home/rohan/cobotx/install/nav_bot/share/nav_bot/worlds/meshes/nxt_racks/HD-01_B_09.png\n'}
[0.470552] (nav_bot) StdoutLine: {'line': b'-- Up-to-date symlink: /home/rohan/cobotx/install/nav_bot/share/nav_bot/worlds/meshes/nxt_racks/HD-01_B_10.png\n'}
[0.470643] (nav_bot) StdoutLine: {'line': b'-- Up-to-date symlink: /home/rohan/cobotx/install/nav_bot/share/nav_bot/worlds/meshes/nxt_racks/HD-01_B_11.png\n'}
[0.470733] (nav_bot) StdoutLine: {'line': b'-- Up-to-date symlink: /home/rohan/cobotx/install/nav_bot/share/nav_bot/worlds/meshes/nxt_racks/HD-01_B_12.png\n'}
[0.470825] (nav_bot) StdoutLine: {'line': b'-- Up-to-date symlink: /home/rohan/cobotx/install/nav_bot/share/nav_bot/worlds/meshes/nxt_racks/HD-01_B_13.png\n'}
[0.470923] (nav_bot) StdoutLine: {'line': b'-- Up-to-date symlink: /home/rohan/cobotx/install/nav_bot/share/nav_bot/worlds/meshes/nxt_racks/HD-01_B_14.png\n'}
[0.471018] (nav_bot) StdoutLine: {'line': b'-- Up-to-date symlink: /home/rohan/cobotx/install/nav_bot/share/nav_bot/worlds/meshes/nxt_racks/HD-01_B_15.png\n'}
[0.471114] (nav_bot) StdoutLine: {'line': b'-- Up-to-date symlink: /home/rohan/cobotx/install/nav_bot/share/nav_bot/worlds/meshes/nxt_racks/HD-01_B_16.png\n'}
[0.471207] (nav_bot) StdoutLine: {'line': b'-- Up-to-date symlink: /home/rohan/cobotx/install/nav_bot/share/nav_bot/worlds/meshes/nxt_racks/HD-01_B_19.png\n'}
[0.471298] (nav_bot) StdoutLine: {'line': b'-- Up-to-date symlink: /home/rohan/cobotx/install/nav_bot/share/nav_bot/worlds/meshes/nxt_racks/HD-01_B_20.png\n'}
[0.471390] (nav_bot) StdoutLine: {'line': b'-- Up-to-date symlink: /home/rohan/cobotx/install/nav_bot/share/nav_bot/worlds/meshes/nxt_racks/HD-01_B_22.png\n'}
[0.471481] (nav_bot) StdoutLine: {'line': b'-- Up-to-date symlink: /home/rohan/cobotx/install/nav_bot/share/nav_bot/worlds/meshes/nxt_racks/HD-01_B_23.png\n'}
[0.471572] (nav_bot) StdoutLine: {'line': b'-- Up-to-date symlink: /home/rohan/cobotx/install/nav_bot/share/nav_bot/worlds/meshes/nxt_racks/HD-01_B_24.png\n'}
[0.471663] (nav_bot) StdoutLine: {'line': b'-- Up-to-date symlink: /home/rohan/cobotx/install/nav_bot/share/nav_bot/worlds/meshes/nxt_racks/HD-01_B_25.png\n'}
[0.471770] (nav_bot) StdoutLine: {'line': b'-- Up-to-date symlink: /home/rohan/cobotx/install/nav_bot/share/nav_bot/worlds/meshes/nxt_racks/HD-01_B_26.png\n'}
[0.471864] (nav_bot) StdoutLine: {'line': b'-- Up-to-date symlink: /home/rohan/cobotx/install/nav_bot/share/nav_bot/worlds/meshes/nxt_racks/HD-01_B_27.png\n'}
[0.471961] (nav_bot) StdoutLine: {'line': b'-- Up-to-date symlink: /home/rohan/cobotx/install/nav_bot/share/nav_bot/worlds/meshes/nxt_racks/HD-01_B_28.png\n'}
[0.472052] (nav_bot) StdoutLine: {'line': b'-- Up-to-date symlink: /home/rohan/cobotx/install/nav_bot/share/nav_bot/worlds/meshes/nxt_racks/HD-01_B_29.png\n'}
[0.472143] (nav_bot) StdoutLine: {'line': b'-- Up-to-date symlink: /home/rohan/cobotx/install/nav_bot/share/nav_bot/worlds/meshes/nxt_racks/HD-01_B_30.png\n'}
[0.472234] (nav_bot) StdoutLine: {'line': b'-- Up-to-date symlink: /home/rohan/cobotx/install/nav_bot/share/nav_bot/worlds/meshes/nxt_racks/HD-01_B_31.png\n'}
[0.472327] (nav_bot) StdoutLine: {'line': b'-- Up-to-date symlink: /home/rohan/cobotx/install/nav_bot/share/nav_bot/worlds/meshes/nxt_racks/HD-01_B_32.png\n'}
[0.472418] (nav_bot) StdoutLine: {'line': b'-- Up-to-date symlink: /home/rohan/cobotx/install/nav_bot/share/nav_bot/worlds/meshes/nxt_racks/HD-01_B_34.png\n'}
[0.472509] (nav_bot) StdoutLine: {'line': b'-- Up-to-date symlink: /home/rohan/cobotx/install/nav_bot/share/nav_bot/worlds/meshes/nxt_racks/HD-01_B_35.png\n'}
[0.472602] (nav_bot) StdoutLine: {'line': b'-- Up-to-date symlink: /home/rohan/cobotx/install/nav_bot/share/nav_bot/worlds/meshes/nxt_racks/HD-01_B_36.png\n'}
[0.472694] (nav_bot) StdoutLine: {'line': b'-- Up-to-date symlink: /home/rohan/cobotx/install/nav_bot/share/nav_bot/worlds/meshes/nxt_racks/HD-01_B_38.png.001.png\n'}
[0.472786] (nav_bot) StdoutLine: {'line': b'-- Up-to-date symlink: /home/rohan/cobotx/install/nav_bot/share/nav_bot/worlds/meshes/nxt_racks/HD-01_C_01.png\n'}
[0.472883] (nav_bot) StdoutLine: {'line': b'-- Up-to-date symlink: /home/rohan/cobotx/install/nav_bot/share/nav_bot/worlds/meshes/nxt_racks/HD-01_C_02.png\n'}
[0.472978] (nav_bot) StdoutLine: {'line': b'-- Up-to-date symlink: /home/rohan/cobotx/install/nav_bot/share/nav_bot/worlds/meshes/nxt_racks/HD-01_C_03.png\n'}
[0.473069] (nav_bot) StdoutLine: {'line': b'-- Up-to-date symlink: /home/rohan/cobotx/install/nav_bot/share/nav_bot/worlds/meshes/nxt_racks/HD-01_C_04.png\n'}
[0.473159] (nav_bot) StdoutLine: {'line': b'-- Up-to-date symlink: /home/rohan/cobotx/install/nav_bot/share/nav_bot/worlds/meshes/nxt_racks/HD-01_C_05.png\n'}
[0.473248] (nav_bot) StdoutLine: {'line': b'-- Up-to-date symlink: /home/rohan/cobotx/install/nav_bot/share/nav_bot/worlds/meshes/nxt_racks/HD-01_C_06.png\n'}
[0.473338] (nav_bot) StdoutLine: {'line': b'-- Up-to-date symlink: /home/rohan/cobotx/install/nav_bot/share/nav_bot/worlds/meshes/nxt_racks/HD-01_C_07.png\n'}
[0.473428] (nav_bot) StdoutLine: {'line': b'-- Up-to-date symlink: /home/rohan/cobotx/install/nav_bot/share/nav_bot/worlds/meshes/nxt_racks/HD-01_C_08.png\n'}
[0.473518] (nav_bot) StdoutLine: {'line': b'-- Up-to-date symlink: /home/rohan/cobotx/install/nav_bot/share/nav_bot/worlds/meshes/nxt_racks/HD-01_C_09.png\n'}
[0.473609] (nav_bot) StdoutLine: {'line': b'-- Up-to-date symlink: /home/rohan/cobotx/install/nav_bot/share/nav_bot/worlds/meshes/nxt_racks/HD-01_C_10.png\n'}
[0.473715] (nav_bot) StdoutLine: {'line': b'-- Up-to-date symlink: /home/rohan/cobotx/install/nav_bot/share/nav_bot/worlds/meshes/nxt_racks/HD-01_C_11.png\n'}
[0.473803] (nav_bot) StdoutLine: {'line': b'-- Up-to-date symlink: /home/rohan/cobotx/install/nav_bot/share/nav_bot/worlds/meshes/nxt_racks/HD-01_C_12.png\n'}
[0.473899] (nav_bot) StdoutLine: {'line': b'-- Up-to-date symlink: /home/rohan/cobotx/install/nav_bot/share/nav_bot/worlds/meshes/nxt_racks/HD-01_C_13.png\n'}
[0.473994] (nav_bot) StdoutLine: {'line': b'-- Up-to-date symlink: /home/rohan/cobotx/install/nav_bot/share/nav_bot/worlds/meshes/nxt_racks/HD-01_C_14.png\n'}
[0.474085] (nav_bot) StdoutLine: {'line': b'-- Up-to-date symlink: /home/rohan/cobotx/install/nav_bot/share/nav_bot/worlds/meshes/nxt_racks/HD-01_C_15.png\n'}
[0.474179] (nav_bot) StdoutLine: {'line': b'-- Up-to-date symlink: /home/rohan/cobotx/install/nav_bot/share/nav_bot/worlds/meshes/nxt_racks/HD-01_C_16.png\n'}
[0.474270] (nav_bot) StdoutLine: {'line': b'-- Up-to-date symlink: /home/rohan/cobotx/install/nav_bot/share/nav_bot/worlds/meshes/nxt_racks/HD-01_C_19.png\n'}
[0.474360] (nav_bot) StdoutLine: {'line': b'-- Up-to-date symlink: /home/rohan/cobotx/install/nav_bot/share/nav_bot/worlds/meshes/nxt_racks/HD-01_C_20.png\n'}
[0.474450] (nav_bot) StdoutLine: {'line': b'-- Up-to-date symlink: /home/rohan/cobotx/install/nav_bot/share/nav_bot/worlds/meshes/nxt_racks/HD-01_C_21.png\n'}
[0.474540] (nav_bot) StdoutLine: {'line': b'-- Up-to-date symlink: /home/rohan/cobotx/install/nav_bot/share/nav_bot/worlds/meshes/nxt_racks/HD-01_C_22.png\n'}
[0.474631] (nav_bot) StdoutLine: {'line': b'-- Up-to-date symlink: /home/rohan/cobotx/install/nav_bot/share/nav_bot/worlds/meshes/nxt_racks/HD-01_C_23.png\n'}
[0.474721] (nav_bot) StdoutLine: {'line': b'-- Up-to-date symlink: /home/rohan/cobotx/install/nav_bot/share/nav_bot/worlds/meshes/nxt_racks/HD-01_C_24.png\n'}
[0.474811] (nav_bot) StdoutLine: {'line': b'-- Up-to-date symlink: /home/rohan/cobotx/install/nav_bot/share/nav_bot/worlds/meshes/nxt_racks/HD-01_C_25.png\n'}
[0.474906] (nav_bot) StdoutLine: {'line': b'-- Up-to-date symlink: /home/rohan/cobotx/install/nav_bot/share/nav_bot/worlds/meshes/nxt_racks/HD-01_C_26.png\n'}
[0.475000] (nav_bot) StdoutLine: {'line': b'-- Up-to-date symlink: /home/rohan/cobotx/install/nav_bot/share/nav_bot/worlds/meshes/nxt_racks/HD-01_C_27.png\n'}
[0.475090] (nav_bot) StdoutLine: {'line': b'-- Up-to-date symlink: /home/rohan/cobotx/install/nav_bot/share/nav_bot/worlds/meshes/nxt_racks/HD-01_C_28.png\n'}
[0.475180] (nav_bot) StdoutLine: {'line': b'-- Up-to-date symlink: /home/rohan/cobotx/install/nav_bot/share/nav_bot/worlds/meshes/nxt_racks/HD-01_C_29.png\n'}
[0.475269] (nav_bot) StdoutLine: {'line': b'-- Up-to-date symlink: /home/rohan/cobotx/install/nav_bot/share/nav_bot/worlds/meshes/nxt_racks/HD-01_C_30.png\n'}
[0.475358] (nav_bot) StdoutLine: {'line': b'-- Up-to-date symlink: /home/rohan/cobotx/install/nav_bot/share/nav_bot/worlds/meshes/nxt_racks/HD-01_C_31.png\n'}
[0.475455] (nav_bot) StdoutLine: {'line': b'-- Up-to-date symlink: /home/rohan/cobotx/install/nav_bot/share/nav_bot/worlds/meshes/nxt_racks/HD-01_C_32.png\n'}
[0.475547] (nav_bot) StdoutLine: {'line': b'-- Up-to-date symlink: /home/rohan/cobotx/install/nav_bot/share/nav_bot/worlds/meshes/nxt_racks/HD-01_C_33.png\n'}
[0.475638] (nav_bot) StdoutLine: {'line': b'-- Up-to-date symlink: /home/rohan/cobotx/install/nav_bot/share/nav_bot/worlds/meshes/nxt_racks/HD-01_C_34.png\n'}
[0.475728] (nav_bot) StdoutLine: {'line': b'-- Up-to-date symlink: /home/rohan/cobotx/install/nav_bot/share/nav_bot/worlds/meshes/nxt_racks/HD-01_C_35.png\n'}
[0.475820] (nav_bot) StdoutLine: {'line': b'-- Up-to-date symlink: /home/rohan/cobotx/install/nav_bot/share/nav_bot/worlds/meshes/nxt_racks/HD-01_C_36.png\n'}
[0.475921] (nav_bot) StdoutLine: {'line': b'-- Up-to-date symlink: /home/rohan/cobotx/install/nav_bot/share/nav_bot/worlds/meshes/nxt_racks/HD-01_C_37.png\n'}
[0.476017] (nav_bot) StdoutLine: {'line': b'-- Up-to-date symlink: /home/rohan/cobotx/install/nav_bot/share/nav_bot/worlds/meshes/nxt_racks/HD-01_C_38.png\n'}
[0.476112] (nav_bot) StdoutLine: {'line': b'-- Up-to-date symlink: /home/rohan/cobotx/install/nav_bot/share/nav_bot/worlds/meshes/nxt_racks/HD-01_C_38.png.001.png\n'}
[0.476204] (nav_bot) StdoutLine: {'line': b'-- Up-to-date symlink: /home/rohan/cobotx/install/nav_bot/share/nav_bot/worlds/meshes/nxt_racks/HD-01_D_01.png\n'}
[0.476296] (nav_bot) StdoutLine: {'line': b'-- Up-to-date symlink: /home/rohan/cobotx/install/nav_bot/share/nav_bot/worlds/meshes/nxt_racks/HD-01_D_02.png\n'}
[0.476388] (nav_bot) StdoutLine: {'line': b'-- Up-to-date symlink: /home/rohan/cobotx/install/nav_bot/share/nav_bot/worlds/meshes/nxt_racks/HD-01_D_03.png\n'}
[0.476484] (nav_bot) StdoutLine: {'line': b'-- Up-to-date symlink: /home/rohan/cobotx/install/nav_bot/share/nav_bot/worlds/meshes/nxt_racks/HD-01_D_04.png\n'}
[0.476576] (nav_bot) StdoutLine: {'line': b'-- Up-to-date symlink: /home/rohan/cobotx/install/nav_bot/share/nav_bot/worlds/meshes/nxt_racks/HD-01_D_05.png\n'}
[0.476668] (nav_bot) StdoutLine: {'line': b'-- Up-to-date symlink: /home/rohan/cobotx/install/nav_bot/share/nav_bot/worlds/meshes/nxt_racks/HD-01_D_06.png\n'}
[0.476762] (nav_bot) StdoutLine: {'line': b'-- Up-to-date symlink: /home/rohan/cobotx/install/nav_bot/share/nav_bot/worlds/meshes/nxt_racks/HD-01_D_08.png\n'}
[0.476856] (nav_bot) StdoutLine: {'line': b'-- Up-to-date symlink: /home/rohan/cobotx/install/nav_bot/share/nav_bot/worlds/meshes/nxt_racks/HD-01_D_09.png\n'}
[0.476951] (nav_bot) StdoutLine: {'line': b'-- Up-to-date symlink: /home/rohan/cobotx/install/nav_bot/share/nav_bot/worlds/meshes/nxt_racks/HD-01_D_10.png\n'}
[0.477041] (nav_bot) StdoutLine: {'line': b'-- Up-to-date symlink: /home/rohan/cobotx/install/nav_bot/share/nav_bot/worlds/meshes/nxt_racks/HD-01_D_11.png\n'}
[0.477131] (nav_bot) StdoutLine: {'line': b'-- Up-to-date symlink: /home/rohan/cobotx/install/nav_bot/share/nav_bot/worlds/meshes/nxt_racks/HD-01_D_12.png\n'}
[0.477220] (nav_bot) StdoutLine: {'line': b'-- Up-to-date symlink: /home/rohan/cobotx/install/nav_bot/share/nav_bot/worlds/meshes/nxt_racks/HD-01_D_13.png\n'}
[0.477311] (nav_bot) StdoutLine: {'line': b'-- Up-to-date symlink: /home/rohan/cobotx/install/nav_bot/share/nav_bot/worlds/meshes/nxt_racks/HD-01_D_14.png\n'}
[0.477401] (nav_bot) StdoutLine: {'line': b'-- Up-to-date symlink: /home/rohan/cobotx/install/nav_bot/share/nav_bot/worlds/meshes/nxt_racks/HD-01_D_16.png\n'}
[0.477490] (nav_bot) StdoutLine: {'line': b'-- Up-to-date symlink: /home/rohan/cobotx/install/nav_bot/share/nav_bot/worlds/meshes/nxt_racks/HD-01_D_17.png\n'}
[0.477580] (nav_bot) StdoutLine: {'line': b'-- Up-to-date symlink: /home/rohan/cobotx/install/nav_bot/share/nav_bot/worlds/meshes/nxt_racks/HD-01_D_18.png\n'}
[0.477673] (nav_bot) StdoutLine: {'line': b'-- Up-to-date symlink: /home/rohan/cobotx/install/nav_bot/share/nav_bot/worlds/meshes/nxt_racks/HD-01_D_19.png\n'}
[0.477765] (nav_bot) StdoutLine: {'line': b'-- Up-to-date symlink: /home/rohan/cobotx/install/nav_bot/share/nav_bot/worlds/meshes/nxt_racks/HD-01_D_20.png\n'}
[0.477882] (nav_bot) StdoutLine: {'line': b'-- Up-to-date symlink: /home/rohan/cobotx/install/nav_bot/share/nav_bot/worlds/meshes/nxt_racks/HD-01_D_21.png\n'}
[0.477972] (nav_bot) StdoutLine: {'line': b'-- Up-to-date symlink: /home/rohan/cobotx/install/nav_bot/share/nav_bot/worlds/meshes/nxt_racks/HD-01_D_22.png\n'}
[0.478057] (nav_bot) StdoutLine: {'line': b'-- Up-to-date symlink: /home/rohan/cobotx/install/nav_bot/share/nav_bot/worlds/meshes/nxt_racks/HD-01_D_23.png\n'}
[0.478148] (nav_bot) StdoutLine: {'line': b'-- Up-to-date symlink: /home/rohan/cobotx/install/nav_bot/share/nav_bot/worlds/meshes/nxt_racks/HD-01_D_24.png\n'}
[0.478239] (nav_bot) StdoutLine: {'line': b'-- Up-to-date symlink: /home/rohan/cobotx/install/nav_bot/share/nav_bot/worlds/meshes/nxt_racks/HD-01_D_25.png\n'}
[0.478330] (nav_bot) StdoutLine: {'line': b'-- Up-to-date symlink: /home/rohan/cobotx/install/nav_bot/share/nav_bot/worlds/meshes/nxt_racks/HD-01_D_26.png\n'}
[0.478422] (nav_bot) StdoutLine: {'line': b'-- Up-to-date symlink: /home/rohan/cobotx/install/nav_bot/share/nav_bot/worlds/meshes/nxt_racks/HD-01_D_27.png\n'}
[0.478512] (nav_bot) StdoutLine: {'line': b'-- Up-to-date symlink: /home/rohan/cobotx/install/nav_bot/share/nav_bot/worlds/meshes/nxt_racks/HD-01_D_28.png\n'}
[0.478618] (nav_bot) StdoutLine: {'line': b'-- Up-to-date symlink: /home/rohan/cobotx/install/nav_bot/share/nav_bot/worlds/meshes/nxt_racks/HD-01_D_29.png\n'}
[0.478738] (nav_bot) StdoutLine: {'line': b'-- Up-to-date symlink: /home/rohan/cobotx/install/nav_bot/share/nav_bot/worlds/meshes/nxt_racks/HD-01_D_30.png\n'}
[0.478823] (nav_bot) StdoutLine: {'line': b'-- Up-to-date symlink: /home/rohan/cobotx/install/nav_bot/share/nav_bot/worlds/meshes/nxt_racks/HD-01_D_31.png\n'}
[0.478941] (nav_bot) StdoutLine: {'line': b'-- Up-to-date symlink: /home/rohan/cobotx/install/nav_bot/share/nav_bot/worlds/meshes/nxt_racks/HD-01_D_32.png\n'}
[0.479048] (nav_bot) StdoutLine: {'line': b'-- Up-to-date symlink: /home/rohan/cobotx/install/nav_bot/share/nav_bot/worlds/meshes/nxt_racks/HD-01_D_33.png\n'}
[0.479132] (nav_bot) StdoutLine: {'line': b'-- Up-to-date symlink: /home/rohan/cobotx/install/nav_bot/share/nav_bot/worlds/meshes/nxt_racks/HD-01_D_34.png\n'}
[0.479222] (nav_bot) StdoutLine: {'line': b'-- Up-to-date symlink: /home/rohan/cobotx/install/nav_bot/share/nav_bot/worlds/meshes/nxt_racks/HD-01_D_35.png\n'}
[0.479313] (nav_bot) StdoutLine: {'line': b'-- Up-to-date symlink: /home/rohan/cobotx/install/nav_bot/share/nav_bot/worlds/meshes/nxt_racks/HD-01_D_36.png\n'}
[0.479403] (nav_bot) StdoutLine: {'line': b'-- Up-to-date symlink: /home/rohan/cobotx/install/nav_bot/share/nav_bot/worlds/meshes/nxt_racks/HD-01_D_37.png\n'}
[0.479493] (nav_bot) StdoutLine: {'line': b'-- Up-to-date symlink: /home/rohan/cobotx/install/nav_bot/share/nav_bot/worlds/meshes/nxt_racks/HD-01_D_38.png\n'}
[0.479583] (nav_bot) StdoutLine: {'line': b'-- Up-to-date symlink: /home/rohan/cobotx/install/nav_bot/share/nav_bot/worlds/meshes/nxt_racks/HD-01_E_01.png\n'}
[0.479673] (nav_bot) StdoutLine: {'line': b'-- Up-to-date symlink: /home/rohan/cobotx/install/nav_bot/share/nav_bot/worlds/meshes/nxt_racks/HD-01_E_02.png\n'}
[0.479782] (nav_bot) StdoutLine: {'line': b'-- Up-to-date symlink: /home/rohan/cobotx/install/nav_bot/share/nav_bot/worlds/meshes/nxt_racks/HD-01_E_03.png\n'}
[0.479886] (nav_bot) StdoutLine: {'line': b'-- Up-to-date symlink: /home/rohan/cobotx/install/nav_bot/share/nav_bot/worlds/meshes/nxt_racks/HD-01_E_04.png\n'}
[0.479981] (nav_bot) StdoutLine: {'line': b'-- Up-to-date symlink: /home/rohan/cobotx/install/nav_bot/share/nav_bot/worlds/meshes/nxt_racks/HD-01_E_05.png\n'}
[0.480074] (nav_bot) StdoutLine: {'line': b'-- Up-to-date symlink: /home/rohan/cobotx/install/nav_bot/share/nav_bot/worlds/meshes/nxt_racks/HD-01_E_06.png\n'}
[0.480178] (nav_bot) StdoutLine: {'line': b'-- Up-to-date symlink: /home/rohan/cobotx/install/nav_bot/share/nav_bot/worlds/meshes/nxt_racks/HD-01_E_07.png\n'}
[0.480270] (nav_bot) StdoutLine: {'line': b'-- Up-to-date symlink: /home/rohan/cobotx/install/nav_bot/share/nav_bot/worlds/meshes/nxt_racks/HD-01_E_08.png\n'}
[0.480364] (nav_bot) StdoutLine: {'line': b'-- Up-to-date symlink: /home/rohan/cobotx/install/nav_bot/share/nav_bot/worlds/meshes/nxt_racks/HD-01_E_09.png\n'}
[0.480456] (nav_bot) StdoutLine: {'line': b'-- Up-to-date symlink: /home/rohan/cobotx/install/nav_bot/share/nav_bot/worlds/meshes/nxt_racks/HD-01_E_10.png\n'}
[0.480549] (nav_bot) StdoutLine: {'line': b'-- Up-to-date symlink: /home/rohan/cobotx/install/nav_bot/share/nav_bot/worlds/meshes/nxt_racks/HD-01_E_11.png\n'}
[0.480642] (nav_bot) StdoutLine: {'line': b'-- Up-to-date symlink: /home/rohan/cobotx/install/nav_bot/share/nav_bot/worlds/meshes/nxt_racks/HD-01_E_12.png\n'}
[0.480732] (nav_bot) StdoutLine: {'line': b'-- Up-to-date symlink: /home/rohan/cobotx/install/nav_bot/share/nav_bot/worlds/meshes/nxt_racks/HD-01_E_13.png\n'}
[0.480823] (nav_bot) StdoutLine: {'line': b'-- Up-to-date symlink: /home/rohan/cobotx/install/nav_bot/share/nav_bot/worlds/meshes/nxt_racks/HD-01_E_14.png\n'}
[0.480923] (nav_bot) StdoutLine: {'line': b'-- Up-to-date symlink: /home/rohan/cobotx/install/nav_bot/share/nav_bot/worlds/meshes/nxt_racks/HD-01_E_15.png\n'}
[0.481017] (nav_bot) StdoutLine: {'line': b'-- Up-to-date symlink: /home/rohan/cobotx/install/nav_bot/share/nav_bot/worlds/meshes/nxt_racks/HD-01_E_16.png\n'}
[0.481109] (nav_bot) StdoutLine: {'line': b'-- Up-to-date symlink: /home/rohan/cobotx/install/nav_bot/share/nav_bot/worlds/meshes/nxt_racks/HD-01_E_17.png\n'}
[0.481201] (nav_bot) StdoutLine: {'line': b'-- Up-to-date symlink: /home/rohan/cobotx/install/nav_bot/share/nav_bot/worlds/meshes/nxt_racks/HD-01_E_18.png\n'}
[0.481292] (nav_bot) StdoutLine: {'line': b'-- Up-to-date symlink: /home/rohan/cobotx/install/nav_bot/share/nav_bot/worlds/meshes/nxt_racks/HD-01_E_19.png\n'}
[0.481382] (nav_bot) StdoutLine: {'line': b'-- Up-to-date symlink: /home/rohan/cobotx/install/nav_bot/share/nav_bot/worlds/meshes/nxt_racks/HD-01_E_20.png\n'}
[0.481475] (nav_bot) StdoutLine: {'line': b'-- Up-to-date symlink: /home/rohan/cobotx/install/nav_bot/share/nav_bot/worlds/meshes/nxt_racks/HD-01_E_21.png\n'}
[0.481566] (nav_bot) StdoutLine: {'line': b'-- Up-to-date symlink: /home/rohan/cobotx/install/nav_bot/share/nav_bot/worlds/meshes/nxt_racks/HD-01_E_22.png\n'}
[0.481657] (nav_bot) StdoutLine: {'line': b'-- Up-to-date symlink: /home/rohan/cobotx/install/nav_bot/share/nav_bot/worlds/meshes/nxt_racks/HD-01_E_23.png\n'}
[0.481748] (nav_bot) StdoutLine: {'line': b'-- Up-to-date symlink: /home/rohan/cobotx/install/nav_bot/share/nav_bot/worlds/meshes/nxt_racks/HD-01_E_24.png\n'}
[0.481837] (nav_bot) StdoutLine: {'line': b'-- Up-to-date symlink: /home/rohan/cobotx/install/nav_bot/share/nav_bot/worlds/meshes/nxt_racks/HD-01_E_25.png\n'}
[0.481937] (nav_bot) StdoutLine: {'line': b'-- Up-to-date symlink: /home/rohan/cobotx/install/nav_bot/share/nav_bot/worlds/meshes/nxt_racks/HD-01_E_26.png\n'}
[0.482029] (nav_bot) StdoutLine: {'line': b'-- Up-to-date symlink: /home/rohan/cobotx/install/nav_bot/share/nav_bot/worlds/meshes/nxt_racks/HD-01_E_27.png\n'}
[0.482119] (nav_bot) StdoutLine: {'line': b'-- Up-to-date symlink: /home/rohan/cobotx/install/nav_bot/share/nav_bot/worlds/meshes/nxt_racks/HD-01_E_28.png\n'}
[0.482209] (nav_bot) StdoutLine: {'line': b'-- Up-to-date symlink: /home/rohan/cobotx/install/nav_bot/share/nav_bot/worlds/meshes/nxt_racks/HD-01_E_29.png\n'}
[0.482298] (nav_bot) StdoutLine: {'line': b'-- Up-to-date symlink: /home/rohan/cobotx/install/nav_bot/share/nav_bot/worlds/meshes/nxt_racks/HD-01_E_30.png\n'}
[0.482390] (nav_bot) StdoutLine: {'line': b'-- Up-to-date symlink: /home/rohan/cobotx/install/nav_bot/share/nav_bot/worlds/meshes/nxt_racks/HD-01_E_31.png\n'}
[0.482480] (nav_bot) StdoutLine: {'line': b'-- Up-to-date symlink: /home/rohan/cobotx/install/nav_bot/share/nav_bot/worlds/meshes/nxt_racks/HD-01_E_32.png\n'}
[0.482570] (nav_bot) StdoutLine: {'line': b'-- Up-to-date symlink: /home/rohan/cobotx/install/nav_bot/share/nav_bot/worlds/meshes/nxt_racks/HD-01_E_33.png\n'}
[0.482662] (nav_bot) StdoutLine: {'line': b'-- Up-to-date symlink: /home/rohan/cobotx/install/nav_bot/share/nav_bot/worlds/meshes/nxt_racks/HD-01_E_34.png\n'}
[0.482754] (nav_bot) StdoutLine: {'line': b'-- Up-to-date symlink: /home/rohan/cobotx/install/nav_bot/share/nav_bot/worlds/meshes/nxt_racks/HD-01_E_35.png\n'}
[0.482853] (nav_bot) StdoutLine: {'line': b'-- Up-to-date symlink: /home/rohan/cobotx/install/nav_bot/share/nav_bot/worlds/meshes/nxt_racks/HD-01_E_36.png\n'}
[0.482950] (nav_bot) StdoutLine: {'line': b'-- Up-to-date symlink: /home/rohan/cobotx/install/nav_bot/share/nav_bot/worlds/meshes/nxt_racks/HD-01_E_37.png\n'}
[0.483043] (nav_bot) StdoutLine: {'line': b'-- Up-to-date symlink: /home/rohan/cobotx/install/nav_bot/share/nav_bot/worlds/meshes/nxt_racks/HD-01_E_38.png\n'}
[0.483136] (nav_bot) StdoutLine: {'line': b'-- Up-to-date symlink: /home/rohan/cobotx/install/nav_bot/share/nav_bot/worlds/meshes/nxt_racks/HD-01_F_01.png\n'}
[0.483228] (nav_bot) StdoutLine: {'line': b'-- Up-to-date symlink: /home/rohan/cobotx/install/nav_bot/share/nav_bot/worlds/meshes/nxt_racks/HD-01_F_02.png\n'}
[0.483323] (nav_bot) StdoutLine: {'line': b'-- Up-to-date symlink: /home/rohan/cobotx/install/nav_bot/share/nav_bot/worlds/meshes/nxt_racks/HD-01_F_03.png\n'}
[0.483418] (nav_bot) StdoutLine: {'line': b'-- Up-to-date symlink: /home/rohan/cobotx/install/nav_bot/share/nav_bot/worlds/meshes/nxt_racks/HD-01_F_04.png\n'}
[0.483511] (nav_bot) StdoutLine: {'line': b'-- Up-to-date symlink: /home/rohan/cobotx/install/nav_bot/share/nav_bot/worlds/meshes/nxt_racks/HD-01_F_05.png\n'}
[0.483603] (nav_bot) StdoutLine: {'line': b'-- Up-to-date symlink: /home/rohan/cobotx/install/nav_bot/share/nav_bot/worlds/meshes/nxt_racks/HD-01_F_06.png\n'}
[0.483694] (nav_bot) StdoutLine: {'line': b'-- Up-to-date symlink: /home/rohan/cobotx/install/nav_bot/share/nav_bot/worlds/meshes/nxt_racks/HD-01_F_07.png\n'}
[0.483786] (nav_bot) StdoutLine: {'line': b'-- Up-to-date symlink: /home/rohan/cobotx/install/nav_bot/share/nav_bot/worlds/meshes/nxt_racks/HD-01_F_08.png\n'}
[0.483882] (nav_bot) StdoutLine: {'line': b'-- Up-to-date symlink: /home/rohan/cobotx/install/nav_bot/share/nav_bot/worlds/meshes/nxt_racks/HD-01_F_09.png\n'}
[0.483978] (nav_bot) StdoutLine: {'line': b'-- Up-to-date symlink: /home/rohan/cobotx/install/nav_bot/share/nav_bot/worlds/meshes/nxt_racks/HD-01_F_10.png\n'}
[0.484067] (nav_bot) StdoutLine: {'line': b'-- Up-to-date symlink: /home/rohan/cobotx/install/nav_bot/share/nav_bot/worlds/meshes/nxt_racks/HD-01_F_12.png\n'}
[0.484164] (nav_bot) StdoutLine: {'line': b'-- Up-to-date symlink: /home/rohan/cobotx/install/nav_bot/share/nav_bot/worlds/meshes/nxt_racks/HD-01_F_13.png\n'}
[0.484257] (nav_bot) StdoutLine: {'line': b'-- Up-to-date symlink: /home/rohan/cobotx/install/nav_bot/share/nav_bot/worlds/meshes/nxt_racks/HD-01_F_14.png\n'}
[0.484349] (nav_bot) StdoutLine: {'line': b'-- Up-to-date symlink: /home/rohan/cobotx/install/nav_bot/share/nav_bot/worlds/meshes/nxt_racks/HD-01_F_15.png\n'}
[0.484440] (nav_bot) StdoutLine: {'line': b'-- Up-to-date symlink: /home/rohan/cobotx/install/nav_bot/share/nav_bot/worlds/meshes/nxt_racks/HD-01_F_16.png\n'}
[0.484531] (nav_bot) StdoutLine: {'line': b'-- Up-to-date symlink: /home/rohan/cobotx/install/nav_bot/share/nav_bot/worlds/meshes/nxt_racks/HD-01_F_17.png\n'}
[0.484622] (nav_bot) StdoutLine: {'line': b'-- Up-to-date symlink: /home/rohan/cobotx/install/nav_bot/share/nav_bot/worlds/meshes/nxt_racks/HD-01_F_18.png\n'}
[0.484714] (nav_bot) StdoutLine: {'line': b'-- Up-to-date symlink: /home/rohan/cobotx/install/nav_bot/share/nav_bot/worlds/meshes/nxt_racks/HD-01_F_19.png\n'}
[0.484806] (nav_bot) StdoutLine: {'line': b'-- Up-to-date symlink: /home/rohan/cobotx/install/nav_bot/share/nav_bot/worlds/meshes/nxt_racks/HD-01_F_20.png\n'}
[0.484907] (nav_bot) StdoutLine: {'line': b'-- Up-to-date symlink: /home/rohan/cobotx/install/nav_bot/share/nav_bot/worlds/meshes/nxt_racks/HD-01_F_21.png\n'}
[0.485004] (nav_bot) StdoutLine: {'line': b'-- Up-to-date symlink: /home/rohan/cobotx/install/nav_bot/share/nav_bot/worlds/meshes/nxt_racks/HD-01_F_22.png\n'}
[0.485096] (nav_bot) StdoutLine: {'line': b'-- Up-to-date symlink: /home/rohan/cobotx/install/nav_bot/share/nav_bot/worlds/meshes/nxt_racks/HD-01_F_23.png\n'}
[0.485189] (nav_bot) StdoutLine: {'line': b'-- Up-to-date symlink: /home/rohan/cobotx/install/nav_bot/share/nav_bot/worlds/meshes/nxt_racks/HD-01_F_24.png\n'}
[0.485282] (nav_bot) StdoutLine: {'line': b'-- Up-to-date symlink: /home/rohan/cobotx/install/nav_bot/share/nav_bot/worlds/meshes/nxt_racks/HD-01_F_25.png\n'}
[0.485393] (nav_bot) StdoutLine: {'line': b'-- Up-to-date symlink: /home/rohan/cobotx/install/nav_bot/share/nav_bot/worlds/meshes/nxt_racks/HD-01_F_26.png\n'}
[0.485493] (nav_bot) StdoutLine: {'line': b'-- Up-to-date symlink: /home/rohan/cobotx/install/nav_bot/share/nav_bot/worlds/meshes/nxt_racks/HD-01_F_27.png\n'}
[0.485586] (nav_bot) StdoutLine: {'line': b'-- Up-to-date symlink: /home/rohan/cobotx/install/nav_bot/share/nav_bot/worlds/meshes/nxt_racks/HD-01_F_28.png\n'}
[0.485679] (nav_bot) StdoutLine: {'line': b'-- Up-to-date symlink: /home/rohan/cobotx/install/nav_bot/share/nav_bot/worlds/meshes/nxt_racks/HD-01_F_29.png\n'}
[0.485769] (nav_bot) StdoutLine: {'line': b'-- Up-to-date symlink: /home/rohan/cobotx/install/nav_bot/share/nav_bot/worlds/meshes/nxt_racks/HD-01_F_30.png\n'}
[0.485867] (nav_bot) StdoutLine: {'line': b'-- Up-to-date symlink: /home/rohan/cobotx/install/nav_bot/share/nav_bot/worlds/meshes/nxt_racks/HD-01_F_31.png\n'}
[0.485963] (nav_bot) StdoutLine: {'line': b'-- Up-to-date symlink: /home/rohan/cobotx/install/nav_bot/share/nav_bot/worlds/meshes/nxt_racks/HD-01_F_32.png\n'}
[0.486056] (nav_bot) StdoutLine: {'line': b'-- Up-to-date symlink: /home/rohan/cobotx/install/nav_bot/share/nav_bot/worlds/meshes/nxt_racks/HD-01_F_33.png\n'}
[0.486149] (nav_bot) StdoutLine: {'line': b'-- Up-to-date symlink: /home/rohan/cobotx/install/nav_bot/share/nav_bot/worlds/meshes/nxt_racks/HD-01_F_34.png\n'}
[0.486241] (nav_bot) StdoutLine: {'line': b'-- Up-to-date symlink: /home/rohan/cobotx/install/nav_bot/share/nav_bot/worlds/meshes/nxt_racks/HD-01_F_35.png\n'}
[0.486333] (nav_bot) StdoutLine: {'line': b'-- Up-to-date symlink: /home/rohan/cobotx/install/nav_bot/share/nav_bot/worlds/meshes/nxt_racks/HD-01_F_36.png\n'}
[0.486424] (nav_bot) StdoutLine: {'line': b'-- Up-to-date symlink: /home/rohan/cobotx/install/nav_bot/share/nav_bot/worlds/meshes/nxt_racks/HD-01_F_37.png\n'}
[0.486516] (nav_bot) StdoutLine: {'line': b'-- Up-to-date symlink: /home/rohan/cobotx/install/nav_bot/share/nav_bot/worlds/meshes/nxt_racks/HD-01_F_38.png\n'}
[0.486607] (nav_bot) StdoutLine: {'line': b'-- Up-to-date symlink: /home/rohan/cobotx/install/nav_bot/share/nav_bot/worlds/meshes/nxt_racks/HD-01_G_01.png\n'}
[0.486699] (nav_bot) StdoutLine: {'line': b'-- Up-to-date symlink: /home/rohan/cobotx/install/nav_bot/share/nav_bot/worlds/meshes/nxt_racks/HD-01_G_02.png\n'}
[0.486791] (nav_bot) StdoutLine: {'line': b'-- Up-to-date symlink: /home/rohan/cobotx/install/nav_bot/share/nav_bot/worlds/meshes/nxt_racks/HD-01_G_03.png\n'}
[0.486887] (nav_bot) StdoutLine: {'line': b'-- Up-to-date symlink: /home/rohan/cobotx/install/nav_bot/share/nav_bot/worlds/meshes/nxt_racks/HD-01_G_04.png\n'}
[0.486985] (nav_bot) StdoutLine: {'line': b'-- Up-to-date symlink: /home/rohan/cobotx/install/nav_bot/share/nav_bot/worlds/meshes/nxt_racks/HD-01_G_05.png\n'}
[0.487075] (nav_bot) StdoutLine: {'line': b'-- Up-to-date symlink: /home/rohan/cobotx/install/nav_bot/share/nav_bot/worlds/meshes/nxt_racks/HD-01_G_06.png\n'}
[0.487166] (nav_bot) StdoutLine: {'line': b'-- Up-to-date symlink: /home/rohan/cobotx/install/nav_bot/share/nav_bot/worlds/meshes/nxt_racks/HD-01_G_07.png\n'}
[0.487257] (nav_bot) StdoutLine: {'line': b'-- Up-to-date symlink: /home/rohan/cobotx/install/nav_bot/share/nav_bot/worlds/meshes/nxt_racks/HD-01_G_08.png\n'}
[0.487348] (nav_bot) StdoutLine: {'line': b'-- Up-to-date symlink: /home/rohan/cobotx/install/nav_bot/share/nav_bot/worlds/meshes/nxt_racks/HD-01_G_09.png\n'}
[0.487440] (nav_bot) StdoutLine: {'line': b'-- Up-to-date symlink: /home/rohan/cobotx/install/nav_bot/share/nav_bot/worlds/meshes/nxt_racks/HD-01_G_10.png\n'}
[0.487531] (nav_bot) StdoutLine: {'line': b'-- Up-to-date symlink: /home/rohan/cobotx/install/nav_bot/share/nav_bot/worlds/meshes/nxt_racks/HD-01_G_11.png\n'}
[0.487622] (nav_bot) StdoutLine: {'line': b'-- Up-to-date symlink: /home/rohan/cobotx/install/nav_bot/share/nav_bot/worlds/meshes/nxt_racks/HD-01_G_12.png\n'}
[0.487712] (nav_bot) StdoutLine: {'line': b'-- Up-to-date symlink: /home/rohan/cobotx/install/nav_bot/share/nav_bot/worlds/meshes/nxt_racks/HD-01_G_13.png\n'}
[0.487803] (nav_bot) StdoutLine: {'line': b'-- Up-to-date symlink: /home/rohan/cobotx/install/nav_bot/share/nav_bot/worlds/meshes/nxt_racks/HD-01_G_14.png\n'}
[0.487899] (nav_bot) StdoutLine: {'line': b'-- Up-to-date symlink: /home/rohan/cobotx/install/nav_bot/share/nav_bot/worlds/meshes/nxt_racks/HD-01_G_15.png\n'}
[0.487995] (nav_bot) StdoutLine: {'line': b'-- Up-to-date symlink: /home/rohan/cobotx/install/nav_bot/share/nav_bot/worlds/meshes/nxt_racks/HD-01_G_16.png\n'}
[0.488087] (nav_bot) StdoutLine: {'line': b'-- Up-to-date symlink: /home/rohan/cobotx/install/nav_bot/share/nav_bot/worlds/meshes/nxt_racks/HD-01_G_17.png\n'}
[0.488178] (nav_bot) StdoutLine: {'line': b'-- Up-to-date symlink: /home/rohan/cobotx/install/nav_bot/share/nav_bot/worlds/meshes/nxt_racks/HD-01_G_18.png\n'}
[0.488270] (nav_bot) StdoutLine: {'line': b'-- Up-to-date symlink: /home/rohan/cobotx/install/nav_bot/share/nav_bot/worlds/meshes/nxt_racks/HD-01_G_19.png\n'}
[0.488360] (nav_bot) StdoutLine: {'line': b'-- Up-to-date symlink: /home/rohan/cobotx/install/nav_bot/share/nav_bot/worlds/meshes/nxt_racks/HD-01_G_20.png\n'}
[0.488458] (nav_bot) StdoutLine: {'line': b'-- Up-to-date symlink: /home/rohan/cobotx/install/nav_bot/share/nav_bot/worlds/meshes/nxt_racks/HD-01_G_21.png\n'}
[0.488549] (nav_bot) StdoutLine: {'line': b'-- Up-to-date symlink: /home/rohan/cobotx/install/nav_bot/share/nav_bot/worlds/meshes/nxt_racks/HD-01_G_22.png\n'}
[0.488641] (nav_bot) StdoutLine: {'line': b'-- Up-to-date symlink: /home/rohan/cobotx/install/nav_bot/share/nav_bot/worlds/meshes/nxt_racks/HD-01_G_23.png\n'}
[0.488732] (nav_bot) StdoutLine: {'line': b'-- Up-to-date symlink: /home/rohan/cobotx/install/nav_bot/share/nav_bot/worlds/meshes/nxt_racks/HD-01_G_24.png\n'}
[0.488832] (nav_bot) StdoutLine: {'line': b'-- Up-to-date symlink: /home/rohan/cobotx/install/nav_bot/share/nav_bot/worlds/meshes/nxt_racks/HD-01_G_25.png\n'}
[0.488929] (nav_bot) StdoutLine: {'line': b'-- Up-to-date symlink: /home/rohan/cobotx/install/nav_bot/share/nav_bot/worlds/meshes/nxt_racks/HD-01_G_26.png\n'}
[0.489024] (nav_bot) StdoutLine: {'line': b'-- Up-to-date symlink: /home/rohan/cobotx/install/nav_bot/share/nav_bot/worlds/meshes/nxt_racks/HD-01_G_27.png\n'}
[0.489113] (nav_bot) StdoutLine: {'line': b'-- Up-to-date symlink: /home/rohan/cobotx/install/nav_bot/share/nav_bot/worlds/meshes/nxt_racks/HD-01_G_28.png\n'}
[0.489204] (nav_bot) StdoutLine: {'line': b'-- Up-to-date symlink: /home/rohan/cobotx/install/nav_bot/share/nav_bot/worlds/meshes/nxt_racks/HD-01_G_29.png\n'}
[0.489295] (nav_bot) StdoutLine: {'line': b'-- Up-to-date symlink: /home/rohan/cobotx/install/nav_bot/share/nav_bot/worlds/meshes/nxt_racks/HD-01_G_30.png\n'}
[0.489386] (nav_bot) StdoutLine: {'line': b'-- Up-to-date symlink: /home/rohan/cobotx/install/nav_bot/share/nav_bot/worlds/meshes/nxt_racks/HD-01_G_31.png\n'}
[0.489477] (nav_bot) StdoutLine: {'line': b'-- Up-to-date symlink: /home/rohan/cobotx/install/nav_bot/share/nav_bot/worlds/meshes/nxt_racks/HD-01_G_32.png\n'}
[0.489568] (nav_bot) StdoutLine: {'line': b'-- Up-to-date symlink: /home/rohan/cobotx/install/nav_bot/share/nav_bot/worlds/meshes/nxt_racks/HD-01_G_33.png\n'}
[0.489659] (nav_bot) StdoutLine: {'line': b'-- Up-to-date symlink: /home/rohan/cobotx/install/nav_bot/share/nav_bot/worlds/meshes/nxt_racks/HD-01_G_34.png\n'}
[0.489748] (nav_bot) StdoutLine: {'line': b'-- Up-to-date symlink: /home/rohan/cobotx/install/nav_bot/share/nav_bot/worlds/meshes/nxt_racks/HD-01_G_35.png\n'}
[0.489837] (nav_bot) StdoutLine: {'line': b'-- Up-to-date symlink: /home/rohan/cobotx/install/nav_bot/share/nav_bot/worlds/meshes/nxt_racks/HD-01_G_36.png\n'}
[0.489936] (nav_bot) StdoutLine: {'line': b'-- Up-to-date symlink: /home/rohan/cobotx/install/nav_bot/share/nav_bot/worlds/meshes/nxt_racks/HD-01_G_37.png\n'}
[0.490025] (nav_bot) StdoutLine: {'line': b'-- Up-to-date symlink: /home/rohan/cobotx/install/nav_bot/share/nav_bot/worlds/meshes/nxt_racks/HD-01_G_38.png\n'}
[0.490116] (nav_bot) StdoutLine: {'line': b'-- Up-to-date symlink: /home/rohan/cobotx/install/nav_bot/share/nav_bot/worlds/meshes/nxt_racks/NxT_warehouse.dae\n'}
[0.490205] (nav_bot) StdoutLine: {'line': b'-- Up-to-date symlink: /home/rohan/cobotx/install/nav_bot/share/nav_bot/worlds/meshes/nxt_racks/NxT_warehouse_colision.stl\n'}
[0.490296] (nav_bot) StdoutLine: {'line': b'-- Up-to-date symlink: /home/rohan/cobotx/install/nav_bot/share/nav_bot/worlds/meshes/nxt_racks/Rough_Square_Concrete_Block.jpg\n'}
[0.490389] (nav_bot) StdoutLine: {'line': b'-- Up-to-date symlink: /home/rohan/cobotx/install/nav_bot/share/nav_bot/worlds/meshes/nxt_racks/Tape001_1K_Color.png\n'}
[0.490478] (nav_bot) StdoutLine: {'line': b'-- Up-to-date symlink: /home/rohan/cobotx/install/nav_bot/share/nav_bot/worlds/meshes/nxt_racks/Terrazzo005_1K_Color.jpg\n'}
[0.490571] (nav_bot) StdoutLine: {'line': b'-- Up-to-date symlink: /home/rohan/cobotx/install/nav_bot/share/nav_bot/worlds/meshes/nxt_racks/back.png\n'}
[0.490669] (nav_bot) StdoutLine: {'line': b'-- Up-to-date symlink: /home/rohan/cobotx/install/nav_bot/share/nav_bot/worlds/meshes/nxt_racks/bts_qr_codes/BTS00068631.png\n'}
[0.490767] (nav_bot) StdoutLine: {'line': b'-- Up-to-date symlink: /home/rohan/cobotx/install/nav_bot/share/nav_bot/worlds/meshes/nxt_racks/bts_qr_codes/BTS00068632.png\n'}
[0.490879] (nav_bot) StdoutLine: {'line': b'-- Up-to-date symlink: /home/rohan/cobotx/install/nav_bot/share/nav_bot/worlds/meshes/nxt_racks/bts_qr_codes/BTS00068633.png\n'}
[0.490980] (nav_bot) StdoutLine: {'line': b'-- Up-to-date symlink: /home/rohan/cobotx/install/nav_bot/share/nav_bot/worlds/meshes/nxt_racks/bts_qr_codes/BTS00068634.png\n'}
[0.491078] (nav_bot) StdoutLine: {'line': b'-- Up-to-date symlink: /home/rohan/cobotx/install/nav_bot/share/nav_bot/worlds/meshes/nxt_racks/bts_qr_codes/BTS00068635.png\n'}
[0.491175] (nav_bot) StdoutLine: {'line': b'-- Up-to-date symlink: /home/rohan/cobotx/install/nav_bot/share/nav_bot/worlds/meshes/nxt_racks/bts_qr_codes/BTS00068636.png\n'}
[0.491271] (nav_bot) StdoutLine: {'line': b'-- Up-to-date symlink: /home/rohan/cobotx/install/nav_bot/share/nav_bot/worlds/meshes/nxt_racks/bts_qr_codes/BTS00068637.png\n'}
[0.491369] (nav_bot) StdoutLine: {'line': b'-- Up-to-date symlink: /home/rohan/cobotx/install/nav_bot/share/nav_bot/worlds/meshes/nxt_racks/bts_qr_codes/BTS00068638.png\n'}
[0.491464] (nav_bot) StdoutLine: {'line': b'-- Up-to-date symlink: /home/rohan/cobotx/install/nav_bot/share/nav_bot/worlds/meshes/nxt_racks/bts_qr_codes/BTS00068639.png\n'}
[0.491562] (nav_bot) StdoutLine: {'line': b'-- Up-to-date symlink: /home/rohan/cobotx/install/nav_bot/share/nav_bot/worlds/meshes/nxt_racks/bts_qr_codes/BTS00068640.png\n'}
[0.491657] (nav_bot) StdoutLine: {'line': b'-- Up-to-date symlink: /home/rohan/cobotx/install/nav_bot/share/nav_bot/worlds/meshes/nxt_racks/bts_qr_codes/BTS00068641.png\n'}
[0.491754] (nav_bot) StdoutLine: {'line': b'-- Up-to-date symlink: /home/rohan/cobotx/install/nav_bot/share/nav_bot/worlds/meshes/nxt_racks/bts_qr_codes/BTS00068642.png\n'}
[0.491853] (nav_bot) StdoutLine: {'line': b'-- Up-to-date symlink: /home/rohan/cobotx/install/nav_bot/share/nav_bot/worlds/meshes/nxt_racks/bts_qr_codes/BTS00068643.png\n'}
[0.491955] (nav_bot) StdoutLine: {'line': b'-- Up-to-date symlink: /home/rohan/cobotx/install/nav_bot/share/nav_bot/worlds/meshes/nxt_racks/bts_qr_codes/BTS00068644.png\n'}
[0.492050] (nav_bot) StdoutLine: {'line': b'-- Up-to-date symlink: /home/rohan/cobotx/install/nav_bot/share/nav_bot/worlds/meshes/nxt_racks/bts_qr_codes/BTS00068645.png\n'}
[0.492147] (nav_bot) StdoutLine: {'line': b'-- Up-to-date symlink: /home/rohan/cobotx/install/nav_bot/share/nav_bot/worlds/meshes/nxt_racks/bts_qr_codes/BTS00068646.png\n'}
[0.492243] (nav_bot) StdoutLine: {'line': b'-- Up-to-date symlink: /home/rohan/cobotx/install/nav_bot/share/nav_bot/worlds/meshes/nxt_racks/bts_qr_codes/BTS00068647.png\n'}
[0.492338] (nav_bot) StdoutLine: {'line': b'-- Up-to-date symlink: /home/rohan/cobotx/install/nav_bot/share/nav_bot/worlds/meshes/nxt_racks/bts_qr_codes/BTS00068648.png\n'}
[0.492433] (nav_bot) StdoutLine: {'line': b'-- Up-to-date symlink: /home/rohan/cobotx/install/nav_bot/share/nav_bot/worlds/meshes/nxt_racks/bts_qr_codes/BTS00068649.png\n'}
[0.492534] (nav_bot) StdoutLine: {'line': b'-- Up-to-date symlink: /home/rohan/cobotx/install/nav_bot/share/nav_bot/worlds/meshes/nxt_racks/bts_qr_codes/BTS00068650.png\n'}
[0.492632] (nav_bot) StdoutLine: {'line': b'-- Up-to-date symlink: /home/rohan/cobotx/install/nav_bot/share/nav_bot/worlds/meshes/nxt_racks/bts_qr_codes/BTS00068651.png\n'}
[0.492727] (nav_bot) StdoutLine: {'line': b'-- Up-to-date symlink: /home/rohan/cobotx/install/nav_bot/share/nav_bot/worlds/meshes/nxt_racks/bts_qr_codes/BTS00068652.png\n'}
[0.492822] (nav_bot) StdoutLine: {'line': b'-- Up-to-date symlink: /home/rohan/cobotx/install/nav_bot/share/nav_bot/worlds/meshes/nxt_racks/bts_qr_codes/BTS00068653.png\n'}
[0.492923] (nav_bot) StdoutLine: {'line': b'-- Up-to-date symlink: /home/rohan/cobotx/install/nav_bot/share/nav_bot/worlds/meshes/nxt_racks/bts_qr_codes/BTS00068654.png\n'}
[0.493022] (nav_bot) StdoutLine: {'line': b'-- Up-to-date symlink: /home/rohan/cobotx/install/nav_bot/share/nav_bot/worlds/meshes/nxt_racks/bts_qr_codes/BTS00068655.png\n'}
[0.493121] (nav_bot) StdoutLine: {'line': b'-- Up-to-date symlink: /home/rohan/cobotx/install/nav_bot/share/nav_bot/worlds/meshes/nxt_racks/bts_qr_codes/BTS00068656.png\n'}
[0.493217] (nav_bot) StdoutLine: {'line': b'-- Up-to-date symlink: /home/rohan/cobotx/install/nav_bot/share/nav_bot/worlds/meshes/nxt_racks/bts_qr_codes/BTS00068657.png\n'}
[0.493313] (nav_bot) StdoutLine: {'line': b'-- Up-to-date symlink: /home/rohan/cobotx/install/nav_bot/share/nav_bot/worlds/meshes/nxt_racks/bts_qr_codes/BTS00068658.png\n'}
[0.493413] (nav_bot) StdoutLine: {'line': b'-- Up-to-date symlink: /home/rohan/cobotx/install/nav_bot/share/nav_bot/worlds/meshes/nxt_racks/bts_qr_codes/BTS00068659.png\n'}
[0.493508] (nav_bot) StdoutLine: {'line': b'-- Up-to-date symlink: /home/rohan/cobotx/install/nav_bot/share/nav_bot/worlds/meshes/nxt_racks/bts_qr_codes/BTS00068660.png\n'}
[0.493603] (nav_bot) StdoutLine: {'line': b'-- Up-to-date symlink: /home/rohan/cobotx/install/nav_bot/share/nav_bot/worlds/meshes/nxt_racks/bts_qr_codes/BTS00068661.png\n'}
[0.493698] (nav_bot) StdoutLine: {'line': b'-- Up-to-date symlink: /home/rohan/cobotx/install/nav_bot/share/nav_bot/worlds/meshes/nxt_racks/bts_qr_codes/BTS00068662.png\n'}
[0.493794] (nav_bot) StdoutLine: {'line': b'-- Up-to-date symlink: /home/rohan/cobotx/install/nav_bot/share/nav_bot/worlds/meshes/nxt_racks/bts_qr_codes/BTS00068663.png\n'}
[0.493895] (nav_bot) StdoutLine: {'line': b'-- Up-to-date symlink: /home/rohan/cobotx/install/nav_bot/share/nav_bot/worlds/meshes/nxt_racks/bts_qr_codes/BTS00068664.png\n'}
[0.493995] (nav_bot) StdoutLine: {'line': b'-- Up-to-date symlink: /home/rohan/cobotx/install/nav_bot/share/nav_bot/worlds/meshes/nxt_racks/bts_qr_codes/BTS00068665.png\n'}
[0.494091] (nav_bot) StdoutLine: {'line': b'-- Up-to-date symlink: /home/rohan/cobotx/install/nav_bot/share/nav_bot/worlds/meshes/nxt_racks/bts_qr_codes/BTS00068666.png\n'}
[0.494187] (nav_bot) StdoutLine: {'line': b'-- Up-to-date symlink: /home/rohan/cobotx/install/nav_bot/share/nav_bot/worlds/meshes/nxt_racks/bts_qr_codes/BTS00068667.png\n'}
[0.494293] (nav_bot) StdoutLine: {'line': b'-- Up-to-date symlink: /home/rohan/cobotx/install/nav_bot/share/nav_bot/worlds/meshes/nxt_racks/bts_qr_codes/BTS00068668.png\n'}
[0.494387] (nav_bot) StdoutLine: {'line': b'-- Up-to-date symlink: /home/rohan/cobotx/install/nav_bot/share/nav_bot/worlds/meshes/nxt_racks/bts_qr_codes/BTS00068669.png\n'}
[0.494483] (nav_bot) StdoutLine: {'line': b'-- Up-to-date symlink: /home/rohan/cobotx/install/nav_bot/share/nav_bot/worlds/meshes/nxt_racks/bts_qr_codes/BTS00068670.png\n'}
[0.494579] (nav_bot) StdoutLine: {'line': b'-- Up-to-date symlink: /home/rohan/cobotx/install/nav_bot/share/nav_bot/worlds/meshes/nxt_racks/bts_qr_codes/BTS00068671.png\n'}
[0.494675] (nav_bot) StdoutLine: {'line': b'-- Up-to-date symlink: /home/rohan/cobotx/install/nav_bot/share/nav_bot/worlds/meshes/nxt_racks/bts_qr_codes/BTS00068672.png\n'}
[0.494768] (nav_bot) StdoutLine: {'line': b'-- Up-to-date symlink: /home/rohan/cobotx/install/nav_bot/share/nav_bot/worlds/meshes/nxt_racks/bts_qr_codes/BTS00068673.png\n'}
[0.494868] (nav_bot) StdoutLine: {'line': b'-- Up-to-date symlink: /home/rohan/cobotx/install/nav_bot/share/nav_bot/worlds/meshes/nxt_racks/bts_qr_codes/BTS00068674.png\n'}
[0.494964] (nav_bot) StdoutLine: {'line': b'-- Up-to-date symlink: /home/rohan/cobotx/install/nav_bot/share/nav_bot/worlds/meshes/nxt_racks/bts_qr_codes/BTS00068675.png\n'}
[0.495057] (nav_bot) StdoutLine: {'line': b'-- Up-to-date symlink: /home/rohan/cobotx/install/nav_bot/share/nav_bot/worlds/meshes/nxt_racks/bts_qr_codes/BTS00068676.png\n'}
[0.495151] (nav_bot) StdoutLine: {'line': b'-- Up-to-date symlink: /home/rohan/cobotx/install/nav_bot/share/nav_bot/worlds/meshes/nxt_racks/bts_qr_codes/BTS00068677.png\n'}
[0.495244] (nav_bot) StdoutLine: {'line': b'-- Up-to-date symlink: /home/rohan/cobotx/install/nav_bot/share/nav_bot/worlds/meshes/nxt_racks/bts_qr_codes/BTS00068678.png\n'}
[0.495337] (nav_bot) StdoutLine: {'line': b'-- Up-to-date symlink: /home/rohan/cobotx/install/nav_bot/share/nav_bot/worlds/meshes/nxt_racks/bts_qr_codes/BTS00068679.png\n'}
[0.495431] (nav_bot) StdoutLine: {'line': b'-- Up-to-date symlink: /home/rohan/cobotx/install/nav_bot/share/nav_bot/worlds/meshes/nxt_racks/bts_qr_codes/BTS00068680.png\n'}
[0.495523] (nav_bot) StdoutLine: {'line': b'-- Up-to-date symlink: /home/rohan/cobotx/install/nav_bot/share/nav_bot/worlds/meshes/nxt_racks/bts_qr_codes/BTS00068681.png\n'}
[0.495616] (nav_bot) StdoutLine: {'line': b'-- Up-to-date symlink: /home/rohan/cobotx/install/nav_bot/share/nav_bot/worlds/meshes/nxt_racks/bts_qr_codes/BTS00068682.png\n'}
[0.495712] (nav_bot) StdoutLine: {'line': b'-- Up-to-date symlink: /home/rohan/cobotx/install/nav_bot/share/nav_bot/worlds/meshes/nxt_racks/bts_qr_codes/BTS00068683.png\n'}
[0.495807] (nav_bot) StdoutLine: {'line': b'-- Up-to-date symlink: /home/rohan/cobotx/install/nav_bot/share/nav_bot/worlds/meshes/nxt_racks/bts_qr_codes/BTS00068684.png\n'}
[0.495909] (nav_bot) StdoutLine: {'line': b'-- Up-to-date symlink: /home/rohan/cobotx/install/nav_bot/share/nav_bot/worlds/meshes/nxt_racks/bts_qr_codes/BTS00068685.png\n'}
[0.496009] (nav_bot) StdoutLine: {'line': b'-- Up-to-date symlink: /home/rohan/cobotx/install/nav_bot/share/nav_bot/worlds/meshes/nxt_racks/bts_qr_codes/BTS00068686.png\n'}
[0.496105] (nav_bot) StdoutLine: {'line': b'-- Up-to-date symlink: /home/rohan/cobotx/install/nav_bot/share/nav_bot/worlds/meshes/nxt_racks/bts_qr_codes/BTS00068687.png\n'}
[0.496199] (nav_bot) StdoutLine: {'line': b'-- Up-to-date symlink: /home/rohan/cobotx/install/nav_bot/share/nav_bot/worlds/meshes/nxt_racks/bts_qr_codes/BTS00068688.png\n'}
[0.496295] (nav_bot) StdoutLine: {'line': b'-- Up-to-date symlink: /home/rohan/cobotx/install/nav_bot/share/nav_bot/worlds/meshes/nxt_racks/bts_qr_codes/BTS00068689.png\n'}
[0.496391] (nav_bot) StdoutLine: {'line': b'-- Up-to-date symlink: /home/rohan/cobotx/install/nav_bot/share/nav_bot/worlds/meshes/nxt_racks/bts_qr_codes/BTS00068690.png\n'}
[0.496493] (nav_bot) StdoutLine: {'line': b'-- Up-to-date symlink: /home/rohan/cobotx/install/nav_bot/share/nav_bot/worlds/meshes/nxt_racks/bts_qr_codes/BTS00068691.png\n'}
[0.496624] (nav_bot) StdoutLine: {'line': b'-- Up-to-date symlink: /home/rohan/cobotx/install/nav_bot/share/nav_bot/worlds/meshes/nxt_racks/bts_qr_codes/BTS00068692.png\n'}
[0.496746] (nav_bot) StdoutLine: {'line': b'-- Up-to-date symlink: /home/rohan/cobotx/install/nav_bot/share/nav_bot/worlds/meshes/nxt_racks/bts_qr_codes/BTS00068693.png\n'}
[0.496859] (nav_bot) StdoutLine: {'line': b'-- Up-to-date symlink: /home/rohan/cobotx/install/nav_bot/share/nav_bot/worlds/meshes/nxt_racks/bts_qr_codes/BTS00068694.png\n'}
[0.496944] (nav_bot) StdoutLine: {'line': b'-- Up-to-date symlink: /home/rohan/cobotx/install/nav_bot/share/nav_bot/worlds/meshes/nxt_racks/bts_qr_codes/BTS00068695.png\n'}
[0.497030] (nav_bot) StdoutLine: {'line': b'-- Up-to-date symlink: /home/rohan/cobotx/install/nav_bot/share/nav_bot/worlds/meshes/nxt_racks/bts_qr_codes/BTS00068696.png\n'}
[0.497125] (nav_bot) StdoutLine: {'line': b'-- Up-to-date symlink: /home/rohan/cobotx/install/nav_bot/share/nav_bot/worlds/meshes/nxt_racks/bts_qr_codes/BTS00068697.png\n'}
[0.497193] (nav_bot) StdoutLine: {'line': b'-- Up-to-date symlink: /home/rohan/cobotx/install/nav_bot/share/nav_bot/worlds/meshes/nxt_racks/bts_qr_codes/BTS00068698.png\n'}
[0.497278] (nav_bot) StdoutLine: {'line': b'-- Up-to-date symlink: /home/rohan/cobotx/install/nav_bot/share/nav_bot/worlds/meshes/nxt_racks/bts_qr_codes/BTS00068699.png\n'}
[0.497375] (nav_bot) StdoutLine: {'line': b'-- Up-to-date symlink: /home/rohan/cobotx/install/nav_bot/share/nav_bot/worlds/meshes/nxt_racks/bts_qr_codes/BTS00068700.png\n'}
[0.497470] (nav_bot) StdoutLine: {'line': b'-- Up-to-date symlink: /home/rohan/cobotx/install/nav_bot/share/nav_bot/worlds/meshes/nxt_racks/bts_qr_codes/BTS00068701.png\n'}
[0.497564] (nav_bot) StdoutLine: {'line': b'-- Up-to-date symlink: /home/rohan/cobotx/install/nav_bot/share/nav_bot/worlds/meshes/nxt_racks/bts_qr_codes/BTS00068702.png\n'}
[0.497658] (nav_bot) StdoutLine: {'line': b'-- Up-to-date symlink: /home/rohan/cobotx/install/nav_bot/share/nav_bot/worlds/meshes/nxt_racks/bts_qr_codes/BTS00068703.png\n'}
[0.497754] (nav_bot) StdoutLine: {'line': b'-- Up-to-date symlink: /home/rohan/cobotx/install/nav_bot/share/nav_bot/worlds/meshes/nxt_racks/bts_qr_codes/BTS00068704.png\n'}
[0.497853] (nav_bot) StdoutLine: {'line': b'-- Up-to-date symlink: /home/rohan/cobotx/install/nav_bot/share/nav_bot/worlds/meshes/nxt_racks/bts_qr_codes/BTS00068705.png\n'}
[0.497955] (nav_bot) StdoutLine: {'line': b'-- Up-to-date symlink: /home/rohan/cobotx/install/nav_bot/share/nav_bot/worlds/meshes/nxt_racks/bts_qr_codes/BTS00068706.png\n'}
[0.498052] (nav_bot) StdoutLine: {'line': b'-- Up-to-date symlink: /home/rohan/cobotx/install/nav_bot/share/nav_bot/worlds/meshes/nxt_racks/bts_qr_codes/BTS00068707.png\n'}
[0.498148] (nav_bot) StdoutLine: {'line': b'-- Up-to-date symlink: /home/rohan/cobotx/install/nav_bot/share/nav_bot/worlds/meshes/nxt_racks/bts_qr_codes/BTS00068708.png\n'}
[0.498243] (nav_bot) StdoutLine: {'line': b'-- Up-to-date symlink: /home/rohan/cobotx/install/nav_bot/share/nav_bot/worlds/meshes/nxt_racks/bts_qr_codes/BTS00068709.png\n'}
[0.498341] (nav_bot) StdoutLine: {'line': b'-- Up-to-date symlink: /home/rohan/cobotx/install/nav_bot/share/nav_bot/worlds/meshes/nxt_racks/bts_qr_codes/BTS00068710.png\n'}
[0.498438] (nav_bot) StdoutLine: {'line': b'-- Up-to-date symlink: /home/rohan/cobotx/install/nav_bot/share/nav_bot/worlds/meshes/nxt_racks/bts_qr_codes/BTS00068711.png\n'}
[0.498534] (nav_bot) StdoutLine: {'line': b'-- Up-to-date symlink: /home/rohan/cobotx/install/nav_bot/share/nav_bot/worlds/meshes/nxt_racks/bts_qr_codes/BTS00068712.png\n'}
[0.498636] (nav_bot) StdoutLine: {'line': b'-- Up-to-date symlink: /home/rohan/cobotx/install/nav_bot/share/nav_bot/worlds/meshes/nxt_racks/bts_qr_codes/BTS00068713.png\n'}
[0.498729] (nav_bot) StdoutLine: {'line': b'-- Up-to-date symlink: /home/rohan/cobotx/install/nav_bot/share/nav_bot/worlds/meshes/nxt_racks/bts_qr_codes/BTS00068714.png\n'}
[0.498825] (nav_bot) StdoutLine: {'line': b'-- Up-to-date symlink: /home/rohan/cobotx/install/nav_bot/share/nav_bot/worlds/meshes/nxt_racks/bts_qr_codes/BTS00068715.png\n'}
[0.498926] (nav_bot) StdoutLine: {'line': b'-- Up-to-date symlink: /home/rohan/cobotx/install/nav_bot/share/nav_bot/worlds/meshes/nxt_racks/bts_qr_codes/BTS00068716.png\n'}
[0.499025] (nav_bot) StdoutLine: {'line': b'-- Up-to-date symlink: /home/rohan/cobotx/install/nav_bot/share/nav_bot/worlds/meshes/nxt_racks/bts_qr_codes/BTS00068717.png\n'}
[0.499121] (nav_bot) StdoutLine: {'line': b'-- Up-to-date symlink: /home/rohan/cobotx/install/nav_bot/share/nav_bot/worlds/meshes/nxt_racks/bts_qr_codes/BTS00068718.png\n'}
[0.499216] (nav_bot) StdoutLine: {'line': b'-- Up-to-date symlink: /home/rohan/cobotx/install/nav_bot/share/nav_bot/worlds/meshes/nxt_racks/bts_qr_codes/BTS00068719.png\n'}
[0.499313] (nav_bot) StdoutLine: {'line': b'-- Up-to-date symlink: /home/rohan/cobotx/install/nav_bot/share/nav_bot/worlds/meshes/nxt_racks/bts_qr_codes/BTS00068720.png\n'}
[0.499408] (nav_bot) StdoutLine: {'line': b'-- Up-to-date symlink: /home/rohan/cobotx/install/nav_bot/share/nav_bot/worlds/meshes/nxt_racks/bts_qr_codes/BTS00068721.png\n'}
[0.499505] (nav_bot) StdoutLine: {'line': b'-- Up-to-date symlink: /home/rohan/cobotx/install/nav_bot/share/nav_bot/worlds/meshes/nxt_racks/bts_qr_codes/BTS00068722.png\n'}
[0.499600] (nav_bot) StdoutLine: {'line': b'-- Up-to-date symlink: /home/rohan/cobotx/install/nav_bot/share/nav_bot/worlds/meshes/nxt_racks/bts_qr_codes/BTS00068723.png\n'}
[0.499696] (nav_bot) StdoutLine: {'line': b'-- Up-to-date symlink: /home/rohan/cobotx/install/nav_bot/share/nav_bot/worlds/meshes/nxt_racks/bts_qr_codes/BTS00068724.png\n'}
[0.499790] (nav_bot) StdoutLine: {'line': b'-- Up-to-date symlink: /home/rohan/cobotx/install/nav_bot/share/nav_bot/worlds/meshes/nxt_racks/bts_qr_codes/BTS00068725.png\n'}
[0.499889] (nav_bot) StdoutLine: {'line': b'-- Up-to-date symlink: /home/rohan/cobotx/install/nav_bot/share/nav_bot/worlds/meshes/nxt_racks/bts_qr_codes/BTS00068726.png\n'}
[0.499988] (nav_bot) StdoutLine: {'line': b'-- Up-to-date symlink: /home/rohan/cobotx/install/nav_bot/share/nav_bot/worlds/meshes/nxt_racks/bts_qr_codes/BTS00068727.png\n'}
[0.500082] (nav_bot) StdoutLine: {'line': b'-- Up-to-date symlink: /home/rohan/cobotx/install/nav_bot/share/nav_bot/worlds/meshes/nxt_racks/bts_qr_codes/BTS00068728.png\n'}
[0.500176] (nav_bot) StdoutLine: {'line': b'-- Up-to-date symlink: /home/rohan/cobotx/install/nav_bot/share/nav_bot/worlds/meshes/nxt_racks/bts_qr_codes/BTS00068729.png\n'}
[0.500269] (nav_bot) StdoutLine: {'line': b'-- Up-to-date symlink: /home/rohan/cobotx/install/nav_bot/share/nav_bot/worlds/meshes/nxt_racks/bts_qr_codes/BTS00068730.png\n'}
[0.500369] (nav_bot) StdoutLine: {'line': b'-- Up-to-date symlink: /home/rohan/cobotx/install/nav_bot/share/nav_bot/worlds/meshes/nxt_racks/bts_qr_codes/BTS00069884.png\n'}
[0.500463] (nav_bot) StdoutLine: {'line': b'-- Up-to-date symlink: /home/rohan/cobotx/install/nav_bot/share/nav_bot/worlds/meshes/nxt_racks/bts_qr_codes/BTS00069885.png\n'}
[0.500507] (-) TimerEvent: {}
[0.500599] (nav_bot) StdoutLine: {'line': b'-- Up-to-date symlink: /home/rohan/cobotx/install/nav_bot/share/nav_bot/worlds/meshes/nxt_racks/bts_qr_codes/BTS00069886.png\n'}
[0.500681] (nav_bot) StdoutLine: {'line': b'-- Up-to-date symlink: /home/rohan/cobotx/install/nav_bot/share/nav_bot/worlds/meshes/nxt_racks/bts_qr_codes/BTS00069887.png\n'}
[0.500775] (nav_bot) StdoutLine: {'line': b'-- Up-to-date symlink: /home/rohan/cobotx/install/nav_bot/share/nav_bot/worlds/meshes/nxt_racks/bts_qr_codes/BTS00069888.png\n'}
[0.500856] (nav_bot) StdoutLine: {'line': b'-- Up-to-date symlink: /home/rohan/cobotx/install/nav_bot/share/nav_bot/worlds/meshes/nxt_racks/bts_qr_codes/BTS00069889.png\n'}
[0.501015] (nav_bot) StdoutLine: {'line': b'-- Up-to-date symlink: /home/rohan/cobotx/install/nav_bot/share/nav_bot/worlds/meshes/nxt_racks/bts_qr_codes/BTS00069890.png\n'}
[0.501126] (nav_bot) StdoutLine: {'line': b'-- Up-to-date symlink: /home/rohan/cobotx/install/nav_bot/share/nav_bot/worlds/meshes/nxt_racks/bts_qr_codes/BTS00069891.png\n'}
[0.501219] (nav_bot) StdoutLine: {'line': b'-- Up-to-date symlink: /home/rohan/cobotx/install/nav_bot/share/nav_bot/worlds/meshes/nxt_racks/bts_qr_codes/BTS00069892.png\n'}
[0.501308] (nav_bot) StdoutLine: {'line': b'-- Up-to-date symlink: /home/rohan/cobotx/install/nav_bot/share/nav_bot/worlds/meshes/nxt_racks/bts_qr_codes/BTS00069893.png\n'}
[0.501400] (nav_bot) StdoutLine: {'line': b'-- Up-to-date symlink: /home/rohan/cobotx/install/nav_bot/share/nav_bot/worlds/meshes/nxt_racks/bts_qr_codes/BTS00069894.png\n'}
[0.501490] (nav_bot) StdoutLine: {'line': b'-- Up-to-date symlink: /home/rohan/cobotx/install/nav_bot/share/nav_bot/worlds/meshes/nxt_racks/bts_qr_codes/BTS00069895.png\n'}
[0.501580] (nav_bot) StdoutLine: {'line': b'-- Up-to-date symlink: /home/rohan/cobotx/install/nav_bot/share/nav_bot/worlds/meshes/nxt_racks/bts_qr_codes/BTS00069896.png\n'}
[0.501663] (nav_bot) StdoutLine: {'line': b'-- Up-to-date symlink: /home/rohan/cobotx/install/nav_bot/share/nav_bot/worlds/meshes/nxt_racks/bts_qr_codes/BTS00069897.png\n'}
[0.501730] (nav_bot) StdoutLine: {'line': b'-- Up-to-date symlink: /home/rohan/cobotx/install/nav_bot/share/nav_bot/worlds/meshes/nxt_racks/bts_qr_codes/BTS00069898.png\n'}
[0.501816] (nav_bot) StdoutLine: {'line': b'-- Up-to-date symlink: /home/rohan/cobotx/install/nav_bot/share/nav_bot/worlds/meshes/nxt_racks/bts_qr_codes/BTS00069899.png\n'}
[0.501917] (nav_bot) StdoutLine: {'line': b'-- Up-to-date symlink: /home/rohan/cobotx/install/nav_bot/share/nav_bot/worlds/meshes/nxt_racks/bts_qr_codes/BTS00069900.png\n'}
[0.502014] (nav_bot) StdoutLine: {'line': b'-- Up-to-date symlink: /home/rohan/cobotx/install/nav_bot/share/nav_bot/worlds/meshes/nxt_racks/front.png\n'}
[0.502106] (nav_bot) StdoutLine: {'line': b'-- Up-to-date symlink: /home/rohan/cobotx/install/nav_bot/share/nav_bot/worlds/meshes/nxt_racks/ground.png\n'}
[0.502197] (nav_bot) StdoutLine: {'line': b'-- Up-to-date symlink: /home/rohan/cobotx/install/nav_bot/share/nav_bot/worlds/meshes/nxt_racks/left.png\n'}
[0.502294] (nav_bot) StdoutLine: {'line': b'-- Up-to-date symlink: /home/rohan/cobotx/install/nav_bot/share/nav_bot/worlds/meshes/nxt_racks/qr_output/HD-01_A_01.png\n'}
[0.502390] (nav_bot) StdoutLine: {'line': b'-- Up-to-date symlink: /home/rohan/cobotx/install/nav_bot/share/nav_bot/worlds/meshes/nxt_racks/qr_output/HD-01_A_02.png\n'}
[0.502486] (nav_bot) StdoutLine: {'line': b'-- Up-to-date symlink: /home/rohan/cobotx/install/nav_bot/share/nav_bot/worlds/meshes/nxt_racks/qr_output/HD-01_A_03.png\n'}
[0.502598] (nav_bot) StdoutLine: {'line': b'-- Up-to-date symlink: /home/rohan/cobotx/install/nav_bot/share/nav_bot/worlds/meshes/nxt_racks/qr_output/HD-01_A_04.png\n'}
[0.502721] (nav_bot) StdoutLine: {'line': b'-- Up-to-date symlink: /home/rohan/cobotx/install/nav_bot/share/nav_bot/worlds/meshes/nxt_racks/qr_output/HD-01_A_05.png\n'}
[0.502818] (nav_bot) StdoutLine: {'line': b'-- Up-to-date symlink: /home/rohan/cobotx/install/nav_bot/share/nav_bot/worlds/meshes/nxt_racks/qr_output/HD-01_A_06.png\n'}
[0.502905] (nav_bot) StdoutLine: {'line': b'-- Up-to-date symlink: /home/rohan/cobotx/install/nav_bot/share/nav_bot/worlds/meshes/nxt_racks/qr_output/HD-01_A_07.png\n'}
[0.503004] (nav_bot) StdoutLine: {'line': b'-- Up-to-date symlink: /home/rohan/cobotx/install/nav_bot/share/nav_bot/worlds/meshes/nxt_racks/qr_output/HD-01_A_08.png\n'}
[0.503098] (nav_bot) StdoutLine: {'line': b'-- Up-to-date symlink: /home/rohan/cobotx/install/nav_bot/share/nav_bot/worlds/meshes/nxt_racks/qr_output/HD-01_A_09.png\n'}
[0.503194] (nav_bot) StdoutLine: {'line': b'-- Up-to-date symlink: /home/rohan/cobotx/install/nav_bot/share/nav_bot/worlds/meshes/nxt_racks/qr_output/HD-01_A_10.png\n'}
[0.503288] (nav_bot) StdoutLine: {'line': b'-- Up-to-date symlink: /home/rohan/cobotx/install/nav_bot/share/nav_bot/worlds/meshes/nxt_racks/qr_output/HD-01_A_11.png\n'}
[0.503382] (nav_bot) StdoutLine: {'line': b'-- Up-to-date symlink: /home/rohan/cobotx/install/nav_bot/share/nav_bot/worlds/meshes/nxt_racks/qr_output/HD-01_A_12.png\n'}
[0.503477] (nav_bot) StdoutLine: {'line': b'-- Up-to-date symlink: /home/rohan/cobotx/install/nav_bot/share/nav_bot/worlds/meshes/nxt_racks/qr_output/HD-01_A_13.png\n'}
[0.503572] (nav_bot) StdoutLine: {'line': b'-- Up-to-date symlink: /home/rohan/cobotx/install/nav_bot/share/nav_bot/worlds/meshes/nxt_racks/qr_output/HD-01_A_14.png\n'}
[0.503667] (nav_bot) StdoutLine: {'line': b'-- Up-to-date symlink: /home/rohan/cobotx/install/nav_bot/share/nav_bot/worlds/meshes/nxt_racks/qr_output/HD-01_A_15.png\n'}
[0.503764] (nav_bot) StdoutLine: {'line': b'-- Up-to-date symlink: /home/rohan/cobotx/install/nav_bot/share/nav_bot/worlds/meshes/nxt_racks/qr_output/HD-01_A_16.png\n'}
[0.503880] (nav_bot) StdoutLine: {'line': b'-- Up-to-date symlink: /home/rohan/cobotx/install/nav_bot/share/nav_bot/worlds/meshes/nxt_racks/qr_output/HD-01_A_17.png\n'}
[0.503996] (nav_bot) StdoutLine: {'line': b'-- Up-to-date symlink: /home/rohan/cobotx/install/nav_bot/share/nav_bot/worlds/meshes/nxt_racks/qr_output/HD-01_A_18.png\n'}
[0.504091] (nav_bot) StdoutLine: {'line': b'-- Up-to-date symlink: /home/rohan/cobotx/install/nav_bot/share/nav_bot/worlds/meshes/nxt_racks/qr_output/HD-01_A_19.png\n'}
[0.504178] (nav_bot) StdoutLine: {'line': b'-- Up-to-date symlink: /home/rohan/cobotx/install/nav_bot/share/nav_bot/worlds/meshes/nxt_racks/qr_output/HD-01_A_20.png\n'}
[0.504257] (nav_bot) StdoutLine: {'line': b'-- Up-to-date symlink: /home/rohan/cobotx/install/nav_bot/share/nav_bot/worlds/meshes/nxt_racks/qr_output/HD-01_A_21.png\n'}
[0.504367] (nav_bot) StdoutLine: {'line': b'-- Up-to-date symlink: /home/rohan/cobotx/install/nav_bot/share/nav_bot/worlds/meshes/nxt_racks/qr_output/HD-01_A_22.png\n'}
[0.504476] (nav_bot) StdoutLine: {'line': b'-- Up-to-date symlink: /home/rohan/cobotx/install/nav_bot/share/nav_bot/worlds/meshes/nxt_racks/qr_output/HD-01_A_23.png\n'}
[0.504574] (nav_bot) StdoutLine: {'line': b'-- Up-to-date symlink: /home/rohan/cobotx/install/nav_bot/share/nav_bot/worlds/meshes/nxt_racks/qr_output/HD-01_A_24.png\n'}
[0.504667] (nav_bot) StdoutLine: {'line': b'-- Up-to-date symlink: /home/rohan/cobotx/install/nav_bot/share/nav_bot/worlds/meshes/nxt_racks/qr_output/HD-01_A_25.png\n'}
[0.504767] (nav_bot) StdoutLine: {'line': b'-- Up-to-date symlink: /home/rohan/cobotx/install/nav_bot/share/nav_bot/worlds/meshes/nxt_racks/qr_output/HD-01_A_26.png\n'}
[0.504865] (nav_bot) StdoutLine: {'line': b'-- Up-to-date symlink: /home/rohan/cobotx/install/nav_bot/share/nav_bot/worlds/meshes/nxt_racks/qr_output/HD-01_A_27.png\n'}
[0.504973] (nav_bot) StdoutLine: {'line': b'-- Up-to-date symlink: /home/rohan/cobotx/install/nav_bot/share/nav_bot/worlds/meshes/nxt_racks/qr_output/HD-01_A_28.png\n'}
[0.505068] (nav_bot) StdoutLine: {'line': b'-- Up-to-date symlink: /home/rohan/cobotx/install/nav_bot/share/nav_bot/worlds/meshes/nxt_racks/qr_output/HD-01_A_29.png\n'}
[0.505164] (nav_bot) StdoutLine: {'line': b'-- Up-to-date symlink: /home/rohan/cobotx/install/nav_bot/share/nav_bot/worlds/meshes/nxt_racks/qr_output/HD-01_A_30.png\n'}
[0.505260] (nav_bot) StdoutLine: {'line': b'-- Up-to-date symlink: /home/rohan/cobotx/install/nav_bot/share/nav_bot/worlds/meshes/nxt_racks/qr_output/HD-01_A_31.png\n'}
[0.505372] (nav_bot) StdoutLine: {'line': b'-- Up-to-date symlink: /home/rohan/cobotx/install/nav_bot/share/nav_bot/worlds/meshes/nxt_racks/qr_output/HD-01_A_32.png\n'}
[0.505475] (nav_bot) StdoutLine: {'line': b'-- Up-to-date symlink: /home/rohan/cobotx/install/nav_bot/share/nav_bot/worlds/meshes/nxt_racks/qr_output/HD-01_A_33.png\n'}
[0.505573] (nav_bot) StdoutLine: {'line': b'-- Up-to-date symlink: /home/rohan/cobotx/install/nav_bot/share/nav_bot/worlds/meshes/nxt_racks/qr_output/HD-01_A_34.png\n'}
[0.505668] (nav_bot) StdoutLine: {'line': b'-- Up-to-date symlink: /home/rohan/cobotx/install/nav_bot/share/nav_bot/worlds/meshes/nxt_racks/qr_output/HD-01_A_35.png\n'}
[0.505767] (nav_bot) StdoutLine: {'line': b'-- Up-to-date symlink: /home/rohan/cobotx/install/nav_bot/share/nav_bot/worlds/meshes/nxt_racks/qr_output/HD-01_A_36.png\n'}
[0.505872] (nav_bot) StdoutLine: {'line': b'-- Up-to-date symlink: /home/rohan/cobotx/install/nav_bot/share/nav_bot/worlds/meshes/nxt_racks/qr_output/HD-01_A_37.png\n'}
[0.505989] (nav_bot) StdoutLine: {'line': b'-- Up-to-date symlink: /home/rohan/cobotx/install/nav_bot/share/nav_bot/worlds/meshes/nxt_racks/qr_output/HD-01_A_38.png\n'}
[0.506088] (nav_bot) StdoutLine: {'line': b'-- Up-to-date symlink: /home/rohan/cobotx/install/nav_bot/share/nav_bot/worlds/meshes/nxt_racks/qr_output/HD-01_B_01.png\n'}
[0.506181] (nav_bot) StdoutLine: {'line': b'-- Up-to-date symlink: /home/rohan/cobotx/install/nav_bot/share/nav_bot/worlds/meshes/nxt_racks/qr_output/HD-01_B_02.png\n'}
[0.506278] (nav_bot) StdoutLine: {'line': b'-- Up-to-date symlink: /home/rohan/cobotx/install/nav_bot/share/nav_bot/worlds/meshes/nxt_racks/qr_output/HD-01_B_03.png\n'}
[0.506385] (nav_bot) StdoutLine: {'line': b'-- Up-to-date symlink: /home/rohan/cobotx/install/nav_bot/share/nav_bot/worlds/meshes/nxt_racks/qr_output/HD-01_B_04.png\n'}
[0.506478] (nav_bot) StdoutLine: {'line': b'-- Up-to-date symlink: /home/rohan/cobotx/install/nav_bot/share/nav_bot/worlds/meshes/nxt_racks/qr_output/HD-01_B_05.png\n'}
[0.506610] (nav_bot) StdoutLine: {'line': b'-- Up-to-date symlink: /home/rohan/cobotx/install/nav_bot/share/nav_bot/worlds/meshes/nxt_racks/qr_output/HD-01_B_06.png\n'}
[0.506714] (nav_bot) StdoutLine: {'line': b'-- Up-to-date symlink: /home/rohan/cobotx/install/nav_bot/share/nav_bot/worlds/meshes/nxt_racks/qr_output/HD-01_B_07.png\n'}
[0.506819] (nav_bot) StdoutLine: {'line': b'-- Up-to-date symlink: /home/rohan/cobotx/install/nav_bot/share/nav_bot/worlds/meshes/nxt_racks/qr_output/HD-01_B_08.png\n'}
[0.506926] (nav_bot) StdoutLine: {'line': b'-- Up-to-date symlink: /home/rohan/cobotx/install/nav_bot/share/nav_bot/worlds/meshes/nxt_racks/qr_output/HD-01_B_09.png\n'}
[0.507031] (nav_bot) StdoutLine: {'line': b'-- Up-to-date symlink: /home/rohan/cobotx/install/nav_bot/share/nav_bot/worlds/meshes/nxt_racks/qr_output/HD-01_B_10.png\n'}
[0.507136] (nav_bot) StdoutLine: {'line': b'-- Up-to-date symlink: /home/rohan/cobotx/install/nav_bot/share/nav_bot/worlds/meshes/nxt_racks/qr_output/HD-01_B_11.png\n'}
[0.507240] (nav_bot) StdoutLine: {'line': b'-- Up-to-date symlink: /home/rohan/cobotx/install/nav_bot/share/nav_bot/worlds/meshes/nxt_racks/qr_output/HD-01_B_12.png\n'}
[0.507339] (nav_bot) StdoutLine: {'line': b'-- Up-to-date symlink: /home/rohan/cobotx/install/nav_bot/share/nav_bot/worlds/meshes/nxt_racks/qr_output/HD-01_B_13.png\n'}
[0.507440] (nav_bot) StdoutLine: {'line': b'-- Up-to-date symlink: /home/rohan/cobotx/install/nav_bot/share/nav_bot/worlds/meshes/nxt_racks/qr_output/HD-01_B_14.png\n'}
[0.507539] (nav_bot) StdoutLine: {'line': b'-- Up-to-date symlink: /home/rohan/cobotx/install/nav_bot/share/nav_bot/worlds/meshes/nxt_racks/qr_output/HD-01_B_15.png\n'}
[0.507642] (nav_bot) StdoutLine: {'line': b'-- Up-to-date symlink: /home/rohan/cobotx/install/nav_bot/share/nav_bot/worlds/meshes/nxt_racks/qr_output/HD-01_B_16.png\n'}
[0.507739] (nav_bot) StdoutLine: {'line': b'-- Up-to-date symlink: /home/rohan/cobotx/install/nav_bot/share/nav_bot/worlds/meshes/nxt_racks/qr_output/HD-01_B_17.png\n'}
[0.507868] (nav_bot) StdoutLine: {'line': b'-- Up-to-date symlink: /home/rohan/cobotx/install/nav_bot/share/nav_bot/worlds/meshes/nxt_racks/qr_output/HD-01_B_18.png\n'}
[0.507968] (nav_bot) StdoutLine: {'line': b'-- Up-to-date symlink: /home/rohan/cobotx/install/nav_bot/share/nav_bot/worlds/meshes/nxt_racks/qr_output/HD-01_B_19.png\n'}
[0.508074] (nav_bot) StdoutLine: {'line': b'-- Up-to-date symlink: /home/rohan/cobotx/install/nav_bot/share/nav_bot/worlds/meshes/nxt_racks/qr_output/HD-01_B_20.png\n'}
[0.508230] (nav_bot) StdoutLine: {'line': b'-- Up-to-date symlink: /home/rohan/cobotx/install/nav_bot/share/nav_bot/worlds/meshes/nxt_racks/qr_output/HD-01_B_21.png\n'}
[0.508376] (nav_bot) StdoutLine: {'line': b'-- Up-to-date symlink: /home/rohan/cobotx/install/nav_bot/share/nav_bot/worlds/meshes/nxt_racks/qr_output/HD-01_B_22.png\n'}
[0.508518] (nav_bot) StdoutLine: {'line': b'-- Up-to-date symlink: /home/rohan/cobotx/install/nav_bot/share/nav_bot/worlds/meshes/nxt_racks/qr_output/HD-01_B_23.png\n'}
[0.508634] (nav_bot) StdoutLine: {'line': b'-- Up-to-date symlink: /home/rohan/cobotx/install/nav_bot/share/nav_bot/worlds/meshes/nxt_racks/qr_output/HD-01_B_24.png\n'}
[0.508745] (nav_bot) StdoutLine: {'line': b'-- Up-to-date symlink: /home/rohan/cobotx/install/nav_bot/share/nav_bot/worlds/meshes/nxt_racks/qr_output/HD-01_B_25.png\n'}
[0.508840] (nav_bot) StdoutLine: {'line': b'-- Up-to-date symlink: /home/rohan/cobotx/install/nav_bot/share/nav_bot/worlds/meshes/nxt_racks/qr_output/HD-01_B_26.png\n'}
[0.508980] (nav_bot) StdoutLine: {'line': b'-- Up-to-date symlink: /home/rohan/cobotx/install/nav_bot/share/nav_bot/worlds/meshes/nxt_racks/qr_output/HD-01_B_27.png\n'}
[0.509082] (nav_bot) StdoutLine: {'line': b'-- Up-to-date symlink: /home/rohan/cobotx/install/nav_bot/share/nav_bot/worlds/meshes/nxt_racks/qr_output/HD-01_B_28.png\n'}
[0.509225] (nav_bot) StdoutLine: {'line': b'-- Up-to-date symlink: /home/rohan/cobotx/install/nav_bot/share/nav_bot/worlds/meshes/nxt_racks/qr_output/HD-01_B_29.png\n'}
[0.509367] (nav_bot) StdoutLine: {'line': b'-- Up-to-date symlink: /home/rohan/cobotx/install/nav_bot/share/nav_bot/worlds/meshes/nxt_racks/qr_output/HD-01_B_30.png\n'}
[0.509496] (nav_bot) StdoutLine: {'line': b'-- Up-to-date symlink: /home/rohan/cobotx/install/nav_bot/share/nav_bot/worlds/meshes/nxt_racks/qr_output/HD-01_B_31.png\n'}
[0.509644] (nav_bot) StdoutLine: {'line': b'-- Up-to-date symlink: /home/rohan/cobotx/install/nav_bot/share/nav_bot/worlds/meshes/nxt_racks/qr_output/HD-01_B_32.png\n'}
[0.509784] (nav_bot) StdoutLine: {'line': b'-- Up-to-date symlink: /home/rohan/cobotx/install/nav_bot/share/nav_bot/worlds/meshes/nxt_racks/qr_output/HD-01_B_33.png\n'}
[0.509953] (nav_bot) StdoutLine: {'line': b'-- Up-to-date symlink: /home/rohan/cobotx/install/nav_bot/share/nav_bot/worlds/meshes/nxt_racks/qr_output/HD-01_B_34.png\n'}
[0.510074] (nav_bot) StdoutLine: {'line': b'-- Up-to-date symlink: /home/rohan/cobotx/install/nav_bot/share/nav_bot/worlds/meshes/nxt_racks/qr_output/HD-01_B_35.png\n'}
[0.510200] (nav_bot) StdoutLine: {'line': b'-- Up-to-date symlink: /home/rohan/cobotx/install/nav_bot/share/nav_bot/worlds/meshes/nxt_racks/qr_output/HD-01_B_36.png\n'}
[0.510357] (nav_bot) StdoutLine: {'line': b'-- Up-to-date symlink: /home/rohan/cobotx/install/nav_bot/share/nav_bot/worlds/meshes/nxt_racks/qr_output/HD-01_B_37.png\n'}
[0.510521] (nav_bot) StdoutLine: {'line': b'-- Up-to-date symlink: /home/rohan/cobotx/install/nav_bot/share/nav_bot/worlds/meshes/nxt_racks/qr_output/HD-01_B_38.png\n'}
[0.510634] (nav_bot) StdoutLine: {'line': b'-- Up-to-date symlink: /home/rohan/cobotx/install/nav_bot/share/nav_bot/worlds/meshes/nxt_racks/qr_output/HD-01_C_01.png\n'}
[0.510730] (nav_bot) StdoutLine: {'line': b'-- Up-to-date symlink: /home/rohan/cobotx/install/nav_bot/share/nav_bot/worlds/meshes/nxt_racks/qr_output/HD-01_C_02.png\n'}
[0.510838] (nav_bot) StdoutLine: {'line': b'-- Up-to-date symlink: /home/rohan/cobotx/install/nav_bot/share/nav_bot/worlds/meshes/nxt_racks/qr_output/HD-01_C_03.png\n'}
[0.510971] (nav_bot) StdoutLine: {'line': b'-- Up-to-date symlink: /home/rohan/cobotx/install/nav_bot/share/nav_bot/worlds/meshes/nxt_racks/qr_output/HD-01_C_04.png\n'}
[0.511075] (nav_bot) StdoutLine: {'line': b'-- Up-to-date symlink: /home/rohan/cobotx/install/nav_bot/share/nav_bot/worlds/meshes/nxt_racks/qr_output/HD-01_C_05.png\n'}
[0.511219] (nav_bot) StdoutLine: {'line': b'-- Up-to-date symlink: /home/rohan/cobotx/install/nav_bot/share/nav_bot/worlds/meshes/nxt_racks/qr_output/HD-01_C_06.png\n'}
[0.511401] (nav_bot) StdoutLine: {'line': b'-- Up-to-date symlink: /home/rohan/cobotx/install/nav_bot/share/nav_bot/worlds/meshes/nxt_racks/qr_output/HD-01_C_07.png\n'}
[0.511520] (nav_bot) StdoutLine: {'line': b'-- Up-to-date symlink: /home/rohan/cobotx/install/nav_bot/share/nav_bot/worlds/meshes/nxt_racks/qr_output/HD-01_C_08.png\n'}
[0.511621] (nav_bot) StdoutLine: {'line': b'-- Up-to-date symlink: /home/rohan/cobotx/install/nav_bot/share/nav_bot/worlds/meshes/nxt_racks/qr_output/HD-01_C_09.png\n'}
[0.511722] (nav_bot) StdoutLine: {'line': b'-- Up-to-date symlink: /home/rohan/cobotx/install/nav_bot/share/nav_bot/worlds/meshes/nxt_racks/qr_output/HD-01_C_10.png\n'}
[0.511903] (nav_bot) StdoutLine: {'line': b'-- Up-to-date symlink: /home/rohan/cobotx/install/nav_bot/share/nav_bot/worlds/meshes/nxt_racks/qr_output/HD-01_C_11.png\n'}
[0.512034] (nav_bot) StdoutLine: {'line': b'-- Up-to-date symlink: /home/rohan/cobotx/install/nav_bot/share/nav_bot/worlds/meshes/nxt_racks/qr_output/HD-01_C_12.png\n'}
[0.512135] (nav_bot) StdoutLine: {'line': b'-- Up-to-date symlink: /home/rohan/cobotx/install/nav_bot/share/nav_bot/worlds/meshes/nxt_racks/qr_output/HD-01_C_13.png\n'}
[0.512239] (nav_bot) StdoutLine: {'line': b'-- Up-to-date symlink: /home/rohan/cobotx/install/nav_bot/share/nav_bot/worlds/meshes/nxt_racks/qr_output/HD-01_C_14.png\n'}
[0.512343] (nav_bot) StdoutLine: {'line': b'-- Up-to-date symlink: /home/rohan/cobotx/install/nav_bot/share/nav_bot/worlds/meshes/nxt_racks/qr_output/HD-01_C_15.png\n'}
[0.512446] (nav_bot) StdoutLine: {'line': b'-- Up-to-date symlink: /home/rohan/cobotx/install/nav_bot/share/nav_bot/worlds/meshes/nxt_racks/qr_output/HD-01_C_16.png\n'}
[0.512546] (nav_bot) StdoutLine: {'line': b'-- Up-to-date symlink: /home/rohan/cobotx/install/nav_bot/share/nav_bot/worlds/meshes/nxt_racks/qr_output/HD-01_C_17.png\n'}
[0.512649] (nav_bot) StdoutLine: {'line': b'-- Up-to-date symlink: /home/rohan/cobotx/install/nav_bot/share/nav_bot/worlds/meshes/nxt_racks/qr_output/HD-01_C_18.png\n'}
[0.512751] (nav_bot) StdoutLine: {'line': b'-- Up-to-date symlink: /home/rohan/cobotx/install/nav_bot/share/nav_bot/worlds/meshes/nxt_racks/qr_output/HD-01_C_19.png\n'}
[0.512883] (nav_bot) StdoutLine: {'line': b'-- Up-to-date symlink: /home/rohan/cobotx/install/nav_bot/share/nav_bot/worlds/meshes/nxt_racks/qr_output/HD-01_C_20.png\n'}
[0.513010] (nav_bot) StdoutLine: {'line': b'-- Up-to-date symlink: /home/rohan/cobotx/install/nav_bot/share/nav_bot/worlds/meshes/nxt_racks/qr_output/HD-01_C_21.png\n'}
[0.513120] (nav_bot) StdoutLine: {'line': b'-- Up-to-date symlink: /home/rohan/cobotx/install/nav_bot/share/nav_bot/worlds/meshes/nxt_racks/qr_output/HD-01_C_22.png\n'}
[0.513223] (nav_bot) StdoutLine: {'line': b'-- Up-to-date symlink: /home/rohan/cobotx/install/nav_bot/share/nav_bot/worlds/meshes/nxt_racks/qr_output/HD-01_C_23.png\n'}
[0.513330] (nav_bot) StdoutLine: {'line': b'-- Up-to-date symlink: /home/rohan/cobotx/install/nav_bot/share/nav_bot/worlds/meshes/nxt_racks/qr_output/HD-01_C_24.png\n'}
[0.513437] (nav_bot) StdoutLine: {'line': b'-- Up-to-date symlink: /home/rohan/cobotx/install/nav_bot/share/nav_bot/worlds/meshes/nxt_racks/qr_output/HD-01_C_25.png\n'}
[0.513539] (nav_bot) StdoutLine: {'line': b'-- Up-to-date symlink: /home/rohan/cobotx/install/nav_bot/share/nav_bot/worlds/meshes/nxt_racks/qr_output/HD-01_C_26.png\n'}
[0.513637] (nav_bot) StdoutLine: {'line': b'-- Up-to-date symlink: /home/rohan/cobotx/install/nav_bot/share/nav_bot/worlds/meshes/nxt_racks/qr_output/HD-01_C_27.png\n'}
[0.513728] (nav_bot) StdoutLine: {'line': b'-- Up-to-date symlink: /home/rohan/cobotx/install/nav_bot/share/nav_bot/worlds/meshes/nxt_racks/qr_output/HD-01_C_28.png\n'}
[0.513813] (nav_bot) StdoutLine: {'line': b'-- Up-to-date symlink: /home/rohan/cobotx/install/nav_bot/share/nav_bot/worlds/meshes/nxt_racks/qr_output/HD-01_C_29.png\n'}
[0.513911] (nav_bot) StdoutLine: {'line': b'-- Up-to-date symlink: /home/rohan/cobotx/install/nav_bot/share/nav_bot/worlds/meshes/nxt_racks/qr_output/HD-01_C_30.png\n'}
[0.514017] (nav_bot) StdoutLine: {'line': b'-- Up-to-date symlink: /home/rohan/cobotx/install/nav_bot/share/nav_bot/worlds/meshes/nxt_racks/qr_output/HD-01_C_31.png\n'}
[0.514117] (nav_bot) StdoutLine: {'line': b'-- Up-to-date symlink: /home/rohan/cobotx/install/nav_bot/share/nav_bot/worlds/meshes/nxt_racks/qr_output/HD-01_C_32.png\n'}
[0.514217] (nav_bot) StdoutLine: {'line': b'-- Up-to-date symlink: /home/rohan/cobotx/install/nav_bot/share/nav_bot/worlds/meshes/nxt_racks/qr_output/HD-01_C_33.png\n'}
[0.514317] (nav_bot) StdoutLine: {'line': b'-- Up-to-date symlink: /home/rohan/cobotx/install/nav_bot/share/nav_bot/worlds/meshes/nxt_racks/qr_output/HD-01_C_34.png\n'}
[0.514416] (nav_bot) StdoutLine: {'line': b'-- Up-to-date symlink: /home/rohan/cobotx/install/nav_bot/share/nav_bot/worlds/meshes/nxt_racks/qr_output/HD-01_C_35.png\n'}
[0.514517] (nav_bot) StdoutLine: {'line': b'-- Up-to-date symlink: /home/rohan/cobotx/install/nav_bot/share/nav_bot/worlds/meshes/nxt_racks/qr_output/HD-01_C_36.png\n'}
[0.514616] (nav_bot) StdoutLine: {'line': b'-- Up-to-date symlink: /home/rohan/cobotx/install/nav_bot/share/nav_bot/worlds/meshes/nxt_racks/qr_output/HD-01_C_37.png\n'}
[0.514716] (nav_bot) StdoutLine: {'line': b'-- Up-to-date symlink: /home/rohan/cobotx/install/nav_bot/share/nav_bot/worlds/meshes/nxt_racks/qr_output/HD-01_C_38.png\n'}
[0.514812] (nav_bot) StdoutLine: {'line': b'-- Up-to-date symlink: /home/rohan/cobotx/install/nav_bot/share/nav_bot/worlds/meshes/nxt_racks/qr_output/HD-01_D_01.png\n'}
[0.514917] (nav_bot) StdoutLine: {'line': b'-- Up-to-date symlink: /home/rohan/cobotx/install/nav_bot/share/nav_bot/worlds/meshes/nxt_racks/qr_output/HD-01_D_02.png\n'}
[0.515016] (nav_bot) StdoutLine: {'line': b'-- Up-to-date symlink: /home/rohan/cobotx/install/nav_bot/share/nav_bot/worlds/meshes/nxt_racks/qr_output/HD-01_D_03.png\n'}
[0.515112] (nav_bot) StdoutLine: {'line': b'-- Up-to-date symlink: /home/rohan/cobotx/install/nav_bot/share/nav_bot/worlds/meshes/nxt_racks/qr_output/HD-01_D_04.png\n'}
[0.515207] (nav_bot) StdoutLine: {'line': b'-- Up-to-date symlink: /home/rohan/cobotx/install/nav_bot/share/nav_bot/worlds/meshes/nxt_racks/qr_output/HD-01_D_05.png\n'}
[0.515303] (nav_bot) StdoutLine: {'line': b'-- Up-to-date symlink: /home/rohan/cobotx/install/nav_bot/share/nav_bot/worlds/meshes/nxt_racks/qr_output/HD-01_D_06.png\n'}
[0.515398] (nav_bot) StdoutLine: {'line': b'-- Up-to-date symlink: /home/rohan/cobotx/install/nav_bot/share/nav_bot/worlds/meshes/nxt_racks/qr_output/HD-01_D_07.png\n'}
[0.515494] (nav_bot) StdoutLine: {'line': b'-- Up-to-date symlink: /home/rohan/cobotx/install/nav_bot/share/nav_bot/worlds/meshes/nxt_racks/qr_output/HD-01_D_08.png\n'}
[0.515589] (nav_bot) StdoutLine: {'line': b'-- Up-to-date symlink: /home/rohan/cobotx/install/nav_bot/share/nav_bot/worlds/meshes/nxt_racks/qr_output/HD-01_D_09.png\n'}
[0.515687] (nav_bot) StdoutLine: {'line': b'-- Up-to-date symlink: /home/rohan/cobotx/install/nav_bot/share/nav_bot/worlds/meshes/nxt_racks/qr_output/HD-01_D_10.png\n'}
[0.515783] (nav_bot) StdoutLine: {'line': b'-- Up-to-date symlink: /home/rohan/cobotx/install/nav_bot/share/nav_bot/worlds/meshes/nxt_racks/qr_output/HD-01_D_11.png\n'}
[0.515887] (nav_bot) StdoutLine: {'line': b'-- Up-to-date symlink: /home/rohan/cobotx/install/nav_bot/share/nav_bot/worlds/meshes/nxt_racks/qr_output/HD-01_D_12.png\n'}
[0.515989] (nav_bot) StdoutLine: {'line': b'-- Up-to-date symlink: /home/rohan/cobotx/install/nav_bot/share/nav_bot/worlds/meshes/nxt_racks/qr_output/HD-01_D_13.png\n'}
[0.516086] (nav_bot) StdoutLine: {'line': b'-- Up-to-date symlink: /home/rohan/cobotx/install/nav_bot/share/nav_bot/worlds/meshes/nxt_racks/qr_output/HD-01_D_14.png\n'}
[0.516183] (nav_bot) StdoutLine: {'line': b'-- Up-to-date symlink: /home/rohan/cobotx/install/nav_bot/share/nav_bot/worlds/meshes/nxt_racks/qr_output/HD-01_D_15.png\n'}
[0.516280] (nav_bot) StdoutLine: {'line': b'-- Up-to-date symlink: /home/rohan/cobotx/install/nav_bot/share/nav_bot/worlds/meshes/nxt_racks/qr_output/HD-01_D_16.png\n'}
[0.516376] (nav_bot) StdoutLine: {'line': b'-- Up-to-date symlink: /home/rohan/cobotx/install/nav_bot/share/nav_bot/worlds/meshes/nxt_racks/qr_output/HD-01_D_17.png\n'}
[0.516472] (nav_bot) StdoutLine: {'line': b'-- Up-to-date symlink: /home/rohan/cobotx/install/nav_bot/share/nav_bot/worlds/meshes/nxt_racks/qr_output/HD-01_D_18.png\n'}
[0.516568] (nav_bot) StdoutLine: {'line': b'-- Up-to-date symlink: /home/rohan/cobotx/install/nav_bot/share/nav_bot/worlds/meshes/nxt_racks/qr_output/HD-01_D_19.png\n'}
[0.516663] (nav_bot) StdoutLine: {'line': b'-- Up-to-date symlink: /home/rohan/cobotx/install/nav_bot/share/nav_bot/worlds/meshes/nxt_racks/qr_output/HD-01_D_20.png\n'}
[0.516760] (nav_bot) StdoutLine: {'line': b'-- Up-to-date symlink: /home/rohan/cobotx/install/nav_bot/share/nav_bot/worlds/meshes/nxt_racks/qr_output/HD-01_D_21.png\n'}
[0.516864] (nav_bot) StdoutLine: {'line': b'-- Up-to-date symlink: /home/rohan/cobotx/install/nav_bot/share/nav_bot/worlds/meshes/nxt_racks/qr_output/HD-01_D_22.png\n'}
[0.516966] (nav_bot) StdoutLine: {'line': b'-- Up-to-date symlink: /home/rohan/cobotx/install/nav_bot/share/nav_bot/worlds/meshes/nxt_racks/qr_output/HD-01_D_23.png\n'}
[0.517063] (nav_bot) StdoutLine: {'line': b'-- Up-to-date symlink: /home/rohan/cobotx/install/nav_bot/share/nav_bot/worlds/meshes/nxt_racks/qr_output/HD-01_D_24.png\n'}
[0.517160] (nav_bot) StdoutLine: {'line': b'-- Up-to-date symlink: /home/rohan/cobotx/install/nav_bot/share/nav_bot/worlds/meshes/nxt_racks/qr_output/HD-01_D_25.png\n'}
[0.517257] (nav_bot) StdoutLine: {'line': b'-- Up-to-date symlink: /home/rohan/cobotx/install/nav_bot/share/nav_bot/worlds/meshes/nxt_racks/qr_output/HD-01_D_26.png\n'}
[0.517354] (nav_bot) StdoutLine: {'line': b'-- Up-to-date symlink: /home/rohan/cobotx/install/nav_bot/share/nav_bot/worlds/meshes/nxt_racks/qr_output/HD-01_D_27.png\n'}
[0.517450] (nav_bot) StdoutLine: {'line': b'-- Up-to-date symlink: /home/rohan/cobotx/install/nav_bot/share/nav_bot/worlds/meshes/nxt_racks/qr_output/HD-01_D_28.png\n'}
[0.517546] (nav_bot) StdoutLine: {'line': b'-- Up-to-date symlink: /home/rohan/cobotx/install/nav_bot/share/nav_bot/worlds/meshes/nxt_racks/qr_output/HD-01_D_29.png\n'}
[0.517643] (nav_bot) StdoutLine: {'line': b'-- Up-to-date symlink: /home/rohan/cobotx/install/nav_bot/share/nav_bot/worlds/meshes/nxt_racks/qr_output/HD-01_D_30.png\n'}
[0.517740] (nav_bot) StdoutLine: {'line': b'-- Up-to-date symlink: /home/rohan/cobotx/install/nav_bot/share/nav_bot/worlds/meshes/nxt_racks/qr_output/HD-01_D_31.png\n'}
[0.517837] (nav_bot) StdoutLine: {'line': b'-- Up-to-date symlink: /home/rohan/cobotx/install/nav_bot/share/nav_bot/worlds/meshes/nxt_racks/qr_output/HD-01_D_32.png\n'}
[0.517942] (nav_bot) StdoutLine: {'line': b'-- Up-to-date symlink: /home/rohan/cobotx/install/nav_bot/share/nav_bot/worlds/meshes/nxt_racks/qr_output/HD-01_D_33.png\n'}
[0.518046] (nav_bot) StdoutLine: {'line': b'-- Up-to-date symlink: /home/rohan/cobotx/install/nav_bot/share/nav_bot/worlds/meshes/nxt_racks/qr_output/HD-01_D_34.png\n'}
[0.518143] (nav_bot) StdoutLine: {'line': b'-- Up-to-date symlink: /home/rohan/cobotx/install/nav_bot/share/nav_bot/worlds/meshes/nxt_racks/qr_output/HD-01_D_35.png\n'}
[0.518238] (nav_bot) StdoutLine: {'line': b'-- Up-to-date symlink: /home/rohan/cobotx/install/nav_bot/share/nav_bot/worlds/meshes/nxt_racks/qr_output/HD-01_D_36.png\n'}
[0.518363] (nav_bot) StdoutLine: {'line': b'-- Up-to-date symlink: /home/rohan/cobotx/install/nav_bot/share/nav_bot/worlds/meshes/nxt_racks/qr_output/HD-01_D_37.png\n'}
[0.518492] (nav_bot) StdoutLine: {'line': b'-- Up-to-date symlink: /home/rohan/cobotx/install/nav_bot/share/nav_bot/worlds/meshes/nxt_racks/qr_output/HD-01_D_38.png\n'}
[0.518622] (nav_bot) StdoutLine: {'line': b'-- Up-to-date symlink: /home/rohan/cobotx/install/nav_bot/share/nav_bot/worlds/meshes/nxt_racks/qr_output/HD-01_E_01.png\n'}
[0.518728] (nav_bot) StdoutLine: {'line': b'-- Up-to-date symlink: /home/rohan/cobotx/install/nav_bot/share/nav_bot/worlds/meshes/nxt_racks/qr_output/HD-01_E_02.png\n'}
[0.518827] (nav_bot) StdoutLine: {'line': b'-- Up-to-date symlink: /home/rohan/cobotx/install/nav_bot/share/nav_bot/worlds/meshes/nxt_racks/qr_output/HD-01_E_03.png\n'}
[0.518932] (nav_bot) StdoutLine: {'line': b'-- Up-to-date symlink: /home/rohan/cobotx/install/nav_bot/share/nav_bot/worlds/meshes/nxt_racks/qr_output/HD-01_E_04.png\n'}
[0.519030] (nav_bot) StdoutLine: {'line': b'-- Up-to-date symlink: /home/rohan/cobotx/install/nav_bot/share/nav_bot/worlds/meshes/nxt_racks/qr_output/HD-01_E_05.png\n'}
[0.519127] (nav_bot) StdoutLine: {'line': b'-- Up-to-date symlink: /home/rohan/cobotx/install/nav_bot/share/nav_bot/worlds/meshes/nxt_racks/qr_output/HD-01_E_06.png\n'}
[0.519223] (nav_bot) StdoutLine: {'line': b'-- Up-to-date symlink: /home/rohan/cobotx/install/nav_bot/share/nav_bot/worlds/meshes/nxt_racks/qr_output/HD-01_E_07.png\n'}
[0.519320] (nav_bot) StdoutLine: {'line': b'-- Up-to-date symlink: /home/rohan/cobotx/install/nav_bot/share/nav_bot/worlds/meshes/nxt_racks/qr_output/HD-01_E_08.png\n'}
[0.519417] (nav_bot) StdoutLine: {'line': b'-- Up-to-date symlink: /home/rohan/cobotx/install/nav_bot/share/nav_bot/worlds/meshes/nxt_racks/qr_output/HD-01_E_09.png\n'}
[0.519512] (nav_bot) StdoutLine: {'line': b'-- Up-to-date symlink: /home/rohan/cobotx/install/nav_bot/share/nav_bot/worlds/meshes/nxt_racks/qr_output/HD-01_E_10.png\n'}
[0.519609] (nav_bot) StdoutLine: {'line': b'-- Up-to-date symlink: /home/rohan/cobotx/install/nav_bot/share/nav_bot/worlds/meshes/nxt_racks/qr_output/HD-01_E_11.png\n'}
[0.519705] (nav_bot) StdoutLine: {'line': b'-- Up-to-date symlink: /home/rohan/cobotx/install/nav_bot/share/nav_bot/worlds/meshes/nxt_racks/qr_output/HD-01_E_12.png\n'}
[0.519803] (nav_bot) StdoutLine: {'line': b'-- Up-to-date symlink: /home/rohan/cobotx/install/nav_bot/share/nav_bot/worlds/meshes/nxt_racks/qr_output/HD-01_E_13.png\n'}
[0.519906] (nav_bot) StdoutLine: {'line': b'-- Up-to-date symlink: /home/rohan/cobotx/install/nav_bot/share/nav_bot/worlds/meshes/nxt_racks/qr_output/HD-01_E_14.png\n'}
[0.520007] (nav_bot) StdoutLine: {'line': b'-- Up-to-date symlink: /home/rohan/cobotx/install/nav_bot/share/nav_bot/worlds/meshes/nxt_racks/qr_output/HD-01_E_15.png\n'}
[0.520105] (nav_bot) StdoutLine: {'line': b'-- Up-to-date symlink: /home/rohan/cobotx/install/nav_bot/share/nav_bot/worlds/meshes/nxt_racks/qr_output/HD-01_E_16.png\n'}
[0.520201] (nav_bot) StdoutLine: {'line': b'-- Up-to-date symlink: /home/rohan/cobotx/install/nav_bot/share/nav_bot/worlds/meshes/nxt_racks/qr_output/HD-01_E_17.png\n'}
[0.520296] (nav_bot) StdoutLine: {'line': b'-- Up-to-date symlink: /home/rohan/cobotx/install/nav_bot/share/nav_bot/worlds/meshes/nxt_racks/qr_output/HD-01_E_18.png\n'}
[0.520393] (nav_bot) StdoutLine: {'line': b'-- Up-to-date symlink: /home/rohan/cobotx/install/nav_bot/share/nav_bot/worlds/meshes/nxt_racks/qr_output/HD-01_E_19.png\n'}
[0.520490] (nav_bot) StdoutLine: {'line': b'-- Up-to-date symlink: /home/rohan/cobotx/install/nav_bot/share/nav_bot/worlds/meshes/nxt_racks/qr_output/HD-01_E_20.png\n'}
[0.520587] (nav_bot) StdoutLine: {'line': b'-- Up-to-date symlink: /home/rohan/cobotx/install/nav_bot/share/nav_bot/worlds/meshes/nxt_racks/qr_output/HD-01_E_21.png\n'}
[0.520683] (nav_bot) StdoutLine: {'line': b'-- Up-to-date symlink: /home/rohan/cobotx/install/nav_bot/share/nav_bot/worlds/meshes/nxt_racks/qr_output/HD-01_E_22.png\n'}
[0.520779] (nav_bot) StdoutLine: {'line': b'-- Up-to-date symlink: /home/rohan/cobotx/install/nav_bot/share/nav_bot/worlds/meshes/nxt_racks/qr_output/HD-01_E_23.png\n'}
[0.520898] (nav_bot) StdoutLine: {'line': b'-- Up-to-date symlink: /home/rohan/cobotx/install/nav_bot/share/nav_bot/worlds/meshes/nxt_racks/qr_output/HD-01_E_24.png\n'}
[0.521000] (nav_bot) StdoutLine: {'line': b'-- Up-to-date symlink: /home/rohan/cobotx/install/nav_bot/share/nav_bot/worlds/meshes/nxt_racks/qr_output/HD-01_E_25.png\n'}
[0.521095] (nav_bot) StdoutLine: {'line': b'-- Up-to-date symlink: /home/rohan/cobotx/install/nav_bot/share/nav_bot/worlds/meshes/nxt_racks/qr_output/HD-01_E_26.png\n'}
[0.521192] (nav_bot) StdoutLine: {'line': b'-- Up-to-date symlink: /home/rohan/cobotx/install/nav_bot/share/nav_bot/worlds/meshes/nxt_racks/qr_output/HD-01_E_27.png\n'}
[0.521287] (nav_bot) StdoutLine: {'line': b'-- Up-to-date symlink: /home/rohan/cobotx/install/nav_bot/share/nav_bot/worlds/meshes/nxt_racks/qr_output/HD-01_E_28.png\n'}
[0.521382] (nav_bot) StdoutLine: {'line': b'-- Up-to-date symlink: /home/rohan/cobotx/install/nav_bot/share/nav_bot/worlds/meshes/nxt_racks/qr_output/HD-01_E_29.png\n'}
[0.521501] (nav_bot) StdoutLine: {'line': b'-- Up-to-date symlink: /home/rohan/cobotx/install/nav_bot/share/nav_bot/worlds/meshes/nxt_racks/qr_output/HD-01_E_30.png\n'}
[0.521644] (nav_bot) StdoutLine: {'line': b'-- Up-to-date symlink: /home/rohan/cobotx/install/nav_bot/share/nav_bot/worlds/meshes/nxt_racks/qr_output/HD-01_E_31.png\n'}
[0.521821] (nav_bot) StdoutLine: {'line': b'-- Up-to-date symlink: /home/rohan/cobotx/install/nav_bot/share/nav_bot/worlds/meshes/nxt_racks/qr_output/HD-01_E_32.png\n'}
[0.521955] (nav_bot) StdoutLine: {'line': b'-- Up-to-date symlink: /home/rohan/cobotx/install/nav_bot/share/nav_bot/worlds/meshes/nxt_racks/qr_output/HD-01_E_33.png\n'}
[0.522086] (nav_bot) StdoutLine: {'line': b'-- Up-to-date symlink: /home/rohan/cobotx/install/nav_bot/share/nav_bot/worlds/meshes/nxt_racks/qr_output/HD-01_E_34.png\n'}
[0.522191] (nav_bot) StdoutLine: {'line': b'-- Up-to-date symlink: /home/rohan/cobotx/install/nav_bot/share/nav_bot/worlds/meshes/nxt_racks/qr_output/HD-01_E_35.png\n'}
[0.522290] (nav_bot) StdoutLine: {'line': b'-- Up-to-date symlink: /home/rohan/cobotx/install/nav_bot/share/nav_bot/worlds/meshes/nxt_racks/qr_output/HD-01_E_36.png\n'}
[0.522396] (nav_bot) StdoutLine: {'line': b'-- Up-to-date symlink: /home/rohan/cobotx/install/nav_bot/share/nav_bot/worlds/meshes/nxt_racks/qr_output/HD-01_E_37.png\n'}
[0.522497] (nav_bot) StdoutLine: {'line': b'-- Up-to-date symlink: /home/rohan/cobotx/install/nav_bot/share/nav_bot/worlds/meshes/nxt_racks/qr_output/HD-01_E_38.png\n'}
[0.522596] (nav_bot) StdoutLine: {'line': b'-- Up-to-date symlink: /home/rohan/cobotx/install/nav_bot/share/nav_bot/worlds/meshes/nxt_racks/qr_output/HD-01_F_01.png\n'}
[0.522694] (nav_bot) StdoutLine: {'line': b'-- Up-to-date symlink: /home/rohan/cobotx/install/nav_bot/share/nav_bot/worlds/meshes/nxt_racks/qr_output/HD-01_F_02.png\n'}
[0.522790] (nav_bot) StdoutLine: {'line': b'-- Up-to-date symlink: /home/rohan/cobotx/install/nav_bot/share/nav_bot/worlds/meshes/nxt_racks/qr_output/HD-01_F_03.png\n'}
[0.522895] (nav_bot) StdoutLine: {'line': b'-- Up-to-date symlink: /home/rohan/cobotx/install/nav_bot/share/nav_bot/worlds/meshes/nxt_racks/qr_output/HD-01_F_04.png\n'}
[0.522997] (nav_bot) StdoutLine: {'line': b'-- Up-to-date symlink: /home/rohan/cobotx/install/nav_bot/share/nav_bot/worlds/meshes/nxt_racks/qr_output/HD-01_F_05.png\n'}
[0.523093] (nav_bot) StdoutLine: {'line': b'-- Up-to-date symlink: /home/rohan/cobotx/install/nav_bot/share/nav_bot/worlds/meshes/nxt_racks/qr_output/HD-01_F_06.png\n'}
[0.523189] (nav_bot) StdoutLine: {'line': b'-- Up-to-date symlink: /home/rohan/cobotx/install/nav_bot/share/nav_bot/worlds/meshes/nxt_racks/qr_output/HD-01_F_07.png\n'}
[0.523288] (nav_bot) StdoutLine: {'line': b'-- Up-to-date symlink: /home/rohan/cobotx/install/nav_bot/share/nav_bot/worlds/meshes/nxt_racks/qr_output/HD-01_F_08.png\n'}
[0.523384] (nav_bot) StdoutLine: {'line': b'-- Up-to-date symlink: /home/rohan/cobotx/install/nav_bot/share/nav_bot/worlds/meshes/nxt_racks/qr_output/HD-01_F_09.png\n'}
[0.523479] (nav_bot) StdoutLine: {'line': b'-- Up-to-date symlink: /home/rohan/cobotx/install/nav_bot/share/nav_bot/worlds/meshes/nxt_racks/qr_output/HD-01_F_10.png\n'}
[0.523573] (nav_bot) StdoutLine: {'line': b'-- Up-to-date symlink: /home/rohan/cobotx/install/nav_bot/share/nav_bot/worlds/meshes/nxt_racks/qr_output/HD-01_F_11.png\n'}
[0.523669] (nav_bot) StdoutLine: {'line': b'-- Up-to-date symlink: /home/rohan/cobotx/install/nav_bot/share/nav_bot/worlds/meshes/nxt_racks/qr_output/HD-01_F_12.png\n'}
[0.523766] (nav_bot) StdoutLine: {'line': b'-- Up-to-date symlink: /home/rohan/cobotx/install/nav_bot/share/nav_bot/worlds/meshes/nxt_racks/qr_output/HD-01_F_13.png\n'}
[0.523880] (nav_bot) StdoutLine: {'line': b'-- Up-to-date symlink: /home/rohan/cobotx/install/nav_bot/share/nav_bot/worlds/meshes/nxt_racks/qr_output/HD-01_F_14.png\n'}
[0.523980] (nav_bot) StdoutLine: {'line': b'-- Up-to-date symlink: /home/rohan/cobotx/install/nav_bot/share/nav_bot/worlds/meshes/nxt_racks/qr_output/HD-01_F_15.png\n'}
[0.524080] (nav_bot) StdoutLine: {'line': b'-- Up-to-date symlink: /home/rohan/cobotx/install/nav_bot/share/nav_bot/worlds/meshes/nxt_racks/qr_output/HD-01_F_16.png\n'}
[0.524180] (nav_bot) StdoutLine: {'line': b'-- Up-to-date symlink: /home/rohan/cobotx/install/nav_bot/share/nav_bot/worlds/meshes/nxt_racks/qr_output/HD-01_F_17.png\n'}
[0.524279] (nav_bot) StdoutLine: {'line': b'-- Up-to-date symlink: /home/rohan/cobotx/install/nav_bot/share/nav_bot/worlds/meshes/nxt_racks/qr_output/HD-01_F_18.png\n'}
[0.524381] (nav_bot) StdoutLine: {'line': b'-- Up-to-date symlink: /home/rohan/cobotx/install/nav_bot/share/nav_bot/worlds/meshes/nxt_racks/qr_output/HD-01_F_19.png\n'}
[0.524477] (nav_bot) StdoutLine: {'line': b'-- Up-to-date symlink: /home/rohan/cobotx/install/nav_bot/share/nav_bot/worlds/meshes/nxt_racks/qr_output/HD-01_F_20.png\n'}
[0.524576] (nav_bot) StdoutLine: {'line': b'-- Up-to-date symlink: /home/rohan/cobotx/install/nav_bot/share/nav_bot/worlds/meshes/nxt_racks/qr_output/HD-01_F_21.png\n'}
[0.524675] (nav_bot) StdoutLine: {'line': b'-- Up-to-date symlink: /home/rohan/cobotx/install/nav_bot/share/nav_bot/worlds/meshes/nxt_racks/qr_output/HD-01_F_22.png\n'}
[0.524778] (nav_bot) StdoutLine: {'line': b'-- Up-to-date symlink: /home/rohan/cobotx/install/nav_bot/share/nav_bot/worlds/meshes/nxt_racks/qr_output/HD-01_F_23.png\n'}
[0.524879] (nav_bot) StdoutLine: {'line': b'-- Up-to-date symlink: /home/rohan/cobotx/install/nav_bot/share/nav_bot/worlds/meshes/nxt_racks/qr_output/HD-01_F_24.png\n'}
[0.524980] (nav_bot) StdoutLine: {'line': b'-- Up-to-date symlink: /home/rohan/cobotx/install/nav_bot/share/nav_bot/worlds/meshes/nxt_racks/qr_output/HD-01_F_25.png\n'}
[0.525077] (nav_bot) StdoutLine: {'line': b'-- Up-to-date symlink: /home/rohan/cobotx/install/nav_bot/share/nav_bot/worlds/meshes/nxt_racks/qr_output/HD-01_F_26.png\n'}
[0.525172] (nav_bot) StdoutLine: {'line': b'-- Up-to-date symlink: /home/rohan/cobotx/install/nav_bot/share/nav_bot/worlds/meshes/nxt_racks/qr_output/HD-01_F_27.png\n'}
[0.525267] (nav_bot) StdoutLine: {'line': b'-- Up-to-date symlink: /home/rohan/cobotx/install/nav_bot/share/nav_bot/worlds/meshes/nxt_racks/qr_output/HD-01_F_28.png\n'}
[0.525378] (nav_bot) StdoutLine: {'line': b'-- Up-to-date symlink: /home/rohan/cobotx/install/nav_bot/share/nav_bot/worlds/meshes/nxt_racks/qr_output/HD-01_F_29.png\n'}
[0.525484] (nav_bot) StdoutLine: {'line': b'-- Up-to-date symlink: /home/rohan/cobotx/install/nav_bot/share/nav_bot/worlds/meshes/nxt_racks/qr_output/HD-01_F_30.png\n'}
[0.525581] (nav_bot) StdoutLine: {'line': b'-- Up-to-date symlink: /home/rohan/cobotx/install/nav_bot/share/nav_bot/worlds/meshes/nxt_racks/qr_output/HD-01_F_31.png\n'}
[0.525675] (nav_bot) StdoutLine: {'line': b'-- Up-to-date symlink: /home/rohan/cobotx/install/nav_bot/share/nav_bot/worlds/meshes/nxt_racks/qr_output/HD-01_F_32.png\n'}
[0.525770] (nav_bot) StdoutLine: {'line': b'-- Up-to-date symlink: /home/rohan/cobotx/install/nav_bot/share/nav_bot/worlds/meshes/nxt_racks/qr_output/HD-01_F_33.png\n'}
[0.525868] (nav_bot) StdoutLine: {'line': b'-- Up-to-date symlink: /home/rohan/cobotx/install/nav_bot/share/nav_bot/worlds/meshes/nxt_racks/qr_output/HD-01_F_34.png\n'}
[0.525972] (nav_bot) StdoutLine: {'line': b'-- Up-to-date symlink: /home/rohan/cobotx/install/nav_bot/share/nav_bot/worlds/meshes/nxt_racks/qr_output/HD-01_F_35.png\n'}
[0.526066] (nav_bot) StdoutLine: {'line': b'-- Up-to-date symlink: /home/rohan/cobotx/install/nav_bot/share/nav_bot/worlds/meshes/nxt_racks/qr_output/HD-01_F_36.png\n'}
[0.526160] (nav_bot) StdoutLine: {'line': b'-- Up-to-date symlink: /home/rohan/cobotx/install/nav_bot/share/nav_bot/worlds/meshes/nxt_racks/qr_output/HD-01_F_37.png\n'}
[0.526254] (nav_bot) StdoutLine: {'line': b'-- Up-to-date symlink: /home/rohan/cobotx/install/nav_bot/share/nav_bot/worlds/meshes/nxt_racks/qr_output/HD-01_F_38.png\n'}
[0.526347] (nav_bot) StdoutLine: {'line': b'-- Up-to-date symlink: /home/rohan/cobotx/install/nav_bot/share/nav_bot/worlds/meshes/nxt_racks/qr_output/HD-01_G_01.png\n'}
[0.526446] (nav_bot) StdoutLine: {'line': b'-- Up-to-date symlink: /home/rohan/cobotx/install/nav_bot/share/nav_bot/worlds/meshes/nxt_racks/qr_output/HD-01_G_02.png\n'}
[0.526546] (nav_bot) StdoutLine: {'line': b'-- Up-to-date symlink: /home/rohan/cobotx/install/nav_bot/share/nav_bot/worlds/meshes/nxt_racks/qr_output/HD-01_G_03.png\n'}
[0.526674] (nav_bot) StdoutLine: {'line': b'-- Up-to-date symlink: /home/rohan/cobotx/install/nav_bot/share/nav_bot/worlds/meshes/nxt_racks/qr_output/HD-01_G_04.png\n'}
[0.526794] (nav_bot) StdoutLine: {'line': b'-- Up-to-date symlink: /home/rohan/cobotx/install/nav_bot/share/nav_bot/worlds/meshes/nxt_racks/qr_output/HD-01_G_05.png\n'}
[0.526940] (nav_bot) StdoutLine: {'line': b'-- Up-to-date symlink: /home/rohan/cobotx/install/nav_bot/share/nav_bot/worlds/meshes/nxt_racks/qr_output/HD-01_G_06.png\n'}
[0.527044] (nav_bot) StdoutLine: {'line': b'-- Up-to-date symlink: /home/rohan/cobotx/install/nav_bot/share/nav_bot/worlds/meshes/nxt_racks/qr_output/HD-01_G_07.png\n'}
[0.527138] (nav_bot) StdoutLine: {'line': b'-- Up-to-date symlink: /home/rohan/cobotx/install/nav_bot/share/nav_bot/worlds/meshes/nxt_racks/qr_output/HD-01_G_08.png\n'}
[0.527232] (nav_bot) StdoutLine: {'line': b'-- Up-to-date symlink: /home/rohan/cobotx/install/nav_bot/share/nav_bot/worlds/meshes/nxt_racks/qr_output/HD-01_G_09.png\n'}
[0.527327] (nav_bot) StdoutLine: {'line': b'-- Up-to-date symlink: /home/rohan/cobotx/install/nav_bot/share/nav_bot/worlds/meshes/nxt_racks/qr_output/HD-01_G_10.png\n'}
[0.527421] (nav_bot) StdoutLine: {'line': b'-- Up-to-date symlink: /home/rohan/cobotx/install/nav_bot/share/nav_bot/worlds/meshes/nxt_racks/qr_output/HD-01_G_11.png\n'}
[0.527514] (nav_bot) StdoutLine: {'line': b'-- Up-to-date symlink: /home/rohan/cobotx/install/nav_bot/share/nav_bot/worlds/meshes/nxt_racks/qr_output/HD-01_G_12.png\n'}
[0.527609] (nav_bot) StdoutLine: {'line': b'-- Up-to-date symlink: /home/rohan/cobotx/install/nav_bot/share/nav_bot/worlds/meshes/nxt_racks/qr_output/HD-01_G_13.png\n'}
[0.527703] (nav_bot) StdoutLine: {'line': b'-- Up-to-date symlink: /home/rohan/cobotx/install/nav_bot/share/nav_bot/worlds/meshes/nxt_racks/qr_output/HD-01_G_14.png\n'}
[0.527799] (nav_bot) StdoutLine: {'line': b'-- Up-to-date symlink: /home/rohan/cobotx/install/nav_bot/share/nav_bot/worlds/meshes/nxt_racks/qr_output/HD-01_G_15.png\n'}
[0.527907] (nav_bot) StdoutLine: {'line': b'-- Up-to-date symlink: /home/rohan/cobotx/install/nav_bot/share/nav_bot/worlds/meshes/nxt_racks/qr_output/HD-01_G_16.png\n'}
[0.528007] (nav_bot) StdoutLine: {'line': b'-- Up-to-date symlink: /home/rohan/cobotx/install/nav_bot/share/nav_bot/worlds/meshes/nxt_racks/qr_output/HD-01_G_17.png\n'}
[0.528128] (nav_bot) StdoutLine: {'line': b'-- Up-to-date symlink: /home/rohan/cobotx/install/nav_bot/share/nav_bot/worlds/meshes/nxt_racks/qr_output/HD-01_G_18.png\n'}
[0.528230] (nav_bot) StdoutLine: {'line': b'-- Up-to-date symlink: /home/rohan/cobotx/install/nav_bot/share/nav_bot/worlds/meshes/nxt_racks/qr_output/HD-01_G_19.png\n'}
[0.528327] (nav_bot) StdoutLine: {'line': b'-- Up-to-date symlink: /home/rohan/cobotx/install/nav_bot/share/nav_bot/worlds/meshes/nxt_racks/qr_output/HD-01_G_20.png\n'}
[0.528424] (nav_bot) StdoutLine: {'line': b'-- Up-to-date symlink: /home/rohan/cobotx/install/nav_bot/share/nav_bot/worlds/meshes/nxt_racks/qr_output/HD-01_G_21.png\n'}
[0.528521] (nav_bot) StdoutLine: {'line': b'-- Up-to-date symlink: /home/rohan/cobotx/install/nav_bot/share/nav_bot/worlds/meshes/nxt_racks/qr_output/HD-01_G_22.png\n'}
[0.528617] (nav_bot) StdoutLine: {'line': b'-- Up-to-date symlink: /home/rohan/cobotx/install/nav_bot/share/nav_bot/worlds/meshes/nxt_racks/qr_output/HD-01_G_23.png\n'}
[0.528713] (nav_bot) StdoutLine: {'line': b'-- Up-to-date symlink: /home/rohan/cobotx/install/nav_bot/share/nav_bot/worlds/meshes/nxt_racks/qr_output/HD-01_G_24.png\n'}
[0.528812] (nav_bot) StdoutLine: {'line': b'-- Up-to-date symlink: /home/rohan/cobotx/install/nav_bot/share/nav_bot/worlds/meshes/nxt_racks/qr_output/HD-01_G_25.png\n'}
[0.528931] (nav_bot) StdoutLine: {'line': b'-- Up-to-date symlink: /home/rohan/cobotx/install/nav_bot/share/nav_bot/worlds/meshes/nxt_racks/qr_output/HD-01_G_26.png\n'}
[0.529061] (nav_bot) StdoutLine: {'line': b'-- Up-to-date symlink: /home/rohan/cobotx/install/nav_bot/share/nav_bot/worlds/meshes/nxt_racks/qr_output/HD-01_G_27.png\n'}
[0.529181] (nav_bot) StdoutLine: {'line': b'-- Up-to-date symlink: /home/rohan/cobotx/install/nav_bot/share/nav_bot/worlds/meshes/nxt_racks/qr_output/HD-01_G_28.png\n'}
[0.529308] (nav_bot) StdoutLine: {'line': b'-- Up-to-date symlink: /home/rohan/cobotx/install/nav_bot/share/nav_bot/worlds/meshes/nxt_racks/qr_output/HD-01_G_29.png\n'}
[0.529379] (nav_bot) StdoutLine: {'line': b'-- Up-to-date symlink: /home/rohan/cobotx/install/nav_bot/share/nav_bot/worlds/meshes/nxt_racks/qr_output/HD-01_G_30.png\n'}
[0.529489] (nav_bot) StdoutLine: {'line': b'-- Up-to-date symlink: /home/rohan/cobotx/install/nav_bot/share/nav_bot/worlds/meshes/nxt_racks/qr_output/HD-01_G_31.png\n'}
[0.529607] (nav_bot) StdoutLine: {'line': b'-- Up-to-date symlink: /home/rohan/cobotx/install/nav_bot/share/nav_bot/worlds/meshes/nxt_racks/qr_output/HD-01_G_32.png\n'}
[0.529686] (nav_bot) StdoutLine: {'line': b'-- Up-to-date symlink: /home/rohan/cobotx/install/nav_bot/share/nav_bot/worlds/meshes/nxt_racks/qr_output/HD-01_G_33.png\n'}
[0.529785] (nav_bot) StdoutLine: {'line': b'-- Up-to-date symlink: /home/rohan/cobotx/install/nav_bot/share/nav_bot/worlds/meshes/nxt_racks/qr_output/HD-01_G_34.png\n'}
[0.529875] (nav_bot) StdoutLine: {'line': b'-- Up-to-date symlink: /home/rohan/cobotx/install/nav_bot/share/nav_bot/worlds/meshes/nxt_racks/qr_output/HD-01_G_35.png\n'}
[0.529952] (nav_bot) StdoutLine: {'line': b'-- Up-to-date symlink: /home/rohan/cobotx/install/nav_bot/share/nav_bot/worlds/meshes/nxt_racks/qr_output/HD-01_G_36.png\n'}
[0.530035] (nav_bot) StdoutLine: {'line': b'-- Up-to-date symlink: /home/rohan/cobotx/install/nav_bot/share/nav_bot/worlds/meshes/nxt_racks/qr_output/HD-01_G_37.png\n'}
[0.530104] (nav_bot) StdoutLine: {'line': b'-- Up-to-date symlink: /home/rohan/cobotx/install/nav_bot/share/nav_bot/worlds/meshes/nxt_racks/qr_output/HD-01_G_38.png\n'}
[0.530180] (nav_bot) StdoutLine: {'line': b'-- Up-to-date symlink: /home/rohan/cobotx/install/nav_bot/share/nav_bot/worlds/meshes/nxt_racks/rack.dae\n'}
[0.530260] (nav_bot) StdoutLine: {'line': b'-- Up-to-date symlink: /home/rohan/cobotx/install/nav_bot/share/nav_bot/worlds/meshes/nxt_racks/right.png\n'}
[0.530340] (nav_bot) StdoutLine: {'line': b'-- Up-to-date symlink: /home/rohan/cobotx/install/nav_bot/share/nav_bot/worlds/obstacle_world.sdf\n'}
[0.530421] (nav_bot) StdoutLine: {'line': b'-- Up-to-date symlink: /home/rohan/cobotx/install/nav_bot/share/nav_bot/worlds/warehouse.sdf\n'}
[0.530501] (nav_bot) StdoutLine: {'line': b'-- Up-to-date symlink: /home/rohan/cobotx/install/nav_bot/share/nav_bot/worlds/warehouse_1.sdf\n'}
[0.530701] (nav_bot) StdoutLine: {'line': b'-- Up-to-date symlink: /home/rohan/cobotx/install/nav_bot/share/nav_bot/environment/pythonpath.sh\n'}
[0.530823] (nav_bot) StdoutLine: {'line': b'-- Up-to-date symlink: /home/rohan/cobotx/install/nav_bot/share/nav_bot/environment/pythonpath.dsv\n'}
[0.531113] (nav_bot) StdoutLine: {'line': b'-- Up-to-date symlink: /home/rohan/cobotx/install/nav_bot/local/lib/python3.10/dist-packages/scripts-0.0.0-py3.10.egg-info/PKG-INFO\n'}
[0.539208] (nav_bot) StdoutLine: {'line': b'-- Up-to-date symlink: /home/rohan/cobotx/install/nav_bot/local/lib/python3.10/dist-packages/scripts-0.0.0-py3.10.egg-info/SOURCES.txt\n'}
[0.539518] (nav_bot) StdoutLine: {'line': b'-- Up-to-date symlink: /home/rohan/cobotx/install/nav_bot/local/lib/python3.10/dist-packages/scripts-0.0.0-py3.10.egg-info/dependency_links.txt\n'}
[0.539807] (nav_bot) StdoutLine: {'line': b'-- Up-to-date symlink: /home/rohan/cobotx/install/nav_bot/local/lib/python3.10/dist-packages/scripts-0.0.0-py3.10.egg-info/top_level.txt\n'}
[0.540126] (nav_bot) StdoutLine: {'line': b'-- Up-to-date symlink: /home/rohan/cobotx/install/nav_bot/local/lib/python3.10/dist-packages/scripts/__init__.py\n'}
[0.540357] (nav_bot) StdoutLine: {'line': b'-- Up-to-date symlink: /home/rohan/cobotx/install/nav_bot/local/lib/python3.10/dist-packages/scripts/multi_robot_teleop.py\n'}
[0.540456] (nav_bot) StdoutLine: {'line': b'-- Up-to-date symlink: /home/rohan/cobotx/install/nav_bot/local/lib/python3.10/dist-packages/scripts/utils.py\n'}
[0.540762] (nav_bot) StdoutLine: {'line': b'-- Up-to-date symlink: /home/rohan/cobotx/install/nav_bot/lib/nav_bot/multi_robot_teleop.py\n'}
[0.540900] (nav_bot) StdoutLine: {'line': b'-- Up-to-date symlink: /home/rohan/cobotx/install/nav_bot/share/ament_index/resource_index/package_run_dependencies/nav_bot\n'}
[0.541224] (nav_bot) StdoutLine: {'line': b'-- Up-to-date symlink: /home/rohan/cobotx/install/nav_bot/share/ament_index/resource_index/parent_prefix_path/nav_bot\n'}
[0.541354] (nav_bot) StdoutLine: {'line': b'-- Up-to-date symlink: /home/rohan/cobotx/install/nav_bot/share/nav_bot/environment/ament_prefix_path.sh\n'}
[0.541461] (nav_bot) StdoutLine: {'line': b'-- Up-to-date symlink: /home/rohan/cobotx/install/nav_bot/share/nav_bot/environment/ament_prefix_path.dsv\n'}
[0.541571] (nav_bot) StdoutLine: {'line': b'-- Up-to-date symlink: /home/rohan/cobotx/install/nav_bot/share/nav_bot/environment/path.sh\n'}
[0.541674] (nav_bot) StdoutLine: {'line': b'-- Up-to-date symlink: /home/rohan/cobotx/install/nav_bot/share/nav_bot/environment/path.dsv\n'}
[0.541782] (nav_bot) StdoutLine: {'line': b'-- Up-to-date symlink: /home/rohan/cobotx/install/nav_bot/share/nav_bot/local_setup.bash\n'}
[0.541908] (nav_bot) StdoutLine: {'line': b'-- Up-to-date symlink: /home/rohan/cobotx/install/nav_bot/share/nav_bot/local_setup.sh\n'}
[0.542034] (nav_bot) StdoutLine: {'line': b'-- Up-to-date symlink: /home/rohan/cobotx/install/nav_bot/share/nav_bot/local_setup.zsh\n'}
[0.542154] (nav_bot) StdoutLine: {'line': b'-- Up-to-date symlink: /home/rohan/cobotx/install/nav_bot/share/nav_bot/local_setup.dsv\n'}
[0.542235] (nav_bot) StdoutLine: {'line': b'-- Symlinking: /home/rohan/cobotx/install/nav_bot/share/nav_bot/package.dsv\n'}
[0.552019] (nav_bot) StdoutLine: {'line': b'-- Up-to-date symlink: /home/rohan/cobotx/install/nav_bot/share/ament_index/resource_index/packages/nav_bot\n'}
[0.552166] (nav_bot) StdoutLine: {'line': b'-- Up-to-date symlink: /home/rohan/cobotx/install/nav_bot/share/nav_bot/cmake/nav_botConfig.cmake\n'}
[0.552270] (nav_bot) StdoutLine: {'line': b'-- Up-to-date symlink: /home/rohan/cobotx/install/nav_bot/share/nav_bot/cmake/nav_botConfig-version.cmake\n'}
[0.552389] (nav_bot) StdoutLine: {'line': b'-- Up-to-date symlink: /home/rohan/cobotx/install/nav_bot/share/nav_bot/package.xml\n'}
[0.580701] (nav_bot) StdoutLine: {'line': b"Listing '/home/rohan/cobotx/install/nav_bot/local/lib/python3.10/dist-packages/scripts'...\n"}
[0.586007] (nav_bot) CommandEnded: {'returncode': 0}
[0.600581] (-) TimerEvent: {}
[0.617715] (nav_bot) JobEnded: {'identifier': 'nav_bot', 'rc': 0}
[0.618491] (-) EventReactorShutdown: {}
