[0.000000] (-) TimerEvent: {}
[0.000615] (nav_bot) JobQueued: {'identifier': 'nav_bot', 'dependencies': OrderedDict()}
[0.000653] (nav_bot) JobStarted: {'identifier': 'nav_bot'}
[0.013886] (nav_bot) JobProgress: {'identifier': 'nav_bot', 'progress': 'cmake'}
[0.014657] (nav_bot) JobProgress: {'identifier': 'nav_bot', 'progress': 'build'}
[0.015307] (nav_bot) Command: {'cmd': ['/usr/bin/cmake', '--build', '/home/rohan/cobotx/build/nav_bot', '--', '-j16', '-l16'], 'cwd': '/home/rohan/cobotx/build/nav_bot', 'env': OrderedDict([('GJS_DEBUG_TOPICS', 'JS ERROR;JS LOG'), ('PYTHON_BASIC_REPL', '1'), ('LESSOPEN', '| /usr/bin/lesspipe %s'), ('GZ_SIM_RESOURCE_PATH', ':/opt/ros/humble/share/ros_gz_sim_demos/models:/opt/ros/humble/share/ros_gz_sim_demos/models'), ('SVGA_VGPU10', '0'), ('LANGUAGE', 'en_IN:en'), ('USER', 'rohan'), ('XDG_SESSION_TYPE', 'wayland'), ('GIT_ASKPASS', '/usr/share/code/resources/app/extensions/git/dist/askpass.sh'), ('IGNITION_VERSION', 'fortress'), ('__GLX_VENDOR_LIBRARY_NAME', 'nvidia'), ('SHLVL', '1'), ('LD_LIBRARY_PATH', '/home/rohan/px4/ros2_ws/install/translation_node/lib:/home/rohan/px4/ros2_ws/install/px4_ros_com/lib:/home/rohan/px4/ros2_ws/install/px4_msgs_old/lib:/home/rohan/px4/ros2_ws/install/px4_msgs/lib:/home/rohan/px4/ros2_ws/install/px4/lib:/home/rohan/px4/px4_ros_uxrce_dds_ws/install/microxrcedds_agent/lib:/usr/local/lib:/usr/local/lib:/opt/ros/humble/opt/zenoh_cpp_vendor/lib:/usr/lib/x86_64-linux-gnu/gazebo-11/plugins:/opt/ros/humble/opt/rviz_ogre_vendor/lib:/opt/ros/humble/lib/x86_64-linux-gnu:/opt/ros/humble/lib:/usr/lib/x86_64-linux-gnu/gazebo-11/plugins::/usr/lib/x86_64-linux-gnu/gazebo-11/plugins:/usr/lib/x86_64-linux-gnu/gazebo-11/plugins::/usr/lib/x86_64-linux-gnu/gazebo-11/plugins:/usr/lib/x86_64-linux-gnu/gazebo-11/plugins:/usr/lib/x86_64-linux-gnu/gazebo-11/plugins::/usr/lib/x86_64-linux-gnu/gazebo-11/plugins:/usr/lib/x86_64-linux-gnu/gazebo-11/plugins:/usr/lib/x86_64-linux-gnu/gazebo-11/plugins:/usr/lib/x86_64-linux-gnu/gazebo-11/plugins:'), ('HOME', '/home/rohan'), ('CHROME_DESKTOP', 'code.desktop'), ('TERM_PROGRAM_VERSION', '1.112.0'), ('DESKTOP_SESSION', 'ubuntu'), ('GIO_LAUNCHED_DESKTOP_FILE', '/usr/share/applications/code.desktop'), ('GAZEBO_MASTER_URI', 'http://localhost:11345'), ('ROS_PYTHON_VERSION', '3'), ('GNOME_SHELL_SESSION_MODE', 'ubuntu'), ('GTK_MODULES', 'gail:atk-bridge'), ('VSCODE_GIT_ASKPASS_MAIN', '/usr/share/code/resources/app/extensions/git/dist/askpass-main.js'), ('VSCODE_GIT_ASKPASS_NODE', '/usr/share/code/code'), ('MANAGERPID', '1812'), ('PYDEVD_DISABLE_FILE_VALIDATION', '1'), ('SYSTEMD_EXEC_PID', '1999'), ('BUNDLED_DEBUGPY_PATH', '/home/rohan/.vscode/extensions/ms-python.debugpy-2026.6.0-linux-x64/bundled/libs/debugpy'), ('IM_CONFIG_CHECK_ENV', '1'), ('VSCODE_PYTHON_AUTOACTIVATE_GUARD', '1'), ('DBUS_SESSION_BUS_ADDRESS', 'unix:path=/run/user/1000/bus'), ('COLORTERM', 'truecolor'), ('GIO_LAUNCHED_DESKTOP_FILE_PID', '5376'), ('NVM_DIR', '/home/rohan/.nvm'), ('IM_CONFIG_PHASE', '1'), ('WAYLAND_DISPLAY', 'wayland-0'), ('COLCON_PREFIX_PATH', '/home/rohan/cobotx/install:/home/rohan/px4/ros2_ws/install:/home/rohan/px4/px4_ros_uxrce_dds_ws/install'), ('ROS_DISTRO', 'humble'), ('LOGNAME', 'rohan'), ('JOURNAL_STREAM', '8:18156'), ('_', '/usr/bin/colcon'), ('ROS_VERSION', '2'), ('CLAUDE_CODE_SSE_PORT', '24599'), ('XDG_SESSION_CLASS', 'user'), ('USERNAME', 'rohan'), ('TERM', 'xterm-256color'), ('GAZEBO_MODEL_PATH', '/usr/share/gazebo-11/models:/usr/share/gazebo-11/models:/usr/share/gazebo-11/models:/usr/share/gazebo-11/models::/trial/src/my_bot/urdf/my_bot.urdf:home/rohan/gazebo11_models/models:/trial/src/my_bot/urdf/my_bot.urdf:home/rohan/gazebo11_models/models'), ('GNOME_DESKTOP_SESSION_ID', 'this-is-deprecated'), ('FC_FONTATIONS', '1'), ('ROS_LOCALHOST_ONLY', '0'), ('OGRE_RESOURCE_PATH', '/usr/lib/x86_64-linux-gnu/OGRE-1.9.0'), ('PATH', '/home/rohan/px4/px4_ros_uxrce_dds_ws/install/microxrcedds_agent/bin:/home/rohan/.config/Code/User/globalStorage/github.copilot-chat/debugCommand:/home/rohan/.config/Code/User/globalStorage/github.copilot-chat/copilotCli:/home/rohan/.local/bin:/opt/ros/humble/bin:/home/rohan/.local/bin:/usr/local/sbin:/usr/local/bin:/usr/sbin:/usr/bin:/sbin:/bin:/usr/games:/usr/local/games:/snap/bin:/snap/bin:/opt/ros/humble/share/gazebo_dev/gz/bin:/opt/xtensa-esp-elf/bin/:/opt/xtensa-esp-elf/bin/:/home/rohan/.vscode/extensions/ms-python.debugpy-2026.6.0-linux-x64/bundled/scripts/noConfigScripts:/opt/ros/humble/share/gazebo_dev/gz/bin:/opt/xtensa-esp-elf/bin/:/opt/xtensa-esp-elf/bin/'), ('SESSION_MANAGER', 'local/rohan-IdeaPad-Gaming-3-15ACH6:@/tmp/.ICE-unix/1964,unix/rohan-IdeaPad-Gaming-3-15ACH6:/tmp/.ICE-unix/1964'), ('INVOCATION_ID', '4280bea335f543f6af5923b9d57b4750'), ('XDG_MENU_PREFIX', 'gnome-'), ('GNOME_SETUP_DISPLAY', ':1'), ('XDG_RUNTIME_DIR', '/run/user/1000'), ('GDK_BACKEND', 'wayland'), ('DISPLAY', ':0'), ('VSCODE_DEBUGPY_ADAPTER_ENDPOINTS', '/home/rohan/.vscode/extensions/ms-python.debugpy-2026.6.0-linux-x64/.noConfigDebugAdapterEndpoints/endpoint-2ff497d661051a45.txt'), ('LANG', 'en_US.UTF-8'), ('XDG_CURRENT_DESKTOP', 'ubuntu:GNOME'), ('PYTHONSTARTUP', '/home/rohan/.config/Code/User/workspaceStorage/99f73eee95fb8c5f9c1d66af55c24b55/ms-python.python/pythonrc.py'), ('__NV_PRIME_RENDER_OFFLOAD', '1'), ('RMW_IMPLEMENTATION', 'rmw_cyclonedds_cpp'), ('XMODIFIERS', '@im=ibus'), ('XDG_SESSION_DESKTOP', 'ubuntu'), ('XAUTHORITY', '/run/user/1000/.mutter-Xwaylandauth.BR6FR3'), ('LS_COLORS', 'rs=0:di=01;34:ln=01;36:mh=00:pi=40;33:so=01;35:do=01;35:bd=40;33;01:cd=40;33;01:or=40;31;01:mi=00:su=37;41:sg=30;43:ca=30;41:tw=30;42:ow=34;42:st=37;44:ex=01;32:*.tar=01;31:*.tgz=01;31:*.arc=01;31:*.arj=01;31:*.taz=01;31:*.lha=01;31:*.lz4=01;31:*.lzh=01;31:*.lzma=01;31:*.tlz=01;31:*.txz=01;31:*.tzo=01;31:*.t7z=01;31:*.zip=01;31:*.z=01;31:*.dz=01;31:*.gz=01;31:*.lrz=01;31:*.lz=01;31:*.lzo=01;31:*.xz=01;31:*.zst=01;31:*.tzst=01;31:*.bz2=01;31:*.bz=01;31:*.tbz=01;31:*.tbz2=01;31:*.tz=01;31:*.deb=01;31:*.rpm=01;31:*.jar=01;31:*.war=01;31:*.ear=01;31:*.sar=01;31:*.rar=01;31:*.alz=01;31:*.ace=01;31:*.zoo=01;31:*.cpio=01;31:*.7z=01;31:*.rz=01;31:*.cab=01;31:*.wim=01;31:*.swm=01;31:*.dwm=01;31:*.esd=01;31:*.jpg=01;35:*.jpeg=01;35:*.mjpg=01;35:*.mjpeg=01;35:*.gif=01;35:*.bmp=01;35:*.pbm=01;35:*.pgm=01;35:*.ppm=01;35:*.tga=01;35:*.xbm=01;35:*.xpm=01;35:*.tif=01;35:*.tiff=01;35:*.png=01;35:*.svg=01;35:*.svgz=01;35:*.mng=01;35:*.pcx=01;35:*.mov=01;35:*.mpg=01;35:*.mpeg=01;35:*.m2v=01;35:*.mkv=01;35:*.webm=01;35:*.webp=01;35:*.ogm=01;35:*.mp4=01;35:*.m4v=01;35:*.mp4v=01;35:*.vob=01;35:*.qt=01;35:*.nuv=01;35:*.wmv=01;35:*.asf=01;35:*.rm=01;35:*.rmvb=01;35:*.flc=01;35:*.avi=01;35:*.fli=01;35:*.flv=01;35:*.gl=01;35:*.dl=01;35:*.xcf=01;35:*.xwd=01;35:*.yuv=01;35:*.cgm=01;35:*.emf=01;35:*.ogv=01;35:*.ogx=01;35:*.aac=00;36:*.au=00;36:*.flac=00;36:*.m4a=00;36:*.mid=00;36:*.midi=00;36:*.mka=00;36:*.mp3=00;36:*.mpc=00;36:*.ogg=00;36:*.ra=00;36:*.wav=00;36:*.oga=00;36:*.opus=00;36:*.spx=00;36:*.xspf=00;36:'), ('VSCODE_GIT_IPC_HANDLE', '/run/user/1000/vscode-git-330fa3cde8.sock'), ('TERM_PROGRAM', 'vscode'), ('SSH_AGENT_LAUNCHER', 'gnome-keyring'), ('SSH_AUTH_SOCK', '/run/user/1000/keyring/ssh'), ('ROS_DOMAIN_ID', '0'), ('AMENT_PREFIX_PATH', '/home/rohan/cobotx/install/nav_bot:/home/rohan/px4/ros2_ws/install/translation_node:/home/rohan/px4/ros2_ws/install/px4_ros_com:/home/rohan/px4/ros2_ws/install/px4_offboard:/home/rohan/px4/ros2_ws/install/px4_msgs_old:/home/rohan/px4/ros2_ws/install/px4_msgs:/home/rohan/px4/ros2_ws/install/px4:/home/rohan/px4/ros2_ws/install/com_bridge:/opt/ros/humble'), ('SHELL', '/bin/bash'), ('QT_ACCESSIBILITY', '1'), ('GDMSESSION', 'ubuntu'), ('LESSCLOSE', '/usr/bin/lesspipe %s %s'), ('IGN_GAZEBO_RESOURCE_PATH', ':/home/rohan/cobotx/src/nav_bot/models:/home/rohan/cobotx/src/nav_bot/models'), ('GAZEBO_RESOURCE_PATH', '/usr/share/gazebo-11:/usr/share/gazebo-11:/usr/share/gazebo-11:/usr/share/gazebo-11::home/rohan/gazebo11_models/worlds:home/rohan/gazebo11_models/worlds'), ('GJS_DEBUG_OUTPUT', 'stderr'), ('GZ_VERSION', 'fortress'), ('GAZEBO_MODEL_DATABASE_URI', 'http://models.gazebosim.org'), ('VSCODE_GIT_ASKPASS_EXTRA_ARGS', ''), ('QT_IM_MODULE', 'ibus'), ('PWD', '/home/rohan/cobotx/build/nav_bot'), ('QT_QPA_PLATFORM', 'xcb'), ('TURTLEBOT3_MODEL', 'waffle'), ('LC_ALL', 'en_US.UTF-8'), ('XDG_CONFIG_DIRS', '/etc/xdg/xdg-ubuntu:/etc/xdg'), ('GAZEBO_PLUGIN_PATH', '/usr/lib/x86_64-linux-gnu/gazebo-11/plugins:/usr/lib/x86_64-linux-gnu/gazebo-11/plugins:/usr/lib/x86_64-linux-gnu/gazebo-11/plugins:/usr/lib/x86_64-linux-gnu/gazebo-11/plugins:'), ('NVM_CD_FLAGS', ''), ('XDG_DATA_DIRS', '/usr/share/ubuntu:/usr/local/share/:/usr/share/:/var/lib/snapd/desktop'), ('PYTHONPATH', '/home/rohan/cobotx/install/nav_bot/local/lib/python3.10/dist-packages:/home/rohan/px4/ros2_ws/install/translation_node/local/lib/python3.10/dist-packages:/home/rohan/px4/ros2_ws/install/px4_ros_com/local/lib/python3.10/dist-packages:/home/rohan/px4/ros2_ws/install/px4_offboard/lib/python3.10/site-packages:/home/rohan/px4/ros2_ws/install/px4_msgs_old/local/lib/python3.10/dist-packages:/home/rohan/px4/ros2_ws/install/px4_msgs/local/lib/python3.10/dist-packages:/home/rohan/px4/ros2_ws/install/com_bridge/lib/python3.10/site-packages:/opt/ros/humble/lib/python3.10/site-packages:/opt/ros/humble/local/lib/python3.10/dist-packages'), ('COLCON', '1'), ('NVM_RC_VERSION', ''), ('CMAKE_PREFIX_PATH', '/home/rohan/cobotx/install/nav_bot:/home/rohan/px4/ros2_ws/install/translation_node:/home/rohan/px4/ros2_ws/install/px4_ros_com:/home/rohan/px4/ros2_ws/install/px4_msgs_old:/home/rohan/px4/ros2_ws/install/px4_msgs:/home/rohan/px4/ros2_ws/install/px4:/home/rohan/px4/px4_ros_uxrce_dds_ws/install/microxrcedds_agent:/home/rohan/px4/ros2_ws/install/px4_offboard:/home/rohan/px4/ros2_ws/install/com_bridge:/opt/ros/humble')]), 'shell': False}
[0.099829] (-) TimerEvent: {}
[0.116703] (nav_bot) StdoutLine: {'line': b'Built target ament_cmake_python_symlink_scripts\n'}
[0.199925] (-) TimerEvent: {}
[0.300175] (-) TimerEvent: {}
[0.388526] (nav_bot) StdoutLine: {'line': b'running egg_info\n'}
[0.388851] (nav_bot) StdoutLine: {'line': b'writing scripts.egg-info/PKG-INFO\n'}
[0.388999] (nav_bot) StdoutLine: {'line': b'writing dependency_links to scripts.egg-info/dependency_links.txt\n'}
[0.389127] (nav_bot) StdoutLine: {'line': b'writing top-level names to scripts.egg-info/top_level.txt\n'}
[0.391282] (nav_bot) StdoutLine: {'line': b"reading manifest file 'scripts.egg-info/SOURCES.txt'\n"}
[0.391855] (nav_bot) StdoutLine: {'line': b"writing manifest file 'scripts.egg-info/SOURCES.txt'\n"}
[0.400265] (-) TimerEvent: {}
[0.415064] (nav_bot) StdoutLine: {'line': b'Built target ament_cmake_python_build_scripts_egg\n'}
[0.426760] (nav_bot) CommandEnded: {'returncode': 0}
[0.427836] (nav_bot) JobProgress: {'identifier': 'nav_bot', 'progress': 'install'}
[0.437283] (nav_bot) Command: {'cmd': ['/usr/bin/cmake', '--install', '/home/rohan/cobotx/build/nav_bot'], 'cwd': '/home/rohan/cobotx/build/nav_bot', 'env': OrderedDict([('GJS_DEBUG_TOPICS', 'JS ERROR;JS LOG'), ('PYTHON_BASIC_REPL', '1'), ('LESSOPEN', '| /usr/bin/lesspipe %s'), ('GZ_SIM_RESOURCE_PATH', ':/opt/ros/humble/share/ros_gz_sim_demos/models:/opt/ros/humble/share/ros_gz_sim_demos/models'), ('SVGA_VGPU10', '0'), ('LANGUAGE', 'en_IN:en'), ('USER', 'rohan'), ('XDG_SESSION_TYPE', 'wayland'), ('GIT_ASKPASS', '/usr/share/code/resources/app/extensions/git/dist/askpass.sh'), ('IGNITION_VERSION', 'fortress'), ('__GLX_VENDOR_LIBRARY_NAME', 'nvidia'), ('SHLVL', '1'), ('LD_LIBRARY_PATH', '/home/rohan/px4/ros2_ws/install/translation_node/lib:/home/rohan/px4/ros2_ws/install/px4_ros_com/lib:/home/rohan/px4/ros2_ws/install/px4_msgs_old/lib:/home/rohan/px4/ros2_ws/install/px4_msgs/lib:/home/rohan/px4/ros2_ws/install/px4/lib:/home/rohan/px4/px4_ros_uxrce_dds_ws/install/microxrcedds_agent/lib:/usr/local/lib:/usr/local/lib:/opt/ros/humble/opt/zenoh_cpp_vendor/lib:/usr/lib/x86_64-linux-gnu/gazebo-11/plugins:/opt/ros/humble/opt/rviz_ogre_vendor/lib:/opt/ros/humble/lib/x86_64-linux-gnu:/opt/ros/humble/lib:/usr/lib/x86_64-linux-gnu/gazebo-11/plugins::/usr/lib/x86_64-linux-gnu/gazebo-11/plugins:/usr/lib/x86_64-linux-gnu/gazebo-11/plugins::/usr/lib/x86_64-linux-gnu/gazebo-11/plugins:/usr/lib/x86_64-linux-gnu/gazebo-11/plugins:/usr/lib/x86_64-linux-gnu/gazebo-11/plugins::/usr/lib/x86_64-linux-gnu/gazebo-11/plugins:/usr/lib/x86_64-linux-gnu/gazebo-11/plugins:/usr/lib/x86_64-linux-gnu/gazebo-11/plugins:/usr/lib/x86_64-linux-gnu/gazebo-11/plugins:'), ('HOME', '/home/rohan'), ('CHROME_DESKTOP', 'code.desktop'), ('TERM_PROGRAM_VERSION', '1.112.0'), ('DESKTOP_SESSION', 'ubuntu'), ('GIO_LAUNCHED_DESKTOP_FILE', '/usr/share/applications/code.desktop'), ('GAZEBO_MASTER_URI', 'http://localhost:11345'), ('ROS_PYTHON_VERSION', '3'), ('GNOME_SHELL_SESSION_MODE', 'ubuntu'), ('GTK_MODULES', 'gail:atk-bridge'), ('VSCODE_GIT_ASKPASS_MAIN', '/usr/share/code/resources/app/extensions/git/dist/askpass-main.js'), ('VSCODE_GIT_ASKPASS_NODE', '/usr/share/code/code'), ('MANAGERPID', '1812'), ('PYDEVD_DISABLE_FILE_VALIDATION', '1'), ('SYSTEMD_EXEC_PID', '1999'), ('BUNDLED_DEBUGPY_PATH', '/home/rohan/.vscode/extensions/ms-python.debugpy-2026.6.0-linux-x64/bundled/libs/debugpy'), ('IM_CONFIG_CHECK_ENV', '1'), ('VSCODE_PYTHON_AUTOACTIVATE_GUARD', '1'), ('DBUS_SESSION_BUS_ADDRESS', 'unix:path=/run/user/1000/bus'), ('COLORTERM', 'truecolor'), ('GIO_LAUNCHED_DESKTOP_FILE_PID', '5376'), ('NVM_DIR', '/home/rohan/.nvm'), ('IM_CONFIG_PHASE', '1'), ('WAYLAND_DISPLAY', 'wayland-0'), ('COLCON_PREFIX_PATH', '/home/rohan/cobotx/install:/home/rohan/px4/ros2_ws/install:/home/rohan/px4/px4_ros_uxrce_dds_ws/install'), ('ROS_DISTRO', 'humble'), ('LOGNAME', 'rohan'), ('JOURNAL_STREAM', '8:18156'), ('_', '/usr/bin/colcon'), ('ROS_VERSION', '2'), ('CLAUDE_CODE_SSE_PORT', '24599'), ('XDG_SESSION_CLASS', 'user'), ('USERNAME', 'rohan'), ('TERM', 'xterm-256color'), ('GAZEBO_MODEL_PATH', '/usr/share/gazebo-11/models:/usr/share/gazebo-11/models:/usr/share/gazebo-11/models:/usr/share/gazebo-11/models::/trial/src/my_bot/urdf/my_bot.urdf:home/rohan/gazebo11_models/models:/trial/src/my_bot/urdf/my_bot.urdf:home/rohan/gazebo11_models/models'), ('GNOME_DESKTOP_SESSION_ID', 'this-is-deprecated'), ('FC_FONTATIONS', '1'), ('ROS_LOCALHOST_ONLY', '0'), ('OGRE_RESOURCE_PATH', '/usr/lib/x86_64-linux-gnu/OGRE-1.9.0'), ('PATH', '/home/rohan/px4/px4_ros_uxrce_dds_ws/install/microxrcedds_agent/bin:/home/rohan/.config/Code/User/globalStorage/github.copilot-chat/debugCommand:/home/rohan/.config/Code/User/globalStorage/github.copilot-chat/copilotCli:/home/rohan/.local/bin:/opt/ros/humble/bin:/home/rohan/.local/bin:/usr/local/sbin:/usr/local/bin:/usr/sbin:/usr/bin:/sbin:/bin:/usr/games:/usr/local/games:/snap/bin:/snap/bin:/opt/ros/humble/share/gazebo_dev/gz/bin:/opt/xtensa-esp-elf/bin/:/opt/xtensa-esp-elf/bin/:/home/rohan/.vscode/extensions/ms-python.debugpy-2026.6.0-linux-x64/bundled/scripts/noConfigScripts:/opt/ros/humble/share/gazebo_dev/gz/bin:/opt/xtensa-esp-elf/bin/:/opt/xtensa-esp-elf/bin/'), ('SESSION_MANAGER', 'local/rohan-IdeaPad-Gaming-3-15ACH6:@/tmp/.ICE-unix/1964,unix/rohan-IdeaPad-Gaming-3-15ACH6:/tmp/.ICE-unix/1964'), ('INVOCATION_ID', '4280bea335f543f6af5923b9d57b4750'), ('XDG_MENU_PREFIX', 'gnome-'), ('GNOME_SETUP_DISPLAY', ':1'), ('XDG_RUNTIME_DIR', '/run/user/1000'), ('GDK_BACKEND', 'wayland'), ('DISPLAY', ':0'), ('VSCODE_DEBUGPY_ADAPTER_ENDPOINTS', '/home/rohan/.vscode/extensions/ms-python.debugpy-2026.6.0-linux-x64/.noConfigDebugAdapterEndpoints/endpoint-2ff497d661051a45.txt'), ('LANG', 'en_US.UTF-8'), ('XDG_CURRENT_DESKTOP', 'ubuntu:GNOME'), ('PYTHONSTARTUP', '/home/rohan/.config/Code/User/workspaceStorage/99f73eee95fb8c5f9c1d66af55c24b55/ms-python.python/pythonrc.py'), ('__NV_PRIME_RENDER_OFFLOAD', '1'), ('RMW_IMPLEMENTATION', 'rmw_cyclonedds_cpp'), ('XMODIFIERS', '@im=ibus'), ('XDG_SESSION_DESKTOP', 'ubuntu'), ('XAUTHORITY', '/run/user/1000/.mutter-Xwaylandauth.BR6FR3'), ('LS_COLORS', 'rs=0:di=01;34:ln=01;36:mh=00:pi=40;33:so=01;35:do=01;35:bd=40;33;01:cd=40;33;01:or=40;31;01:mi=00:su=37;41:sg=30;43:ca=30;41:tw=30;42:ow=34;42:st=37;44:ex=01;32:*.tar=01;31:*.tgz=01;31:*.arc=01;31:*.arj=01;31:*.taz=01;31:*.lha=01;31:*.lz4=01;31:*.lzh=01;31:*.lzma=01;31:*.tlz=01;31:*.txz=01;31:*.tzo=01;31:*.t7z=01;31:*.zip=01;31:*.z=01;31:*.dz=01;31:*.gz=01;31:*.lrz=01;31:*.lz=01;31:*.lzo=01;31:*.xz=01;31:*.zst=01;31:*.tzst=01;31:*.bz2=01;31:*.bz=01;31:*.tbz=01;31:*.tbz2=01;31:*.tz=01;31:*.deb=01;31:*.rpm=01;31:*.jar=01;31:*.war=01;31:*.ear=01;31:*.sar=01;31:*.rar=01;31:*.alz=01;31:*.ace=01;31:*.zoo=01;31:*.cpio=01;31:*.7z=01;31:*.rz=01;31:*.cab=01;31:*.wim=01;31:*.swm=01;31:*.dwm=01;31:*.esd=01;31:*.jpg=01;35:*.jpeg=01;35:*.mjpg=01;35:*.mjpeg=01;35:*.gif=01;35:*.bmp=01;35:*.pbm=01;35:*.pgm=01;35:*.ppm=01;35:*.tga=01;35:*.xbm=01;35:*.xpm=01;35:*.tif=01;35:*.tiff=01;35:*.png=01;35:*.svg=01;35:*.svgz=01;35:*.mng=01;35:*.pcx=01;35:*.mov=01;35:*.mpg=01;35:*.mpeg=01;35:*.m2v=01;35:*.mkv=01;35:*.webm=01;35:*.webp=01;35:*.ogm=01;35:*.mp4=01;35:*.m4v=01;35:*.mp4v=01;35:*.vob=01;35:*.qt=01;35:*.nuv=01;35:*.wmv=01;35:*.asf=01;35:*.rm=01;35:*.rmvb=01;35:*.flc=01;35:*.avi=01;35:*.fli=01;35:*.flv=01;35:*.gl=01;35:*.dl=01;35:*.xcf=01;35:*.xwd=01;35:*.yuv=01;35:*.cgm=01;35:*.emf=01;35:*.ogv=01;35:*.ogx=01;35:*.aac=00;36:*.au=00;36:*.flac=00;36:*.m4a=00;36:*.mid=00;36:*.midi=00;36:*.mka=00;36:*.mp3=00;36:*.mpc=00;36:*.ogg=00;36:*.ra=00;36:*.wav=00;36:*.oga=00;36:*.opus=00;36:*.spx=00;36:*.xspf=00;36:'), ('VSCODE_GIT_IPC_HANDLE', '/run/user/1000/vscode-git-330fa3cde8.sock'), ('TERM_PROGRAM', 'vscode'), ('SSH_AGENT_LAUNCHER', 'gnome-keyring'), ('SSH_AUTH_SOCK', '/run/user/1000/keyring/ssh'), ('ROS_DOMAIN_ID', '0'), ('AMENT_PREFIX_PATH', '/home/rohan/cobotx/install/nav_bot:/home/rohan/px4/ros2_ws/install/translation_node:/home/rohan/px4/ros2_ws/install/px4_ros_com:/home/rohan/px4/ros2_ws/install/px4_offboard:/home/rohan/px4/ros2_ws/install/px4_msgs_old:/home/rohan/px4/ros2_ws/install/px4_msgs:/home/rohan/px4/ros2_ws/install/px4:/home/rohan/px4/ros2_ws/install/com_bridge:/opt/ros/humble'), ('SHELL', '/bin/bash'), ('QT_ACCESSIBILITY', '1'), ('GDMSESSION', 'ubuntu'), ('LESSCLOSE', '/usr/bin/lesspipe %s %s'), ('IGN_GAZEBO_RESOURCE_PATH', ':/home/rohan/cobotx/src/nav_bot/models:/home/rohan/cobotx/src/nav_bot/models'), ('GAZEBO_RESOURCE_PATH', '/usr/share/gazebo-11:/usr/share/gazebo-11:/usr/share/gazebo-11:/usr/share/gazebo-11::home/rohan/gazebo11_models/worlds:home/rohan/gazebo11_models/worlds'), ('GJS_DEBUG_OUTPUT', 'stderr'), ('GZ_VERSION', 'fortress'), ('GAZEBO_MODEL_DATABASE_URI', 'http://models.gazebosim.org'), ('VSCODE_GIT_ASKPASS_EXTRA_ARGS', ''), ('QT_IM_MODULE', 'ibus'), ('PWD', '/home/rohan/cobotx/build/nav_bot'), ('QT_QPA_PLATFORM', 'xcb'), ('TURTLEBOT3_MODEL', 'waffle'), ('LC_ALL', 'en_US.UTF-8'), ('XDG_CONFIG_DIRS', '/etc/xdg/xdg-ubuntu:/etc/xdg'), ('GAZEBO_PLUGIN_PATH', '/usr/lib/x86_64-linux-gnu/gazebo-11/plugins:/usr/lib/x86_64-linux-gnu/gazebo-11/plugins:/usr/lib/x86_64-linux-gnu/gazebo-11/plugins:/usr/lib/x86_64-linux-gnu/gazebo-11/plugins:'), ('NVM_CD_FLAGS', ''), ('XDG_DATA_DIRS', '/usr/share/ubuntu:/usr/local/share/:/usr/share/:/var/lib/snapd/desktop'), ('PYTHONPATH', '/home/rohan/cobotx/install/nav_bot/local/lib/python3.10/dist-packages:/home/rohan/px4/ros2_ws/install/translation_node/local/lib/python3.10/dist-packages:/home/rohan/px4/ros2_ws/install/px4_ros_com/local/lib/python3.10/dist-packages:/home/rohan/px4/ros2_ws/install/px4_offboard/lib/python3.10/site-packages:/home/rohan/px4/ros2_ws/install/px4_msgs_old/local/lib/python3.10/dist-packages:/home/rohan/px4/ros2_ws/install/px4_msgs/local/lib/python3.10/dist-packages:/home/rohan/px4/ros2_ws/install/com_bridge/lib/python3.10/site-packages:/opt/ros/humble/lib/python3.10/site-packages:/opt/ros/humble/local/lib/python3.10/dist-packages'), ('COLCON', '1'), ('NVM_RC_VERSION', ''), ('CMAKE_PREFIX_PATH', '/home/rohan/cobotx/install/nav_bot:/home/rohan/px4/ros2_ws/install/translation_node:/home/rohan/px4/ros2_ws/install/px4_ros_com:/home/rohan/px4/ros2_ws/install/px4_msgs_old:/home/rohan/px4/ros2_ws/install/px4_msgs:/home/rohan/px4/ros2_ws/install/px4:/home/rohan/px4/px4_ros_uxrce_dds_ws/install/microxrcedds_agent:/home/rohan/px4/ros2_ws/install/px4_offboard:/home/rohan/px4/ros2_ws/install/com_bridge:/opt/ros/humble')]), 'shell': False}
[0.444442] (nav_bot) StdoutLine: {'line': b'-- Install configuration: ""\n'}
[0.445206] (nav_bot) StdoutLine: {'line': b'-- Execute custom install script\n'}
[0.445532] (nav_bot) StdoutLine: {'line': b'-- Up-to-date symlink: /home/rohan/cobotx/install/nav_bot/share/nav_bot/config/config.rviz\n'}
[0.445614] (nav_bot) StdoutLine: {'line': b'-- Up-to-date symlink: /home/rohan/cobotx/install/nav_bot/share/nav_bot/config/drive_bot.rviz\n'}
[0.445688] (nav_bot) StdoutLine: {'line': b'-- Up-to-date symlink: /home/rohan/cobotx/install/nav_bot/share/nav_bot/config/gz_bridge.yaml\n'}
[0.445760] (nav_bot) StdoutLine: {'line': b'-- Up-to-date symlink: /home/rohan/cobotx/install/nav_bot/share/nav_bot/config/joystick.yaml\n'}
[0.445852] (nav_bot) StdoutLine: {'line': b'-- Up-to-date symlink: /home/rohan/cobotx/install/nav_bot/share/nav_bot/config/mapper_params_online_async.yaml\n'}
[0.445931] (nav_bot) StdoutLine: {'line': b'-- Up-to-date symlink: /home/rohan/cobotx/install/nav_bot/share/nav_bot/config/multi_bot_config.rviz\n'}
[0.446001] (nav_bot) StdoutLine: {'line': b'-- Up-to-date symlink: /home/rohan/cobotx/install/nav_bot/share/nav_bot/config/my_controllers.yaml\n'}
[0.446073] (nav_bot) StdoutLine: {'line': b'-- Up-to-date symlink: /home/rohan/cobotx/install/nav_bot/share/nav_bot/config/nav2_params.yaml\n'}
[0.446145] (nav_bot) StdoutLine: {'line': b'-- Up-to-date symlink: /home/rohan/cobotx/install/nav_bot/share/nav_bot/config/nav2_params1.yaml\n'}
[0.446218] (nav_bot) StdoutLine: {'line': b'-- Up-to-date symlink: /home/rohan/cobotx/install/nav_bot/share/nav_bot/config/robots.yaml\n'}
[0.446290] (nav_bot) StdoutLine: {'line': b'-- Up-to-date symlink: /home/rohan/cobotx/install/nav_bot/share/nav_bot/config/slam_toolbox.yaml\n'}
[0.446362] (nav_bot) StdoutLine: {'line': b'-- Up-to-date symlink: /home/rohan/cobotx/install/nav_bot/share/nav_bot/config/twist_mux.yaml\n'}
[0.446588] (nav_bot) StdoutLine: {'line': b'-- Up-to-date symlink: /home/rohan/cobotx/install/nav_bot/share/nav_bot/description/bot.urdf.xacro\n'}
[0.446663] (nav_bot) StdoutLine: {'line': b'-- Up-to-date symlink: /home/rohan/cobotx/install/nav_bot/share/nav_bot/description/bot_core.xacro\n'}
[0.446736] (nav_bot) StdoutLine: {'line': b'-- Up-to-date symlink: /home/rohan/cobotx/install/nav_bot/share/nav_bot/description/camera.xacro\n'}
[0.446819] (nav_bot) StdoutLine: {'line': b'-- Up-to-date symlink: /home/rohan/cobotx/install/nav_bot/share/nav_bot/description/depth_camera.xacro\n'}
[0.446898] (nav_bot) StdoutLine: {'line': b'-- Up-to-date symlink: /home/rohan/cobotx/install/nav_bot/share/nav_bot/description/gazebo_control.xacro\n'}
[0.446973] (nav_bot) StdoutLine: {'line': b'-- Up-to-date symlink: /home/rohan/cobotx/install/nav_bot/share/nav_bot/description/gz_control.xacro\n'}
[0.447047] (nav_bot) StdoutLine: {'line': b'-- Up-to-date symlink: /home/rohan/cobotx/install/nav_bot/share/nav_bot/description/inertial_macros.xacro\n'}
[0.447121] (nav_bot) StdoutLine: {'line': b'-- Up-to-date symlink: /home/rohan/cobotx/install/nav_bot/share/nav_bot/description/lidar.xacro\n'}
[0.447194] (nav_bot) StdoutLine: {'line': b'-- Up-to-date symlink: /home/rohan/cobotx/install/nav_bot/share/nav_bot/description/multi_camera.xacro\n'}
[0.447266] (nav_bot) StdoutLine: {'line': b'-- Up-to-date symlink: /home/rohan/cobotx/install/nav_bot/share/nav_bot/description/multi_lidar.xacro\n'}
[0.447338] (nav_bot) StdoutLine: {'line': b'-- Up-to-date symlink: /home/rohan/cobotx/install/nav_bot/share/nav_bot/description/robot.urdf.xacro\n'}
[0.447409] (nav_bot) StdoutLine: {'line': b'-- Up-to-date symlink: /home/rohan/cobotx/install/nav_bot/share/nav_bot/description/robot_core.xacro\n'}
[0.447480] (nav_bot) StdoutLine: {'line': b'-- Up-to-date symlink: /home/rohan/cobotx/install/nav_bot/share/nav_bot/description/ros2_control.xacro\n'}
[0.447678] (nav_bot) StdoutLine: {'line': b'-- Up-to-date symlink: /home/rohan/cobotx/install/nav_bot/share/nav_bot/launch/joystick.launch.py\n'}
[0.447745] (nav_bot) StdoutLine: {'line': b'-- Up-to-date symlink: /home/rohan/cobotx/install/nav_bot/share/nav_bot/launch/launch_sim.launch.py\n'}
[0.447826] (nav_bot) StdoutLine: {'line': b'-- Up-to-date symlink: /home/rohan/cobotx/install/nav_bot/share/nav_bot/launch/localization_launch.py\n'}
[0.447904] (nav_bot) StdoutLine: {'line': b'-- Up-to-date symlink: /home/rohan/cobotx/install/nav_bot/share/nav_bot/launch/multi_robot_main.launch.py\n'}
[0.447976] (nav_bot) StdoutLine: {'line': b'-- Up-to-date symlink: /home/rohan/cobotx/install/nav_bot/share/nav_bot/launch/navigation_launch.py\n'}
[0.448048] (nav_bot) StdoutLine: {'line': b'-- Up-to-date symlink: /home/rohan/cobotx/install/nav_bot/share/nav_bot/launch/rsp.launch.py\n'}
[0.448119] (nav_bot) StdoutLine: {'line': b'-- Up-to-date symlink: /home/rohan/cobotx/install/nav_bot/share/nav_bot/launch/spawn_robot.launch.py\n'}
[0.448192] (nav_bot) StdoutLine: {'line': b'-- Up-to-date symlink: /home/rohan/cobotx/install/nav_bot/share/nav_bot/launch/start.launch.py\n'}
[0.455229] (nav_bot) StdoutLine: {'line': b'-- Up-to-date symlink: /home/rohan/cobotx/install/nav_bot/share/nav_bot/worlds/empty_world.sdf\n'}
[0.455317] (nav_bot) StdoutLine: {'line': b'-- Up-to-date symlink: /home/rohan/cobotx/install/nav_bot/share/nav_bot/worlds/meshes/nxt_racks/Asphalt010_1K_Color.jpg\n'}
[0.455402] (nav_bot) StdoutLine: {'line': b'-- Up-to-date symlink: /home/rohan/cobotx/install/nav_bot/share/nav_bot/worlds/meshes/nxt_racks/BTS00068631.png\n'}
[0.455486] (nav_bot) StdoutLine: {'line': b'-- Up-to-date symlink: /home/rohan/cobotx/install/nav_bot/share/nav_bot/worlds/meshes/nxt_racks/BTS00068631.png.001.png\n'}
[0.455572] (nav_bot) StdoutLine: {'line': b'-- Up-to-date symlink: /home/rohan/cobotx/install/nav_bot/share/nav_bot/worlds/meshes/nxt_racks/BTS00068631.png.002.png\n'}
[0.455653] (nav_bot) StdoutLine: {'line': b'-- Up-to-date symlink: /home/rohan/cobotx/install/nav_bot/share/nav_bot/worlds/meshes/nxt_racks/BTS00068631.png.003.png\n'}
[0.455734] (nav_bot) StdoutLine: {'line': b'-- Up-to-date symlink: /home/rohan/cobotx/install/nav_bot/share/nav_bot/worlds/meshes/nxt_racks/BTS00068631.png.004.png\n'}
[0.455823] (nav_bot) StdoutLine: {'line': b'-- Up-to-date symlink: /home/rohan/cobotx/install/nav_bot/share/nav_bot/worlds/meshes/nxt_racks/BTS00068631.png.005.png\n'}
[0.455909] (nav_bot) StdoutLine: {'line': b'-- Up-to-date symlink: /home/rohan/cobotx/install/nav_bot/share/nav_bot/worlds/meshes/nxt_racks/BTS00068631.png.006.png\n'}
[0.455995] (nav_bot) StdoutLine: {'line': b'-- Up-to-date symlink: /home/rohan/cobotx/install/nav_bot/share/nav_bot/worlds/meshes/nxt_racks/BTS00068631.png.007.png\n'}
[0.456077] (nav_bot) StdoutLine: {'line': b'-- Up-to-date symlink: /home/rohan/cobotx/install/nav_bot/share/nav_bot/worlds/meshes/nxt_racks/BTS00068631.png.008.png\n'}
[0.456158] (nav_bot) StdoutLine: {'line': b'-- Up-to-date symlink: /home/rohan/cobotx/install/nav_bot/share/nav_bot/worlds/meshes/nxt_racks/BTS00068631.png.009.png\n'}
[0.456240] (nav_bot) StdoutLine: {'line': b'-- Up-to-date symlink: /home/rohan/cobotx/install/nav_bot/share/nav_bot/worlds/meshes/nxt_racks/BTS00068631.png.010.png\n'}
[0.456322] (nav_bot) StdoutLine: {'line': b'-- Up-to-date symlink: /home/rohan/cobotx/install/nav_bot/share/nav_bot/worlds/meshes/nxt_racks/BTS00068631.png.011.png\n'}
[0.456402] (nav_bot) StdoutLine: {'line': b'-- Up-to-date symlink: /home/rohan/cobotx/install/nav_bot/share/nav_bot/worlds/meshes/nxt_racks/BTS00068631.png.012.png\n'}
[0.456486] (nav_bot) StdoutLine: {'line': b'-- Up-to-date symlink: /home/rohan/cobotx/install/nav_bot/share/nav_bot/worlds/meshes/nxt_racks/BTS00068631.png.013.png\n'}
[0.456577] (nav_bot) StdoutLine: {'line': b'-- Up-to-date symlink: /home/rohan/cobotx/install/nav_bot/share/nav_bot/worlds/meshes/nxt_racks/BTS00068631.png.014.png\n'}
[0.456662] (nav_bot) StdoutLine: {'line': b'-- Up-to-date symlink: /home/rohan/cobotx/install/nav_bot/share/nav_bot/worlds/meshes/nxt_racks/BTS00068631.png.015.png\n'}
[0.456746] (nav_bot) StdoutLine: {'line': b'-- Up-to-date symlink: /home/rohan/cobotx/install/nav_bot/share/nav_bot/worlds/meshes/nxt_racks/BTS00068631.png.016.png\n'}
[0.456835] (nav_bot) StdoutLine: {'line': b'-- Up-to-date symlink: /home/rohan/cobotx/install/nav_bot/share/nav_bot/worlds/meshes/nxt_racks/BTS00068631.png.017.png\n'}
[0.456924] (nav_bot) StdoutLine: {'line': b'-- Up-to-date symlink: /home/rohan/cobotx/install/nav_bot/share/nav_bot/worlds/meshes/nxt_racks/BTS00068631.png.018.png\n'}
[0.457008] (nav_bot) StdoutLine: {'line': b'-- Up-to-date symlink: /home/rohan/cobotx/install/nav_bot/share/nav_bot/worlds/meshes/nxt_racks/BTS00068631.png.019.png\n'}
[0.457092] (nav_bot) StdoutLine: {'line': b'-- Up-to-date symlink: /home/rohan/cobotx/install/nav_bot/share/nav_bot/worlds/meshes/nxt_racks/BTS00068631.png.020.png\n'}
[0.457176] (nav_bot) StdoutLine: {'line': b'-- Up-to-date symlink: /home/rohan/cobotx/install/nav_bot/share/nav_bot/worlds/meshes/nxt_racks/BTS00068631.png.021.png\n'}
[0.457260] (nav_bot) StdoutLine: {'line': b'-- Up-to-date symlink: /home/rohan/cobotx/install/nav_bot/share/nav_bot/worlds/meshes/nxt_racks/BTS00068631.png.022.png\n'}
[0.457344] (nav_bot) StdoutLine: {'line': b'-- Up-to-date symlink: /home/rohan/cobotx/install/nav_bot/share/nav_bot/worlds/meshes/nxt_racks/BTS00068631.png.023.png\n'}
[0.457428] (nav_bot) StdoutLine: {'line': b'-- Up-to-date symlink: /home/rohan/cobotx/install/nav_bot/share/nav_bot/worlds/meshes/nxt_racks/BTS00068631.png.024.png\n'}
[0.457513] (nav_bot) StdoutLine: {'line': b'-- Up-to-date symlink: /home/rohan/cobotx/install/nav_bot/share/nav_bot/worlds/meshes/nxt_racks/BTS00068631.png.025.png\n'}
[0.457596] (nav_bot) StdoutLine: {'line': b'-- Up-to-date symlink: /home/rohan/cobotx/install/nav_bot/share/nav_bot/worlds/meshes/nxt_racks/BTS00068631.png.026.png\n'}
[0.457680] (nav_bot) StdoutLine: {'line': b'-- Up-to-date symlink: /home/rohan/cobotx/install/nav_bot/share/nav_bot/worlds/meshes/nxt_racks/BTS00068631.png.027.png\n'}
[0.457764] (nav_bot) StdoutLine: {'line': b'-- Up-to-date symlink: /home/rohan/cobotx/install/nav_bot/share/nav_bot/worlds/meshes/nxt_racks/BTS00068631.png.028.png\n'}
[0.457910] (nav_bot) StdoutLine: {'line': b'-- Up-to-date symlink: /home/rohan/cobotx/install/nav_bot/share/nav_bot/worlds/meshes/nxt_racks/BTS00068631.png.029.png\n'}
[0.458001] (nav_bot) StdoutLine: {'line': b'-- Up-to-date symlink: /home/rohan/cobotx/install/nav_bot/share/nav_bot/worlds/meshes/nxt_racks/BTS00068631.png.030.png\n'}
[0.458085] (nav_bot) StdoutLine: {'line': b'-- Up-to-date symlink: /home/rohan/cobotx/install/nav_bot/share/nav_bot/worlds/meshes/nxt_racks/BTS00068631.png.031.png\n'}
[0.458172] (nav_bot) StdoutLine: {'line': b'-- Up-to-date symlink: /home/rohan/cobotx/install/nav_bot/share/nav_bot/worlds/meshes/nxt_racks/BTS00068631.png.032.png\n'}
[0.458257] (nav_bot) StdoutLine: {'line': b'-- Up-to-date symlink: /home/rohan/cobotx/install/nav_bot/share/nav_bot/worlds/meshes/nxt_racks/BTS00068631.png.033.png\n'}
[0.458343] (nav_bot) StdoutLine: {'line': b'-- Up-to-date symlink: /home/rohan/cobotx/install/nav_bot/share/nav_bot/worlds/meshes/nxt_racks/BTS00068631.png.034.png\n'}
[0.458426] (nav_bot) StdoutLine: {'line': b'-- Up-to-date symlink: /home/rohan/cobotx/install/nav_bot/share/nav_bot/worlds/meshes/nxt_racks/BTS00068631.png.035.png\n'}
[0.458511] (nav_bot) StdoutLine: {'line': b'-- Up-to-date symlink: /home/rohan/cobotx/install/nav_bot/share/nav_bot/worlds/meshes/nxt_racks/BTS00068631.png.036.png\n'}
[0.458594] (nav_bot) StdoutLine: {'line': b'-- Up-to-date symlink: /home/rohan/cobotx/install/nav_bot/share/nav_bot/worlds/meshes/nxt_racks/BTS00068631.png.037.png\n'}
[0.458678] (nav_bot) StdoutLine: {'line': b'-- Up-to-date symlink: /home/rohan/cobotx/install/nav_bot/share/nav_bot/worlds/meshes/nxt_racks/BTS00068631.png.038.png\n'}
[0.458762] (nav_bot) StdoutLine: {'line': b'-- Up-to-date symlink: /home/rohan/cobotx/install/nav_bot/share/nav_bot/worlds/meshes/nxt_racks/BTS00068631.png.039.png\n'}
[0.458852] (nav_bot) StdoutLine: {'line': b'-- Up-to-date symlink: /home/rohan/cobotx/install/nav_bot/share/nav_bot/worlds/meshes/nxt_racks/BTS00068631.png.040.png\n'}
[0.458938] (nav_bot) StdoutLine: {'line': b'-- Up-to-date symlink: /home/rohan/cobotx/install/nav_bot/share/nav_bot/worlds/meshes/nxt_racks/BTS00068631.png.041.png\n'}
[0.459023] (nav_bot) StdoutLine: {'line': b'-- Up-to-date symlink: /home/rohan/cobotx/install/nav_bot/share/nav_bot/worlds/meshes/nxt_racks/BTS00068631.png.042.png\n'}
[0.459106] (nav_bot) StdoutLine: {'line': b'-- Up-to-date symlink: /home/rohan/cobotx/install/nav_bot/share/nav_bot/worlds/meshes/nxt_racks/BTS00068631.png.043.png\n'}
[0.459189] (nav_bot) StdoutLine: {'line': b'-- Up-to-date symlink: /home/rohan/cobotx/install/nav_bot/share/nav_bot/worlds/meshes/nxt_racks/BTS00068631.png.044.png\n'}
[0.459273] (nav_bot) StdoutLine: {'line': b'-- Up-to-date symlink: /home/rohan/cobotx/install/nav_bot/share/nav_bot/worlds/meshes/nxt_racks/BTS00068631.png.045.png\n'}
[0.459357] (nav_bot) StdoutLine: {'line': b'-- Up-to-date symlink: /home/rohan/cobotx/install/nav_bot/share/nav_bot/worlds/meshes/nxt_racks/BTS00068631.png.046.png\n'}
[0.459439] (nav_bot) StdoutLine: {'line': b'-- Up-to-date symlink: /home/rohan/cobotx/install/nav_bot/share/nav_bot/worlds/meshes/nxt_racks/BTS00068631.png.047.png\n'}
[0.459523] (nav_bot) StdoutLine: {'line': b'-- Up-to-date symlink: /home/rohan/cobotx/install/nav_bot/share/nav_bot/worlds/meshes/nxt_racks/BTS00068631.png.048.png\n'}
[0.459606] (nav_bot) StdoutLine: {'line': b'-- Up-to-date symlink: /home/rohan/cobotx/install/nav_bot/share/nav_bot/worlds/meshes/nxt_racks/BTS00068631.png.049.png\n'}
[0.459689] (nav_bot) StdoutLine: {'line': b'-- Up-to-date symlink: /home/rohan/cobotx/install/nav_bot/share/nav_bot/worlds/meshes/nxt_racks/BTS00068631.png.051.png\n'}
[0.459772] (nav_bot) StdoutLine: {'line': b'-- Up-to-date symlink: /home/rohan/cobotx/install/nav_bot/share/nav_bot/worlds/meshes/nxt_racks/BTS00068631.png.052.png\n'}
[0.459863] (nav_bot) StdoutLine: {'line': b'-- Up-to-date symlink: /home/rohan/cobotx/install/nav_bot/share/nav_bot/worlds/meshes/nxt_racks/BTS00068631.png.053.png\n'}
[0.459946] (nav_bot) StdoutLine: {'line': b'-- Up-to-date symlink: /home/rohan/cobotx/install/nav_bot/share/nav_bot/worlds/meshes/nxt_racks/BTS00068631.png.054.png\n'}
[0.460029] (nav_bot) StdoutLine: {'line': b'-- Up-to-date symlink: /home/rohan/cobotx/install/nav_bot/share/nav_bot/worlds/meshes/nxt_racks/BTS00068631.png.055.png\n'}
[0.460111] (nav_bot) StdoutLine: {'line': b'-- Up-to-date symlink: /home/rohan/cobotx/install/nav_bot/share/nav_bot/worlds/meshes/nxt_racks/BTS00068631.png.056.png\n'}
[0.460201] (nav_bot) StdoutLine: {'line': b'-- Up-to-date symlink: /home/rohan/cobotx/install/nav_bot/share/nav_bot/worlds/meshes/nxt_racks/BTS00068631.png.057.png\n'}
[0.460285] (nav_bot) StdoutLine: {'line': b'-- Up-to-date symlink: /home/rohan/cobotx/install/nav_bot/share/nav_bot/worlds/meshes/nxt_racks/BTS00068631.png.058.png\n'}
[0.460368] (nav_bot) StdoutLine: {'line': b'-- Up-to-date symlink: /home/rohan/cobotx/install/nav_bot/share/nav_bot/worlds/meshes/nxt_racks/BTS00068631.png.059.png\n'}
[0.460452] (nav_bot) StdoutLine: {'line': b'-- Up-to-date symlink: /home/rohan/cobotx/install/nav_bot/share/nav_bot/worlds/meshes/nxt_racks/BTS00068631.png.060.png\n'}
[0.460536] (nav_bot) StdoutLine: {'line': b'-- Up-to-date symlink: /home/rohan/cobotx/install/nav_bot/share/nav_bot/worlds/meshes/nxt_racks/BTS00068631.png.061.png\n'}
[0.460620] (nav_bot) StdoutLine: {'line': b'-- Up-to-date symlink: /home/rohan/cobotx/install/nav_bot/share/nav_bot/worlds/meshes/nxt_racks/BTS00068631.png.062.png\n'}
[0.460705] (nav_bot) StdoutLine: {'line': b'-- Up-to-date symlink: /home/rohan/cobotx/install/nav_bot/share/nav_bot/worlds/meshes/nxt_racks/BTS00068631.png.063.png\n'}
[0.460792] (nav_bot) StdoutLine: {'line': b'-- Up-to-date symlink: /home/rohan/cobotx/install/nav_bot/share/nav_bot/worlds/meshes/nxt_racks/BTS00068631.png.064.png\n'}
[0.460883] (nav_bot) StdoutLine: {'line': b'-- Up-to-date symlink: /home/rohan/cobotx/install/nav_bot/share/nav_bot/worlds/meshes/nxt_racks/BTS00068631.png.065.png\n'}
[0.460968] (nav_bot) StdoutLine: {'line': b'-- Up-to-date symlink: /home/rohan/cobotx/install/nav_bot/share/nav_bot/worlds/meshes/nxt_racks/BTS00068631.png.066.png\n'}
[0.461052] (nav_bot) StdoutLine: {'line': b'-- Up-to-date symlink: /home/rohan/cobotx/install/nav_bot/share/nav_bot/worlds/meshes/nxt_racks/BTS00068631.png.067.png\n'}
[0.461136] (nav_bot) StdoutLine: {'line': b'-- Up-to-date symlink: /home/rohan/cobotx/install/nav_bot/share/nav_bot/worlds/meshes/nxt_racks/BTS00068631.png.068.png\n'}
[0.461220] (nav_bot) StdoutLine: {'line': b'-- Up-to-date symlink: /home/rohan/cobotx/install/nav_bot/share/nav_bot/worlds/meshes/nxt_racks/BTS00068631.png.069.png\n'}
[0.461305] (nav_bot) StdoutLine: {'line': b'-- Up-to-date symlink: /home/rohan/cobotx/install/nav_bot/share/nav_bot/worlds/meshes/nxt_racks/BTS00068631.png.070.png\n'}
[0.461391] (nav_bot) StdoutLine: {'line': b'-- Up-to-date symlink: /home/rohan/cobotx/install/nav_bot/share/nav_bot/worlds/meshes/nxt_racks/BTS00068631.png.071.png\n'}
[0.461475] (nav_bot) StdoutLine: {'line': b'-- Up-to-date symlink: /home/rohan/cobotx/install/nav_bot/share/nav_bot/worlds/meshes/nxt_racks/BTS00068631.png.072.png\n'}
[0.461565] (nav_bot) StdoutLine: {'line': b'-- Up-to-date symlink: /home/rohan/cobotx/install/nav_bot/share/nav_bot/worlds/meshes/nxt_racks/BTS00068631.png.073.png\n'}
[0.461651] (nav_bot) StdoutLine: {'line': b'-- Up-to-date symlink: /home/rohan/cobotx/install/nav_bot/share/nav_bot/worlds/meshes/nxt_racks/BTS00068631.png.074.png\n'}
[0.461738] (nav_bot) StdoutLine: {'line': b'-- Up-to-date symlink: /home/rohan/cobotx/install/nav_bot/share/nav_bot/worlds/meshes/nxt_racks/BTS00068631.png.075.png\n'}
[0.461829] (nav_bot) StdoutLine: {'line': b'-- Up-to-date symlink: /home/rohan/cobotx/install/nav_bot/share/nav_bot/worlds/meshes/nxt_racks/BTS00068631.png.076.png\n'}
[0.461918] (nav_bot) StdoutLine: {'line': b'-- Up-to-date symlink: /home/rohan/cobotx/install/nav_bot/share/nav_bot/worlds/meshes/nxt_racks/BTS00068631.png.077.png\n'}
[0.462004] (nav_bot) StdoutLine: {'line': b'-- Up-to-date symlink: /home/rohan/cobotx/install/nav_bot/share/nav_bot/worlds/meshes/nxt_racks/BTS00068631.png.078.png\n'}
[0.462089] (nav_bot) StdoutLine: {'line': b'-- Up-to-date symlink: /home/rohan/cobotx/install/nav_bot/share/nav_bot/worlds/meshes/nxt_racks/BTS00068631.png.079.png\n'}
[0.462175] (nav_bot) StdoutLine: {'line': b'-- Up-to-date symlink: /home/rohan/cobotx/install/nav_bot/share/nav_bot/worlds/meshes/nxt_racks/BTS00068631.png.080.png\n'}
[0.462261] (nav_bot) StdoutLine: {'line': b'-- Up-to-date symlink: /home/rohan/cobotx/install/nav_bot/share/nav_bot/worlds/meshes/nxt_racks/BTS00068631.png.081.png\n'}
[0.462345] (nav_bot) StdoutLine: {'line': b'-- Up-to-date symlink: /home/rohan/cobotx/install/nav_bot/share/nav_bot/worlds/meshes/nxt_racks/BTS00068631.png.082.png\n'}
[0.462432] (nav_bot) StdoutLine: {'line': b'-- Up-to-date symlink: /home/rohan/cobotx/install/nav_bot/share/nav_bot/worlds/meshes/nxt_racks/BTS00068631.png.083.png\n'}
[0.462518] (nav_bot) StdoutLine: {'line': b'-- Up-to-date symlink: /home/rohan/cobotx/install/nav_bot/share/nav_bot/worlds/meshes/nxt_racks/BTS00068631.png.084.png\n'}
[0.462603] (nav_bot) StdoutLine: {'line': b'-- Up-to-date symlink: /home/rohan/cobotx/install/nav_bot/share/nav_bot/worlds/meshes/nxt_racks/BTS00068631.png.085.png\n'}
[0.462689] (nav_bot) StdoutLine: {'line': b'-- Up-to-date symlink: /home/rohan/cobotx/install/nav_bot/share/nav_bot/worlds/meshes/nxt_racks/BTS00068631.png.086.png\n'}
[0.462778] (nav_bot) StdoutLine: {'line': b'-- Up-to-date symlink: /home/rohan/cobotx/install/nav_bot/share/nav_bot/worlds/meshes/nxt_racks/BTS00068631.png.087.png\n'}
[0.462870] (nav_bot) StdoutLine: {'line': b'-- Up-to-date symlink: /home/rohan/cobotx/install/nav_bot/share/nav_bot/worlds/meshes/nxt_racks/BTS00068631.png.088.png\n'}
[0.462958] (nav_bot) StdoutLine: {'line': b'-- Up-to-date symlink: /home/rohan/cobotx/install/nav_bot/share/nav_bot/worlds/meshes/nxt_racks/BTS00068631.png.089.png\n'}
[0.463043] (nav_bot) StdoutLine: {'line': b'-- Up-to-date symlink: /home/rohan/cobotx/install/nav_bot/share/nav_bot/worlds/meshes/nxt_racks/BTS00068631.png.090.png\n'}
[0.463129] (nav_bot) StdoutLine: {'line': b'-- Up-to-date symlink: /home/rohan/cobotx/install/nav_bot/share/nav_bot/worlds/meshes/nxt_racks/BTS00068631.png.091.png\n'}
[0.463214] (nav_bot) StdoutLine: {'line': b'-- Up-to-date symlink: /home/rohan/cobotx/install/nav_bot/share/nav_bot/worlds/meshes/nxt_racks/BTS00068631.png.092.png\n'}
[0.463301] (nav_bot) StdoutLine: {'line': b'-- Up-to-date symlink: /home/rohan/cobotx/install/nav_bot/share/nav_bot/worlds/meshes/nxt_racks/BTS00068631.png.093.png\n'}
[0.463386] (nav_bot) StdoutLine: {'line': b'-- Up-to-date symlink: /home/rohan/cobotx/install/nav_bot/share/nav_bot/worlds/meshes/nxt_racks/BTS00068631.png.094.png\n'}
[0.463472] (nav_bot) StdoutLine: {'line': b'-- Up-to-date symlink: /home/rohan/cobotx/install/nav_bot/share/nav_bot/worlds/meshes/nxt_racks/BTS00068631.png.095.png\n'}
[0.463560] (nav_bot) StdoutLine: {'line': b'-- Up-to-date symlink: /home/rohan/cobotx/install/nav_bot/share/nav_bot/worlds/meshes/nxt_racks/BTS00068631.png.096.png\n'}
[0.463645] (nav_bot) StdoutLine: {'line': b'-- Up-to-date symlink: /home/rohan/cobotx/install/nav_bot/share/nav_bot/worlds/meshes/nxt_racks/BTS00068631.png.097.png\n'}
[0.463730] (nav_bot) StdoutLine: {'line': b'-- Up-to-date symlink: /home/rohan/cobotx/install/nav_bot/share/nav_bot/worlds/meshes/nxt_racks/BTS00068631.png.098.png\n'}
[0.463821] (nav_bot) StdoutLine: {'line': b'-- Up-to-date symlink: /home/rohan/cobotx/install/nav_bot/share/nav_bot/worlds/meshes/nxt_racks/BTS00068631.png.099.png\n'}
[0.463918] (nav_bot) StdoutLine: {'line': b'-- Up-to-date symlink: /home/rohan/cobotx/install/nav_bot/share/nav_bot/worlds/meshes/nxt_racks/BTS00068631.png.100.png\n'}
[0.464004] (nav_bot) StdoutLine: {'line': b'-- Up-to-date symlink: /home/rohan/cobotx/install/nav_bot/share/nav_bot/worlds/meshes/nxt_racks/BTS00068631.png.101.png\n'}
[0.464090] (nav_bot) StdoutLine: {'line': b'-- Up-to-date symlink: /home/rohan/cobotx/install/nav_bot/share/nav_bot/worlds/meshes/nxt_racks/BTS00068631.png.102.png\n'}
[0.464175] (nav_bot) StdoutLine: {'line': b'-- Up-to-date symlink: /home/rohan/cobotx/install/nav_bot/share/nav_bot/worlds/meshes/nxt_racks/BTS00068631.png.103.png\n'}
[0.464260] (nav_bot) StdoutLine: {'line': b'-- Up-to-date symlink: /home/rohan/cobotx/install/nav_bot/share/nav_bot/worlds/meshes/nxt_racks/BTS00068631.png.104.png\n'}
[0.464346] (nav_bot) StdoutLine: {'line': b'-- Up-to-date symlink: /home/rohan/cobotx/install/nav_bot/share/nav_bot/worlds/meshes/nxt_racks/BTS00068631.png.105.png\n'}
[0.464431] (nav_bot) StdoutLine: {'line': b'-- Up-to-date symlink: /home/rohan/cobotx/install/nav_bot/share/nav_bot/worlds/meshes/nxt_racks/BTS00068631.png.106.png\n'}
[0.464518] (nav_bot) StdoutLine: {'line': b'-- Up-to-date symlink: /home/rohan/cobotx/install/nav_bot/share/nav_bot/worlds/meshes/nxt_racks/BTS00068632.png\n'}
[0.464605] (nav_bot) StdoutLine: {'line': b'-- Up-to-date symlink: /home/rohan/cobotx/install/nav_bot/share/nav_bot/worlds/meshes/nxt_racks/BTS00068633.png\n'}
[0.464691] (nav_bot) StdoutLine: {'line': b'-- Up-to-date symlink: /home/rohan/cobotx/install/nav_bot/share/nav_bot/worlds/meshes/nxt_racks/BTS00068634.png\n'}
[0.464779] (nav_bot) StdoutLine: {'line': b'-- Up-to-date symlink: /home/rohan/cobotx/install/nav_bot/share/nav_bot/worlds/meshes/nxt_racks/BTS00068635.png\n'}
[0.464870] (nav_bot) StdoutLine: {'line': b'-- Up-to-date symlink: /home/rohan/cobotx/install/nav_bot/share/nav_bot/worlds/meshes/nxt_racks/BTS00068636.png\n'}
[0.464956] (nav_bot) StdoutLine: {'line': b'-- Up-to-date symlink: /home/rohan/cobotx/install/nav_bot/share/nav_bot/worlds/meshes/nxt_racks/BTS00068637.png\n'}
[0.465042] (nav_bot) StdoutLine: {'line': b'-- Up-to-date symlink: /home/rohan/cobotx/install/nav_bot/share/nav_bot/worlds/meshes/nxt_racks/BTS00068638.png\n'}
[0.465127] (nav_bot) StdoutLine: {'line': b'-- Up-to-date symlink: /home/rohan/cobotx/install/nav_bot/share/nav_bot/worlds/meshes/nxt_racks/BTS00068639.png\n'}
[0.465212] (nav_bot) StdoutLine: {'line': b'-- Up-to-date symlink: /home/rohan/cobotx/install/nav_bot/share/nav_bot/worlds/meshes/nxt_racks/BTS00068640.png\n'}
[0.465298] (nav_bot) StdoutLine: {'line': b'-- Up-to-date symlink: /home/rohan/cobotx/install/nav_bot/share/nav_bot/worlds/meshes/nxt_racks/BTS00068641.png\n'}
[0.465382] (nav_bot) StdoutLine: {'line': b'-- Up-to-date symlink: /home/rohan/cobotx/install/nav_bot/share/nav_bot/worlds/meshes/nxt_racks/BTS00068642.png\n'}
[0.465467] (nav_bot) StdoutLine: {'line': b'-- Up-to-date symlink: /home/rohan/cobotx/install/nav_bot/share/nav_bot/worlds/meshes/nxt_racks/BTS00068643.png\n'}
[0.465551] (nav_bot) StdoutLine: {'line': b'-- Up-to-date symlink: /home/rohan/cobotx/install/nav_bot/share/nav_bot/worlds/meshes/nxt_racks/BTS00068644.png\n'}
[0.465636] (nav_bot) StdoutLine: {'line': b'-- Up-to-date symlink: /home/rohan/cobotx/install/nav_bot/share/nav_bot/worlds/meshes/nxt_racks/BTS00068645.png\n'}
[0.465722] (nav_bot) StdoutLine: {'line': b'-- Up-to-date symlink: /home/rohan/cobotx/install/nav_bot/share/nav_bot/worlds/meshes/nxt_racks/BTS00068646.png\n'}
[0.465810] (nav_bot) StdoutLine: {'line': b'-- Up-to-date symlink: /home/rohan/cobotx/install/nav_bot/share/nav_bot/worlds/meshes/nxt_racks/BTS00068647.png\n'}
[0.465900] (nav_bot) StdoutLine: {'line': b'-- Up-to-date symlink: /home/rohan/cobotx/install/nav_bot/share/nav_bot/worlds/meshes/nxt_racks/BTS00068648.png\n'}
[0.465985] (nav_bot) StdoutLine: {'line': b'-- Up-to-date symlink: /home/rohan/cobotx/install/nav_bot/share/nav_bot/worlds/meshes/nxt_racks/BTS00068649.png\n'}
[0.466069] (nav_bot) StdoutLine: {'line': b'-- Up-to-date symlink: /home/rohan/cobotx/install/nav_bot/share/nav_bot/worlds/meshes/nxt_racks/BTS00068650.png\n'}
[0.466153] (nav_bot) StdoutLine: {'line': b'-- Up-to-date symlink: /home/rohan/cobotx/install/nav_bot/share/nav_bot/worlds/meshes/nxt_racks/BTS00068651.png\n'}
[0.466238] (nav_bot) StdoutLine: {'line': b'-- Up-to-date symlink: /home/rohan/cobotx/install/nav_bot/share/nav_bot/worlds/meshes/nxt_racks/BTS00068652.png\n'}
[0.466323] (nav_bot) StdoutLine: {'line': b'-- Up-to-date symlink: /home/rohan/cobotx/install/nav_bot/share/nav_bot/worlds/meshes/nxt_racks/BTS00068653.png\n'}
[0.466407] (nav_bot) StdoutLine: {'line': b'-- Up-to-date symlink: /home/rohan/cobotx/install/nav_bot/share/nav_bot/worlds/meshes/nxt_racks/BTS00068654.png\n'}
[0.466492] (nav_bot) StdoutLine: {'line': b'-- Up-to-date symlink: /home/rohan/cobotx/install/nav_bot/share/nav_bot/worlds/meshes/nxt_racks/BTS00068655.png\n'}
[0.466577] (nav_bot) StdoutLine: {'line': b'-- Up-to-date symlink: /home/rohan/cobotx/install/nav_bot/share/nav_bot/worlds/meshes/nxt_racks/BTS00068656.png\n'}
[0.466669] (nav_bot) StdoutLine: {'line': b'-- Up-to-date symlink: /home/rohan/cobotx/install/nav_bot/share/nav_bot/worlds/meshes/nxt_racks/BTS00068657.png\n'}
[0.466754] (nav_bot) StdoutLine: {'line': b'-- Up-to-date symlink: /home/rohan/cobotx/install/nav_bot/share/nav_bot/worlds/meshes/nxt_racks/BTS00068658.png\n'}
[0.466846] (nav_bot) StdoutLine: {'line': b'-- Up-to-date symlink: /home/rohan/cobotx/install/nav_bot/share/nav_bot/worlds/meshes/nxt_racks/BTS00068659.png\n'}
[0.466935] (nav_bot) StdoutLine: {'line': b'-- Up-to-date symlink: /home/rohan/cobotx/install/nav_bot/share/nav_bot/worlds/meshes/nxt_racks/BTS00068660.png\n'}
[0.467020] (nav_bot) StdoutLine: {'line': b'-- Up-to-date symlink: /home/rohan/cobotx/install/nav_bot/share/nav_bot/worlds/meshes/nxt_racks/BTS00068661.png\n'}
[0.467104] (nav_bot) StdoutLine: {'line': b'-- Up-to-date symlink: /home/rohan/cobotx/install/nav_bot/share/nav_bot/worlds/meshes/nxt_racks/BTS00068662.png\n'}
[0.467189] (nav_bot) StdoutLine: {'line': b'-- Up-to-date symlink: /home/rohan/cobotx/install/nav_bot/share/nav_bot/worlds/meshes/nxt_racks/BTS00068663.png\n'}
[0.467273] (nav_bot) StdoutLine: {'line': b'-- Up-to-date symlink: /home/rohan/cobotx/install/nav_bot/share/nav_bot/worlds/meshes/nxt_racks/BTS00068664.png\n'}
[0.467358] (nav_bot) StdoutLine: {'line': b'-- Up-to-date symlink: /home/rohan/cobotx/install/nav_bot/share/nav_bot/worlds/meshes/nxt_racks/BTS00068665.png\n'}
[0.467442] (nav_bot) StdoutLine: {'line': b'-- Up-to-date symlink: /home/rohan/cobotx/install/nav_bot/share/nav_bot/worlds/meshes/nxt_racks/BTS00068666.png\n'}
[0.467528] (nav_bot) StdoutLine: {'line': b'-- Up-to-date symlink: /home/rohan/cobotx/install/nav_bot/share/nav_bot/worlds/meshes/nxt_racks/BTS00068667.png\n'}
[0.467614] (nav_bot) StdoutLine: {'line': b'-- Up-to-date symlink: /home/rohan/cobotx/install/nav_bot/share/nav_bot/worlds/meshes/nxt_racks/BTS00068668.png.001.png\n'}
[0.467699] (nav_bot) StdoutLine: {'line': b'-- Up-to-date symlink: /home/rohan/cobotx/install/nav_bot/share/nav_bot/worlds/meshes/nxt_racks/BTS00068669.png.001.png\n'}
[0.467794] (nav_bot) StdoutLine: {'line': b'-- Up-to-date symlink: /home/rohan/cobotx/install/nav_bot/share/nav_bot/worlds/meshes/nxt_racks/BTS00068670.png.001.png\n'}
[0.467886] (nav_bot) StdoutLine: {'line': b'-- Up-to-date symlink: /home/rohan/cobotx/install/nav_bot/share/nav_bot/worlds/meshes/nxt_racks/BTS00068671.png\n'}
[0.467973] (nav_bot) StdoutLine: {'line': b'-- Up-to-date symlink: /home/rohan/cobotx/install/nav_bot/share/nav_bot/worlds/meshes/nxt_racks/BTS00068672.png\n'}
[0.468058] (nav_bot) StdoutLine: {'line': b'-- Up-to-date symlink: /home/rohan/cobotx/install/nav_bot/share/nav_bot/worlds/meshes/nxt_racks/BTS00068673.png\n'}
[0.468143] (nav_bot) StdoutLine: {'line': b'-- Up-to-date symlink: /home/rohan/cobotx/install/nav_bot/share/nav_bot/worlds/meshes/nxt_racks/BTS00068674.png\n'}
[0.468228] (nav_bot) StdoutLine: {'line': b'-- Up-to-date symlink: /home/rohan/cobotx/install/nav_bot/share/nav_bot/worlds/meshes/nxt_racks/BTS00068675.png\n'}
[0.468312] (nav_bot) StdoutLine: {'line': b'-- Up-to-date symlink: /home/rohan/cobotx/install/nav_bot/share/nav_bot/worlds/meshes/nxt_racks/BTS00068676.png\n'}
[0.468397] (nav_bot) StdoutLine: {'line': b'-- Up-to-date symlink: /home/rohan/cobotx/install/nav_bot/share/nav_bot/worlds/meshes/nxt_racks/BTS00068677.png\n'}
[0.468482] (nav_bot) StdoutLine: {'line': b'-- Up-to-date symlink: /home/rohan/cobotx/install/nav_bot/share/nav_bot/worlds/meshes/nxt_racks/BTS00068678.png\n'}
[0.468568] (nav_bot) StdoutLine: {'line': b'-- Up-to-date symlink: /home/rohan/cobotx/install/nav_bot/share/nav_bot/worlds/meshes/nxt_racks/BTS00068679.png\n'}
[0.468654] (nav_bot) StdoutLine: {'line': b'-- Up-to-date symlink: /home/rohan/cobotx/install/nav_bot/share/nav_bot/worlds/meshes/nxt_racks/BTS00068680.png\n'}
[0.468739] (nav_bot) StdoutLine: {'line': b'-- Up-to-date symlink: /home/rohan/cobotx/install/nav_bot/share/nav_bot/worlds/meshes/nxt_racks/BTS00068681.png\n'}
[0.468830] (nav_bot) StdoutLine: {'line': b'-- Up-to-date symlink: /home/rohan/cobotx/install/nav_bot/share/nav_bot/worlds/meshes/nxt_racks/BTS00068682.png.001.png\n'}
[0.468920] (nav_bot) StdoutLine: {'line': b'-- Up-to-date symlink: /home/rohan/cobotx/install/nav_bot/share/nav_bot/worlds/meshes/nxt_racks/BTS00068683.png.001.png\n'}
[0.469005] (nav_bot) StdoutLine: {'line': b'-- Up-to-date symlink: /home/rohan/cobotx/install/nav_bot/share/nav_bot/worlds/meshes/nxt_racks/BTS00068684.png\n'}
[0.469091] (nav_bot) StdoutLine: {'line': b'-- Up-to-date symlink: /home/rohan/cobotx/install/nav_bot/share/nav_bot/worlds/meshes/nxt_racks/BTS00068685.png\n'}
[0.469177] (nav_bot) StdoutLine: {'line': b'-- Up-to-date symlink: /home/rohan/cobotx/install/nav_bot/share/nav_bot/worlds/meshes/nxt_racks/BTS00068686.png\n'}
[0.469262] (nav_bot) StdoutLine: {'line': b'-- Up-to-date symlink: /home/rohan/cobotx/install/nav_bot/share/nav_bot/worlds/meshes/nxt_racks/BTS00068687.png\n'}
[0.469348] (nav_bot) StdoutLine: {'line': b'-- Up-to-date symlink: /home/rohan/cobotx/install/nav_bot/share/nav_bot/worlds/meshes/nxt_racks/BTS00068688.png\n'}
[0.469443] (nav_bot) StdoutLine: {'line': b'-- Up-to-date symlink: /home/rohan/cobotx/install/nav_bot/share/nav_bot/worlds/meshes/nxt_racks/BTS00068689.png\n'}
[0.469521] (nav_bot) StdoutLine: {'line': b'-- Up-to-date symlink: /home/rohan/cobotx/install/nav_bot/share/nav_bot/worlds/meshes/nxt_racks/BTS00068690.png\n'}
[0.469607] (nav_bot) StdoutLine: {'line': b'-- Up-to-date symlink: /home/rohan/cobotx/install/nav_bot/share/nav_bot/worlds/meshes/nxt_racks/BTS00068691.png\n'}
[0.469691] (nav_bot) StdoutLine: {'line': b'-- Up-to-date symlink: /home/rohan/cobotx/install/nav_bot/share/nav_bot/worlds/meshes/nxt_racks/BTS00068692.png\n'}
[0.469780] (nav_bot) StdoutLine: {'line': b'-- Up-to-date symlink: /home/rohan/cobotx/install/nav_bot/share/nav_bot/worlds/meshes/nxt_racks/BTS00068693.png\n'}
[0.469871] (nav_bot) StdoutLine: {'line': b'-- Up-to-date symlink: /home/rohan/cobotx/install/nav_bot/share/nav_bot/worlds/meshes/nxt_racks/BTS00068694.png\n'}
[0.469955] (nav_bot) StdoutLine: {'line': b'-- Up-to-date symlink: /home/rohan/cobotx/install/nav_bot/share/nav_bot/worlds/meshes/nxt_racks/BTS00068695.png\n'}
[0.470040] (nav_bot) StdoutLine: {'line': b'-- Up-to-date symlink: /home/rohan/cobotx/install/nav_bot/share/nav_bot/worlds/meshes/nxt_racks/BTS00068696.png\n'}
[0.470125] (nav_bot) StdoutLine: {'line': b'-- Up-to-date symlink: /home/rohan/cobotx/install/nav_bot/share/nav_bot/worlds/meshes/nxt_racks/BTS00068697.png\n'}
[0.470210] (nav_bot) StdoutLine: {'line': b'-- Up-to-date symlink: /home/rohan/cobotx/install/nav_bot/share/nav_bot/worlds/meshes/nxt_racks/BTS00068698.png\n'}
[0.470296] (nav_bot) StdoutLine: {'line': b'-- Up-to-date symlink: /home/rohan/cobotx/install/nav_bot/share/nav_bot/worlds/meshes/nxt_racks/BTS00068699.png.001.png\n'}
[0.470382] (nav_bot) StdoutLine: {'line': b'-- Up-to-date symlink: /home/rohan/cobotx/install/nav_bot/share/nav_bot/worlds/meshes/nxt_racks/BTS00068700.png\n'}
[0.470468] (nav_bot) StdoutLine: {'line': b'-- Up-to-date symlink: /home/rohan/cobotx/install/nav_bot/share/nav_bot/worlds/meshes/nxt_racks/BTS00068701.png.001.png\n'}
[0.470554] (nav_bot) StdoutLine: {'line': b'-- Up-to-date symlink: /home/rohan/cobotx/install/nav_bot/share/nav_bot/worlds/meshes/nxt_racks/BTS00068702.png.001.png\n'}
[0.470641] (nav_bot) StdoutLine: {'line': b'-- Up-to-date symlink: /home/rohan/cobotx/install/nav_bot/share/nav_bot/worlds/meshes/nxt_racks/BTS00068703.png\n'}
[0.470730] (nav_bot) StdoutLine: {'line': b'-- Up-to-date symlink: /home/rohan/cobotx/install/nav_bot/share/nav_bot/worlds/meshes/nxt_racks/BTS00068704.png\n'}
[0.470820] (nav_bot) StdoutLine: {'line': b'-- Up-to-date symlink: /home/rohan/cobotx/install/nav_bot/share/nav_bot/worlds/meshes/nxt_racks/BTS00068705.png\n'}
[0.470909] (nav_bot) StdoutLine: {'line': b'-- Up-to-date symlink: /home/rohan/cobotx/install/nav_bot/share/nav_bot/worlds/meshes/nxt_racks/BTS00068706.png\n'}
[0.470996] (nav_bot) StdoutLine: {'line': b'-- Up-to-date symlink: /home/rohan/cobotx/install/nav_bot/share/nav_bot/worlds/meshes/nxt_racks/BTS00068707.png\n'}
[0.471082] (nav_bot) StdoutLine: {'line': b'-- Up-to-date symlink: /home/rohan/cobotx/install/nav_bot/share/nav_bot/worlds/meshes/nxt_racks/BTS00068708.png\n'}
[0.471168] (nav_bot) StdoutLine: {'line': b'-- Up-to-date symlink: /home/rohan/cobotx/install/nav_bot/share/nav_bot/worlds/meshes/nxt_racks/BTS00068709.png\n'}
[0.471253] (nav_bot) StdoutLine: {'line': b'-- Up-to-date symlink: /home/rohan/cobotx/install/nav_bot/share/nav_bot/worlds/meshes/nxt_racks/BTS00068710.png\n'}
[0.471339] (nav_bot) StdoutLine: {'line': b'-- Up-to-date symlink: /home/rohan/cobotx/install/nav_bot/share/nav_bot/worlds/meshes/nxt_racks/BTS00068711.png\n'}
[0.471424] (nav_bot) StdoutLine: {'line': b'-- Up-to-date symlink: /home/rohan/cobotx/install/nav_bot/share/nav_bot/worlds/meshes/nxt_racks/BTS00068712.png\n'}
[0.471509] (nav_bot) StdoutLine: {'line': b'-- Up-to-date symlink: /home/rohan/cobotx/install/nav_bot/share/nav_bot/worlds/meshes/nxt_racks/BTS00068713.png\n'}
[0.471594] (nav_bot) StdoutLine: {'line': b'-- Up-to-date symlink: /home/rohan/cobotx/install/nav_bot/share/nav_bot/worlds/meshes/nxt_racks/BTS00068714.png\n'}
[0.471712] (nav_bot) StdoutLine: {'line': b'-- Up-to-date symlink: /home/rohan/cobotx/install/nav_bot/share/nav_bot/worlds/meshes/nxt_racks/BTS00068715.png\n'}
[0.471816] (nav_bot) StdoutLine: {'line': b'-- Up-to-date symlink: /home/rohan/cobotx/install/nav_bot/share/nav_bot/worlds/meshes/nxt_racks/BTS00068716.png\n'}
[0.471908] (nav_bot) StdoutLine: {'line': b'-- Up-to-date symlink: /home/rohan/cobotx/install/nav_bot/share/nav_bot/worlds/meshes/nxt_racks/BTS00068717.png\n'}
[0.471997] (nav_bot) StdoutLine: {'line': b'-- Up-to-date symlink: /home/rohan/cobotx/install/nav_bot/share/nav_bot/worlds/meshes/nxt_racks/BTS00068718.png\n'}
[0.472091] (nav_bot) StdoutLine: {'line': b'-- Up-to-date symlink: /home/rohan/cobotx/install/nav_bot/share/nav_bot/worlds/meshes/nxt_racks/BTS00068719.png\n'}
[0.472176] (nav_bot) StdoutLine: {'line': b'-- Up-to-date symlink: /home/rohan/cobotx/install/nav_bot/share/nav_bot/worlds/meshes/nxt_racks/BTS00068720.png\n'}
[0.472247] (nav_bot) StdoutLine: {'line': b'-- Up-to-date symlink: /home/rohan/cobotx/install/nav_bot/share/nav_bot/worlds/meshes/nxt_racks/BTS00068721.png\n'}
[0.472324] (nav_bot) StdoutLine: {'line': b'-- Up-to-date symlink: /home/rohan/cobotx/install/nav_bot/share/nav_bot/worlds/meshes/nxt_racks/BTS00068722.png\n'}
[0.472405] (nav_bot) StdoutLine: {'line': b'-- Up-to-date symlink: /home/rohan/cobotx/install/nav_bot/share/nav_bot/worlds/meshes/nxt_racks/BTS00068723.png\n'}
[0.472490] (nav_bot) StdoutLine: {'line': b'-- Up-to-date symlink: /home/rohan/cobotx/install/nav_bot/share/nav_bot/worlds/meshes/nxt_racks/BTS00068724.png\n'}
[0.472590] (nav_bot) StdoutLine: {'line': b'-- Up-to-date symlink: /home/rohan/cobotx/install/nav_bot/share/nav_bot/worlds/meshes/nxt_racks/BTS00068725.png\n'}
[0.472704] (nav_bot) StdoutLine: {'line': b'-- Up-to-date symlink: /home/rohan/cobotx/install/nav_bot/share/nav_bot/worlds/meshes/nxt_racks/BTS00068726.png\n'}
[0.472798] (nav_bot) StdoutLine: {'line': b'-- Up-to-date symlink: /home/rohan/cobotx/install/nav_bot/share/nav_bot/worlds/meshes/nxt_racks/BTS00068727.png\n'}
[0.472889] (nav_bot) StdoutLine: {'line': b'-- Up-to-date symlink: /home/rohan/cobotx/install/nav_bot/share/nav_bot/worlds/meshes/nxt_racks/BTS00068728.png\n'}
[0.472969] (nav_bot) StdoutLine: {'line': b'-- Up-to-date symlink: /home/rohan/cobotx/install/nav_bot/share/nav_bot/worlds/meshes/nxt_racks/BTS00068729.png\n'}
[0.473045] (nav_bot) StdoutLine: {'line': b'-- Up-to-date symlink: /home/rohan/cobotx/install/nav_bot/share/nav_bot/worlds/meshes/nxt_racks/BTS00068730.png\n'}
[0.473109] (nav_bot) StdoutLine: {'line': b'-- Up-to-date symlink: /home/rohan/cobotx/install/nav_bot/share/nav_bot/worlds/meshes/nxt_racks/BTS00069884.png\n'}
[0.473175] (nav_bot) StdoutLine: {'line': b'-- Up-to-date symlink: /home/rohan/cobotx/install/nav_bot/share/nav_bot/worlds/meshes/nxt_racks/BTS00069885.png\n'}
[0.473259] (nav_bot) StdoutLine: {'line': b'-- Up-to-date symlink: /home/rohan/cobotx/install/nav_bot/share/nav_bot/worlds/meshes/nxt_racks/BTS00069886.png\n'}
[0.473343] (nav_bot) StdoutLine: {'line': b'-- Up-to-date symlink: /home/rohan/cobotx/install/nav_bot/share/nav_bot/worlds/meshes/nxt_racks/BTS00069887.png\n'}
[0.473427] (nav_bot) StdoutLine: {'line': b'-- Up-to-date symlink: /home/rohan/cobotx/install/nav_bot/share/nav_bot/worlds/meshes/nxt_racks/BTS00069888.png\n'}
[0.473511] (nav_bot) StdoutLine: {'line': b'-- Up-to-date symlink: /home/rohan/cobotx/install/nav_bot/share/nav_bot/worlds/meshes/nxt_racks/BTS00069889.png\n'}
[0.473595] (nav_bot) StdoutLine: {'line': b'-- Up-to-date symlink: /home/rohan/cobotx/install/nav_bot/share/nav_bot/worlds/meshes/nxt_racks/Bois_palette.jpg\n'}
[0.473680] (nav_bot) StdoutLine: {'line': b'-- Up-to-date symlink: /home/rohan/cobotx/install/nav_bot/share/nav_bot/worlds/meshes/nxt_racks/Box_paper_04_1_Base_Color.png\n'}
[0.473773] (nav_bot) StdoutLine: {'line': b'-- Up-to-date symlink: /home/rohan/cobotx/install/nav_bot/share/nav_bot/worlds/meshes/nxt_racks/Box_paper_04_1_Base_Color.png.001.png\n'}
[0.473872] (nav_bot) StdoutLine: {'line': b'-- Up-to-date symlink: /home/rohan/cobotx/install/nav_bot/share/nav_bot/worlds/meshes/nxt_racks/HD-01_A_01.png\n'}
[0.473958] (nav_bot) StdoutLine: {'line': b'-- Up-to-date symlink: /home/rohan/cobotx/install/nav_bot/share/nav_bot/worlds/meshes/nxt_racks/HD-01_A_01.png.002.png\n'}
[0.474043] (nav_bot) StdoutLine: {'line': b'-- Up-to-date symlink: /home/rohan/cobotx/install/nav_bot/share/nav_bot/worlds/meshes/nxt_racks/HD-01_A_01.png.003.png\n'}
[0.474128] (nav_bot) StdoutLine: {'line': b'-- Up-to-date symlink: /home/rohan/cobotx/install/nav_bot/share/nav_bot/worlds/meshes/nxt_racks/HD-01_A_01.png.004.png\n'}
[0.474212] (nav_bot) StdoutLine: {'line': b'-- Up-to-date symlink: /home/rohan/cobotx/install/nav_bot/share/nav_bot/worlds/meshes/nxt_racks/HD-01_A_01.png.005.png\n'}
[0.474297] (nav_bot) StdoutLine: {'line': b'-- Up-to-date symlink: /home/rohan/cobotx/install/nav_bot/share/nav_bot/worlds/meshes/nxt_racks/HD-01_A_01.png.006.png\n'}
[0.474381] (nav_bot) StdoutLine: {'line': b'-- Up-to-date symlink: /home/rohan/cobotx/install/nav_bot/share/nav_bot/worlds/meshes/nxt_racks/HD-01_A_01.png.007.png\n'}
[0.474467] (nav_bot) StdoutLine: {'line': b'-- Up-to-date symlink: /home/rohan/cobotx/install/nav_bot/share/nav_bot/worlds/meshes/nxt_racks/HD-01_A_01.png.008.png\n'}
[0.474553] (nav_bot) StdoutLine: {'line': b'-- Up-to-date symlink: /home/rohan/cobotx/install/nav_bot/share/nav_bot/worlds/meshes/nxt_racks/HD-01_A_01.png.009.png\n'}
[0.474638] (nav_bot) StdoutLine: {'line': b'-- Up-to-date symlink: /home/rohan/cobotx/install/nav_bot/share/nav_bot/worlds/meshes/nxt_racks/HD-01_A_01.png.010.png\n'}
[0.474723] (nav_bot) StdoutLine: {'line': b'-- Up-to-date symlink: /home/rohan/cobotx/install/nav_bot/share/nav_bot/worlds/meshes/nxt_racks/HD-01_A_01.png.011.png\n'}
[0.474812] (nav_bot) StdoutLine: {'line': b'-- Up-to-date symlink: /home/rohan/cobotx/install/nav_bot/share/nav_bot/worlds/meshes/nxt_racks/HD-01_A_01.png.016.png\n'}
[0.474901] (nav_bot) StdoutLine: {'line': b'-- Up-to-date symlink: /home/rohan/cobotx/install/nav_bot/share/nav_bot/worlds/meshes/nxt_racks/HD-01_A_01.png.017.png\n'}
[0.474986] (nav_bot) StdoutLine: {'line': b'-- Up-to-date symlink: /home/rohan/cobotx/install/nav_bot/share/nav_bot/worlds/meshes/nxt_racks/HD-01_A_01.png.018.png\n'}
[0.475070] (nav_bot) StdoutLine: {'line': b'-- Up-to-date symlink: /home/rohan/cobotx/install/nav_bot/share/nav_bot/worlds/meshes/nxt_racks/HD-01_A_01.png.019.png\n'}
[0.475155] (nav_bot) StdoutLine: {'line': b'-- Up-to-date symlink: /home/rohan/cobotx/install/nav_bot/share/nav_bot/worlds/meshes/nxt_racks/HD-01_A_01.png.020.png\n'}
[0.475240] (nav_bot) StdoutLine: {'line': b'-- Up-to-date symlink: /home/rohan/cobotx/install/nav_bot/share/nav_bot/worlds/meshes/nxt_racks/HD-01_A_01.png.021.png\n'}
[0.475324] (nav_bot) StdoutLine: {'line': b'-- Up-to-date symlink: /home/rohan/cobotx/install/nav_bot/share/nav_bot/worlds/meshes/nxt_racks/HD-01_A_01.png.022.png\n'}
[0.475411] (nav_bot) StdoutLine: {'line': b'-- Up-to-date symlink: /home/rohan/cobotx/install/nav_bot/share/nav_bot/worlds/meshes/nxt_racks/HD-01_A_01.png.023.png\n'}
[0.475501] (nav_bot) StdoutLine: {'line': b'-- Up-to-date symlink: /home/rohan/cobotx/install/nav_bot/share/nav_bot/worlds/meshes/nxt_racks/HD-01_A_01.png.024.png\n'}
[0.475587] (nav_bot) StdoutLine: {'line': b'-- Up-to-date symlink: /home/rohan/cobotx/install/nav_bot/share/nav_bot/worlds/meshes/nxt_racks/HD-01_A_01.png.025.png\n'}
[0.475671] (nav_bot) StdoutLine: {'line': b'-- Up-to-date symlink: /home/rohan/cobotx/install/nav_bot/share/nav_bot/worlds/meshes/nxt_racks/HD-01_A_01.png.030.png\n'}
[0.475755] (nav_bot) StdoutLine: {'line': b'-- Up-to-date symlink: /home/rohan/cobotx/install/nav_bot/share/nav_bot/worlds/meshes/nxt_racks/HD-01_A_01.png.031.png\n'}
[0.475844] (nav_bot) StdoutLine: {'line': b'-- Up-to-date symlink: /home/rohan/cobotx/install/nav_bot/share/nav_bot/worlds/meshes/nxt_racks/HD-01_A_01.png.032.png\n'}
[0.475933] (nav_bot) StdoutLine: {'line': b'-- Up-to-date symlink: /home/rohan/cobotx/install/nav_bot/share/nav_bot/worlds/meshes/nxt_racks/HD-01_A_01.png.033.png\n'}
[0.476018] (nav_bot) StdoutLine: {'line': b'-- Up-to-date symlink: /home/rohan/cobotx/install/nav_bot/share/nav_bot/worlds/meshes/nxt_racks/HD-01_A_01.png.034.png\n'}
[0.476103] (nav_bot) StdoutLine: {'line': b'-- Up-to-date symlink: /home/rohan/cobotx/install/nav_bot/share/nav_bot/worlds/meshes/nxt_racks/HD-01_A_01.png.035.png\n'}
[0.476188] (nav_bot) StdoutLine: {'line': b'-- Up-to-date symlink: /home/rohan/cobotx/install/nav_bot/share/nav_bot/worlds/meshes/nxt_racks/HD-01_A_01.png.036.png\n'}
[0.476273] (nav_bot) StdoutLine: {'line': b'-- Up-to-date symlink: /home/rohan/cobotx/install/nav_bot/share/nav_bot/worlds/meshes/nxt_racks/HD-01_A_01.png.037.png\n'}
[0.476357] (nav_bot) StdoutLine: {'line': b'-- Up-to-date symlink: /home/rohan/cobotx/install/nav_bot/share/nav_bot/worlds/meshes/nxt_racks/HD-01_A_01.png.038.png\n'}
[0.476441] (nav_bot) StdoutLine: {'line': b'-- Up-to-date symlink: /home/rohan/cobotx/install/nav_bot/share/nav_bot/worlds/meshes/nxt_racks/HD-01_A_01.png.039.png\n'}
[0.476525] (nav_bot) StdoutLine: {'line': b'-- Up-to-date symlink: /home/rohan/cobotx/install/nav_bot/share/nav_bot/worlds/meshes/nxt_racks/HD-01_A_01.png.044.png\n'}
[0.476609] (nav_bot) StdoutLine: {'line': b'-- Up-to-date symlink: /home/rohan/cobotx/install/nav_bot/share/nav_bot/worlds/meshes/nxt_racks/HD-01_A_01.png.045.png\n'}
[0.476695] (nav_bot) StdoutLine: {'line': b'-- Up-to-date symlink: /home/rohan/cobotx/install/nav_bot/share/nav_bot/worlds/meshes/nxt_racks/HD-01_A_01.png.046.png\n'}
[0.476781] (nav_bot) StdoutLine: {'line': b'-- Up-to-date symlink: /home/rohan/cobotx/install/nav_bot/share/nav_bot/worlds/meshes/nxt_racks/HD-01_A_01.png.047.png\n'}
[0.476869] (nav_bot) StdoutLine: {'line': b'-- Up-to-date symlink: /home/rohan/cobotx/install/nav_bot/share/nav_bot/worlds/meshes/nxt_racks/HD-01_A_01.png.048.png\n'}
[0.476956] (nav_bot) StdoutLine: {'line': b'-- Up-to-date symlink: /home/rohan/cobotx/install/nav_bot/share/nav_bot/worlds/meshes/nxt_racks/HD-01_A_01.png.049.png\n'}
[0.477040] (nav_bot) StdoutLine: {'line': b'-- Up-to-date symlink: /home/rohan/cobotx/install/nav_bot/share/nav_bot/worlds/meshes/nxt_racks/HD-01_A_01.png.050.png\n'}
[0.477124] (nav_bot) StdoutLine: {'line': b'-- Up-to-date symlink: /home/rohan/cobotx/install/nav_bot/share/nav_bot/worlds/meshes/nxt_racks/HD-01_A_01.png.051.png\n'}
[0.477206] (nav_bot) StdoutLine: {'line': b'-- Up-to-date symlink: /home/rohan/cobotx/install/nav_bot/share/nav_bot/worlds/meshes/nxt_racks/HD-01_A_01.png.052.png\n'}
[0.477291] (nav_bot) StdoutLine: {'line': b'-- Up-to-date symlink: /home/rohan/cobotx/install/nav_bot/share/nav_bot/worlds/meshes/nxt_racks/HD-01_A_01.png.053.png\n'}
[0.477374] (nav_bot) StdoutLine: {'line': b'-- Up-to-date symlink: /home/rohan/cobotx/install/nav_bot/share/nav_bot/worlds/meshes/nxt_racks/HD-01_A_01.png.058.png\n'}
[0.477459] (nav_bot) StdoutLine: {'line': b'-- Up-to-date symlink: /home/rohan/cobotx/install/nav_bot/share/nav_bot/worlds/meshes/nxt_racks/HD-01_A_01.png.059.png\n'}
[0.477544] (nav_bot) StdoutLine: {'line': b'-- Up-to-date symlink: /home/rohan/cobotx/install/nav_bot/share/nav_bot/worlds/meshes/nxt_racks/HD-01_A_01.png.060.png\n'}
[0.477629] (nav_bot) StdoutLine: {'line': b'-- Up-to-date symlink: /home/rohan/cobotx/install/nav_bot/share/nav_bot/worlds/meshes/nxt_racks/HD-01_A_01.png.061.png\n'}
[0.477714] (nav_bot) StdoutLine: {'line': b'-- Up-to-date symlink: /home/rohan/cobotx/install/nav_bot/share/nav_bot/worlds/meshes/nxt_racks/HD-01_A_01.png.062.png\n'}
[0.477803] (nav_bot) StdoutLine: {'line': b'-- Up-to-date symlink: /home/rohan/cobotx/install/nav_bot/share/nav_bot/worlds/meshes/nxt_racks/HD-01_A_01.png.063.png\n'}
[0.477892] (nav_bot) StdoutLine: {'line': b'-- Up-to-date symlink: /home/rohan/cobotx/install/nav_bot/share/nav_bot/worlds/meshes/nxt_racks/HD-01_A_01.png.064.png\n'}
[0.477978] (nav_bot) StdoutLine: {'line': b'-- Up-to-date symlink: /home/rohan/cobotx/install/nav_bot/share/nav_bot/worlds/meshes/nxt_racks/HD-01_A_01.png.065.png\n'}
[0.478062] (nav_bot) StdoutLine: {'line': b'-- Up-to-date symlink: /home/rohan/cobotx/install/nav_bot/share/nav_bot/worlds/meshes/nxt_racks/HD-01_A_01.png.066.png\n'}
[0.478145] (nav_bot) StdoutLine: {'line': b'-- Up-to-date symlink: /home/rohan/cobotx/install/nav_bot/share/nav_bot/worlds/meshes/nxt_racks/HD-01_A_01.png.067.png\n'}
[0.478229] (nav_bot) StdoutLine: {'line': b'-- Up-to-date symlink: /home/rohan/cobotx/install/nav_bot/share/nav_bot/worlds/meshes/nxt_racks/HD-01_A_01.png.072.png\n'}
[0.478314] (nav_bot) StdoutLine: {'line': b'-- Up-to-date symlink: /home/rohan/cobotx/install/nav_bot/share/nav_bot/worlds/meshes/nxt_racks/HD-01_A_01.png.073.png\n'}
[0.478400] (nav_bot) StdoutLine: {'line': b'-- Up-to-date symlink: /home/rohan/cobotx/install/nav_bot/share/nav_bot/worlds/meshes/nxt_racks/HD-01_A_01.png.074.png\n'}
[0.478485] (nav_bot) StdoutLine: {'line': b'-- Up-to-date symlink: /home/rohan/cobotx/install/nav_bot/share/nav_bot/worlds/meshes/nxt_racks/HD-01_A_01.png.075.png\n'}
[0.478568] (nav_bot) StdoutLine: {'line': b'-- Up-to-date symlink: /home/rohan/cobotx/install/nav_bot/share/nav_bot/worlds/meshes/nxt_racks/HD-01_A_01.png.076.png\n'}
[0.478658] (nav_bot) StdoutLine: {'line': b'-- Up-to-date symlink: /home/rohan/cobotx/install/nav_bot/share/nav_bot/worlds/meshes/nxt_racks/HD-01_A_01.png.079.png\n'}
[0.478747] (nav_bot) StdoutLine: {'line': b'-- Up-to-date symlink: /home/rohan/cobotx/install/nav_bot/share/nav_bot/worlds/meshes/nxt_racks/HD-01_A_01.png.080.png\n'}
[0.478839] (nav_bot) StdoutLine: {'line': b'-- Up-to-date symlink: /home/rohan/cobotx/install/nav_bot/share/nav_bot/worlds/meshes/nxt_racks/HD-01_A_01.png.081.png\n'}
[0.478927] (nav_bot) StdoutLine: {'line': b'-- Up-to-date symlink: /home/rohan/cobotx/install/nav_bot/share/nav_bot/worlds/meshes/nxt_racks/HD-01_A_01.png.082.png\n'}
[0.479013] (nav_bot) StdoutLine: {'line': b'-- Up-to-date symlink: /home/rohan/cobotx/install/nav_bot/share/nav_bot/worlds/meshes/nxt_racks/HD-01_A_01.png.083.png\n'}
[0.479096] (nav_bot) StdoutLine: {'line': b'-- Up-to-date symlink: /home/rohan/cobotx/install/nav_bot/share/nav_bot/worlds/meshes/nxt_racks/HD-01_A_01.png.084.png\n'}
[0.479186] (nav_bot) StdoutLine: {'line': b'-- Up-to-date symlink: /home/rohan/cobotx/install/nav_bot/share/nav_bot/worlds/meshes/nxt_racks/HD-01_A_01.png.085.png\n'}
[0.479273] (nav_bot) StdoutLine: {'line': b'-- Up-to-date symlink: /home/rohan/cobotx/install/nav_bot/share/nav_bot/worlds/meshes/nxt_racks/HD-01_A_01.png.086.png\n'}
[0.479357] (nav_bot) StdoutLine: {'line': b'-- Up-to-date symlink: /home/rohan/cobotx/install/nav_bot/share/nav_bot/worlds/meshes/nxt_racks/HD-01_A_01.png.087.png\n'}
[0.479441] (nav_bot) StdoutLine: {'line': b'-- Up-to-date symlink: /home/rohan/cobotx/install/nav_bot/share/nav_bot/worlds/meshes/nxt_racks/HD-01_A_01.png.088.png\n'}
[0.479526] (nav_bot) StdoutLine: {'line': b'-- Up-to-date symlink: /home/rohan/cobotx/install/nav_bot/share/nav_bot/worlds/meshes/nxt_racks/HD-01_A_01.png.093.png\n'}
[0.479610] (nav_bot) StdoutLine: {'line': b'-- Up-to-date symlink: /home/rohan/cobotx/install/nav_bot/share/nav_bot/worlds/meshes/nxt_racks/HD-01_A_01.png.094.png\n'}
[0.479695] (nav_bot) StdoutLine: {'line': b'-- Up-to-date symlink: /home/rohan/cobotx/install/nav_bot/share/nav_bot/worlds/meshes/nxt_racks/HD-01_A_01.png.095.png\n'}
[0.479785] (nav_bot) StdoutLine: {'line': b'-- Up-to-date symlink: /home/rohan/cobotx/install/nav_bot/share/nav_bot/worlds/meshes/nxt_racks/HD-01_A_01.png.096.png\n'}
[0.479874] (nav_bot) StdoutLine: {'line': b'-- Up-to-date symlink: /home/rohan/cobotx/install/nav_bot/share/nav_bot/worlds/meshes/nxt_racks/HD-01_A_01.png.097.png\n'}
[0.479960] (nav_bot) StdoutLine: {'line': b'-- Up-to-date symlink: /home/rohan/cobotx/install/nav_bot/share/nav_bot/worlds/meshes/nxt_racks/HD-01_A_01.png.098.png\n'}
[0.480044] (nav_bot) StdoutLine: {'line': b'-- Up-to-date symlink: /home/rohan/cobotx/install/nav_bot/share/nav_bot/worlds/meshes/nxt_racks/HD-01_A_01.png.099.png\n'}
[0.480128] (nav_bot) StdoutLine: {'line': b'-- Up-to-date symlink: /home/rohan/cobotx/install/nav_bot/share/nav_bot/worlds/meshes/nxt_racks/HD-01_A_01.png.100.png\n'}
[0.480213] (nav_bot) StdoutLine: {'line': b'-- Up-to-date symlink: /home/rohan/cobotx/install/nav_bot/share/nav_bot/worlds/meshes/nxt_racks/HD-01_A_01.png.101.png\n'}
[0.480297] (nav_bot) StdoutLine: {'line': b'-- Up-to-date symlink: /home/rohan/cobotx/install/nav_bot/share/nav_bot/worlds/meshes/nxt_racks/HD-01_A_01.png.102.png\n'}
[0.480382] (nav_bot) StdoutLine: {'line': b'-- Up-to-date symlink: /home/rohan/cobotx/install/nav_bot/share/nav_bot/worlds/meshes/nxt_racks/HD-01_A_01.png.107.png\n'}
[0.480466] (nav_bot) StdoutLine: {'line': b'-- Up-to-date symlink: /home/rohan/cobotx/install/nav_bot/share/nav_bot/worlds/meshes/nxt_racks/HD-01_A_01.png.108.png\n'}
[0.480550] (nav_bot) StdoutLine: {'line': b'-- Up-to-date symlink: /home/rohan/cobotx/install/nav_bot/share/nav_bot/worlds/meshes/nxt_racks/HD-01_A_01.png.109.png\n'}
[0.480634] (nav_bot) StdoutLine: {'line': b'-- Up-to-date symlink: /home/rohan/cobotx/install/nav_bot/share/nav_bot/worlds/meshes/nxt_racks/HD-01_A_01.png.110.png\n'}
[0.480719] (nav_bot) StdoutLine: {'line': b'-- Up-to-date symlink: /home/rohan/cobotx/install/nav_bot/share/nav_bot/worlds/meshes/nxt_racks/HD-01_A_01.png.111.png\n'}
[0.480807] (nav_bot) StdoutLine: {'line': b'-- Up-to-date symlink: /home/rohan/cobotx/install/nav_bot/share/nav_bot/worlds/meshes/nxt_racks/HD-01_A_01.png.112.png\n'}
[0.480895] (nav_bot) StdoutLine: {'line': b'-- Up-to-date symlink: /home/rohan/cobotx/install/nav_bot/share/nav_bot/worlds/meshes/nxt_racks/HD-01_A_01.png.113.png\n'}
[0.480980] (nav_bot) StdoutLine: {'line': b'-- Up-to-date symlink: /home/rohan/cobotx/install/nav_bot/share/nav_bot/worlds/meshes/nxt_racks/HD-01_A_01.png.114.png\n'}
[0.481065] (nav_bot) StdoutLine: {'line': b'-- Up-to-date symlink: /home/rohan/cobotx/install/nav_bot/share/nav_bot/worlds/meshes/nxt_racks/HD-01_A_01.png.115.png\n'}
[0.481149] (nav_bot) StdoutLine: {'line': b'-- Up-to-date symlink: /home/rohan/cobotx/install/nav_bot/share/nav_bot/worlds/meshes/nxt_racks/HD-01_A_01.png.122.png\n'}
[0.481233] (nav_bot) StdoutLine: {'line': b'-- Up-to-date symlink: /home/rohan/cobotx/install/nav_bot/share/nav_bot/worlds/meshes/nxt_racks/HD-01_A_01.png.123.png\n'}
[0.481317] (nav_bot) StdoutLine: {'line': b'-- Up-to-date symlink: /home/rohan/cobotx/install/nav_bot/share/nav_bot/worlds/meshes/nxt_racks/HD-01_A_01.png.124.png\n'}
[0.481400] (nav_bot) StdoutLine: {'line': b'-- Up-to-date symlink: /home/rohan/cobotx/install/nav_bot/share/nav_bot/worlds/meshes/nxt_racks/HD-01_A_01.png.125.png\n'}
[0.481484] (nav_bot) StdoutLine: {'line': b'-- Up-to-date symlink: /home/rohan/cobotx/install/nav_bot/share/nav_bot/worlds/meshes/nxt_racks/HD-01_A_01.png.126.png\n'}
[0.481568] (nav_bot) StdoutLine: {'line': b'-- Up-to-date symlink: /home/rohan/cobotx/install/nav_bot/share/nav_bot/worlds/meshes/nxt_racks/HD-01_A_01.png.127.png\n'}
[0.481653] (nav_bot) StdoutLine: {'line': b'-- Up-to-date symlink: /home/rohan/cobotx/install/nav_bot/share/nav_bot/worlds/meshes/nxt_racks/HD-01_A_01.png.128.png\n'}
[0.481736] (nav_bot) StdoutLine: {'line': b'-- Up-to-date symlink: /home/rohan/cobotx/install/nav_bot/share/nav_bot/worlds/meshes/nxt_racks/HD-01_A_01.png.129.png\n'}
[0.481825] (nav_bot) StdoutLine: {'line': b'-- Up-to-date symlink: /home/rohan/cobotx/install/nav_bot/share/nav_bot/worlds/meshes/nxt_racks/HD-01_A_01.png.130.png\n'}
[0.481913] (nav_bot) StdoutLine: {'line': b'-- Up-to-date symlink: /home/rohan/cobotx/install/nav_bot/share/nav_bot/worlds/meshes/nxt_racks/HD-01_A_01.png.135.png\n'}
[0.481997] (nav_bot) StdoutLine: {'line': b'-- Up-to-date symlink: /home/rohan/cobotx/install/nav_bot/share/nav_bot/worlds/meshes/nxt_racks/HD-01_A_01.png.136.png\n'}
[0.482082] (nav_bot) StdoutLine: {'line': b'-- Up-to-date symlink: /home/rohan/cobotx/install/nav_bot/share/nav_bot/worlds/meshes/nxt_racks/HD-01_A_01.png.137.png\n'}
[0.482166] (nav_bot) StdoutLine: {'line': b'-- Up-to-date symlink: /home/rohan/cobotx/install/nav_bot/share/nav_bot/worlds/meshes/nxt_racks/HD-01_A_01.png.138.png\n'}
[0.482252] (nav_bot) StdoutLine: {'line': b'-- Up-to-date symlink: /home/rohan/cobotx/install/nav_bot/share/nav_bot/worlds/meshes/nxt_racks/HD-01_A_01.png.139.png\n'}
[0.482337] (nav_bot) StdoutLine: {'line': b'-- Up-to-date symlink: /home/rohan/cobotx/install/nav_bot/share/nav_bot/worlds/meshes/nxt_racks/HD-01_A_01.png.142.png\n'}
[0.482423] (nav_bot) StdoutLine: {'line': b'-- Up-to-date symlink: /home/rohan/cobotx/install/nav_bot/share/nav_bot/worlds/meshes/nxt_racks/HD-01_A_01.png.143.png\n'}
[0.482507] (nav_bot) StdoutLine: {'line': b'-- Up-to-date symlink: /home/rohan/cobotx/install/nav_bot/share/nav_bot/worlds/meshes/nxt_racks/HD-01_A_01.png.144.png\n'}
[0.482591] (nav_bot) StdoutLine: {'line': b'-- Up-to-date symlink: /home/rohan/cobotx/install/nav_bot/share/nav_bot/worlds/meshes/nxt_racks/HD-01_A_01.png.145.png\n'}
[0.482676] (nav_bot) StdoutLine: {'line': b'-- Up-to-date symlink: /home/rohan/cobotx/install/nav_bot/share/nav_bot/worlds/meshes/nxt_racks/HD-01_A_01.png.146.png\n'}
[0.482761] (nav_bot) StdoutLine: {'line': b'-- Up-to-date symlink: /home/rohan/cobotx/install/nav_bot/share/nav_bot/worlds/meshes/nxt_racks/HD-01_A_01.png.147.png\n'}
[0.482856] (nav_bot) StdoutLine: {'line': b'-- Up-to-date symlink: /home/rohan/cobotx/install/nav_bot/share/nav_bot/worlds/meshes/nxt_racks/HD-01_A_01.png.148.png\n'}
[0.482944] (nav_bot) StdoutLine: {'line': b'-- Up-to-date symlink: /home/rohan/cobotx/install/nav_bot/share/nav_bot/worlds/meshes/nxt_racks/HD-01_A_01.png.149.png\n'}
[0.483029] (nav_bot) StdoutLine: {'line': b'-- Up-to-date symlink: /home/rohan/cobotx/install/nav_bot/share/nav_bot/worlds/meshes/nxt_racks/HD-01_A_01.png.150.png\n'}
[0.483113] (nav_bot) StdoutLine: {'line': b'-- Up-to-date symlink: /home/rohan/cobotx/install/nav_bot/share/nav_bot/worlds/meshes/nxt_racks/HD-01_A_01.png.151.png\n'}
[0.483198] (nav_bot) StdoutLine: {'line': b'-- Up-to-date symlink: /home/rohan/cobotx/install/nav_bot/share/nav_bot/worlds/meshes/nxt_racks/HD-01_A_01.png.156.png\n'}
[0.483281] (nav_bot) StdoutLine: {'line': b'-- Up-to-date symlink: /home/rohan/cobotx/install/nav_bot/share/nav_bot/worlds/meshes/nxt_racks/HD-01_A_01.png.157.png\n'}
[0.483366] (nav_bot) StdoutLine: {'line': b'-- Up-to-date symlink: /home/rohan/cobotx/install/nav_bot/share/nav_bot/worlds/meshes/nxt_racks/HD-01_A_01.png.158.png\n'}
[0.483449] (nav_bot) StdoutLine: {'line': b'-- Up-to-date symlink: /home/rohan/cobotx/install/nav_bot/share/nav_bot/worlds/meshes/nxt_racks/HD-01_A_01.png.159.png\n'}
[0.483534] (nav_bot) StdoutLine: {'line': b'-- Up-to-date symlink: /home/rohan/cobotx/install/nav_bot/share/nav_bot/worlds/meshes/nxt_racks/HD-01_A_01.png.160.png\n'}
[0.483618] (nav_bot) StdoutLine: {'line': b'-- Up-to-date symlink: /home/rohan/cobotx/install/nav_bot/share/nav_bot/worlds/meshes/nxt_racks/HD-01_A_01.png.161.png\n'}
[0.483703] (nav_bot) StdoutLine: {'line': b'-- Up-to-date symlink: /home/rohan/cobotx/install/nav_bot/share/nav_bot/worlds/meshes/nxt_racks/HD-01_A_01.png.162.png\n'}
[0.483791] (nav_bot) StdoutLine: {'line': b'-- Up-to-date symlink: /home/rohan/cobotx/install/nav_bot/share/nav_bot/worlds/meshes/nxt_racks/HD-01_A_01.png.163.png\n'}
[0.483880] (nav_bot) StdoutLine: {'line': b'-- Up-to-date symlink: /home/rohan/cobotx/install/nav_bot/share/nav_bot/worlds/meshes/nxt_racks/HD-01_A_01.png.164.png\n'}
[0.483965] (nav_bot) StdoutLine: {'line': b'-- Up-to-date symlink: /home/rohan/cobotx/install/nav_bot/share/nav_bot/worlds/meshes/nxt_racks/HD-01_A_01.png.165.png\n'}
[0.484049] (nav_bot) StdoutLine: {'line': b'-- Up-to-date symlink: /home/rohan/cobotx/install/nav_bot/share/nav_bot/worlds/meshes/nxt_racks/HD-01_A_01.png.170.png\n'}
[0.484133] (nav_bot) StdoutLine: {'line': b'-- Up-to-date symlink: /home/rohan/cobotx/install/nav_bot/share/nav_bot/worlds/meshes/nxt_racks/HD-01_A_01.png.171.png\n'}
[0.484217] (nav_bot) StdoutLine: {'line': b'-- Up-to-date symlink: /home/rohan/cobotx/install/nav_bot/share/nav_bot/worlds/meshes/nxt_racks/HD-01_A_01.png.172.png\n'}
[0.484301] (nav_bot) StdoutLine: {'line': b'-- Up-to-date symlink: /home/rohan/cobotx/install/nav_bot/share/nav_bot/worlds/meshes/nxt_racks/HD-01_A_01.png.173.png\n'}
[0.484386] (nav_bot) StdoutLine: {'line': b'-- Up-to-date symlink: /home/rohan/cobotx/install/nav_bot/share/nav_bot/worlds/meshes/nxt_racks/HD-01_A_01.png.174.png\n'}
[0.484470] (nav_bot) StdoutLine: {'line': b'-- Up-to-date symlink: /home/rohan/cobotx/install/nav_bot/share/nav_bot/worlds/meshes/nxt_racks/HD-01_A_01.png.175.png\n'}
[0.484554] (nav_bot) StdoutLine: {'line': b'-- Up-to-date symlink: /home/rohan/cobotx/install/nav_bot/share/nav_bot/worlds/meshes/nxt_racks/HD-01_A_01.png.176.png\n'}
[0.484639] (nav_bot) StdoutLine: {'line': b'-- Up-to-date symlink: /home/rohan/cobotx/install/nav_bot/share/nav_bot/worlds/meshes/nxt_racks/HD-01_A_01.png.177.png\n'}
[0.484724] (nav_bot) StdoutLine: {'line': b'-- Up-to-date symlink: /home/rohan/cobotx/install/nav_bot/share/nav_bot/worlds/meshes/nxt_racks/HD-01_A_01.png.178.png\n'}
[0.484813] (nav_bot) StdoutLine: {'line': b'-- Up-to-date symlink: /home/rohan/cobotx/install/nav_bot/share/nav_bot/worlds/meshes/nxt_racks/HD-01_A_01.png.179.png\n'}
[0.484902] (nav_bot) StdoutLine: {'line': b'-- Up-to-date symlink: /home/rohan/cobotx/install/nav_bot/share/nav_bot/worlds/meshes/nxt_racks/HD-01_A_01.png.184.png\n'}
[0.484988] (nav_bot) StdoutLine: {'line': b'-- Up-to-date symlink: /home/rohan/cobotx/install/nav_bot/share/nav_bot/worlds/meshes/nxt_racks/HD-01_A_01.png.185.png\n'}
[0.485073] (nav_bot) StdoutLine: {'line': b'-- Up-to-date symlink: /home/rohan/cobotx/install/nav_bot/share/nav_bot/worlds/meshes/nxt_racks/HD-01_A_01.png.186.png\n'}
[0.485158] (nav_bot) StdoutLine: {'line': b'-- Up-to-date symlink: /home/rohan/cobotx/install/nav_bot/share/nav_bot/worlds/meshes/nxt_racks/HD-01_A_01.png.187.png\n'}
[0.485243] (nav_bot) StdoutLine: {'line': b'-- Up-to-date symlink: /home/rohan/cobotx/install/nav_bot/share/nav_bot/worlds/meshes/nxt_racks/HD-01_A_01.png.188.png\n'}
[0.485328] (nav_bot) StdoutLine: {'line': b'-- Up-to-date symlink: /home/rohan/cobotx/install/nav_bot/share/nav_bot/worlds/meshes/nxt_racks/HD-01_A_01.png.189.png\n'}
[0.485414] (nav_bot) StdoutLine: {'line': b'-- Up-to-date symlink: /home/rohan/cobotx/install/nav_bot/share/nav_bot/worlds/meshes/nxt_racks/HD-01_A_01.png.190.png\n'}
[0.485498] (nav_bot) StdoutLine: {'line': b'-- Up-to-date symlink: /home/rohan/cobotx/install/nav_bot/share/nav_bot/worlds/meshes/nxt_racks/HD-01_A_01.png.191.png\n'}
[0.485582] (nav_bot) StdoutLine: {'line': b'-- Up-to-date symlink: /home/rohan/cobotx/install/nav_bot/share/nav_bot/worlds/meshes/nxt_racks/HD-01_A_01.png.192.png\n'}
[0.485667] (nav_bot) StdoutLine: {'line': b'-- Up-to-date symlink: /home/rohan/cobotx/install/nav_bot/share/nav_bot/worlds/meshes/nxt_racks/HD-01_A_01.png.193.png\n'}
[0.485751] (nav_bot) StdoutLine: {'line': b'-- Up-to-date symlink: /home/rohan/cobotx/install/nav_bot/share/nav_bot/worlds/meshes/nxt_racks/HD-01_A_01.png.198.png\n'}
[0.485839] (nav_bot) StdoutLine: {'line': b'-- Up-to-date symlink: /home/rohan/cobotx/install/nav_bot/share/nav_bot/worlds/meshes/nxt_racks/HD-01_A_01.png.199.png\n'}
[0.485928] (nav_bot) StdoutLine: {'line': b'-- Up-to-date symlink: /home/rohan/cobotx/install/nav_bot/share/nav_bot/worlds/meshes/nxt_racks/HD-01_A_01.png.200.png\n'}
[0.486013] (nav_bot) StdoutLine: {'line': b'-- Up-to-date symlink: /home/rohan/cobotx/install/nav_bot/share/nav_bot/worlds/meshes/nxt_racks/HD-01_A_01.png.201.png\n'}
[0.486097] (nav_bot) StdoutLine: {'line': b'-- Up-to-date symlink: /home/rohan/cobotx/install/nav_bot/share/nav_bot/worlds/meshes/nxt_racks/HD-01_A_01.png.202.png\n'}
[0.486181] (nav_bot) StdoutLine: {'line': b'-- Up-to-date symlink: /home/rohan/cobotx/install/nav_bot/share/nav_bot/worlds/meshes/nxt_racks/HD-01_A_01.png.203.png\n'}
[0.486266] (nav_bot) StdoutLine: {'line': b'-- Up-to-date symlink: /home/rohan/cobotx/install/nav_bot/share/nav_bot/worlds/meshes/nxt_racks/HD-01_A_01.png.204.png\n'}
[0.486350] (nav_bot) StdoutLine: {'line': b'-- Up-to-date symlink: /home/rohan/cobotx/install/nav_bot/share/nav_bot/worlds/meshes/nxt_racks/HD-01_A_01.png.205.png\n'}
[0.486441] (nav_bot) StdoutLine: {'line': b'-- Up-to-date symlink: /home/rohan/cobotx/install/nav_bot/share/nav_bot/worlds/meshes/nxt_racks/HD-01_A_01.png.206.png\n'}
[0.486527] (nav_bot) StdoutLine: {'line': b'-- Up-to-date symlink: /home/rohan/cobotx/install/nav_bot/share/nav_bot/worlds/meshes/nxt_racks/HD-01_A_01.png.207.png\n'}
[0.486611] (nav_bot) StdoutLine: {'line': b'-- Up-to-date symlink: /home/rohan/cobotx/install/nav_bot/share/nav_bot/worlds/meshes/nxt_racks/HD-01_A_01.png.212.png\n'}
[0.486695] (nav_bot) StdoutLine: {'line': b'-- Up-to-date symlink: /home/rohan/cobotx/install/nav_bot/share/nav_bot/worlds/meshes/nxt_racks/HD-01_A_01.png.213.png\n'}
[0.486783] (nav_bot) StdoutLine: {'line': b'-- Up-to-date symlink: /home/rohan/cobotx/install/nav_bot/share/nav_bot/worlds/meshes/nxt_racks/HD-01_A_01.png.214.png\n'}
[0.486926] (nav_bot) StdoutLine: {'line': b'-- Up-to-date symlink: /home/rohan/cobotx/install/nav_bot/share/nav_bot/worlds/meshes/nxt_racks/HD-01_A_01.png.215.png\n'}
[0.487026] (nav_bot) StdoutLine: {'line': b'-- Up-to-date symlink: /home/rohan/cobotx/install/nav_bot/share/nav_bot/worlds/meshes/nxt_racks/HD-01_A_01.png.216.png\n'}
[0.487109] (nav_bot) StdoutLine: {'line': b'-- Up-to-date symlink: /home/rohan/cobotx/install/nav_bot/share/nav_bot/worlds/meshes/nxt_racks/HD-01_A_01.png.217.png\n'}
[0.487198] (nav_bot) StdoutLine: {'line': b'-- Up-to-date symlink: /home/rohan/cobotx/install/nav_bot/share/nav_bot/worlds/meshes/nxt_racks/HD-01_A_01.png.218.png\n'}
[0.487284] (nav_bot) StdoutLine: {'line': b'-- Up-to-date symlink: /home/rohan/cobotx/install/nav_bot/share/nav_bot/worlds/meshes/nxt_racks/HD-01_A_01.png.219.png\n'}
[0.487367] (nav_bot) StdoutLine: {'line': b'-- Up-to-date symlink: /home/rohan/cobotx/install/nav_bot/share/nav_bot/worlds/meshes/nxt_racks/HD-01_A_01.png.220.png\n'}
[0.487441] (nav_bot) StdoutLine: {'line': b'-- Up-to-date symlink: /home/rohan/cobotx/install/nav_bot/share/nav_bot/worlds/meshes/nxt_racks/HD-01_A_01.png.221.png\n'}
[0.487524] (nav_bot) StdoutLine: {'line': b'-- Up-to-date symlink: /home/rohan/cobotx/install/nav_bot/share/nav_bot/worlds/meshes/nxt_racks/HD-01_A_01.png.226.png\n'}
[0.487597] (nav_bot) StdoutLine: {'line': b'-- Up-to-date symlink: /home/rohan/cobotx/install/nav_bot/share/nav_bot/worlds/meshes/nxt_racks/HD-01_A_01.png.227.png\n'}
[0.487659] (nav_bot) StdoutLine: {'line': b'-- Up-to-date symlink: /home/rohan/cobotx/install/nav_bot/share/nav_bot/worlds/meshes/nxt_racks/HD-01_A_01.png.228.png\n'}
[0.487726] (nav_bot) StdoutLine: {'line': b'-- Up-to-date symlink: /home/rohan/cobotx/install/nav_bot/share/nav_bot/worlds/meshes/nxt_racks/HD-01_A_01.png.229.png\n'}
[0.487810] (nav_bot) StdoutLine: {'line': b'-- Up-to-date symlink: /home/rohan/cobotx/install/nav_bot/share/nav_bot/worlds/meshes/nxt_racks/HD-01_A_01.png.230.png\n'}
[0.487898] (nav_bot) StdoutLine: {'line': b'-- Up-to-date symlink: /home/rohan/cobotx/install/nav_bot/share/nav_bot/worlds/meshes/nxt_racks/HD-01_A_01.png.231.png\n'}
[0.487984] (nav_bot) StdoutLine: {'line': b'-- Up-to-date symlink: /home/rohan/cobotx/install/nav_bot/share/nav_bot/worlds/meshes/nxt_racks/HD-01_A_01.png.232.png\n'}
[0.488069] (nav_bot) StdoutLine: {'line': b'-- Up-to-date symlink: /home/rohan/cobotx/install/nav_bot/share/nav_bot/worlds/meshes/nxt_racks/HD-01_A_01.png.233.png\n'}
[0.488155] (nav_bot) StdoutLine: {'line': b'-- Up-to-date symlink: /home/rohan/cobotx/install/nav_bot/share/nav_bot/worlds/meshes/nxt_racks/HD-01_A_01.png.234.png\n'}
[0.488240] (nav_bot) StdoutLine: {'line': b'-- Up-to-date symlink: /home/rohan/cobotx/install/nav_bot/share/nav_bot/worlds/meshes/nxt_racks/HD-01_A_01.png.235.png\n'}
[0.488325] (nav_bot) StdoutLine: {'line': b'-- Up-to-date symlink: /home/rohan/cobotx/install/nav_bot/share/nav_bot/worlds/meshes/nxt_racks/HD-01_A_01.png.240.png\n'}
[0.488409] (nav_bot) StdoutLine: {'line': b'-- Up-to-date symlink: /home/rohan/cobotx/install/nav_bot/share/nav_bot/worlds/meshes/nxt_racks/HD-01_A_01.png.241.png\n'}
[0.488493] (nav_bot) StdoutLine: {'line': b'-- Up-to-date symlink: /home/rohan/cobotx/install/nav_bot/share/nav_bot/worlds/meshes/nxt_racks/HD-01_A_01.png.242.png\n'}
[0.488578] (nav_bot) StdoutLine: {'line': b'-- Up-to-date symlink: /home/rohan/cobotx/install/nav_bot/share/nav_bot/worlds/meshes/nxt_racks/HD-01_A_01.png.243.png\n'}
[0.488662] (nav_bot) StdoutLine: {'line': b'-- Up-to-date symlink: /home/rohan/cobotx/install/nav_bot/share/nav_bot/worlds/meshes/nxt_racks/HD-01_A_01.png.244.png\n'}
[0.488747] (nav_bot) StdoutLine: {'line': b'-- Up-to-date symlink: /home/rohan/cobotx/install/nav_bot/share/nav_bot/worlds/meshes/nxt_racks/HD-01_A_01.png.245.png\n'}
[0.488837] (nav_bot) StdoutLine: {'line': b'-- Up-to-date symlink: /home/rohan/cobotx/install/nav_bot/share/nav_bot/worlds/meshes/nxt_racks/HD-01_A_01.png.246.png\n'}
[0.488927] (nav_bot) StdoutLine: {'line': b'-- Up-to-date symlink: /home/rohan/cobotx/install/nav_bot/share/nav_bot/worlds/meshes/nxt_racks/HD-01_A_01.png.247.png\n'}
[0.489012] (nav_bot) StdoutLine: {'line': b'-- Up-to-date symlink: /home/rohan/cobotx/install/nav_bot/share/nav_bot/worlds/meshes/nxt_racks/HD-01_A_01.png.248.png\n'}
[0.489098] (nav_bot) StdoutLine: {'line': b'-- Up-to-date symlink: /home/rohan/cobotx/install/nav_bot/share/nav_bot/worlds/meshes/nxt_racks/HD-01_A_01.png.249.png\n'}
[0.489183] (nav_bot) StdoutLine: {'line': b'-- Up-to-date symlink: /home/rohan/cobotx/install/nav_bot/share/nav_bot/worlds/meshes/nxt_racks/HD-01_A_01.png.254.png\n'}
[0.489267] (nav_bot) StdoutLine: {'line': b'-- Up-to-date symlink: /home/rohan/cobotx/install/nav_bot/share/nav_bot/worlds/meshes/nxt_racks/HD-01_A_01.png.255.png\n'}
[0.489352] (nav_bot) StdoutLine: {'line': b'-- Up-to-date symlink: /home/rohan/cobotx/install/nav_bot/share/nav_bot/worlds/meshes/nxt_racks/HD-01_A_01.png.256.png\n'}
[0.489438] (nav_bot) StdoutLine: {'line': b'-- Up-to-date symlink: /home/rohan/cobotx/install/nav_bot/share/nav_bot/worlds/meshes/nxt_racks/HD-01_A_01.png.257.png\n'}
[0.489522] (nav_bot) StdoutLine: {'line': b'-- Up-to-date symlink: /home/rohan/cobotx/install/nav_bot/share/nav_bot/worlds/meshes/nxt_racks/HD-01_A_01.png.258.png\n'}
[0.489608] (nav_bot) StdoutLine: {'line': b'-- Up-to-date symlink: /home/rohan/cobotx/install/nav_bot/share/nav_bot/worlds/meshes/nxt_racks/HD-01_A_02.png\n'}
[0.489693] (nav_bot) StdoutLine: {'line': b'-- Up-to-date symlink: /home/rohan/cobotx/install/nav_bot/share/nav_bot/worlds/meshes/nxt_racks/HD-01_A_03.png\n'}
[0.489779] (nav_bot) StdoutLine: {'line': b'-- Up-to-date symlink: /home/rohan/cobotx/install/nav_bot/share/nav_bot/worlds/meshes/nxt_racks/HD-01_A_04.png\n'}
[0.489870] (nav_bot) StdoutLine: {'line': b'-- Up-to-date symlink: /home/rohan/cobotx/install/nav_bot/share/nav_bot/worlds/meshes/nxt_racks/HD-01_A_05.png\n'}
[0.489954] (nav_bot) StdoutLine: {'line': b'-- Up-to-date symlink: /home/rohan/cobotx/install/nav_bot/share/nav_bot/worlds/meshes/nxt_racks/HD-01_A_06.png\n'}
[0.490040] (nav_bot) StdoutLine: {'line': b'-- Up-to-date symlink: /home/rohan/cobotx/install/nav_bot/share/nav_bot/worlds/meshes/nxt_racks/HD-01_A_07.png\n'}
[0.490124] (nav_bot) StdoutLine: {'line': b'-- Up-to-date symlink: /home/rohan/cobotx/install/nav_bot/share/nav_bot/worlds/meshes/nxt_racks/HD-01_A_08.png\n'}
[0.490214] (nav_bot) StdoutLine: {'line': b'-- Up-to-date symlink: /home/rohan/cobotx/install/nav_bot/share/nav_bot/worlds/meshes/nxt_racks/HD-01_A_09.png\n'}
[0.490299] (nav_bot) StdoutLine: {'line': b'-- Up-to-date symlink: /home/rohan/cobotx/install/nav_bot/share/nav_bot/worlds/meshes/nxt_racks/HD-01_A_10.png\n'}
[0.490383] (nav_bot) StdoutLine: {'line': b'-- Up-to-date symlink: /home/rohan/cobotx/install/nav_bot/share/nav_bot/worlds/meshes/nxt_racks/HD-01_A_11.png\n'}
[0.490466] (nav_bot) StdoutLine: {'line': b'-- Up-to-date symlink: /home/rohan/cobotx/install/nav_bot/share/nav_bot/worlds/meshes/nxt_racks/HD-01_A_12.png\n'}
[0.490552] (nav_bot) StdoutLine: {'line': b'-- Up-to-date symlink: /home/rohan/cobotx/install/nav_bot/share/nav_bot/worlds/meshes/nxt_racks/HD-01_A_13.png\n'}
[0.490637] (nav_bot) StdoutLine: {'line': b'-- Up-to-date symlink: /home/rohan/cobotx/install/nav_bot/share/nav_bot/worlds/meshes/nxt_racks/HD-01_A_14.png\n'}
[0.490721] (nav_bot) StdoutLine: {'line': b'-- Up-to-date symlink: /home/rohan/cobotx/install/nav_bot/share/nav_bot/worlds/meshes/nxt_racks/HD-01_A_15.png\n'}
[0.490811] (nav_bot) StdoutLine: {'line': b'-- Up-to-date symlink: /home/rohan/cobotx/install/nav_bot/share/nav_bot/worlds/meshes/nxt_racks/HD-01_A_15.png.001.png\n'}
[0.490900] (nav_bot) StdoutLine: {'line': b'-- Up-to-date symlink: /home/rohan/cobotx/install/nav_bot/share/nav_bot/worlds/meshes/nxt_racks/HD-01_A_16.png\n'}
[0.490986] (nav_bot) StdoutLine: {'line': b'-- Up-to-date symlink: /home/rohan/cobotx/install/nav_bot/share/nav_bot/worlds/meshes/nxt_racks/HD-01_A_19.png\n'}
[0.491071] (nav_bot) StdoutLine: {'line': b'-- Up-to-date symlink: /home/rohan/cobotx/install/nav_bot/share/nav_bot/worlds/meshes/nxt_racks/HD-01_A_20.png\n'}
[0.491156] (nav_bot) StdoutLine: {'line': b'-- Up-to-date symlink: /home/rohan/cobotx/install/nav_bot/share/nav_bot/worlds/meshes/nxt_racks/HD-01_A_21.png\n'}
[0.491241] (nav_bot) StdoutLine: {'line': b'-- Up-to-date symlink: /home/rohan/cobotx/install/nav_bot/share/nav_bot/worlds/meshes/nxt_racks/HD-01_A_21.png.001.png\n'}
[0.491326] (nav_bot) StdoutLine: {'line': b'-- Up-to-date symlink: /home/rohan/cobotx/install/nav_bot/share/nav_bot/worlds/meshes/nxt_racks/HD-01_A_22.png\n'}
[0.491413] (nav_bot) StdoutLine: {'line': b'-- Up-to-date symlink: /home/rohan/cobotx/install/nav_bot/share/nav_bot/worlds/meshes/nxt_racks/HD-01_A_23.png\n'}
[0.491498] (nav_bot) StdoutLine: {'line': b'-- Up-to-date symlink: /home/rohan/cobotx/install/nav_bot/share/nav_bot/worlds/meshes/nxt_racks/HD-01_A_24.png\n'}
[0.491583] (nav_bot) StdoutLine: {'line': b'-- Up-to-date symlink: /home/rohan/cobotx/install/nav_bot/share/nav_bot/worlds/meshes/nxt_racks/HD-01_A_25.png\n'}
[0.491667] (nav_bot) StdoutLine: {'line': b'-- Up-to-date symlink: /home/rohan/cobotx/install/nav_bot/share/nav_bot/worlds/meshes/nxt_racks/HD-01_A_26.png\n'}
[0.491752] (nav_bot) StdoutLine: {'line': b'-- Up-to-date symlink: /home/rohan/cobotx/install/nav_bot/share/nav_bot/worlds/meshes/nxt_racks/HD-01_A_27.png\n'}
[0.491841] (nav_bot) StdoutLine: {'line': b'-- Up-to-date symlink: /home/rohan/cobotx/install/nav_bot/share/nav_bot/worlds/meshes/nxt_racks/HD-01_A_28.png\n'}
[0.491930] (nav_bot) StdoutLine: {'line': b'-- Up-to-date symlink: /home/rohan/cobotx/install/nav_bot/share/nav_bot/worlds/meshes/nxt_racks/HD-01_A_29.png\n'}
[0.492014] (nav_bot) StdoutLine: {'line': b'-- Up-to-date symlink: /home/rohan/cobotx/install/nav_bot/share/nav_bot/worlds/meshes/nxt_racks/HD-01_A_30.png\n'}
[0.492099] (nav_bot) StdoutLine: {'line': b'-- Up-to-date symlink: /home/rohan/cobotx/install/nav_bot/share/nav_bot/worlds/meshes/nxt_racks/HD-01_A_31.png\n'}
[0.492183] (nav_bot) StdoutLine: {'line': b'-- Up-to-date symlink: /home/rohan/cobotx/install/nav_bot/share/nav_bot/worlds/meshes/nxt_racks/HD-01_A_32.png\n'}
[0.492268] (nav_bot) StdoutLine: {'line': b'-- Up-to-date symlink: /home/rohan/cobotx/install/nav_bot/share/nav_bot/worlds/meshes/nxt_racks/HD-01_A_33.png\n'}
[0.492356] (nav_bot) StdoutLine: {'line': b'-- Up-to-date symlink: /home/rohan/cobotx/install/nav_bot/share/nav_bot/worlds/meshes/nxt_racks/HD-01_A_33.png.001.png\n'}
[0.492442] (nav_bot) StdoutLine: {'line': b'-- Up-to-date symlink: /home/rohan/cobotx/install/nav_bot/share/nav_bot/worlds/meshes/nxt_racks/HD-01_A_34.png\n'}
[0.492525] (nav_bot) StdoutLine: {'line': b'-- Up-to-date symlink: /home/rohan/cobotx/install/nav_bot/share/nav_bot/worlds/meshes/nxt_racks/HD-01_A_35.png\n'}
[0.492610] (nav_bot) StdoutLine: {'line': b'-- Up-to-date symlink: /home/rohan/cobotx/install/nav_bot/share/nav_bot/worlds/meshes/nxt_racks/HD-01_A_36.png\n'}
[0.492694] (nav_bot) StdoutLine: {'line': b'-- Up-to-date symlink: /home/rohan/cobotx/install/nav_bot/share/nav_bot/worlds/meshes/nxt_racks/HD-01_A_37.png\n'}
[0.492781] (nav_bot) StdoutLine: {'line': b'-- Up-to-date symlink: /home/rohan/cobotx/install/nav_bot/share/nav_bot/worlds/meshes/nxt_racks/HD-01_A_37.png.001.png\n'}
[0.492928] (nav_bot) StdoutLine: {'line': b'-- Up-to-date symlink: /home/rohan/cobotx/install/nav_bot/share/nav_bot/worlds/meshes/nxt_racks/HD-01_A_38.png\n'}
[0.493057] (nav_bot) StdoutLine: {'line': b'-- Up-to-date symlink: /home/rohan/cobotx/install/nav_bot/share/nav_bot/worlds/meshes/nxt_racks/HD-01_B_01.png\n'}
[0.493129] (nav_bot) StdoutLine: {'line': b'-- Up-to-date symlink: /home/rohan/cobotx/install/nav_bot/share/nav_bot/worlds/meshes/nxt_racks/HD-01_B_02.png\n'}
[0.493244] (nav_bot) StdoutLine: {'line': b'-- Up-to-date symlink: /home/rohan/cobotx/install/nav_bot/share/nav_bot/worlds/meshes/nxt_racks/HD-01_B_03.png\n'}
[0.493336] (nav_bot) StdoutLine: {'line': b'-- Up-to-date symlink: /home/rohan/cobotx/install/nav_bot/share/nav_bot/worlds/meshes/nxt_racks/HD-01_B_04.png\n'}
[0.493423] (nav_bot) StdoutLine: {'line': b'-- Up-to-date symlink: /home/rohan/cobotx/install/nav_bot/share/nav_bot/worlds/meshes/nxt_racks/HD-01_B_05.png\n'}
[0.493517] (nav_bot) StdoutLine: {'line': b'-- Up-to-date symlink: /home/rohan/cobotx/install/nav_bot/share/nav_bot/worlds/meshes/nxt_racks/HD-01_B_06.png\n'}
[0.493586] (nav_bot) StdoutLine: {'line': b'-- Up-to-date symlink: /home/rohan/cobotx/install/nav_bot/share/nav_bot/worlds/meshes/nxt_racks/HD-01_B_07.png\n'}
[0.493676] (nav_bot) StdoutLine: {'line': b'-- Up-to-date symlink: /home/rohan/cobotx/install/nav_bot/share/nav_bot/worlds/meshes/nxt_racks/HD-01_B_07.png.001.png\n'}
[0.493740] (nav_bot) StdoutLine: {'line': b'-- Up-to-date symlink: /home/rohan/cobotx/install/nav_bot/share/nav_bot/worlds/meshes/nxt_racks/HD-01_B_08.png\n'}
[0.493833] (nav_bot) StdoutLine: {'line': b'-- Up-to-date symlink: /home/rohan/cobotx/install/nav_bot/share/nav_bot/worlds/meshes/nxt_racks/HD-01_B_09.png\n'}
[0.493894] (nav_bot) StdoutLine: {'line': b'-- Up-to-date symlink: /home/rohan/cobotx/install/nav_bot/share/nav_bot/worlds/meshes/nxt_racks/HD-01_B_10.png\n'}
[0.493974] (nav_bot) StdoutLine: {'line': b'-- Up-to-date symlink: /home/rohan/cobotx/install/nav_bot/share/nav_bot/worlds/meshes/nxt_racks/HD-01_B_11.png\n'}
[0.494037] (nav_bot) StdoutLine: {'line': b'-- Up-to-date symlink: /home/rohan/cobotx/install/nav_bot/share/nav_bot/worlds/meshes/nxt_racks/HD-01_B_12.png\n'}
[0.494116] (nav_bot) StdoutLine: {'line': b'-- Up-to-date symlink: /home/rohan/cobotx/install/nav_bot/share/nav_bot/worlds/meshes/nxt_racks/HD-01_B_13.png\n'}
[0.494180] (nav_bot) StdoutLine: {'line': b'-- Up-to-date symlink: /home/rohan/cobotx/install/nav_bot/share/nav_bot/worlds/meshes/nxt_racks/HD-01_B_14.png\n'}
[0.494246] (nav_bot) StdoutLine: {'line': b'-- Up-to-date symlink: /home/rohan/cobotx/install/nav_bot/share/nav_bot/worlds/meshes/nxt_racks/HD-01_B_15.png\n'}
[0.494330] (nav_bot) StdoutLine: {'line': b'-- Up-to-date symlink: /home/rohan/cobotx/install/nav_bot/share/nav_bot/worlds/meshes/nxt_racks/HD-01_B_16.png\n'}
[0.494415] (nav_bot) StdoutLine: {'line': b'-- Up-to-date symlink: /home/rohan/cobotx/install/nav_bot/share/nav_bot/worlds/meshes/nxt_racks/HD-01_B_19.png\n'}
[0.494498] (nav_bot) StdoutLine: {'line': b'-- Up-to-date symlink: /home/rohan/cobotx/install/nav_bot/share/nav_bot/worlds/meshes/nxt_racks/HD-01_B_20.png\n'}
[0.494582] (nav_bot) StdoutLine: {'line': b'-- Up-to-date symlink: /home/rohan/cobotx/install/nav_bot/share/nav_bot/worlds/meshes/nxt_racks/HD-01_B_22.png\n'}
[0.494668] (nav_bot) StdoutLine: {'line': b'-- Up-to-date symlink: /home/rohan/cobotx/install/nav_bot/share/nav_bot/worlds/meshes/nxt_racks/HD-01_B_23.png\n'}
[0.494762] (nav_bot) StdoutLine: {'line': b'-- Up-to-date symlink: /home/rohan/cobotx/install/nav_bot/share/nav_bot/worlds/meshes/nxt_racks/HD-01_B_24.png\n'}
[0.494853] (nav_bot) StdoutLine: {'line': b'-- Up-to-date symlink: /home/rohan/cobotx/install/nav_bot/share/nav_bot/worlds/meshes/nxt_racks/HD-01_B_25.png\n'}
[0.494940] (nav_bot) StdoutLine: {'line': b'-- Up-to-date symlink: /home/rohan/cobotx/install/nav_bot/share/nav_bot/worlds/meshes/nxt_racks/HD-01_B_26.png\n'}
[0.495024] (nav_bot) StdoutLine: {'line': b'-- Up-to-date symlink: /home/rohan/cobotx/install/nav_bot/share/nav_bot/worlds/meshes/nxt_racks/HD-01_B_27.png\n'}
[0.495108] (nav_bot) StdoutLine: {'line': b'-- Up-to-date symlink: /home/rohan/cobotx/install/nav_bot/share/nav_bot/worlds/meshes/nxt_racks/HD-01_B_28.png\n'}
[0.495192] (nav_bot) StdoutLine: {'line': b'-- Up-to-date symlink: /home/rohan/cobotx/install/nav_bot/share/nav_bot/worlds/meshes/nxt_racks/HD-01_B_29.png\n'}
[0.495275] (nav_bot) StdoutLine: {'line': b'-- Up-to-date symlink: /home/rohan/cobotx/install/nav_bot/share/nav_bot/worlds/meshes/nxt_racks/HD-01_B_30.png\n'}
[0.495359] (nav_bot) StdoutLine: {'line': b'-- Up-to-date symlink: /home/rohan/cobotx/install/nav_bot/share/nav_bot/worlds/meshes/nxt_racks/HD-01_B_31.png\n'}
[0.495443] (nav_bot) StdoutLine: {'line': b'-- Up-to-date symlink: /home/rohan/cobotx/install/nav_bot/share/nav_bot/worlds/meshes/nxt_racks/HD-01_B_32.png\n'}
[0.495527] (nav_bot) StdoutLine: {'line': b'-- Up-to-date symlink: /home/rohan/cobotx/install/nav_bot/share/nav_bot/worlds/meshes/nxt_racks/HD-01_B_34.png\n'}
[0.495610] (nav_bot) StdoutLine: {'line': b'-- Up-to-date symlink: /home/rohan/cobotx/install/nav_bot/share/nav_bot/worlds/meshes/nxt_racks/HD-01_B_35.png\n'}
[0.495694] (nav_bot) StdoutLine: {'line': b'-- Up-to-date symlink: /home/rohan/cobotx/install/nav_bot/share/nav_bot/worlds/meshes/nxt_racks/HD-01_B_36.png\n'}
[0.495782] (nav_bot) StdoutLine: {'line': b'-- Up-to-date symlink: /home/rohan/cobotx/install/nav_bot/share/nav_bot/worlds/meshes/nxt_racks/HD-01_B_38.png.001.png\n'}
[0.495872] (nav_bot) StdoutLine: {'line': b'-- Up-to-date symlink: /home/rohan/cobotx/install/nav_bot/share/nav_bot/worlds/meshes/nxt_racks/HD-01_C_01.png\n'}
[0.495957] (nav_bot) StdoutLine: {'line': b'-- Up-to-date symlink: /home/rohan/cobotx/install/nav_bot/share/nav_bot/worlds/meshes/nxt_racks/HD-01_C_02.png\n'}
[0.496043] (nav_bot) StdoutLine: {'line': b'-- Up-to-date symlink: /home/rohan/cobotx/install/nav_bot/share/nav_bot/worlds/meshes/nxt_racks/HD-01_C_03.png\n'}
[0.496127] (nav_bot) StdoutLine: {'line': b'-- Up-to-date symlink: /home/rohan/cobotx/install/nav_bot/share/nav_bot/worlds/meshes/nxt_racks/HD-01_C_04.png\n'}
[0.496211] (nav_bot) StdoutLine: {'line': b'-- Up-to-date symlink: /home/rohan/cobotx/install/nav_bot/share/nav_bot/worlds/meshes/nxt_racks/HD-01_C_05.png\n'}
[0.496296] (nav_bot) StdoutLine: {'line': b'-- Up-to-date symlink: /home/rohan/cobotx/install/nav_bot/share/nav_bot/worlds/meshes/nxt_racks/HD-01_C_06.png\n'}
[0.496380] (nav_bot) StdoutLine: {'line': b'-- Up-to-date symlink: /home/rohan/cobotx/install/nav_bot/share/nav_bot/worlds/meshes/nxt_racks/HD-01_C_07.png\n'}
[0.496465] (nav_bot) StdoutLine: {'line': b'-- Up-to-date symlink: /home/rohan/cobotx/install/nav_bot/share/nav_bot/worlds/meshes/nxt_racks/HD-01_C_08.png\n'}
[0.496548] (nav_bot) StdoutLine: {'line': b'-- Up-to-date symlink: /home/rohan/cobotx/install/nav_bot/share/nav_bot/worlds/meshes/nxt_racks/HD-01_C_09.png\n'}
[0.496632] (nav_bot) StdoutLine: {'line': b'-- Up-to-date symlink: /home/rohan/cobotx/install/nav_bot/share/nav_bot/worlds/meshes/nxt_racks/HD-01_C_10.png\n'}
[0.496716] (nav_bot) StdoutLine: {'line': b'-- Up-to-date symlink: /home/rohan/cobotx/install/nav_bot/share/nav_bot/worlds/meshes/nxt_racks/HD-01_C_11.png\n'}
[0.496807] (nav_bot) StdoutLine: {'line': b'-- Up-to-date symlink: /home/rohan/cobotx/install/nav_bot/share/nav_bot/worlds/meshes/nxt_racks/HD-01_C_12.png\n'}
[0.496897] (nav_bot) StdoutLine: {'line': b'-- Up-to-date symlink: /home/rohan/cobotx/install/nav_bot/share/nav_bot/worlds/meshes/nxt_racks/HD-01_C_13.png\n'}
[0.496981] (nav_bot) StdoutLine: {'line': b'-- Up-to-date symlink: /home/rohan/cobotx/install/nav_bot/share/nav_bot/worlds/meshes/nxt_racks/HD-01_C_14.png\n'}
[0.497065] (nav_bot) StdoutLine: {'line': b'-- Up-to-date symlink: /home/rohan/cobotx/install/nav_bot/share/nav_bot/worlds/meshes/nxt_racks/HD-01_C_15.png\n'}
[0.497149] (nav_bot) StdoutLine: {'line': b'-- Up-to-date symlink: /home/rohan/cobotx/install/nav_bot/share/nav_bot/worlds/meshes/nxt_racks/HD-01_C_16.png\n'}
[0.497233] (nav_bot) StdoutLine: {'line': b'-- Up-to-date symlink: /home/rohan/cobotx/install/nav_bot/share/nav_bot/worlds/meshes/nxt_racks/HD-01_C_19.png\n'}
[0.497317] (nav_bot) StdoutLine: {'line': b'-- Up-to-date symlink: /home/rohan/cobotx/install/nav_bot/share/nav_bot/worlds/meshes/nxt_racks/HD-01_C_20.png\n'}
[0.497401] (nav_bot) StdoutLine: {'line': b'-- Up-to-date symlink: /home/rohan/cobotx/install/nav_bot/share/nav_bot/worlds/meshes/nxt_racks/HD-01_C_21.png\n'}
[0.497486] (nav_bot) StdoutLine: {'line': b'-- Up-to-date symlink: /home/rohan/cobotx/install/nav_bot/share/nav_bot/worlds/meshes/nxt_racks/HD-01_C_22.png\n'}
[0.497573] (nav_bot) StdoutLine: {'line': b'-- Up-to-date symlink: /home/rohan/cobotx/install/nav_bot/share/nav_bot/worlds/meshes/nxt_racks/HD-01_C_23.png\n'}
[0.497657] (nav_bot) StdoutLine: {'line': b'-- Up-to-date symlink: /home/rohan/cobotx/install/nav_bot/share/nav_bot/worlds/meshes/nxt_racks/HD-01_C_24.png\n'}
[0.497740] (nav_bot) StdoutLine: {'line': b'-- Up-to-date symlink: /home/rohan/cobotx/install/nav_bot/share/nav_bot/worlds/meshes/nxt_racks/HD-01_C_25.png\n'}
[0.497831] (nav_bot) StdoutLine: {'line': b'-- Up-to-date symlink: /home/rohan/cobotx/install/nav_bot/share/nav_bot/worlds/meshes/nxt_racks/HD-01_C_26.png\n'}
[0.497923] (nav_bot) StdoutLine: {'line': b'-- Up-to-date symlink: /home/rohan/cobotx/install/nav_bot/share/nav_bot/worlds/meshes/nxt_racks/HD-01_C_27.png\n'}
[0.498006] (nav_bot) StdoutLine: {'line': b'-- Up-to-date symlink: /home/rohan/cobotx/install/nav_bot/share/nav_bot/worlds/meshes/nxt_racks/HD-01_C_28.png\n'}
[0.498097] (nav_bot) StdoutLine: {'line': b'-- Up-to-date symlink: /home/rohan/cobotx/install/nav_bot/share/nav_bot/worlds/meshes/nxt_racks/HD-01_C_29.png\n'}
[0.498182] (nav_bot) StdoutLine: {'line': b'-- Up-to-date symlink: /home/rohan/cobotx/install/nav_bot/share/nav_bot/worlds/meshes/nxt_racks/HD-01_C_30.png\n'}
[0.498266] (nav_bot) StdoutLine: {'line': b'-- Up-to-date symlink: /home/rohan/cobotx/install/nav_bot/share/nav_bot/worlds/meshes/nxt_racks/HD-01_C_31.png\n'}
[0.498350] (nav_bot) StdoutLine: {'line': b'-- Up-to-date symlink: /home/rohan/cobotx/install/nav_bot/share/nav_bot/worlds/meshes/nxt_racks/HD-01_C_32.png\n'}
[0.498435] (nav_bot) StdoutLine: {'line': b'-- Up-to-date symlink: /home/rohan/cobotx/install/nav_bot/share/nav_bot/worlds/meshes/nxt_racks/HD-01_C_33.png\n'}
[0.498520] (nav_bot) StdoutLine: {'line': b'-- Up-to-date symlink: /home/rohan/cobotx/install/nav_bot/share/nav_bot/worlds/meshes/nxt_racks/HD-01_C_34.png\n'}
[0.498604] (nav_bot) StdoutLine: {'line': b'-- Up-to-date symlink: /home/rohan/cobotx/install/nav_bot/share/nav_bot/worlds/meshes/nxt_racks/HD-01_C_35.png\n'}
[0.498688] (nav_bot) StdoutLine: {'line': b'-- Up-to-date symlink: /home/rohan/cobotx/install/nav_bot/share/nav_bot/worlds/meshes/nxt_racks/HD-01_C_36.png\n'}
[0.498772] (nav_bot) StdoutLine: {'line': b'-- Up-to-date symlink: /home/rohan/cobotx/install/nav_bot/share/nav_bot/worlds/meshes/nxt_racks/HD-01_C_37.png\n'}
[0.498866] (nav_bot) StdoutLine: {'line': b'-- Up-to-date symlink: /home/rohan/cobotx/install/nav_bot/share/nav_bot/worlds/meshes/nxt_racks/HD-01_C_38.png\n'}
[0.498952] (nav_bot) StdoutLine: {'line': b'-- Up-to-date symlink: /home/rohan/cobotx/install/nav_bot/share/nav_bot/worlds/meshes/nxt_racks/HD-01_C_38.png.001.png\n'}
[0.499036] (nav_bot) StdoutLine: {'line': b'-- Up-to-date symlink: /home/rohan/cobotx/install/nav_bot/share/nav_bot/worlds/meshes/nxt_racks/HD-01_D_01.png\n'}
[0.499121] (nav_bot) StdoutLine: {'line': b'-- Up-to-date symlink: /home/rohan/cobotx/install/nav_bot/share/nav_bot/worlds/meshes/nxt_racks/HD-01_D_02.png\n'}
[0.499205] (nav_bot) StdoutLine: {'line': b'-- Up-to-date symlink: /home/rohan/cobotx/install/nav_bot/share/nav_bot/worlds/meshes/nxt_racks/HD-01_D_03.png\n'}
[0.499289] (nav_bot) StdoutLine: {'line': b'-- Up-to-date symlink: /home/rohan/cobotx/install/nav_bot/share/nav_bot/worlds/meshes/nxt_racks/HD-01_D_04.png\n'}
[0.499374] (nav_bot) StdoutLine: {'line': b'-- Up-to-date symlink: /home/rohan/cobotx/install/nav_bot/share/nav_bot/worlds/meshes/nxt_racks/HD-01_D_05.png\n'}
[0.499458] (nav_bot) StdoutLine: {'line': b'-- Up-to-date symlink: /home/rohan/cobotx/install/nav_bot/share/nav_bot/worlds/meshes/nxt_racks/HD-01_D_06.png\n'}
[0.499543] (nav_bot) StdoutLine: {'line': b'-- Up-to-date symlink: /home/rohan/cobotx/install/nav_bot/share/nav_bot/worlds/meshes/nxt_racks/HD-01_D_08.png\n'}
[0.499629] (nav_bot) StdoutLine: {'line': b'-- Up-to-date symlink: /home/rohan/cobotx/install/nav_bot/share/nav_bot/worlds/meshes/nxt_racks/HD-01_D_09.png\n'}
[0.499712] (nav_bot) StdoutLine: {'line': b'-- Up-to-date symlink: /home/rohan/cobotx/install/nav_bot/share/nav_bot/worlds/meshes/nxt_racks/HD-01_D_10.png\n'}
[0.499799] (nav_bot) StdoutLine: {'line': b'-- Up-to-date symlink: /home/rohan/cobotx/install/nav_bot/share/nav_bot/worlds/meshes/nxt_racks/HD-01_D_11.png\n'}
[0.499891] (nav_bot) StdoutLine: {'line': b'-- Up-to-date symlink: /home/rohan/cobotx/install/nav_bot/share/nav_bot/worlds/meshes/nxt_racks/HD-01_D_12.png\n'}
[0.499975] (nav_bot) StdoutLine: {'line': b'-- Up-to-date symlink: /home/rohan/cobotx/install/nav_bot/share/nav_bot/worlds/meshes/nxt_racks/HD-01_D_13.png\n'}
[0.500060] (nav_bot) StdoutLine: {'line': b'-- Up-to-date symlink: /home/rohan/cobotx/install/nav_bot/share/nav_bot/worlds/meshes/nxt_racks/HD-01_D_14.png\n'}
[0.500144] (nav_bot) StdoutLine: {'line': b'-- Up-to-date symlink: /home/rohan/cobotx/install/nav_bot/share/nav_bot/worlds/meshes/nxt_racks/HD-01_D_16.png\n'}
[0.500229] (nav_bot) StdoutLine: {'line': b'-- Up-to-date symlink: /home/rohan/cobotx/install/nav_bot/share/nav_bot/worlds/meshes/nxt_racks/HD-01_D_17.png\n'}
[0.500275] (-) TimerEvent: {}
[0.500365] (nav_bot) StdoutLine: {'line': b'-- Up-to-date symlink: /home/rohan/cobotx/install/nav_bot/share/nav_bot/worlds/meshes/nxt_racks/HD-01_D_18.png\n'}
[0.500456] (nav_bot) StdoutLine: {'line': b'-- Up-to-date symlink: /home/rohan/cobotx/install/nav_bot/share/nav_bot/worlds/meshes/nxt_racks/HD-01_D_19.png\n'}
[0.500537] (nav_bot) StdoutLine: {'line': b'-- Up-to-date symlink: /home/rohan/cobotx/install/nav_bot/share/nav_bot/worlds/meshes/nxt_racks/HD-01_D_20.png\n'}
[0.500616] (nav_bot) StdoutLine: {'line': b'-- Up-to-date symlink: /home/rohan/cobotx/install/nav_bot/share/nav_bot/worlds/meshes/nxt_racks/HD-01_D_21.png\n'}
[0.500695] (nav_bot) StdoutLine: {'line': b'-- Up-to-date symlink: /home/rohan/cobotx/install/nav_bot/share/nav_bot/worlds/meshes/nxt_racks/HD-01_D_22.png\n'}
[0.500771] (nav_bot) StdoutLine: {'line': b'-- Up-to-date symlink: /home/rohan/cobotx/install/nav_bot/share/nav_bot/worlds/meshes/nxt_racks/HD-01_D_23.png\n'}
[0.500848] (nav_bot) StdoutLine: {'line': b'-- Up-to-date symlink: /home/rohan/cobotx/install/nav_bot/share/nav_bot/worlds/meshes/nxt_racks/HD-01_D_24.png\n'}
[0.500914] (nav_bot) StdoutLine: {'line': b'-- Up-to-date symlink: /home/rohan/cobotx/install/nav_bot/share/nav_bot/worlds/meshes/nxt_racks/HD-01_D_25.png\n'}
[0.500999] (nav_bot) StdoutLine: {'line': b'-- Up-to-date symlink: /home/rohan/cobotx/install/nav_bot/share/nav_bot/worlds/meshes/nxt_racks/HD-01_D_26.png\n'}
[0.501083] (nav_bot) StdoutLine: {'line': b'-- Up-to-date symlink: /home/rohan/cobotx/install/nav_bot/share/nav_bot/worlds/meshes/nxt_racks/HD-01_D_27.png\n'}
[0.501169] (nav_bot) StdoutLine: {'line': b'-- Up-to-date symlink: /home/rohan/cobotx/install/nav_bot/share/nav_bot/worlds/meshes/nxt_racks/HD-01_D_28.png\n'}
[0.501254] (nav_bot) StdoutLine: {'line': b'-- Up-to-date symlink: /home/rohan/cobotx/install/nav_bot/share/nav_bot/worlds/meshes/nxt_racks/HD-01_D_29.png\n'}
[0.501338] (nav_bot) StdoutLine: {'line': b'-- Up-to-date symlink: /home/rohan/cobotx/install/nav_bot/share/nav_bot/worlds/meshes/nxt_racks/HD-01_D_30.png\n'}
[0.501422] (nav_bot) StdoutLine: {'line': b'-- Up-to-date symlink: /home/rohan/cobotx/install/nav_bot/share/nav_bot/worlds/meshes/nxt_racks/HD-01_D_31.png\n'}
[0.501506] (nav_bot) StdoutLine: {'line': b'-- Up-to-date symlink: /home/rohan/cobotx/install/nav_bot/share/nav_bot/worlds/meshes/nxt_racks/HD-01_D_32.png\n'}
[0.501591] (nav_bot) StdoutLine: {'line': b'-- Up-to-date symlink: /home/rohan/cobotx/install/nav_bot/share/nav_bot/worlds/meshes/nxt_racks/HD-01_D_33.png\n'}
[0.501676] (nav_bot) StdoutLine: {'line': b'-- Up-to-date symlink: /home/rohan/cobotx/install/nav_bot/share/nav_bot/worlds/meshes/nxt_racks/HD-01_D_34.png\n'}
[0.501760] (nav_bot) StdoutLine: {'line': b'-- Up-to-date symlink: /home/rohan/cobotx/install/nav_bot/share/nav_bot/worlds/meshes/nxt_racks/HD-01_D_35.png\n'}
[0.501850] (nav_bot) StdoutLine: {'line': b'-- Up-to-date symlink: /home/rohan/cobotx/install/nav_bot/share/nav_bot/worlds/meshes/nxt_racks/HD-01_D_36.png\n'}
[0.501938] (nav_bot) StdoutLine: {'line': b'-- Up-to-date symlink: /home/rohan/cobotx/install/nav_bot/share/nav_bot/worlds/meshes/nxt_racks/HD-01_D_37.png\n'}
[0.502022] (nav_bot) StdoutLine: {'line': b'-- Up-to-date symlink: /home/rohan/cobotx/install/nav_bot/share/nav_bot/worlds/meshes/nxt_racks/HD-01_D_38.png\n'}
[0.502116] (nav_bot) StdoutLine: {'line': b'-- Up-to-date symlink: /home/rohan/cobotx/install/nav_bot/share/nav_bot/worlds/meshes/nxt_racks/HD-01_E_01.png\n'}
[0.502202] (nav_bot) StdoutLine: {'line': b'-- Up-to-date symlink: /home/rohan/cobotx/install/nav_bot/share/nav_bot/worlds/meshes/nxt_racks/HD-01_E_02.png\n'}
[0.502287] (nav_bot) StdoutLine: {'line': b'-- Up-to-date symlink: /home/rohan/cobotx/install/nav_bot/share/nav_bot/worlds/meshes/nxt_racks/HD-01_E_03.png\n'}
[0.502372] (nav_bot) StdoutLine: {'line': b'-- Up-to-date symlink: /home/rohan/cobotx/install/nav_bot/share/nav_bot/worlds/meshes/nxt_racks/HD-01_E_04.png\n'}
[0.502455] (nav_bot) StdoutLine: {'line': b'-- Up-to-date symlink: /home/rohan/cobotx/install/nav_bot/share/nav_bot/worlds/meshes/nxt_racks/HD-01_E_05.png\n'}
[0.502539] (nav_bot) StdoutLine: {'line': b'-- Up-to-date symlink: /home/rohan/cobotx/install/nav_bot/share/nav_bot/worlds/meshes/nxt_racks/HD-01_E_06.png\n'}
[0.502624] (nav_bot) StdoutLine: {'line': b'-- Up-to-date symlink: /home/rohan/cobotx/install/nav_bot/share/nav_bot/worlds/meshes/nxt_racks/HD-01_E_07.png\n'}
[0.502707] (nav_bot) StdoutLine: {'line': b'-- Up-to-date symlink: /home/rohan/cobotx/install/nav_bot/share/nav_bot/worlds/meshes/nxt_racks/HD-01_E_08.png\n'}
[0.502797] (nav_bot) StdoutLine: {'line': b'-- Up-to-date symlink: /home/rohan/cobotx/install/nav_bot/share/nav_bot/worlds/meshes/nxt_racks/HD-01_E_09.png\n'}
[0.502886] (nav_bot) StdoutLine: {'line': b'-- Up-to-date symlink: /home/rohan/cobotx/install/nav_bot/share/nav_bot/worlds/meshes/nxt_racks/HD-01_E_10.png\n'}
[0.502970] (nav_bot) StdoutLine: {'line': b'-- Up-to-date symlink: /home/rohan/cobotx/install/nav_bot/share/nav_bot/worlds/meshes/nxt_racks/HD-01_E_11.png\n'}
[0.503053] (nav_bot) StdoutLine: {'line': b'-- Up-to-date symlink: /home/rohan/cobotx/install/nav_bot/share/nav_bot/worlds/meshes/nxt_racks/HD-01_E_12.png\n'}
[0.503138] (nav_bot) StdoutLine: {'line': b'-- Up-to-date symlink: /home/rohan/cobotx/install/nav_bot/share/nav_bot/worlds/meshes/nxt_racks/HD-01_E_13.png\n'}
[0.503221] (nav_bot) StdoutLine: {'line': b'-- Up-to-date symlink: /home/rohan/cobotx/install/nav_bot/share/nav_bot/worlds/meshes/nxt_racks/HD-01_E_14.png\n'}
[0.503308] (nav_bot) StdoutLine: {'line': b'-- Up-to-date symlink: /home/rohan/cobotx/install/nav_bot/share/nav_bot/worlds/meshes/nxt_racks/HD-01_E_15.png\n'}
[0.503392] (nav_bot) StdoutLine: {'line': b'-- Up-to-date symlink: /home/rohan/cobotx/install/nav_bot/share/nav_bot/worlds/meshes/nxt_racks/HD-01_E_16.png\n'}
[0.503476] (nav_bot) StdoutLine: {'line': b'-- Up-to-date symlink: /home/rohan/cobotx/install/nav_bot/share/nav_bot/worlds/meshes/nxt_racks/HD-01_E_17.png\n'}
[0.503560] (nav_bot) StdoutLine: {'line': b'-- Up-to-date symlink: /home/rohan/cobotx/install/nav_bot/share/nav_bot/worlds/meshes/nxt_racks/HD-01_E_18.png\n'}
[0.503644] (nav_bot) StdoutLine: {'line': b'-- Up-to-date symlink: /home/rohan/cobotx/install/nav_bot/share/nav_bot/worlds/meshes/nxt_racks/HD-01_E_19.png\n'}
[0.503728] (nav_bot) StdoutLine: {'line': b'-- Up-to-date symlink: /home/rohan/cobotx/install/nav_bot/share/nav_bot/worlds/meshes/nxt_racks/HD-01_E_20.png\n'}
[0.503818] (nav_bot) StdoutLine: {'line': b'-- Up-to-date symlink: /home/rohan/cobotx/install/nav_bot/share/nav_bot/worlds/meshes/nxt_racks/HD-01_E_21.png\n'}
[0.503906] (nav_bot) StdoutLine: {'line': b'-- Up-to-date symlink: /home/rohan/cobotx/install/nav_bot/share/nav_bot/worlds/meshes/nxt_racks/HD-01_E_22.png\n'}
[0.503990] (nav_bot) StdoutLine: {'line': b'-- Up-to-date symlink: /home/rohan/cobotx/install/nav_bot/share/nav_bot/worlds/meshes/nxt_racks/HD-01_E_23.png\n'}
[0.504073] (nav_bot) StdoutLine: {'line': b'-- Up-to-date symlink: /home/rohan/cobotx/install/nav_bot/share/nav_bot/worlds/meshes/nxt_racks/HD-01_E_24.png\n'}
[0.504157] (nav_bot) StdoutLine: {'line': b'-- Up-to-date symlink: /home/rohan/cobotx/install/nav_bot/share/nav_bot/worlds/meshes/nxt_racks/HD-01_E_25.png\n'}
[0.504242] (nav_bot) StdoutLine: {'line': b'-- Up-to-date symlink: /home/rohan/cobotx/install/nav_bot/share/nav_bot/worlds/meshes/nxt_racks/HD-01_E_26.png\n'}
[0.504327] (nav_bot) StdoutLine: {'line': b'-- Up-to-date symlink: /home/rohan/cobotx/install/nav_bot/share/nav_bot/worlds/meshes/nxt_racks/HD-01_E_27.png\n'}
[0.504410] (nav_bot) StdoutLine: {'line': b'-- Up-to-date symlink: /home/rohan/cobotx/install/nav_bot/share/nav_bot/worlds/meshes/nxt_racks/HD-01_E_28.png\n'}
[0.504495] (nav_bot) StdoutLine: {'line': b'-- Up-to-date symlink: /home/rohan/cobotx/install/nav_bot/share/nav_bot/worlds/meshes/nxt_racks/HD-01_E_29.png\n'}
[0.504579] (nav_bot) StdoutLine: {'line': b'-- Up-to-date symlink: /home/rohan/cobotx/install/nav_bot/share/nav_bot/worlds/meshes/nxt_racks/HD-01_E_30.png\n'}
[0.504664] (nav_bot) StdoutLine: {'line': b'-- Up-to-date symlink: /home/rohan/cobotx/install/nav_bot/share/nav_bot/worlds/meshes/nxt_racks/HD-01_E_31.png\n'}
[0.504748] (nav_bot) StdoutLine: {'line': b'-- Up-to-date symlink: /home/rohan/cobotx/install/nav_bot/share/nav_bot/worlds/meshes/nxt_racks/HD-01_E_32.png\n'}
[0.504838] (nav_bot) StdoutLine: {'line': b'-- Up-to-date symlink: /home/rohan/cobotx/install/nav_bot/share/nav_bot/worlds/meshes/nxt_racks/HD-01_E_33.png\n'}
[0.504926] (nav_bot) StdoutLine: {'line': b'-- Up-to-date symlink: /home/rohan/cobotx/install/nav_bot/share/nav_bot/worlds/meshes/nxt_racks/HD-01_E_34.png\n'}
[0.505011] (nav_bot) StdoutLine: {'line': b'-- Up-to-date symlink: /home/rohan/cobotx/install/nav_bot/share/nav_bot/worlds/meshes/nxt_racks/HD-01_E_35.png\n'}
[0.505095] (nav_bot) StdoutLine: {'line': b'-- Up-to-date symlink: /home/rohan/cobotx/install/nav_bot/share/nav_bot/worlds/meshes/nxt_racks/HD-01_E_36.png\n'}
[0.505179] (nav_bot) StdoutLine: {'line': b'-- Up-to-date symlink: /home/rohan/cobotx/install/nav_bot/share/nav_bot/worlds/meshes/nxt_racks/HD-01_E_37.png\n'}
[0.505275] (nav_bot) StdoutLine: {'line': b'-- Up-to-date symlink: /home/rohan/cobotx/install/nav_bot/share/nav_bot/worlds/meshes/nxt_racks/HD-01_E_38.png\n'}
[0.505370] (nav_bot) StdoutLine: {'line': b'-- Up-to-date symlink: /home/rohan/cobotx/install/nav_bot/share/nav_bot/worlds/meshes/nxt_racks/HD-01_F_01.png\n'}
[0.505467] (nav_bot) StdoutLine: {'line': b'-- Up-to-date symlink: /home/rohan/cobotx/install/nav_bot/share/nav_bot/worlds/meshes/nxt_racks/HD-01_F_02.png\n'}
[0.505549] (nav_bot) StdoutLine: {'line': b'-- Up-to-date symlink: /home/rohan/cobotx/install/nav_bot/share/nav_bot/worlds/meshes/nxt_racks/HD-01_F_03.png\n'}
[0.505629] (nav_bot) StdoutLine: {'line': b'-- Up-to-date symlink: /home/rohan/cobotx/install/nav_bot/share/nav_bot/worlds/meshes/nxt_racks/HD-01_F_04.png\n'}
[0.505703] (nav_bot) StdoutLine: {'line': b'-- Up-to-date symlink: /home/rohan/cobotx/install/nav_bot/share/nav_bot/worlds/meshes/nxt_racks/HD-01_F_05.png\n'}
[0.505801] (nav_bot) StdoutLine: {'line': b'-- Up-to-date symlink: /home/rohan/cobotx/install/nav_bot/share/nav_bot/worlds/meshes/nxt_racks/HD-01_F_06.png\n'}
[0.505888] (nav_bot) StdoutLine: {'line': b'-- Up-to-date symlink: /home/rohan/cobotx/install/nav_bot/share/nav_bot/worlds/meshes/nxt_racks/HD-01_F_07.png\n'}
[0.505970] (nav_bot) StdoutLine: {'line': b'-- Up-to-date symlink: /home/rohan/cobotx/install/nav_bot/share/nav_bot/worlds/meshes/nxt_racks/HD-01_F_08.png\n'}
[0.506073] (nav_bot) StdoutLine: {'line': b'-- Up-to-date symlink: /home/rohan/cobotx/install/nav_bot/share/nav_bot/worlds/meshes/nxt_racks/HD-01_F_09.png\n'}
[0.506143] (nav_bot) StdoutLine: {'line': b'-- Up-to-date symlink: /home/rohan/cobotx/install/nav_bot/share/nav_bot/worlds/meshes/nxt_racks/HD-01_F_10.png\n'}
[0.506227] (nav_bot) StdoutLine: {'line': b'-- Up-to-date symlink: /home/rohan/cobotx/install/nav_bot/share/nav_bot/worlds/meshes/nxt_racks/HD-01_F_12.png\n'}
[0.506313] (nav_bot) StdoutLine: {'line': b'-- Up-to-date symlink: /home/rohan/cobotx/install/nav_bot/share/nav_bot/worlds/meshes/nxt_racks/HD-01_F_13.png\n'}
[0.506430] (nav_bot) StdoutLine: {'line': b'-- Up-to-date symlink: /home/rohan/cobotx/install/nav_bot/share/nav_bot/worlds/meshes/nxt_racks/HD-01_F_14.png\n'}
[0.506539] (nav_bot) StdoutLine: {'line': b'-- Up-to-date symlink: /home/rohan/cobotx/install/nav_bot/share/nav_bot/worlds/meshes/nxt_racks/HD-01_F_15.png\n'}
[0.506628] (nav_bot) StdoutLine: {'line': b'-- Up-to-date symlink: /home/rohan/cobotx/install/nav_bot/share/nav_bot/worlds/meshes/nxt_racks/HD-01_F_16.png\n'}
[0.506713] (nav_bot) StdoutLine: {'line': b'-- Up-to-date symlink: /home/rohan/cobotx/install/nav_bot/share/nav_bot/worlds/meshes/nxt_racks/HD-01_F_17.png\n'}
[0.506806] (nav_bot) StdoutLine: {'line': b'-- Up-to-date symlink: /home/rohan/cobotx/install/nav_bot/share/nav_bot/worlds/meshes/nxt_racks/HD-01_F_18.png\n'}
[0.506900] (nav_bot) StdoutLine: {'line': b'-- Up-to-date symlink: /home/rohan/cobotx/install/nav_bot/share/nav_bot/worlds/meshes/nxt_racks/HD-01_F_19.png\n'}
[0.506983] (nav_bot) StdoutLine: {'line': b'-- Up-to-date symlink: /home/rohan/cobotx/install/nav_bot/share/nav_bot/worlds/meshes/nxt_racks/HD-01_F_20.png\n'}
[0.507068] (nav_bot) StdoutLine: {'line': b'-- Up-to-date symlink: /home/rohan/cobotx/install/nav_bot/share/nav_bot/worlds/meshes/nxt_racks/HD-01_F_21.png\n'}
[0.507165] (nav_bot) StdoutLine: {'line': b'-- Up-to-date symlink: /home/rohan/cobotx/install/nav_bot/share/nav_bot/worlds/meshes/nxt_racks/HD-01_F_22.png\n'}
[0.507269] (nav_bot) StdoutLine: {'line': b'-- Up-to-date symlink: /home/rohan/cobotx/install/nav_bot/share/nav_bot/worlds/meshes/nxt_racks/HD-01_F_23.png\n'}
[0.507397] (nav_bot) StdoutLine: {'line': b'-- Up-to-date symlink: /home/rohan/cobotx/install/nav_bot/share/nav_bot/worlds/meshes/nxt_racks/HD-01_F_24.png\n'}
[0.507510] (nav_bot) StdoutLine: {'line': b'-- Up-to-date symlink: /home/rohan/cobotx/install/nav_bot/share/nav_bot/worlds/meshes/nxt_racks/HD-01_F_25.png\n'}
[0.507596] (nav_bot) StdoutLine: {'line': b'-- Up-to-date symlink: /home/rohan/cobotx/install/nav_bot/share/nav_bot/worlds/meshes/nxt_racks/HD-01_F_26.png\n'}
[0.507697] (nav_bot) StdoutLine: {'line': b'-- Up-to-date symlink: /home/rohan/cobotx/install/nav_bot/share/nav_bot/worlds/meshes/nxt_racks/HD-01_F_27.png\n'}
[0.507790] (nav_bot) StdoutLine: {'line': b'-- Up-to-date symlink: /home/rohan/cobotx/install/nav_bot/share/nav_bot/worlds/meshes/nxt_racks/HD-01_F_28.png\n'}
[0.507908] (nav_bot) StdoutLine: {'line': b'-- Up-to-date symlink: /home/rohan/cobotx/install/nav_bot/share/nav_bot/worlds/meshes/nxt_racks/HD-01_F_29.png\n'}
[0.508045] (nav_bot) StdoutLine: {'line': b'-- Up-to-date symlink: /home/rohan/cobotx/install/nav_bot/share/nav_bot/worlds/meshes/nxt_racks/HD-01_F_30.png\n'}
[0.508182] (nav_bot) StdoutLine: {'line': b'-- Up-to-date symlink: /home/rohan/cobotx/install/nav_bot/share/nav_bot/worlds/meshes/nxt_racks/HD-01_F_31.png\n'}
[0.508267] (nav_bot) StdoutLine: {'line': b'-- Up-to-date symlink: /home/rohan/cobotx/install/nav_bot/share/nav_bot/worlds/meshes/nxt_racks/HD-01_F_32.png\n'}
[0.508361] (nav_bot) StdoutLine: {'line': b'-- Up-to-date symlink: /home/rohan/cobotx/install/nav_bot/share/nav_bot/worlds/meshes/nxt_racks/HD-01_F_33.png\n'}
[0.508465] (nav_bot) StdoutLine: {'line': b'-- Up-to-date symlink: /home/rohan/cobotx/install/nav_bot/share/nav_bot/worlds/meshes/nxt_racks/HD-01_F_34.png\n'}
[0.508552] (nav_bot) StdoutLine: {'line': b'-- Up-to-date symlink: /home/rohan/cobotx/install/nav_bot/share/nav_bot/worlds/meshes/nxt_racks/HD-01_F_35.png\n'}
[0.508639] (nav_bot) StdoutLine: {'line': b'-- Up-to-date symlink: /home/rohan/cobotx/install/nav_bot/share/nav_bot/worlds/meshes/nxt_racks/HD-01_F_36.png\n'}
[0.508726] (nav_bot) StdoutLine: {'line': b'-- Up-to-date symlink: /home/rohan/cobotx/install/nav_bot/share/nav_bot/worlds/meshes/nxt_racks/HD-01_F_37.png\n'}
[0.508820] (nav_bot) StdoutLine: {'line': b'-- Up-to-date symlink: /home/rohan/cobotx/install/nav_bot/share/nav_bot/worlds/meshes/nxt_racks/HD-01_F_38.png\n'}
[0.508909] (nav_bot) StdoutLine: {'line': b'-- Up-to-date symlink: /home/rohan/cobotx/install/nav_bot/share/nav_bot/worlds/meshes/nxt_racks/HD-01_G_01.png\n'}
[0.508995] (nav_bot) StdoutLine: {'line': b'-- Up-to-date symlink: /home/rohan/cobotx/install/nav_bot/share/nav_bot/worlds/meshes/nxt_racks/HD-01_G_02.png\n'}
[0.509080] (nav_bot) StdoutLine: {'line': b'-- Up-to-date symlink: /home/rohan/cobotx/install/nav_bot/share/nav_bot/worlds/meshes/nxt_racks/HD-01_G_03.png\n'}
[0.509163] (nav_bot) StdoutLine: {'line': b'-- Up-to-date symlink: /home/rohan/cobotx/install/nav_bot/share/nav_bot/worlds/meshes/nxt_racks/HD-01_G_04.png\n'}
[0.509247] (nav_bot) StdoutLine: {'line': b'-- Up-to-date symlink: /home/rohan/cobotx/install/nav_bot/share/nav_bot/worlds/meshes/nxt_racks/HD-01_G_05.png\n'}
[0.509332] (nav_bot) StdoutLine: {'line': b'-- Up-to-date symlink: /home/rohan/cobotx/install/nav_bot/share/nav_bot/worlds/meshes/nxt_racks/HD-01_G_06.png\n'}
[0.509417] (nav_bot) StdoutLine: {'line': b'-- Up-to-date symlink: /home/rohan/cobotx/install/nav_bot/share/nav_bot/worlds/meshes/nxt_racks/HD-01_G_07.png\n'}
[0.509503] (nav_bot) StdoutLine: {'line': b'-- Up-to-date symlink: /home/rohan/cobotx/install/nav_bot/share/nav_bot/worlds/meshes/nxt_racks/HD-01_G_08.png\n'}
[0.509587] (nav_bot) StdoutLine: {'line': b'-- Up-to-date symlink: /home/rohan/cobotx/install/nav_bot/share/nav_bot/worlds/meshes/nxt_racks/HD-01_G_09.png\n'}
[0.509671] (nav_bot) StdoutLine: {'line': b'-- Up-to-date symlink: /home/rohan/cobotx/install/nav_bot/share/nav_bot/worlds/meshes/nxt_racks/HD-01_G_10.png\n'}
[0.509756] (nav_bot) StdoutLine: {'line': b'-- Up-to-date symlink: /home/rohan/cobotx/install/nav_bot/share/nav_bot/worlds/meshes/nxt_racks/HD-01_G_11.png\n'}
[0.509848] (nav_bot) StdoutLine: {'line': b'-- Up-to-date symlink: /home/rohan/cobotx/install/nav_bot/share/nav_bot/worlds/meshes/nxt_racks/HD-01_G_12.png\n'}
[0.509937] (nav_bot) StdoutLine: {'line': b'-- Up-to-date symlink: /home/rohan/cobotx/install/nav_bot/share/nav_bot/worlds/meshes/nxt_racks/HD-01_G_13.png\n'}
[0.510021] (nav_bot) StdoutLine: {'line': b'-- Up-to-date symlink: /home/rohan/cobotx/install/nav_bot/share/nav_bot/worlds/meshes/nxt_racks/HD-01_G_14.png\n'}
[0.510112] (nav_bot) StdoutLine: {'line': b'-- Up-to-date symlink: /home/rohan/cobotx/install/nav_bot/share/nav_bot/worlds/meshes/nxt_racks/HD-01_G_15.png\n'}
[0.510196] (nav_bot) StdoutLine: {'line': b'-- Up-to-date symlink: /home/rohan/cobotx/install/nav_bot/share/nav_bot/worlds/meshes/nxt_racks/HD-01_G_16.png\n'}
[0.510280] (nav_bot) StdoutLine: {'line': b'-- Up-to-date symlink: /home/rohan/cobotx/install/nav_bot/share/nav_bot/worlds/meshes/nxt_racks/HD-01_G_17.png\n'}
[0.510375] (nav_bot) StdoutLine: {'line': b'-- Up-to-date symlink: /home/rohan/cobotx/install/nav_bot/share/nav_bot/worlds/meshes/nxt_racks/HD-01_G_18.png\n'}
[0.510491] (nav_bot) StdoutLine: {'line': b'-- Up-to-date symlink: /home/rohan/cobotx/install/nav_bot/share/nav_bot/worlds/meshes/nxt_racks/HD-01_G_19.png\n'}
[0.510598] (nav_bot) StdoutLine: {'line': b'-- Up-to-date symlink: /home/rohan/cobotx/install/nav_bot/share/nav_bot/worlds/meshes/nxt_racks/HD-01_G_20.png\n'}
[0.510689] (nav_bot) StdoutLine: {'line': b'-- Up-to-date symlink: /home/rohan/cobotx/install/nav_bot/share/nav_bot/worlds/meshes/nxt_racks/HD-01_G_21.png\n'}
[0.510769] (nav_bot) StdoutLine: {'line': b'-- Up-to-date symlink: /home/rohan/cobotx/install/nav_bot/share/nav_bot/worlds/meshes/nxt_racks/HD-01_G_22.png\n'}
[0.510870] (nav_bot) StdoutLine: {'line': b'-- Up-to-date symlink: /home/rohan/cobotx/install/nav_bot/share/nav_bot/worlds/meshes/nxt_racks/HD-01_G_23.png\n'}
[0.510951] (nav_bot) StdoutLine: {'line': b'-- Up-to-date symlink: /home/rohan/cobotx/install/nav_bot/share/nav_bot/worlds/meshes/nxt_racks/HD-01_G_24.png\n'}
[0.511031] (nav_bot) StdoutLine: {'line': b'-- Up-to-date symlink: /home/rohan/cobotx/install/nav_bot/share/nav_bot/worlds/meshes/nxt_racks/HD-01_G_25.png\n'}
[0.511121] (nav_bot) StdoutLine: {'line': b'-- Up-to-date symlink: /home/rohan/cobotx/install/nav_bot/share/nav_bot/worlds/meshes/nxt_racks/HD-01_G_26.png\n'}
[0.511218] (nav_bot) StdoutLine: {'line': b'-- Up-to-date symlink: /home/rohan/cobotx/install/nav_bot/share/nav_bot/worlds/meshes/nxt_racks/HD-01_G_27.png\n'}
[0.511333] (nav_bot) StdoutLine: {'line': b'-- Up-to-date symlink: /home/rohan/cobotx/install/nav_bot/share/nav_bot/worlds/meshes/nxt_racks/HD-01_G_28.png\n'}
[0.511414] (nav_bot) StdoutLine: {'line': b'-- Up-to-date symlink: /home/rohan/cobotx/install/nav_bot/share/nav_bot/worlds/meshes/nxt_racks/HD-01_G_29.png\n'}
[0.511474] (nav_bot) StdoutLine: {'line': b'-- Up-to-date symlink: /home/rohan/cobotx/install/nav_bot/share/nav_bot/worlds/meshes/nxt_racks/HD-01_G_30.png\n'}
[0.511553] (nav_bot) StdoutLine: {'line': b'-- Up-to-date symlink: /home/rohan/cobotx/install/nav_bot/share/nav_bot/worlds/meshes/nxt_racks/HD-01_G_31.png\n'}
[0.511627] (nav_bot) StdoutLine: {'line': b'-- Up-to-date symlink: /home/rohan/cobotx/install/nav_bot/share/nav_bot/worlds/meshes/nxt_racks/HD-01_G_32.png\n'}
[0.511695] (nav_bot) StdoutLine: {'line': b'-- Up-to-date symlink: /home/rohan/cobotx/install/nav_bot/share/nav_bot/worlds/meshes/nxt_racks/HD-01_G_33.png\n'}
[0.511768] (nav_bot) StdoutLine: {'line': b'-- Up-to-date symlink: /home/rohan/cobotx/install/nav_bot/share/nav_bot/worlds/meshes/nxt_racks/HD-01_G_34.png\n'}
[0.511883] (nav_bot) StdoutLine: {'line': b'-- Up-to-date symlink: /home/rohan/cobotx/install/nav_bot/share/nav_bot/worlds/meshes/nxt_racks/HD-01_G_35.png\n'}
[0.511977] (nav_bot) StdoutLine: {'line': b'-- Up-to-date symlink: /home/rohan/cobotx/install/nav_bot/share/nav_bot/worlds/meshes/nxt_racks/HD-01_G_36.png\n'}
[0.512068] (nav_bot) StdoutLine: {'line': b'-- Up-to-date symlink: /home/rohan/cobotx/install/nav_bot/share/nav_bot/worlds/meshes/nxt_racks/HD-01_G_37.png\n'}
[0.512159] (nav_bot) StdoutLine: {'line': b'-- Up-to-date symlink: /home/rohan/cobotx/install/nav_bot/share/nav_bot/worlds/meshes/nxt_racks/HD-01_G_38.png\n'}
[0.512248] (nav_bot) StdoutLine: {'line': b'-- Up-to-date symlink: /home/rohan/cobotx/install/nav_bot/share/nav_bot/worlds/meshes/nxt_racks/NxT_warehouse.dae\n'}
[0.512342] (nav_bot) StdoutLine: {'line': b'-- Up-to-date symlink: /home/rohan/cobotx/install/nav_bot/share/nav_bot/worlds/meshes/nxt_racks/NxT_warehouse_colision.stl\n'}
[0.512429] (nav_bot) StdoutLine: {'line': b'-- Up-to-date symlink: /home/rohan/cobotx/install/nav_bot/share/nav_bot/worlds/meshes/nxt_racks/Rough_Square_Concrete_Block.jpg\n'}
[0.512503] (nav_bot) StdoutLine: {'line': b'-- Up-to-date symlink: /home/rohan/cobotx/install/nav_bot/share/nav_bot/worlds/meshes/nxt_racks/Tape001_1K_Color.png\n'}
[0.512589] (nav_bot) StdoutLine: {'line': b'-- Up-to-date symlink: /home/rohan/cobotx/install/nav_bot/share/nav_bot/worlds/meshes/nxt_racks/Terrazzo005_1K_Color.jpg\n'}
[0.512675] (nav_bot) StdoutLine: {'line': b'-- Up-to-date symlink: /home/rohan/cobotx/install/nav_bot/share/nav_bot/worlds/meshes/nxt_racks/back.png\n'}
[0.512767] (nav_bot) StdoutLine: {'line': b'-- Up-to-date symlink: /home/rohan/cobotx/install/nav_bot/share/nav_bot/worlds/meshes/nxt_racks/bts_qr_codes/BTS00068631.png\n'}
[0.512864] (nav_bot) StdoutLine: {'line': b'-- Up-to-date symlink: /home/rohan/cobotx/install/nav_bot/share/nav_bot/worlds/meshes/nxt_racks/bts_qr_codes/BTS00068632.png\n'}
[0.512978] (nav_bot) StdoutLine: {'line': b'-- Up-to-date symlink: /home/rohan/cobotx/install/nav_bot/share/nav_bot/worlds/meshes/nxt_racks/bts_qr_codes/BTS00068633.png\n'}
[0.513114] (nav_bot) StdoutLine: {'line': b'-- Up-to-date symlink: /home/rohan/cobotx/install/nav_bot/share/nav_bot/worlds/meshes/nxt_racks/bts_qr_codes/BTS00068634.png\n'}
[0.513215] (nav_bot) StdoutLine: {'line': b'-- Up-to-date symlink: /home/rohan/cobotx/install/nav_bot/share/nav_bot/worlds/meshes/nxt_racks/bts_qr_codes/BTS00068635.png\n'}
[0.513340] (nav_bot) StdoutLine: {'line': b'-- Up-to-date symlink: /home/rohan/cobotx/install/nav_bot/share/nav_bot/worlds/meshes/nxt_racks/bts_qr_codes/BTS00068636.png\n'}
[0.513481] (nav_bot) StdoutLine: {'line': b'-- Up-to-date symlink: /home/rohan/cobotx/install/nav_bot/share/nav_bot/worlds/meshes/nxt_racks/bts_qr_codes/BTS00068637.png\n'}
[0.513629] (nav_bot) StdoutLine: {'line': b'-- Up-to-date symlink: /home/rohan/cobotx/install/nav_bot/share/nav_bot/worlds/meshes/nxt_racks/bts_qr_codes/BTS00068638.png\n'}
[0.513726] (nav_bot) StdoutLine: {'line': b'-- Up-to-date symlink: /home/rohan/cobotx/install/nav_bot/share/nav_bot/worlds/meshes/nxt_racks/bts_qr_codes/BTS00068639.png\n'}
[0.513827] (nav_bot) StdoutLine: {'line': b'-- Up-to-date symlink: /home/rohan/cobotx/install/nav_bot/share/nav_bot/worlds/meshes/nxt_racks/bts_qr_codes/BTS00068640.png\n'}
[0.513921] (nav_bot) StdoutLine: {'line': b'-- Up-to-date symlink: /home/rohan/cobotx/install/nav_bot/share/nav_bot/worlds/meshes/nxt_racks/bts_qr_codes/BTS00068641.png\n'}
[0.514015] (nav_bot) StdoutLine: {'line': b'-- Up-to-date symlink: /home/rohan/cobotx/install/nav_bot/share/nav_bot/worlds/meshes/nxt_racks/bts_qr_codes/BTS00068642.png\n'}
[0.514105] (nav_bot) StdoutLine: {'line': b'-- Up-to-date symlink: /home/rohan/cobotx/install/nav_bot/share/nav_bot/worlds/meshes/nxt_racks/bts_qr_codes/BTS00068643.png\n'}
[0.514194] (nav_bot) StdoutLine: {'line': b'-- Up-to-date symlink: /home/rohan/cobotx/install/nav_bot/share/nav_bot/worlds/meshes/nxt_racks/bts_qr_codes/BTS00068644.png\n'}
[0.514286] (nav_bot) StdoutLine: {'line': b'-- Up-to-date symlink: /home/rohan/cobotx/install/nav_bot/share/nav_bot/worlds/meshes/nxt_racks/bts_qr_codes/BTS00068645.png\n'}
[0.514374] (nav_bot) StdoutLine: {'line': b'-- Up-to-date symlink: /home/rohan/cobotx/install/nav_bot/share/nav_bot/worlds/meshes/nxt_racks/bts_qr_codes/BTS00068646.png\n'}
[0.514464] (nav_bot) StdoutLine: {'line': b'-- Up-to-date symlink: /home/rohan/cobotx/install/nav_bot/share/nav_bot/worlds/meshes/nxt_racks/bts_qr_codes/BTS00068647.png\n'}
[0.514561] (nav_bot) StdoutLine: {'line': b'-- Up-to-date symlink: /home/rohan/cobotx/install/nav_bot/share/nav_bot/worlds/meshes/nxt_racks/bts_qr_codes/BTS00068648.png\n'}
[0.514653] (nav_bot) StdoutLine: {'line': b'-- Up-to-date symlink: /home/rohan/cobotx/install/nav_bot/share/nav_bot/worlds/meshes/nxt_racks/bts_qr_codes/BTS00068649.png\n'}
[0.514743] (nav_bot) StdoutLine: {'line': b'-- Up-to-date symlink: /home/rohan/cobotx/install/nav_bot/share/nav_bot/worlds/meshes/nxt_racks/bts_qr_codes/BTS00068650.png\n'}
[0.514841] (nav_bot) StdoutLine: {'line': b'-- Up-to-date symlink: /home/rohan/cobotx/install/nav_bot/share/nav_bot/worlds/meshes/nxt_racks/bts_qr_codes/BTS00068651.png\n'}
[0.514934] (nav_bot) StdoutLine: {'line': b'-- Up-to-date symlink: /home/rohan/cobotx/install/nav_bot/share/nav_bot/worlds/meshes/nxt_racks/bts_qr_codes/BTS00068652.png\n'}
[0.515024] (nav_bot) StdoutLine: {'line': b'-- Up-to-date symlink: /home/rohan/cobotx/install/nav_bot/share/nav_bot/worlds/meshes/nxt_racks/bts_qr_codes/BTS00068653.png\n'}
[0.515112] (nav_bot) StdoutLine: {'line': b'-- Up-to-date symlink: /home/rohan/cobotx/install/nav_bot/share/nav_bot/worlds/meshes/nxt_racks/bts_qr_codes/BTS00068654.png\n'}
[0.515201] (nav_bot) StdoutLine: {'line': b'-- Up-to-date symlink: /home/rohan/cobotx/install/nav_bot/share/nav_bot/worlds/meshes/nxt_racks/bts_qr_codes/BTS00068655.png\n'}
[0.515291] (nav_bot) StdoutLine: {'line': b'-- Up-to-date symlink: /home/rohan/cobotx/install/nav_bot/share/nav_bot/worlds/meshes/nxt_racks/bts_qr_codes/BTS00068656.png\n'}
[0.515381] (nav_bot) StdoutLine: {'line': b'-- Up-to-date symlink: /home/rohan/cobotx/install/nav_bot/share/nav_bot/worlds/meshes/nxt_racks/bts_qr_codes/BTS00068657.png\n'}
[0.515470] (nav_bot) StdoutLine: {'line': b'-- Up-to-date symlink: /home/rohan/cobotx/install/nav_bot/share/nav_bot/worlds/meshes/nxt_racks/bts_qr_codes/BTS00068658.png\n'}
[0.515559] (nav_bot) StdoutLine: {'line': b'-- Up-to-date symlink: /home/rohan/cobotx/install/nav_bot/share/nav_bot/worlds/meshes/nxt_racks/bts_qr_codes/BTS00068659.png\n'}
[0.515649] (nav_bot) StdoutLine: {'line': b'-- Up-to-date symlink: /home/rohan/cobotx/install/nav_bot/share/nav_bot/worlds/meshes/nxt_racks/bts_qr_codes/BTS00068660.png\n'}
[0.515738] (nav_bot) StdoutLine: {'line': b'-- Up-to-date symlink: /home/rohan/cobotx/install/nav_bot/share/nav_bot/worlds/meshes/nxt_racks/bts_qr_codes/BTS00068661.png\n'}
[0.515836] (nav_bot) StdoutLine: {'line': b'-- Up-to-date symlink: /home/rohan/cobotx/install/nav_bot/share/nav_bot/worlds/meshes/nxt_racks/bts_qr_codes/BTS00068662.png\n'}
[0.515932] (nav_bot) StdoutLine: {'line': b'-- Up-to-date symlink: /home/rohan/cobotx/install/nav_bot/share/nav_bot/worlds/meshes/nxt_racks/bts_qr_codes/BTS00068663.png\n'}
[0.516022] (nav_bot) StdoutLine: {'line': b'-- Up-to-date symlink: /home/rohan/cobotx/install/nav_bot/share/nav_bot/worlds/meshes/nxt_racks/bts_qr_codes/BTS00068664.png\n'}
[0.516111] (nav_bot) StdoutLine: {'line': b'-- Up-to-date symlink: /home/rohan/cobotx/install/nav_bot/share/nav_bot/worlds/meshes/nxt_racks/bts_qr_codes/BTS00068665.png\n'}
[0.516202] (nav_bot) StdoutLine: {'line': b'-- Up-to-date symlink: /home/rohan/cobotx/install/nav_bot/share/nav_bot/worlds/meshes/nxt_racks/bts_qr_codes/BTS00068666.png\n'}
[0.516291] (nav_bot) StdoutLine: {'line': b'-- Up-to-date symlink: /home/rohan/cobotx/install/nav_bot/share/nav_bot/worlds/meshes/nxt_racks/bts_qr_codes/BTS00068667.png\n'}
[0.516381] (nav_bot) StdoutLine: {'line': b'-- Up-to-date symlink: /home/rohan/cobotx/install/nav_bot/share/nav_bot/worlds/meshes/nxt_racks/bts_qr_codes/BTS00068668.png\n'}
[0.516471] (nav_bot) StdoutLine: {'line': b'-- Up-to-date symlink: /home/rohan/cobotx/install/nav_bot/share/nav_bot/worlds/meshes/nxt_racks/bts_qr_codes/BTS00068669.png\n'}
[0.516560] (nav_bot) StdoutLine: {'line': b'-- Up-to-date symlink: /home/rohan/cobotx/install/nav_bot/share/nav_bot/worlds/meshes/nxt_racks/bts_qr_codes/BTS00068670.png\n'}
[0.516650] (nav_bot) StdoutLine: {'line': b'-- Up-to-date symlink: /home/rohan/cobotx/install/nav_bot/share/nav_bot/worlds/meshes/nxt_racks/bts_qr_codes/BTS00068671.png\n'}
[0.516739] (nav_bot) StdoutLine: {'line': b'-- Up-to-date symlink: /home/rohan/cobotx/install/nav_bot/share/nav_bot/worlds/meshes/nxt_racks/bts_qr_codes/BTS00068672.png\n'}
[0.516853] (nav_bot) StdoutLine: {'line': b'-- Up-to-date symlink: /home/rohan/cobotx/install/nav_bot/share/nav_bot/worlds/meshes/nxt_racks/bts_qr_codes/BTS00068673.png\n'}
[0.516973] (nav_bot) StdoutLine: {'line': b'-- Up-to-date symlink: /home/rohan/cobotx/install/nav_bot/share/nav_bot/worlds/meshes/nxt_racks/bts_qr_codes/BTS00068674.png\n'}
[0.517051] (nav_bot) StdoutLine: {'line': b'-- Up-to-date symlink: /home/rohan/cobotx/install/nav_bot/share/nav_bot/worlds/meshes/nxt_racks/bts_qr_codes/BTS00068675.png\n'}
[0.517131] (nav_bot) StdoutLine: {'line': b'-- Up-to-date symlink: /home/rohan/cobotx/install/nav_bot/share/nav_bot/worlds/meshes/nxt_racks/bts_qr_codes/BTS00068676.png\n'}
[0.517210] (nav_bot) StdoutLine: {'line': b'-- Up-to-date symlink: /home/rohan/cobotx/install/nav_bot/share/nav_bot/worlds/meshes/nxt_racks/bts_qr_codes/BTS00068677.png\n'}
[0.517314] (nav_bot) StdoutLine: {'line': b'-- Up-to-date symlink: /home/rohan/cobotx/install/nav_bot/share/nav_bot/worlds/meshes/nxt_racks/bts_qr_codes/BTS00068678.png\n'}
[0.517406] (nav_bot) StdoutLine: {'line': b'-- Up-to-date symlink: /home/rohan/cobotx/install/nav_bot/share/nav_bot/worlds/meshes/nxt_racks/bts_qr_codes/BTS00068679.png\n'}
[0.517499] (nav_bot) StdoutLine: {'line': b'-- Up-to-date symlink: /home/rohan/cobotx/install/nav_bot/share/nav_bot/worlds/meshes/nxt_racks/bts_qr_codes/BTS00068680.png\n'}
[0.517587] (nav_bot) StdoutLine: {'line': b'-- Up-to-date symlink: /home/rohan/cobotx/install/nav_bot/share/nav_bot/worlds/meshes/nxt_racks/bts_qr_codes/BTS00068681.png\n'}
[0.517680] (nav_bot) StdoutLine: {'line': b'-- Up-to-date symlink: /home/rohan/cobotx/install/nav_bot/share/nav_bot/worlds/meshes/nxt_racks/bts_qr_codes/BTS00068682.png\n'}
[0.517766] (nav_bot) StdoutLine: {'line': b'-- Up-to-date symlink: /home/rohan/cobotx/install/nav_bot/share/nav_bot/worlds/meshes/nxt_racks/bts_qr_codes/BTS00068683.png\n'}
[0.517869] (nav_bot) StdoutLine: {'line': b'-- Up-to-date symlink: /home/rohan/cobotx/install/nav_bot/share/nav_bot/worlds/meshes/nxt_racks/bts_qr_codes/BTS00068684.png\n'}
[0.517960] (nav_bot) StdoutLine: {'line': b'-- Up-to-date symlink: /home/rohan/cobotx/install/nav_bot/share/nav_bot/worlds/meshes/nxt_racks/bts_qr_codes/BTS00068685.png\n'}
[0.518047] (nav_bot) StdoutLine: {'line': b'-- Up-to-date symlink: /home/rohan/cobotx/install/nav_bot/share/nav_bot/worlds/meshes/nxt_racks/bts_qr_codes/BTS00068686.png\n'}
[0.518136] (nav_bot) StdoutLine: {'line': b'-- Up-to-date symlink: /home/rohan/cobotx/install/nav_bot/share/nav_bot/worlds/meshes/nxt_racks/bts_qr_codes/BTS00068687.png\n'}
[0.518231] (nav_bot) StdoutLine: {'line': b'-- Up-to-date symlink: /home/rohan/cobotx/install/nav_bot/share/nav_bot/worlds/meshes/nxt_racks/bts_qr_codes/BTS00068688.png\n'}
[0.518322] (nav_bot) StdoutLine: {'line': b'-- Up-to-date symlink: /home/rohan/cobotx/install/nav_bot/share/nav_bot/worlds/meshes/nxt_racks/bts_qr_codes/BTS00068689.png\n'}
[0.518412] (nav_bot) StdoutLine: {'line': b'-- Up-to-date symlink: /home/rohan/cobotx/install/nav_bot/share/nav_bot/worlds/meshes/nxt_racks/bts_qr_codes/BTS00068690.png\n'}
[0.518504] (nav_bot) StdoutLine: {'line': b'-- Up-to-date symlink: /home/rohan/cobotx/install/nav_bot/share/nav_bot/worlds/meshes/nxt_racks/bts_qr_codes/BTS00068691.png\n'}
[0.518594] (nav_bot) StdoutLine: {'line': b'-- Up-to-date symlink: /home/rohan/cobotx/install/nav_bot/share/nav_bot/worlds/meshes/nxt_racks/bts_qr_codes/BTS00068692.png\n'}
[0.518684] (nav_bot) StdoutLine: {'line': b'-- Up-to-date symlink: /home/rohan/cobotx/install/nav_bot/share/nav_bot/worlds/meshes/nxt_racks/bts_qr_codes/BTS00068693.png\n'}
[0.518779] (nav_bot) StdoutLine: {'line': b'-- Up-to-date symlink: /home/rohan/cobotx/install/nav_bot/share/nav_bot/worlds/meshes/nxt_racks/bts_qr_codes/BTS00068694.png\n'}
[0.518880] (nav_bot) StdoutLine: {'line': b'-- Up-to-date symlink: /home/rohan/cobotx/install/nav_bot/share/nav_bot/worlds/meshes/nxt_racks/bts_qr_codes/BTS00068695.png\n'}
[0.518971] (nav_bot) StdoutLine: {'line': b'-- Up-to-date symlink: /home/rohan/cobotx/install/nav_bot/share/nav_bot/worlds/meshes/nxt_racks/bts_qr_codes/BTS00068696.png\n'}
[0.519063] (nav_bot) StdoutLine: {'line': b'-- Up-to-date symlink: /home/rohan/cobotx/install/nav_bot/share/nav_bot/worlds/meshes/nxt_racks/bts_qr_codes/BTS00068697.png\n'}
[0.519154] (nav_bot) StdoutLine: {'line': b'-- Up-to-date symlink: /home/rohan/cobotx/install/nav_bot/share/nav_bot/worlds/meshes/nxt_racks/bts_qr_codes/BTS00068698.png\n'}
[0.519244] (nav_bot) StdoutLine: {'line': b'-- Up-to-date symlink: /home/rohan/cobotx/install/nav_bot/share/nav_bot/worlds/meshes/nxt_racks/bts_qr_codes/BTS00068699.png\n'}
[0.519335] (nav_bot) StdoutLine: {'line': b'-- Up-to-date symlink: /home/rohan/cobotx/install/nav_bot/share/nav_bot/worlds/meshes/nxt_racks/bts_qr_codes/BTS00068700.png\n'}
[0.519426] (nav_bot) StdoutLine: {'line': b'-- Up-to-date symlink: /home/rohan/cobotx/install/nav_bot/share/nav_bot/worlds/meshes/nxt_racks/bts_qr_codes/BTS00068701.png\n'}
[0.519517] (nav_bot) StdoutLine: {'line': b'-- Up-to-date symlink: /home/rohan/cobotx/install/nav_bot/share/nav_bot/worlds/meshes/nxt_racks/bts_qr_codes/BTS00068702.png\n'}
[0.519607] (nav_bot) StdoutLine: {'line': b'-- Up-to-date symlink: /home/rohan/cobotx/install/nav_bot/share/nav_bot/worlds/meshes/nxt_racks/bts_qr_codes/BTS00068703.png\n'}
[0.519696] (nav_bot) StdoutLine: {'line': b'-- Up-to-date symlink: /home/rohan/cobotx/install/nav_bot/share/nav_bot/worlds/meshes/nxt_racks/bts_qr_codes/BTS00068704.png\n'}
[0.519791] (nav_bot) StdoutLine: {'line': b'-- Up-to-date symlink: /home/rohan/cobotx/install/nav_bot/share/nav_bot/worlds/meshes/nxt_racks/bts_qr_codes/BTS00068705.png\n'}
[0.519885] (nav_bot) StdoutLine: {'line': b'-- Up-to-date symlink: /home/rohan/cobotx/install/nav_bot/share/nav_bot/worlds/meshes/nxt_racks/bts_qr_codes/BTS00068706.png\n'}
[0.519975] (nav_bot) StdoutLine: {'line': b'-- Up-to-date symlink: /home/rohan/cobotx/install/nav_bot/share/nav_bot/worlds/meshes/nxt_racks/bts_qr_codes/BTS00068707.png\n'}
[0.520065] (nav_bot) StdoutLine: {'line': b'-- Up-to-date symlink: /home/rohan/cobotx/install/nav_bot/share/nav_bot/worlds/meshes/nxt_racks/bts_qr_codes/BTS00068708.png\n'}
[0.520155] (nav_bot) StdoutLine: {'line': b'-- Up-to-date symlink: /home/rohan/cobotx/install/nav_bot/share/nav_bot/worlds/meshes/nxt_racks/bts_qr_codes/BTS00068709.png\n'}
[0.520245] (nav_bot) StdoutLine: {'line': b'-- Up-to-date symlink: /home/rohan/cobotx/install/nav_bot/share/nav_bot/worlds/meshes/nxt_racks/bts_qr_codes/BTS00068710.png\n'}
[0.520334] (nav_bot) StdoutLine: {'line': b'-- Up-to-date symlink: /home/rohan/cobotx/install/nav_bot/share/nav_bot/worlds/meshes/nxt_racks/bts_qr_codes/BTS00068711.png\n'}
[0.520423] (nav_bot) StdoutLine: {'line': b'-- Up-to-date symlink: /home/rohan/cobotx/install/nav_bot/share/nav_bot/worlds/meshes/nxt_racks/bts_qr_codes/BTS00068712.png\n'}
[0.520510] (nav_bot) StdoutLine: {'line': b'-- Up-to-date symlink: /home/rohan/cobotx/install/nav_bot/share/nav_bot/worlds/meshes/nxt_racks/bts_qr_codes/BTS00068713.png\n'}
[0.520599] (nav_bot) StdoutLine: {'line': b'-- Up-to-date symlink: /home/rohan/cobotx/install/nav_bot/share/nav_bot/worlds/meshes/nxt_racks/bts_qr_codes/BTS00068714.png\n'}
[0.520692] (nav_bot) StdoutLine: {'line': b'-- Up-to-date symlink: /home/rohan/cobotx/install/nav_bot/share/nav_bot/worlds/meshes/nxt_racks/bts_qr_codes/BTS00068715.png\n'}
[0.520783] (nav_bot) StdoutLine: {'line': b'-- Up-to-date symlink: /home/rohan/cobotx/install/nav_bot/share/nav_bot/worlds/meshes/nxt_racks/bts_qr_codes/BTS00068716.png\n'}
[0.520877] (nav_bot) StdoutLine: {'line': b'-- Up-to-date symlink: /home/rohan/cobotx/install/nav_bot/share/nav_bot/worlds/meshes/nxt_racks/bts_qr_codes/BTS00068717.png\n'}
[0.520966] (nav_bot) StdoutLine: {'line': b'-- Up-to-date symlink: /home/rohan/cobotx/install/nav_bot/share/nav_bot/worlds/meshes/nxt_racks/bts_qr_codes/BTS00068718.png\n'}
[0.521057] (nav_bot) StdoutLine: {'line': b'-- Up-to-date symlink: /home/rohan/cobotx/install/nav_bot/share/nav_bot/worlds/meshes/nxt_racks/bts_qr_codes/BTS00068719.png\n'}
[0.521146] (nav_bot) StdoutLine: {'line': b'-- Up-to-date symlink: /home/rohan/cobotx/install/nav_bot/share/nav_bot/worlds/meshes/nxt_racks/bts_qr_codes/BTS00068720.png\n'}
[0.521235] (nav_bot) StdoutLine: {'line': b'-- Up-to-date symlink: /home/rohan/cobotx/install/nav_bot/share/nav_bot/worlds/meshes/nxt_racks/bts_qr_codes/BTS00068721.png\n'}
[0.521325] (nav_bot) StdoutLine: {'line': b'-- Up-to-date symlink: /home/rohan/cobotx/install/nav_bot/share/nav_bot/worlds/meshes/nxt_racks/bts_qr_codes/BTS00068722.png\n'}
[0.521414] (nav_bot) StdoutLine: {'line': b'-- Up-to-date symlink: /home/rohan/cobotx/install/nav_bot/share/nav_bot/worlds/meshes/nxt_racks/bts_qr_codes/BTS00068723.png\n'}
[0.521502] (nav_bot) StdoutLine: {'line': b'-- Up-to-date symlink: /home/rohan/cobotx/install/nav_bot/share/nav_bot/worlds/meshes/nxt_racks/bts_qr_codes/BTS00068724.png\n'}
[0.521591] (nav_bot) StdoutLine: {'line': b'-- Up-to-date symlink: /home/rohan/cobotx/install/nav_bot/share/nav_bot/worlds/meshes/nxt_racks/bts_qr_codes/BTS00068725.png\n'}
[0.521680] (nav_bot) StdoutLine: {'line': b'-- Up-to-date symlink: /home/rohan/cobotx/install/nav_bot/share/nav_bot/worlds/meshes/nxt_racks/bts_qr_codes/BTS00068726.png\n'}
[0.521770] (nav_bot) StdoutLine: {'line': b'-- Up-to-date symlink: /home/rohan/cobotx/install/nav_bot/share/nav_bot/worlds/meshes/nxt_racks/bts_qr_codes/BTS00068727.png\n'}
[0.521875] (nav_bot) StdoutLine: {'line': b'-- Up-to-date symlink: /home/rohan/cobotx/install/nav_bot/share/nav_bot/worlds/meshes/nxt_racks/bts_qr_codes/BTS00068728.png\n'}
[0.521964] (nav_bot) StdoutLine: {'line': b'-- Up-to-date symlink: /home/rohan/cobotx/install/nav_bot/share/nav_bot/worlds/meshes/nxt_racks/bts_qr_codes/BTS00068729.png\n'}
[0.522054] (nav_bot) StdoutLine: {'line': b'-- Up-to-date symlink: /home/rohan/cobotx/install/nav_bot/share/nav_bot/worlds/meshes/nxt_racks/bts_qr_codes/BTS00068730.png\n'}
[0.522143] (nav_bot) StdoutLine: {'line': b'-- Up-to-date symlink: /home/rohan/cobotx/install/nav_bot/share/nav_bot/worlds/meshes/nxt_racks/bts_qr_codes/BTS00069884.png\n'}
[0.522231] (nav_bot) StdoutLine: {'line': b'-- Up-to-date symlink: /home/rohan/cobotx/install/nav_bot/share/nav_bot/worlds/meshes/nxt_racks/bts_qr_codes/BTS00069885.png\n'}
[0.522321] (nav_bot) StdoutLine: {'line': b'-- Up-to-date symlink: /home/rohan/cobotx/install/nav_bot/share/nav_bot/worlds/meshes/nxt_racks/bts_qr_codes/BTS00069886.png\n'}
[0.522410] (nav_bot) StdoutLine: {'line': b'-- Up-to-date symlink: /home/rohan/cobotx/install/nav_bot/share/nav_bot/worlds/meshes/nxt_racks/bts_qr_codes/BTS00069887.png\n'}
[0.522500] (nav_bot) StdoutLine: {'line': b'-- Up-to-date symlink: /home/rohan/cobotx/install/nav_bot/share/nav_bot/worlds/meshes/nxt_racks/bts_qr_codes/BTS00069888.png\n'}
[0.522589] (nav_bot) StdoutLine: {'line': b'-- Up-to-date symlink: /home/rohan/cobotx/install/nav_bot/share/nav_bot/worlds/meshes/nxt_racks/bts_qr_codes/BTS00069889.png\n'}
[0.522678] (nav_bot) StdoutLine: {'line': b'-- Up-to-date symlink: /home/rohan/cobotx/install/nav_bot/share/nav_bot/worlds/meshes/nxt_racks/bts_qr_codes/BTS00069890.png\n'}
[0.522767] (nav_bot) StdoutLine: {'line': b'-- Up-to-date symlink: /home/rohan/cobotx/install/nav_bot/share/nav_bot/worlds/meshes/nxt_racks/bts_qr_codes/BTS00069891.png\n'}
[0.522865] (nav_bot) StdoutLine: {'line': b'-- Up-to-date symlink: /home/rohan/cobotx/install/nav_bot/share/nav_bot/worlds/meshes/nxt_racks/bts_qr_codes/BTS00069892.png\n'}
[0.522955] (nav_bot) StdoutLine: {'line': b'-- Up-to-date symlink: /home/rohan/cobotx/install/nav_bot/share/nav_bot/worlds/meshes/nxt_racks/bts_qr_codes/BTS00069893.png\n'}
[0.523044] (nav_bot) StdoutLine: {'line': b'-- Up-to-date symlink: /home/rohan/cobotx/install/nav_bot/share/nav_bot/worlds/meshes/nxt_racks/bts_qr_codes/BTS00069894.png\n'}
[0.523139] (nav_bot) StdoutLine: {'line': b'-- Up-to-date symlink: /home/rohan/cobotx/install/nav_bot/share/nav_bot/worlds/meshes/nxt_racks/bts_qr_codes/BTS00069895.png\n'}
[0.523226] (nav_bot) StdoutLine: {'line': b'-- Up-to-date symlink: /home/rohan/cobotx/install/nav_bot/share/nav_bot/worlds/meshes/nxt_racks/bts_qr_codes/BTS00069896.png\n'}
[0.523313] (nav_bot) StdoutLine: {'line': b'-- Up-to-date symlink: /home/rohan/cobotx/install/nav_bot/share/nav_bot/worlds/meshes/nxt_racks/bts_qr_codes/BTS00069897.png\n'}
[0.523401] (nav_bot) StdoutLine: {'line': b'-- Up-to-date symlink: /home/rohan/cobotx/install/nav_bot/share/nav_bot/worlds/meshes/nxt_racks/bts_qr_codes/BTS00069898.png\n'}
[0.523491] (nav_bot) StdoutLine: {'line': b'-- Up-to-date symlink: /home/rohan/cobotx/install/nav_bot/share/nav_bot/worlds/meshes/nxt_racks/bts_qr_codes/BTS00069899.png\n'}
[0.523579] (nav_bot) StdoutLine: {'line': b'-- Up-to-date symlink: /home/rohan/cobotx/install/nav_bot/share/nav_bot/worlds/meshes/nxt_racks/bts_qr_codes/BTS00069900.png\n'}
[0.523666] (nav_bot) StdoutLine: {'line': b'-- Up-to-date symlink: /home/rohan/cobotx/install/nav_bot/share/nav_bot/worlds/meshes/nxt_racks/front.png\n'}
[0.523752] (nav_bot) StdoutLine: {'line': b'-- Up-to-date symlink: /home/rohan/cobotx/install/nav_bot/share/nav_bot/worlds/meshes/nxt_racks/ground.png\n'}
[0.523844] (nav_bot) StdoutLine: {'line': b'-- Up-to-date symlink: /home/rohan/cobotx/install/nav_bot/share/nav_bot/worlds/meshes/nxt_racks/left.png\n'}
[0.523939] (nav_bot) StdoutLine: {'line': b'-- Up-to-date symlink: /home/rohan/cobotx/install/nav_bot/share/nav_bot/worlds/meshes/nxt_racks/qr_output/HD-01_A_01.png\n'}
[0.524030] (nav_bot) StdoutLine: {'line': b'-- Up-to-date symlink: /home/rohan/cobotx/install/nav_bot/share/nav_bot/worlds/meshes/nxt_racks/qr_output/HD-01_A_02.png\n'}
[0.524120] (nav_bot) StdoutLine: {'line': b'-- Up-to-date symlink: /home/rohan/cobotx/install/nav_bot/share/nav_bot/worlds/meshes/nxt_racks/qr_output/HD-01_A_03.png\n'}
[0.524210] (nav_bot) StdoutLine: {'line': b'-- Up-to-date symlink: /home/rohan/cobotx/install/nav_bot/share/nav_bot/worlds/meshes/nxt_racks/qr_output/HD-01_A_04.png\n'}
[0.524299] (nav_bot) StdoutLine: {'line': b'-- Up-to-date symlink: /home/rohan/cobotx/install/nav_bot/share/nav_bot/worlds/meshes/nxt_racks/qr_output/HD-01_A_05.png\n'}
[0.524389] (nav_bot) StdoutLine: {'line': b'-- Up-to-date symlink: /home/rohan/cobotx/install/nav_bot/share/nav_bot/worlds/meshes/nxt_racks/qr_output/HD-01_A_06.png\n'}
[0.524477] (nav_bot) StdoutLine: {'line': b'-- Up-to-date symlink: /home/rohan/cobotx/install/nav_bot/share/nav_bot/worlds/meshes/nxt_racks/qr_output/HD-01_A_07.png\n'}
[0.524566] (nav_bot) StdoutLine: {'line': b'-- Up-to-date symlink: /home/rohan/cobotx/install/nav_bot/share/nav_bot/worlds/meshes/nxt_racks/qr_output/HD-01_A_08.png\n'}
[0.524655] (nav_bot) StdoutLine: {'line': b'-- Up-to-date symlink: /home/rohan/cobotx/install/nav_bot/share/nav_bot/worlds/meshes/nxt_racks/qr_output/HD-01_A_09.png\n'}
[0.524744] (nav_bot) StdoutLine: {'line': b'-- Up-to-date symlink: /home/rohan/cobotx/install/nav_bot/share/nav_bot/worlds/meshes/nxt_racks/qr_output/HD-01_A_10.png\n'}
[0.524844] (nav_bot) StdoutLine: {'line': b'-- Up-to-date symlink: /home/rohan/cobotx/install/nav_bot/share/nav_bot/worlds/meshes/nxt_racks/qr_output/HD-01_A_11.png\n'}
[0.524940] (nav_bot) StdoutLine: {'line': b'-- Up-to-date symlink: /home/rohan/cobotx/install/nav_bot/share/nav_bot/worlds/meshes/nxt_racks/qr_output/HD-01_A_12.png\n'}
[0.525045] (nav_bot) StdoutLine: {'line': b'-- Up-to-date symlink: /home/rohan/cobotx/install/nav_bot/share/nav_bot/worlds/meshes/nxt_racks/qr_output/HD-01_A_13.png\n'}
[0.525171] (nav_bot) StdoutLine: {'line': b'-- Up-to-date symlink: /home/rohan/cobotx/install/nav_bot/share/nav_bot/worlds/meshes/nxt_racks/qr_output/HD-01_A_14.png\n'}
[0.525269] (nav_bot) StdoutLine: {'line': b'-- Up-to-date symlink: /home/rohan/cobotx/install/nav_bot/share/nav_bot/worlds/meshes/nxt_racks/qr_output/HD-01_A_15.png\n'}
[0.525359] (nav_bot) StdoutLine: {'line': b'-- Up-to-date symlink: /home/rohan/cobotx/install/nav_bot/share/nav_bot/worlds/meshes/nxt_racks/qr_output/HD-01_A_16.png\n'}
[0.525447] (nav_bot) StdoutLine: {'line': b'-- Up-to-date symlink: /home/rohan/cobotx/install/nav_bot/share/nav_bot/worlds/meshes/nxt_racks/qr_output/HD-01_A_17.png\n'}
[0.525528] (nav_bot) StdoutLine: {'line': b'-- Up-to-date symlink: /home/rohan/cobotx/install/nav_bot/share/nav_bot/worlds/meshes/nxt_racks/qr_output/HD-01_A_18.png\n'}
[0.525601] (nav_bot) StdoutLine: {'line': b'-- Up-to-date symlink: /home/rohan/cobotx/install/nav_bot/share/nav_bot/worlds/meshes/nxt_racks/qr_output/HD-01_A_19.png\n'}
[0.525667] (nav_bot) StdoutLine: {'line': b'-- Up-to-date symlink: /home/rohan/cobotx/install/nav_bot/share/nav_bot/worlds/meshes/nxt_racks/qr_output/HD-01_A_20.png\n'}
[0.525761] (nav_bot) StdoutLine: {'line': b'-- Up-to-date symlink: /home/rohan/cobotx/install/nav_bot/share/nav_bot/worlds/meshes/nxt_racks/qr_output/HD-01_A_21.png\n'}
[0.525867] (nav_bot) StdoutLine: {'line': b'-- Up-to-date symlink: /home/rohan/cobotx/install/nav_bot/share/nav_bot/worlds/meshes/nxt_racks/qr_output/HD-01_A_22.png\n'}
[0.525964] (nav_bot) StdoutLine: {'line': b'-- Up-to-date symlink: /home/rohan/cobotx/install/nav_bot/share/nav_bot/worlds/meshes/nxt_racks/qr_output/HD-01_A_23.png\n'}
[0.526045] (nav_bot) StdoutLine: {'line': b'-- Up-to-date symlink: /home/rohan/cobotx/install/nav_bot/share/nav_bot/worlds/meshes/nxt_racks/qr_output/HD-01_A_24.png\n'}
[0.526129] (nav_bot) StdoutLine: {'line': b'-- Up-to-date symlink: /home/rohan/cobotx/install/nav_bot/share/nav_bot/worlds/meshes/nxt_racks/qr_output/HD-01_A_25.png\n'}
[0.526219] (nav_bot) StdoutLine: {'line': b'-- Up-to-date symlink: /home/rohan/cobotx/install/nav_bot/share/nav_bot/worlds/meshes/nxt_racks/qr_output/HD-01_A_26.png\n'}
[0.526311] (nav_bot) StdoutLine: {'line': b'-- Up-to-date symlink: /home/rohan/cobotx/install/nav_bot/share/nav_bot/worlds/meshes/nxt_racks/qr_output/HD-01_A_27.png\n'}
[0.526396] (nav_bot) StdoutLine: {'line': b'-- Up-to-date symlink: /home/rohan/cobotx/install/nav_bot/share/nav_bot/worlds/meshes/nxt_racks/qr_output/HD-01_A_28.png\n'}
[0.526487] (nav_bot) StdoutLine: {'line': b'-- Up-to-date symlink: /home/rohan/cobotx/install/nav_bot/share/nav_bot/worlds/meshes/nxt_racks/qr_output/HD-01_A_29.png\n'}
[0.526577] (nav_bot) StdoutLine: {'line': b'-- Up-to-date symlink: /home/rohan/cobotx/install/nav_bot/share/nav_bot/worlds/meshes/nxt_racks/qr_output/HD-01_A_30.png\n'}
[0.526671] (nav_bot) StdoutLine: {'line': b'-- Up-to-date symlink: /home/rohan/cobotx/install/nav_bot/share/nav_bot/worlds/meshes/nxt_racks/qr_output/HD-01_A_31.png\n'}
[0.526773] (nav_bot) StdoutLine: {'line': b'-- Up-to-date symlink: /home/rohan/cobotx/install/nav_bot/share/nav_bot/worlds/meshes/nxt_racks/qr_output/HD-01_A_32.png\n'}
[0.526870] (nav_bot) StdoutLine: {'line': b'-- Up-to-date symlink: /home/rohan/cobotx/install/nav_bot/share/nav_bot/worlds/meshes/nxt_racks/qr_output/HD-01_A_33.png\n'}
[0.526964] (nav_bot) StdoutLine: {'line': b'-- Up-to-date symlink: /home/rohan/cobotx/install/nav_bot/share/nav_bot/worlds/meshes/nxt_racks/qr_output/HD-01_A_34.png\n'}
[0.527079] (nav_bot) StdoutLine: {'line': b'-- Up-to-date symlink: /home/rohan/cobotx/install/nav_bot/share/nav_bot/worlds/meshes/nxt_racks/qr_output/HD-01_A_35.png\n'}
[0.527225] (nav_bot) StdoutLine: {'line': b'-- Up-to-date symlink: /home/rohan/cobotx/install/nav_bot/share/nav_bot/worlds/meshes/nxt_racks/qr_output/HD-01_A_36.png\n'}
[0.527307] (nav_bot) StdoutLine: {'line': b'-- Up-to-date symlink: /home/rohan/cobotx/install/nav_bot/share/nav_bot/worlds/meshes/nxt_racks/qr_output/HD-01_A_37.png\n'}
[0.527390] (nav_bot) StdoutLine: {'line': b'-- Up-to-date symlink: /home/rohan/cobotx/install/nav_bot/share/nav_bot/worlds/meshes/nxt_racks/qr_output/HD-01_A_38.png\n'}
[0.527469] (nav_bot) StdoutLine: {'line': b'-- Up-to-date symlink: /home/rohan/cobotx/install/nav_bot/share/nav_bot/worlds/meshes/nxt_racks/qr_output/HD-01_B_01.png\n'}
[0.527570] (nav_bot) StdoutLine: {'line': b'-- Up-to-date symlink: /home/rohan/cobotx/install/nav_bot/share/nav_bot/worlds/meshes/nxt_racks/qr_output/HD-01_B_02.png\n'}
[0.527680] (nav_bot) StdoutLine: {'line': b'-- Up-to-date symlink: /home/rohan/cobotx/install/nav_bot/share/nav_bot/worlds/meshes/nxt_racks/qr_output/HD-01_B_03.png\n'}
[0.527771] (nav_bot) StdoutLine: {'line': b'-- Up-to-date symlink: /home/rohan/cobotx/install/nav_bot/share/nav_bot/worlds/meshes/nxt_racks/qr_output/HD-01_B_04.png\n'}
[0.527873] (nav_bot) StdoutLine: {'line': b'-- Up-to-date symlink: /home/rohan/cobotx/install/nav_bot/share/nav_bot/worlds/meshes/nxt_racks/qr_output/HD-01_B_05.png\n'}
[0.527969] (nav_bot) StdoutLine: {'line': b'-- Up-to-date symlink: /home/rohan/cobotx/install/nav_bot/share/nav_bot/worlds/meshes/nxt_racks/qr_output/HD-01_B_06.png\n'}
[0.528059] (nav_bot) StdoutLine: {'line': b'-- Up-to-date symlink: /home/rohan/cobotx/install/nav_bot/share/nav_bot/worlds/meshes/nxt_racks/qr_output/HD-01_B_07.png\n'}
[0.528146] (nav_bot) StdoutLine: {'line': b'-- Up-to-date symlink: /home/rohan/cobotx/install/nav_bot/share/nav_bot/worlds/meshes/nxt_racks/qr_output/HD-01_B_08.png\n'}
[0.528225] (nav_bot) StdoutLine: {'line': b'-- Up-to-date symlink: /home/rohan/cobotx/install/nav_bot/share/nav_bot/worlds/meshes/nxt_racks/qr_output/HD-01_B_09.png\n'}
[0.528299] (nav_bot) StdoutLine: {'line': b'-- Up-to-date symlink: /home/rohan/cobotx/install/nav_bot/share/nav_bot/worlds/meshes/nxt_racks/qr_output/HD-01_B_10.png\n'}
[0.528379] (nav_bot) StdoutLine: {'line': b'-- Up-to-date symlink: /home/rohan/cobotx/install/nav_bot/share/nav_bot/worlds/meshes/nxt_racks/qr_output/HD-01_B_11.png\n'}
[0.528459] (nav_bot) StdoutLine: {'line': b'-- Up-to-date symlink: /home/rohan/cobotx/install/nav_bot/share/nav_bot/worlds/meshes/nxt_racks/qr_output/HD-01_B_12.png\n'}
[0.528543] (nav_bot) StdoutLine: {'line': b'-- Up-to-date symlink: /home/rohan/cobotx/install/nav_bot/share/nav_bot/worlds/meshes/nxt_racks/qr_output/HD-01_B_13.png\n'}
[0.528632] (nav_bot) StdoutLine: {'line': b'-- Up-to-date symlink: /home/rohan/cobotx/install/nav_bot/share/nav_bot/worlds/meshes/nxt_racks/qr_output/HD-01_B_14.png\n'}
[0.528721] (nav_bot) StdoutLine: {'line': b'-- Up-to-date symlink: /home/rohan/cobotx/install/nav_bot/share/nav_bot/worlds/meshes/nxt_racks/qr_output/HD-01_B_15.png\n'}
[0.528823] (nav_bot) StdoutLine: {'line': b'-- Up-to-date symlink: /home/rohan/cobotx/install/nav_bot/share/nav_bot/worlds/meshes/nxt_racks/qr_output/HD-01_B_16.png\n'}
[0.528918] (nav_bot) StdoutLine: {'line': b'-- Up-to-date symlink: /home/rohan/cobotx/install/nav_bot/share/nav_bot/worlds/meshes/nxt_racks/qr_output/HD-01_B_17.png\n'}
[0.529015] (nav_bot) StdoutLine: {'line': b'-- Up-to-date symlink: /home/rohan/cobotx/install/nav_bot/share/nav_bot/worlds/meshes/nxt_racks/qr_output/HD-01_B_18.png\n'}
[0.529100] (nav_bot) StdoutLine: {'line': b'-- Up-to-date symlink: /home/rohan/cobotx/install/nav_bot/share/nav_bot/worlds/meshes/nxt_racks/qr_output/HD-01_B_19.png\n'}
[0.529204] (nav_bot) StdoutLine: {'line': b'-- Up-to-date symlink: /home/rohan/cobotx/install/nav_bot/share/nav_bot/worlds/meshes/nxt_racks/qr_output/HD-01_B_20.png\n'}
[0.529289] (nav_bot) StdoutLine: {'line': b'-- Up-to-date symlink: /home/rohan/cobotx/install/nav_bot/share/nav_bot/worlds/meshes/nxt_racks/qr_output/HD-01_B_21.png\n'}
[0.529369] (nav_bot) StdoutLine: {'line': b'-- Up-to-date symlink: /home/rohan/cobotx/install/nav_bot/share/nav_bot/worlds/meshes/nxt_racks/qr_output/HD-01_B_22.png\n'}
[0.529461] (nav_bot) StdoutLine: {'line': b'-- Up-to-date symlink: /home/rohan/cobotx/install/nav_bot/share/nav_bot/worlds/meshes/nxt_racks/qr_output/HD-01_B_23.png\n'}
[0.529559] (nav_bot) StdoutLine: {'line': b'-- Up-to-date symlink: /home/rohan/cobotx/install/nav_bot/share/nav_bot/worlds/meshes/nxt_racks/qr_output/HD-01_B_24.png\n'}
[0.529648] (nav_bot) StdoutLine: {'line': b'-- Up-to-date symlink: /home/rohan/cobotx/install/nav_bot/share/nav_bot/worlds/meshes/nxt_racks/qr_output/HD-01_B_25.png\n'}
[0.529738] (nav_bot) StdoutLine: {'line': b'-- Up-to-date symlink: /home/rohan/cobotx/install/nav_bot/share/nav_bot/worlds/meshes/nxt_racks/qr_output/HD-01_B_26.png\n'}
[0.529837] (nav_bot) StdoutLine: {'line': b'-- Up-to-date symlink: /home/rohan/cobotx/install/nav_bot/share/nav_bot/worlds/meshes/nxt_racks/qr_output/HD-01_B_27.png\n'}
[0.529931] (nav_bot) StdoutLine: {'line': b'-- Up-to-date symlink: /home/rohan/cobotx/install/nav_bot/share/nav_bot/worlds/meshes/nxt_racks/qr_output/HD-01_B_28.png\n'}
[0.530020] (nav_bot) StdoutLine: {'line': b'-- Up-to-date symlink: /home/rohan/cobotx/install/nav_bot/share/nav_bot/worlds/meshes/nxt_racks/qr_output/HD-01_B_29.png\n'}
[0.530110] (nav_bot) StdoutLine: {'line': b'-- Up-to-date symlink: /home/rohan/cobotx/install/nav_bot/share/nav_bot/worlds/meshes/nxt_racks/qr_output/HD-01_B_30.png\n'}
[0.530198] (nav_bot) StdoutLine: {'line': b'-- Up-to-date symlink: /home/rohan/cobotx/install/nav_bot/share/nav_bot/worlds/meshes/nxt_racks/qr_output/HD-01_B_31.png\n'}
[0.530288] (nav_bot) StdoutLine: {'line': b'-- Up-to-date symlink: /home/rohan/cobotx/install/nav_bot/share/nav_bot/worlds/meshes/nxt_racks/qr_output/HD-01_B_32.png\n'}
[0.530377] (nav_bot) StdoutLine: {'line': b'-- Up-to-date symlink: /home/rohan/cobotx/install/nav_bot/share/nav_bot/worlds/meshes/nxt_racks/qr_output/HD-01_B_33.png\n'}
[0.530465] (nav_bot) StdoutLine: {'line': b'-- Up-to-date symlink: /home/rohan/cobotx/install/nav_bot/share/nav_bot/worlds/meshes/nxt_racks/qr_output/HD-01_B_34.png\n'}
[0.530554] (nav_bot) StdoutLine: {'line': b'-- Up-to-date symlink: /home/rohan/cobotx/install/nav_bot/share/nav_bot/worlds/meshes/nxt_racks/qr_output/HD-01_B_35.png\n'}
[0.530643] (nav_bot) StdoutLine: {'line': b'-- Up-to-date symlink: /home/rohan/cobotx/install/nav_bot/share/nav_bot/worlds/meshes/nxt_racks/qr_output/HD-01_B_36.png\n'}
[0.530732] (nav_bot) StdoutLine: {'line': b'-- Up-to-date symlink: /home/rohan/cobotx/install/nav_bot/share/nav_bot/worlds/meshes/nxt_racks/qr_output/HD-01_B_37.png\n'}
[0.530832] (nav_bot) StdoutLine: {'line': b'-- Up-to-date symlink: /home/rohan/cobotx/install/nav_bot/share/nav_bot/worlds/meshes/nxt_racks/qr_output/HD-01_B_38.png\n'}
[0.530926] (nav_bot) StdoutLine: {'line': b'-- Up-to-date symlink: /home/rohan/cobotx/install/nav_bot/share/nav_bot/worlds/meshes/nxt_racks/qr_output/HD-01_C_01.png\n'}
[0.531016] (nav_bot) StdoutLine: {'line': b'-- Up-to-date symlink: /home/rohan/cobotx/install/nav_bot/share/nav_bot/worlds/meshes/nxt_racks/qr_output/HD-01_C_02.png\n'}
[0.531106] (nav_bot) StdoutLine: {'line': b'-- Up-to-date symlink: /home/rohan/cobotx/install/nav_bot/share/nav_bot/worlds/meshes/nxt_racks/qr_output/HD-01_C_03.png\n'}
[0.531196] (nav_bot) StdoutLine: {'line': b'-- Up-to-date symlink: /home/rohan/cobotx/install/nav_bot/share/nav_bot/worlds/meshes/nxt_racks/qr_output/HD-01_C_04.png\n'}
[0.531286] (nav_bot) StdoutLine: {'line': b'-- Up-to-date symlink: /home/rohan/cobotx/install/nav_bot/share/nav_bot/worlds/meshes/nxt_racks/qr_output/HD-01_C_05.png\n'}
[0.531376] (nav_bot) StdoutLine: {'line': b'-- Up-to-date symlink: /home/rohan/cobotx/install/nav_bot/share/nav_bot/worlds/meshes/nxt_racks/qr_output/HD-01_C_06.png\n'}
[0.531466] (nav_bot) StdoutLine: {'line': b'-- Up-to-date symlink: /home/rohan/cobotx/install/nav_bot/share/nav_bot/worlds/meshes/nxt_racks/qr_output/HD-01_C_07.png\n'}
[0.531558] (nav_bot) StdoutLine: {'line': b'-- Up-to-date symlink: /home/rohan/cobotx/install/nav_bot/share/nav_bot/worlds/meshes/nxt_racks/qr_output/HD-01_C_08.png\n'}
[0.531646] (nav_bot) StdoutLine: {'line': b'-- Up-to-date symlink: /home/rohan/cobotx/install/nav_bot/share/nav_bot/worlds/meshes/nxt_racks/qr_output/HD-01_C_09.png\n'}
[0.531735] (nav_bot) StdoutLine: {'line': b'-- Up-to-date symlink: /home/rohan/cobotx/install/nav_bot/share/nav_bot/worlds/meshes/nxt_racks/qr_output/HD-01_C_10.png\n'}
[0.531834] (nav_bot) StdoutLine: {'line': b'-- Up-to-date symlink: /home/rohan/cobotx/install/nav_bot/share/nav_bot/worlds/meshes/nxt_racks/qr_output/HD-01_C_11.png\n'}
[0.531928] (nav_bot) StdoutLine: {'line': b'-- Up-to-date symlink: /home/rohan/cobotx/install/nav_bot/share/nav_bot/worlds/meshes/nxt_racks/qr_output/HD-01_C_12.png\n'}
[0.532019] (nav_bot) StdoutLine: {'line': b'-- Up-to-date symlink: /home/rohan/cobotx/install/nav_bot/share/nav_bot/worlds/meshes/nxt_racks/qr_output/HD-01_C_13.png\n'}
[0.532108] (nav_bot) StdoutLine: {'line': b'-- Up-to-date symlink: /home/rohan/cobotx/install/nav_bot/share/nav_bot/worlds/meshes/nxt_racks/qr_output/HD-01_C_14.png\n'}
[0.532198] (nav_bot) StdoutLine: {'line': b'-- Up-to-date symlink: /home/rohan/cobotx/install/nav_bot/share/nav_bot/worlds/meshes/nxt_racks/qr_output/HD-01_C_15.png\n'}
[0.532288] (nav_bot) StdoutLine: {'line': b'-- Up-to-date symlink: /home/rohan/cobotx/install/nav_bot/share/nav_bot/worlds/meshes/nxt_racks/qr_output/HD-01_C_16.png\n'}
[0.532378] (nav_bot) StdoutLine: {'line': b'-- Up-to-date symlink: /home/rohan/cobotx/install/nav_bot/share/nav_bot/worlds/meshes/nxt_racks/qr_output/HD-01_C_17.png\n'}
[0.532468] (nav_bot) StdoutLine: {'line': b'-- Up-to-date symlink: /home/rohan/cobotx/install/nav_bot/share/nav_bot/worlds/meshes/nxt_racks/qr_output/HD-01_C_18.png\n'}
[0.532558] (nav_bot) StdoutLine: {'line': b'-- Up-to-date symlink: /home/rohan/cobotx/install/nav_bot/share/nav_bot/worlds/meshes/nxt_racks/qr_output/HD-01_C_19.png\n'}
[0.532646] (nav_bot) StdoutLine: {'line': b'-- Up-to-date symlink: /home/rohan/cobotx/install/nav_bot/share/nav_bot/worlds/meshes/nxt_racks/qr_output/HD-01_C_20.png\n'}
[0.532734] (nav_bot) StdoutLine: {'line': b'-- Up-to-date symlink: /home/rohan/cobotx/install/nav_bot/share/nav_bot/worlds/meshes/nxt_racks/qr_output/HD-01_C_21.png\n'}
[0.532832] (nav_bot) StdoutLine: {'line': b'-- Up-to-date symlink: /home/rohan/cobotx/install/nav_bot/share/nav_bot/worlds/meshes/nxt_racks/qr_output/HD-01_C_22.png\n'}
[0.532925] (nav_bot) StdoutLine: {'line': b'-- Up-to-date symlink: /home/rohan/cobotx/install/nav_bot/share/nav_bot/worlds/meshes/nxt_racks/qr_output/HD-01_C_23.png\n'}
[0.533015] (nav_bot) StdoutLine: {'line': b'-- Up-to-date symlink: /home/rohan/cobotx/install/nav_bot/share/nav_bot/worlds/meshes/nxt_racks/qr_output/HD-01_C_24.png\n'}
[0.533105] (nav_bot) StdoutLine: {'line': b'-- Up-to-date symlink: /home/rohan/cobotx/install/nav_bot/share/nav_bot/worlds/meshes/nxt_racks/qr_output/HD-01_C_25.png\n'}
[0.533193] (nav_bot) StdoutLine: {'line': b'-- Up-to-date symlink: /home/rohan/cobotx/install/nav_bot/share/nav_bot/worlds/meshes/nxt_racks/qr_output/HD-01_C_26.png\n'}
[0.533288] (nav_bot) StdoutLine: {'line': b'-- Up-to-date symlink: /home/rohan/cobotx/install/nav_bot/share/nav_bot/worlds/meshes/nxt_racks/qr_output/HD-01_C_27.png\n'}
[0.533379] (nav_bot) StdoutLine: {'line': b'-- Up-to-date symlink: /home/rohan/cobotx/install/nav_bot/share/nav_bot/worlds/meshes/nxt_racks/qr_output/HD-01_C_28.png\n'}
[0.533468] (nav_bot) StdoutLine: {'line': b'-- Up-to-date symlink: /home/rohan/cobotx/install/nav_bot/share/nav_bot/worlds/meshes/nxt_racks/qr_output/HD-01_C_29.png\n'}
[0.533557] (nav_bot) StdoutLine: {'line': b'-- Up-to-date symlink: /home/rohan/cobotx/install/nav_bot/share/nav_bot/worlds/meshes/nxt_racks/qr_output/HD-01_C_30.png\n'}
[0.533645] (nav_bot) StdoutLine: {'line': b'-- Up-to-date symlink: /home/rohan/cobotx/install/nav_bot/share/nav_bot/worlds/meshes/nxt_racks/qr_output/HD-01_C_31.png\n'}
[0.533736] (nav_bot) StdoutLine: {'line': b'-- Up-to-date symlink: /home/rohan/cobotx/install/nav_bot/share/nav_bot/worlds/meshes/nxt_racks/qr_output/HD-01_C_32.png\n'}
[0.533835] (nav_bot) StdoutLine: {'line': b'-- Up-to-date symlink: /home/rohan/cobotx/install/nav_bot/share/nav_bot/worlds/meshes/nxt_racks/qr_output/HD-01_C_33.png\n'}
[0.533929] (nav_bot) StdoutLine: {'line': b'-- Up-to-date symlink: /home/rohan/cobotx/install/nav_bot/share/nav_bot/worlds/meshes/nxt_racks/qr_output/HD-01_C_34.png\n'}
[0.534021] (nav_bot) StdoutLine: {'line': b'-- Up-to-date symlink: /home/rohan/cobotx/install/nav_bot/share/nav_bot/worlds/meshes/nxt_racks/qr_output/HD-01_C_35.png\n'}
[0.534111] (nav_bot) StdoutLine: {'line': b'-- Up-to-date symlink: /home/rohan/cobotx/install/nav_bot/share/nav_bot/worlds/meshes/nxt_racks/qr_output/HD-01_C_36.png\n'}
[0.534200] (nav_bot) StdoutLine: {'line': b'-- Up-to-date symlink: /home/rohan/cobotx/install/nav_bot/share/nav_bot/worlds/meshes/nxt_racks/qr_output/HD-01_C_37.png\n'}
[0.534291] (nav_bot) StdoutLine: {'line': b'-- Up-to-date symlink: /home/rohan/cobotx/install/nav_bot/share/nav_bot/worlds/meshes/nxt_racks/qr_output/HD-01_C_38.png\n'}
[0.534381] (nav_bot) StdoutLine: {'line': b'-- Up-to-date symlink: /home/rohan/cobotx/install/nav_bot/share/nav_bot/worlds/meshes/nxt_racks/qr_output/HD-01_D_01.png\n'}
[0.534472] (nav_bot) StdoutLine: {'line': b'-- Up-to-date symlink: /home/rohan/cobotx/install/nav_bot/share/nav_bot/worlds/meshes/nxt_racks/qr_output/HD-01_D_02.png\n'}
[0.534562] (nav_bot) StdoutLine: {'line': b'-- Up-to-date symlink: /home/rohan/cobotx/install/nav_bot/share/nav_bot/worlds/meshes/nxt_racks/qr_output/HD-01_D_03.png\n'}
[0.534650] (nav_bot) StdoutLine: {'line': b'-- Up-to-date symlink: /home/rohan/cobotx/install/nav_bot/share/nav_bot/worlds/meshes/nxt_racks/qr_output/HD-01_D_04.png\n'}
[0.534740] (nav_bot) StdoutLine: {'line': b'-- Up-to-date symlink: /home/rohan/cobotx/install/nav_bot/share/nav_bot/worlds/meshes/nxt_racks/qr_output/HD-01_D_05.png\n'}
[0.534839] (nav_bot) StdoutLine: {'line': b'-- Up-to-date symlink: /home/rohan/cobotx/install/nav_bot/share/nav_bot/worlds/meshes/nxt_racks/qr_output/HD-01_D_06.png\n'}
[0.534932] (nav_bot) StdoutLine: {'line': b'-- Up-to-date symlink: /home/rohan/cobotx/install/nav_bot/share/nav_bot/worlds/meshes/nxt_racks/qr_output/HD-01_D_07.png\n'}
[0.535022] (nav_bot) StdoutLine: {'line': b'-- Up-to-date symlink: /home/rohan/cobotx/install/nav_bot/share/nav_bot/worlds/meshes/nxt_racks/qr_output/HD-01_D_08.png\n'}
[0.535111] (nav_bot) StdoutLine: {'line': b'-- Up-to-date symlink: /home/rohan/cobotx/install/nav_bot/share/nav_bot/worlds/meshes/nxt_racks/qr_output/HD-01_D_09.png\n'}
[0.535201] (nav_bot) StdoutLine: {'line': b'-- Up-to-date symlink: /home/rohan/cobotx/install/nav_bot/share/nav_bot/worlds/meshes/nxt_racks/qr_output/HD-01_D_10.png\n'}
[0.535290] (nav_bot) StdoutLine: {'line': b'-- Up-to-date symlink: /home/rohan/cobotx/install/nav_bot/share/nav_bot/worlds/meshes/nxt_racks/qr_output/HD-01_D_11.png\n'}
[0.535381] (nav_bot) StdoutLine: {'line': b'-- Up-to-date symlink: /home/rohan/cobotx/install/nav_bot/share/nav_bot/worlds/meshes/nxt_racks/qr_output/HD-01_D_12.png\n'}
[0.535471] (nav_bot) StdoutLine: {'line': b'-- Up-to-date symlink: /home/rohan/cobotx/install/nav_bot/share/nav_bot/worlds/meshes/nxt_racks/qr_output/HD-01_D_13.png\n'}
[0.535561] (nav_bot) StdoutLine: {'line': b'-- Up-to-date symlink: /home/rohan/cobotx/install/nav_bot/share/nav_bot/worlds/meshes/nxt_racks/qr_output/HD-01_D_14.png\n'}
[0.535650] (nav_bot) StdoutLine: {'line': b'-- Up-to-date symlink: /home/rohan/cobotx/install/nav_bot/share/nav_bot/worlds/meshes/nxt_racks/qr_output/HD-01_D_15.png\n'}
[0.535737] (nav_bot) StdoutLine: {'line': b'-- Up-to-date symlink: /home/rohan/cobotx/install/nav_bot/share/nav_bot/worlds/meshes/nxt_racks/qr_output/HD-01_D_16.png\n'}
[0.535835] (nav_bot) StdoutLine: {'line': b'-- Up-to-date symlink: /home/rohan/cobotx/install/nav_bot/share/nav_bot/worlds/meshes/nxt_racks/qr_output/HD-01_D_17.png\n'}
[0.535929] (nav_bot) StdoutLine: {'line': b'-- Up-to-date symlink: /home/rohan/cobotx/install/nav_bot/share/nav_bot/worlds/meshes/nxt_racks/qr_output/HD-01_D_18.png\n'}
[0.536019] (nav_bot) StdoutLine: {'line': b'-- Up-to-date symlink: /home/rohan/cobotx/install/nav_bot/share/nav_bot/worlds/meshes/nxt_racks/qr_output/HD-01_D_19.png\n'}
[0.536110] (nav_bot) StdoutLine: {'line': b'-- Up-to-date symlink: /home/rohan/cobotx/install/nav_bot/share/nav_bot/worlds/meshes/nxt_racks/qr_output/HD-01_D_20.png\n'}
[0.536199] (nav_bot) StdoutLine: {'line': b'-- Up-to-date symlink: /home/rohan/cobotx/install/nav_bot/share/nav_bot/worlds/meshes/nxt_racks/qr_output/HD-01_D_21.png\n'}
[0.536289] (nav_bot) StdoutLine: {'line': b'-- Up-to-date symlink: /home/rohan/cobotx/install/nav_bot/share/nav_bot/worlds/meshes/nxt_racks/qr_output/HD-01_D_22.png\n'}
[0.536379] (nav_bot) StdoutLine: {'line': b'-- Up-to-date symlink: /home/rohan/cobotx/install/nav_bot/share/nav_bot/worlds/meshes/nxt_racks/qr_output/HD-01_D_23.png\n'}
[0.536468] (nav_bot) StdoutLine: {'line': b'-- Up-to-date symlink: /home/rohan/cobotx/install/nav_bot/share/nav_bot/worlds/meshes/nxt_racks/qr_output/HD-01_D_24.png\n'}
[0.536557] (nav_bot) StdoutLine: {'line': b'-- Up-to-date symlink: /home/rohan/cobotx/install/nav_bot/share/nav_bot/worlds/meshes/nxt_racks/qr_output/HD-01_D_25.png\n'}
[0.536647] (nav_bot) StdoutLine: {'line': b'-- Up-to-date symlink: /home/rohan/cobotx/install/nav_bot/share/nav_bot/worlds/meshes/nxt_racks/qr_output/HD-01_D_26.png\n'}
[0.536737] (nav_bot) StdoutLine: {'line': b'-- Up-to-date symlink: /home/rohan/cobotx/install/nav_bot/share/nav_bot/worlds/meshes/nxt_racks/qr_output/HD-01_D_27.png\n'}
[0.536835] (nav_bot) StdoutLine: {'line': b'-- Up-to-date symlink: /home/rohan/cobotx/install/nav_bot/share/nav_bot/worlds/meshes/nxt_racks/qr_output/HD-01_D_28.png\n'}
[0.536928] (nav_bot) StdoutLine: {'line': b'-- Up-to-date symlink: /home/rohan/cobotx/install/nav_bot/share/nav_bot/worlds/meshes/nxt_racks/qr_output/HD-01_D_29.png\n'}
[0.537019] (nav_bot) StdoutLine: {'line': b'-- Up-to-date symlink: /home/rohan/cobotx/install/nav_bot/share/nav_bot/worlds/meshes/nxt_racks/qr_output/HD-01_D_30.png\n'}
[0.537113] (nav_bot) StdoutLine: {'line': b'-- Up-to-date symlink: /home/rohan/cobotx/install/nav_bot/share/nav_bot/worlds/meshes/nxt_racks/qr_output/HD-01_D_31.png\n'}
[0.537204] (nav_bot) StdoutLine: {'line': b'-- Up-to-date symlink: /home/rohan/cobotx/install/nav_bot/share/nav_bot/worlds/meshes/nxt_racks/qr_output/HD-01_D_32.png\n'}
[0.537294] (nav_bot) StdoutLine: {'line': b'-- Up-to-date symlink: /home/rohan/cobotx/install/nav_bot/share/nav_bot/worlds/meshes/nxt_racks/qr_output/HD-01_D_33.png\n'}
[0.537384] (nav_bot) StdoutLine: {'line': b'-- Up-to-date symlink: /home/rohan/cobotx/install/nav_bot/share/nav_bot/worlds/meshes/nxt_racks/qr_output/HD-01_D_34.png\n'}
[0.537473] (nav_bot) StdoutLine: {'line': b'-- Up-to-date symlink: /home/rohan/cobotx/install/nav_bot/share/nav_bot/worlds/meshes/nxt_racks/qr_output/HD-01_D_35.png\n'}
[0.537563] (nav_bot) StdoutLine: {'line': b'-- Up-to-date symlink: /home/rohan/cobotx/install/nav_bot/share/nav_bot/worlds/meshes/nxt_racks/qr_output/HD-01_D_36.png\n'}
[0.537652] (nav_bot) StdoutLine: {'line': b'-- Up-to-date symlink: /home/rohan/cobotx/install/nav_bot/share/nav_bot/worlds/meshes/nxt_racks/qr_output/HD-01_D_37.png\n'}
[0.537741] (nav_bot) StdoutLine: {'line': b'-- Up-to-date symlink: /home/rohan/cobotx/install/nav_bot/share/nav_bot/worlds/meshes/nxt_racks/qr_output/HD-01_D_38.png\n'}
[0.537843] (nav_bot) StdoutLine: {'line': b'-- Up-to-date symlink: /home/rohan/cobotx/install/nav_bot/share/nav_bot/worlds/meshes/nxt_racks/qr_output/HD-01_E_01.png\n'}
[0.537937] (nav_bot) StdoutLine: {'line': b'-- Up-to-date symlink: /home/rohan/cobotx/install/nav_bot/share/nav_bot/worlds/meshes/nxt_racks/qr_output/HD-01_E_02.png\n'}
[0.538027] (nav_bot) StdoutLine: {'line': b'-- Up-to-date symlink: /home/rohan/cobotx/install/nav_bot/share/nav_bot/worlds/meshes/nxt_racks/qr_output/HD-01_E_03.png\n'}
[0.538116] (nav_bot) StdoutLine: {'line': b'-- Up-to-date symlink: /home/rohan/cobotx/install/nav_bot/share/nav_bot/worlds/meshes/nxt_racks/qr_output/HD-01_E_04.png\n'}
[0.538206] (nav_bot) StdoutLine: {'line': b'-- Up-to-date symlink: /home/rohan/cobotx/install/nav_bot/share/nav_bot/worlds/meshes/nxt_racks/qr_output/HD-01_E_05.png\n'}
[0.538295] (nav_bot) StdoutLine: {'line': b'-- Up-to-date symlink: /home/rohan/cobotx/install/nav_bot/share/nav_bot/worlds/meshes/nxt_racks/qr_output/HD-01_E_06.png\n'}
[0.538384] (nav_bot) StdoutLine: {'line': b'-- Up-to-date symlink: /home/rohan/cobotx/install/nav_bot/share/nav_bot/worlds/meshes/nxt_racks/qr_output/HD-01_E_07.png\n'}
[0.538473] (nav_bot) StdoutLine: {'line': b'-- Up-to-date symlink: /home/rohan/cobotx/install/nav_bot/share/nav_bot/worlds/meshes/nxt_racks/qr_output/HD-01_E_08.png\n'}
[0.538562] (nav_bot) StdoutLine: {'line': b'-- Up-to-date symlink: /home/rohan/cobotx/install/nav_bot/share/nav_bot/worlds/meshes/nxt_racks/qr_output/HD-01_E_09.png\n'}
[0.538651] (nav_bot) StdoutLine: {'line': b'-- Up-to-date symlink: /home/rohan/cobotx/install/nav_bot/share/nav_bot/worlds/meshes/nxt_racks/qr_output/HD-01_E_10.png\n'}
[0.538739] (nav_bot) StdoutLine: {'line': b'-- Up-to-date symlink: /home/rohan/cobotx/install/nav_bot/share/nav_bot/worlds/meshes/nxt_racks/qr_output/HD-01_E_11.png\n'}
[0.538839] (nav_bot) StdoutLine: {'line': b'-- Up-to-date symlink: /home/rohan/cobotx/install/nav_bot/share/nav_bot/worlds/meshes/nxt_racks/qr_output/HD-01_E_12.png\n'}
[0.538933] (nav_bot) StdoutLine: {'line': b'-- Up-to-date symlink: /home/rohan/cobotx/install/nav_bot/share/nav_bot/worlds/meshes/nxt_racks/qr_output/HD-01_E_13.png\n'}
[0.539023] (nav_bot) StdoutLine: {'line': b'-- Up-to-date symlink: /home/rohan/cobotx/install/nav_bot/share/nav_bot/worlds/meshes/nxt_racks/qr_output/HD-01_E_14.png\n'}
[0.539111] (nav_bot) StdoutLine: {'line': b'-- Up-to-date symlink: /home/rohan/cobotx/install/nav_bot/share/nav_bot/worlds/meshes/nxt_racks/qr_output/HD-01_E_15.png\n'}
[0.539201] (nav_bot) StdoutLine: {'line': b'-- Up-to-date symlink: /home/rohan/cobotx/install/nav_bot/share/nav_bot/worlds/meshes/nxt_racks/qr_output/HD-01_E_16.png\n'}
[0.539290] (nav_bot) StdoutLine: {'line': b'-- Up-to-date symlink: /home/rohan/cobotx/install/nav_bot/share/nav_bot/worlds/meshes/nxt_racks/qr_output/HD-01_E_17.png\n'}
[0.539379] (nav_bot) StdoutLine: {'line': b'-- Up-to-date symlink: /home/rohan/cobotx/install/nav_bot/share/nav_bot/worlds/meshes/nxt_racks/qr_output/HD-01_E_18.png\n'}
[0.539466] (nav_bot) StdoutLine: {'line': b'-- Up-to-date symlink: /home/rohan/cobotx/install/nav_bot/share/nav_bot/worlds/meshes/nxt_racks/qr_output/HD-01_E_19.png\n'}
[0.539556] (nav_bot) StdoutLine: {'line': b'-- Up-to-date symlink: /home/rohan/cobotx/install/nav_bot/share/nav_bot/worlds/meshes/nxt_racks/qr_output/HD-01_E_20.png\n'}
[0.539646] (nav_bot) StdoutLine: {'line': b'-- Up-to-date symlink: /home/rohan/cobotx/install/nav_bot/share/nav_bot/worlds/meshes/nxt_racks/qr_output/HD-01_E_21.png\n'}
[0.539736] (nav_bot) StdoutLine: {'line': b'-- Up-to-date symlink: /home/rohan/cobotx/install/nav_bot/share/nav_bot/worlds/meshes/nxt_racks/qr_output/HD-01_E_22.png\n'}
[0.539836] (nav_bot) StdoutLine: {'line': b'-- Up-to-date symlink: /home/rohan/cobotx/install/nav_bot/share/nav_bot/worlds/meshes/nxt_racks/qr_output/HD-01_E_23.png\n'}
[0.539930] (nav_bot) StdoutLine: {'line': b'-- Up-to-date symlink: /home/rohan/cobotx/install/nav_bot/share/nav_bot/worlds/meshes/nxt_racks/qr_output/HD-01_E_24.png\n'}
[0.540021] (nav_bot) StdoutLine: {'line': b'-- Up-to-date symlink: /home/rohan/cobotx/install/nav_bot/share/nav_bot/worlds/meshes/nxt_racks/qr_output/HD-01_E_25.png\n'}
[0.540111] (nav_bot) StdoutLine: {'line': b'-- Up-to-date symlink: /home/rohan/cobotx/install/nav_bot/share/nav_bot/worlds/meshes/nxt_racks/qr_output/HD-01_E_26.png\n'}
[0.540201] (nav_bot) StdoutLine: {'line': b'-- Up-to-date symlink: /home/rohan/cobotx/install/nav_bot/share/nav_bot/worlds/meshes/nxt_racks/qr_output/HD-01_E_27.png\n'}
[0.540291] (nav_bot) StdoutLine: {'line': b'-- Up-to-date symlink: /home/rohan/cobotx/install/nav_bot/share/nav_bot/worlds/meshes/nxt_racks/qr_output/HD-01_E_28.png\n'}
[0.540381] (nav_bot) StdoutLine: {'line': b'-- Up-to-date symlink: /home/rohan/cobotx/install/nav_bot/share/nav_bot/worlds/meshes/nxt_racks/qr_output/HD-01_E_29.png\n'}
[0.540476] (nav_bot) StdoutLine: {'line': b'-- Up-to-date symlink: /home/rohan/cobotx/install/nav_bot/share/nav_bot/worlds/meshes/nxt_racks/qr_output/HD-01_E_30.png\n'}
[0.540563] (nav_bot) StdoutLine: {'line': b'-- Up-to-date symlink: /home/rohan/cobotx/install/nav_bot/share/nav_bot/worlds/meshes/nxt_racks/qr_output/HD-01_E_31.png\n'}
[0.540653] (nav_bot) StdoutLine: {'line': b'-- Up-to-date symlink: /home/rohan/cobotx/install/nav_bot/share/nav_bot/worlds/meshes/nxt_racks/qr_output/HD-01_E_32.png\n'}
[0.540741] (nav_bot) StdoutLine: {'line': b'-- Up-to-date symlink: /home/rohan/cobotx/install/nav_bot/share/nav_bot/worlds/meshes/nxt_racks/qr_output/HD-01_E_33.png\n'}
[0.540842] (nav_bot) StdoutLine: {'line': b'-- Up-to-date symlink: /home/rohan/cobotx/install/nav_bot/share/nav_bot/worlds/meshes/nxt_racks/qr_output/HD-01_E_34.png\n'}
[0.540941] (nav_bot) StdoutLine: {'line': b'-- Up-to-date symlink: /home/rohan/cobotx/install/nav_bot/share/nav_bot/worlds/meshes/nxt_racks/qr_output/HD-01_E_35.png\n'}
[0.541036] (nav_bot) StdoutLine: {'line': b'-- Up-to-date symlink: /home/rohan/cobotx/install/nav_bot/share/nav_bot/worlds/meshes/nxt_racks/qr_output/HD-01_E_36.png\n'}
[0.541125] (nav_bot) StdoutLine: {'line': b'-- Up-to-date symlink: /home/rohan/cobotx/install/nav_bot/share/nav_bot/worlds/meshes/nxt_racks/qr_output/HD-01_E_37.png\n'}
[0.541218] (nav_bot) StdoutLine: {'line': b'-- Up-to-date symlink: /home/rohan/cobotx/install/nav_bot/share/nav_bot/worlds/meshes/nxt_racks/qr_output/HD-01_E_38.png\n'}
[0.541309] (nav_bot) StdoutLine: {'line': b'-- Up-to-date symlink: /home/rohan/cobotx/install/nav_bot/share/nav_bot/worlds/meshes/nxt_racks/qr_output/HD-01_F_01.png\n'}
[0.541399] (nav_bot) StdoutLine: {'line': b'-- Up-to-date symlink: /home/rohan/cobotx/install/nav_bot/share/nav_bot/worlds/meshes/nxt_racks/qr_output/HD-01_F_02.png\n'}
[0.541490] (nav_bot) StdoutLine: {'line': b'-- Up-to-date symlink: /home/rohan/cobotx/install/nav_bot/share/nav_bot/worlds/meshes/nxt_racks/qr_output/HD-01_F_03.png\n'}
[0.541579] (nav_bot) StdoutLine: {'line': b'-- Up-to-date symlink: /home/rohan/cobotx/install/nav_bot/share/nav_bot/worlds/meshes/nxt_racks/qr_output/HD-01_F_04.png\n'}
[0.541667] (nav_bot) StdoutLine: {'line': b'-- Up-to-date symlink: /home/rohan/cobotx/install/nav_bot/share/nav_bot/worlds/meshes/nxt_racks/qr_output/HD-01_F_05.png\n'}
[0.541758] (nav_bot) StdoutLine: {'line': b'-- Up-to-date symlink: /home/rohan/cobotx/install/nav_bot/share/nav_bot/worlds/meshes/nxt_racks/qr_output/HD-01_F_06.png\n'}
[0.541858] (nav_bot) StdoutLine: {'line': b'-- Up-to-date symlink: /home/rohan/cobotx/install/nav_bot/share/nav_bot/worlds/meshes/nxt_racks/qr_output/HD-01_F_07.png\n'}
[0.541951] (nav_bot) StdoutLine: {'line': b'-- Up-to-date symlink: /home/rohan/cobotx/install/nav_bot/share/nav_bot/worlds/meshes/nxt_racks/qr_output/HD-01_F_08.png\n'}
[0.542042] (nav_bot) StdoutLine: {'line': b'-- Up-to-date symlink: /home/rohan/cobotx/install/nav_bot/share/nav_bot/worlds/meshes/nxt_racks/qr_output/HD-01_F_09.png\n'}
[0.542132] (nav_bot) StdoutLine: {'line': b'-- Up-to-date symlink: /home/rohan/cobotx/install/nav_bot/share/nav_bot/worlds/meshes/nxt_racks/qr_output/HD-01_F_10.png\n'}
[0.542222] (nav_bot) StdoutLine: {'line': b'-- Up-to-date symlink: /home/rohan/cobotx/install/nav_bot/share/nav_bot/worlds/meshes/nxt_racks/qr_output/HD-01_F_11.png\n'}
[0.542312] (nav_bot) StdoutLine: {'line': b'-- Up-to-date symlink: /home/rohan/cobotx/install/nav_bot/share/nav_bot/worlds/meshes/nxt_racks/qr_output/HD-01_F_12.png\n'}
[0.542402] (nav_bot) StdoutLine: {'line': b'-- Up-to-date symlink: /home/rohan/cobotx/install/nav_bot/share/nav_bot/worlds/meshes/nxt_racks/qr_output/HD-01_F_13.png\n'}
[0.542492] (nav_bot) StdoutLine: {'line': b'-- Up-to-date symlink: /home/rohan/cobotx/install/nav_bot/share/nav_bot/worlds/meshes/nxt_racks/qr_output/HD-01_F_14.png\n'}
[0.542582] (nav_bot) StdoutLine: {'line': b'-- Up-to-date symlink: /home/rohan/cobotx/install/nav_bot/share/nav_bot/worlds/meshes/nxt_racks/qr_output/HD-01_F_15.png\n'}
[0.542670] (nav_bot) StdoutLine: {'line': b'-- Up-to-date symlink: /home/rohan/cobotx/install/nav_bot/share/nav_bot/worlds/meshes/nxt_racks/qr_output/HD-01_F_16.png\n'}
[0.542760] (nav_bot) StdoutLine: {'line': b'-- Up-to-date symlink: /home/rohan/cobotx/install/nav_bot/share/nav_bot/worlds/meshes/nxt_racks/qr_output/HD-01_F_17.png\n'}
[0.542862] (nav_bot) StdoutLine: {'line': b'-- Up-to-date symlink: /home/rohan/cobotx/install/nav_bot/share/nav_bot/worlds/meshes/nxt_racks/qr_output/HD-01_F_18.png\n'}
[0.542956] (nav_bot) StdoutLine: {'line': b'-- Up-to-date symlink: /home/rohan/cobotx/install/nav_bot/share/nav_bot/worlds/meshes/nxt_racks/qr_output/HD-01_F_19.png\n'}
[0.543048] (nav_bot) StdoutLine: {'line': b'-- Up-to-date symlink: /home/rohan/cobotx/install/nav_bot/share/nav_bot/worlds/meshes/nxt_racks/qr_output/HD-01_F_20.png\n'}
[0.543138] (nav_bot) StdoutLine: {'line': b'-- Up-to-date symlink: /home/rohan/cobotx/install/nav_bot/share/nav_bot/worlds/meshes/nxt_racks/qr_output/HD-01_F_21.png\n'}
[0.543228] (nav_bot) StdoutLine: {'line': b'-- Up-to-date symlink: /home/rohan/cobotx/install/nav_bot/share/nav_bot/worlds/meshes/nxt_racks/qr_output/HD-01_F_22.png\n'}
[0.543318] (nav_bot) StdoutLine: {'line': b'-- Up-to-date symlink: /home/rohan/cobotx/install/nav_bot/share/nav_bot/worlds/meshes/nxt_racks/qr_output/HD-01_F_23.png\n'}
[0.543409] (nav_bot) StdoutLine: {'line': b'-- Up-to-date symlink: /home/rohan/cobotx/install/nav_bot/share/nav_bot/worlds/meshes/nxt_racks/qr_output/HD-01_F_24.png\n'}
[0.543498] (nav_bot) StdoutLine: {'line': b'-- Up-to-date symlink: /home/rohan/cobotx/install/nav_bot/share/nav_bot/worlds/meshes/nxt_racks/qr_output/HD-01_F_25.png\n'}
[0.543588] (nav_bot) StdoutLine: {'line': b'-- Up-to-date symlink: /home/rohan/cobotx/install/nav_bot/share/nav_bot/worlds/meshes/nxt_racks/qr_output/HD-01_F_26.png\n'}
[0.543676] (nav_bot) StdoutLine: {'line': b'-- Up-to-date symlink: /home/rohan/cobotx/install/nav_bot/share/nav_bot/worlds/meshes/nxt_racks/qr_output/HD-01_F_27.png\n'}
[0.543766] (nav_bot) StdoutLine: {'line': b'-- Up-to-date symlink: /home/rohan/cobotx/install/nav_bot/share/nav_bot/worlds/meshes/nxt_racks/qr_output/HD-01_F_28.png\n'}
[0.543867] (nav_bot) StdoutLine: {'line': b'-- Up-to-date symlink: /home/rohan/cobotx/install/nav_bot/share/nav_bot/worlds/meshes/nxt_racks/qr_output/HD-01_F_29.png\n'}
[0.543959] (nav_bot) StdoutLine: {'line': b'-- Up-to-date symlink: /home/rohan/cobotx/install/nav_bot/share/nav_bot/worlds/meshes/nxt_racks/qr_output/HD-01_F_30.png\n'}
[0.544050] (nav_bot) StdoutLine: {'line': b'-- Up-to-date symlink: /home/rohan/cobotx/install/nav_bot/share/nav_bot/worlds/meshes/nxt_racks/qr_output/HD-01_F_31.png\n'}
[0.544140] (nav_bot) StdoutLine: {'line': b'-- Up-to-date symlink: /home/rohan/cobotx/install/nav_bot/share/nav_bot/worlds/meshes/nxt_racks/qr_output/HD-01_F_32.png\n'}
[0.544232] (nav_bot) StdoutLine: {'line': b'-- Up-to-date symlink: /home/rohan/cobotx/install/nav_bot/share/nav_bot/worlds/meshes/nxt_racks/qr_output/HD-01_F_33.png\n'}
[0.544321] (nav_bot) StdoutLine: {'line': b'-- Up-to-date symlink: /home/rohan/cobotx/install/nav_bot/share/nav_bot/worlds/meshes/nxt_racks/qr_output/HD-01_F_34.png\n'}
[0.544412] (nav_bot) StdoutLine: {'line': b'-- Up-to-date symlink: /home/rohan/cobotx/install/nav_bot/share/nav_bot/worlds/meshes/nxt_racks/qr_output/HD-01_F_35.png\n'}
[0.544504] (nav_bot) StdoutLine: {'line': b'-- Up-to-date symlink: /home/rohan/cobotx/install/nav_bot/share/nav_bot/worlds/meshes/nxt_racks/qr_output/HD-01_F_36.png\n'}
[0.544594] (nav_bot) StdoutLine: {'line': b'-- Up-to-date symlink: /home/rohan/cobotx/install/nav_bot/share/nav_bot/worlds/meshes/nxt_racks/qr_output/HD-01_F_37.png\n'}
[0.544682] (nav_bot) StdoutLine: {'line': b'-- Up-to-date symlink: /home/rohan/cobotx/install/nav_bot/share/nav_bot/worlds/meshes/nxt_racks/qr_output/HD-01_F_38.png\n'}
[0.544784] (nav_bot) StdoutLine: {'line': b'-- Up-to-date symlink: /home/rohan/cobotx/install/nav_bot/share/nav_bot/worlds/meshes/nxt_racks/qr_output/HD-01_G_01.png\n'}
[0.544883] (nav_bot) StdoutLine: {'line': b'-- Up-to-date symlink: /home/rohan/cobotx/install/nav_bot/share/nav_bot/worlds/meshes/nxt_racks/qr_output/HD-01_G_02.png\n'}
[0.544974] (nav_bot) StdoutLine: {'line': b'-- Up-to-date symlink: /home/rohan/cobotx/install/nav_bot/share/nav_bot/worlds/meshes/nxt_racks/qr_output/HD-01_G_03.png\n'}
[0.545065] (nav_bot) StdoutLine: {'line': b'-- Up-to-date symlink: /home/rohan/cobotx/install/nav_bot/share/nav_bot/worlds/meshes/nxt_racks/qr_output/HD-01_G_04.png\n'}
[0.545157] (nav_bot) StdoutLine: {'line': b'-- Up-to-date symlink: /home/rohan/cobotx/install/nav_bot/share/nav_bot/worlds/meshes/nxt_racks/qr_output/HD-01_G_05.png\n'}
[0.545246] (nav_bot) StdoutLine: {'line': b'-- Up-to-date symlink: /home/rohan/cobotx/install/nav_bot/share/nav_bot/worlds/meshes/nxt_racks/qr_output/HD-01_G_06.png\n'}
[0.545337] (nav_bot) StdoutLine: {'line': b'-- Up-to-date symlink: /home/rohan/cobotx/install/nav_bot/share/nav_bot/worlds/meshes/nxt_racks/qr_output/HD-01_G_07.png\n'}
[0.545426] (nav_bot) StdoutLine: {'line': b'-- Up-to-date symlink: /home/rohan/cobotx/install/nav_bot/share/nav_bot/worlds/meshes/nxt_racks/qr_output/HD-01_G_08.png\n'}
[0.545516] (nav_bot) StdoutLine: {'line': b'-- Up-to-date symlink: /home/rohan/cobotx/install/nav_bot/share/nav_bot/worlds/meshes/nxt_racks/qr_output/HD-01_G_09.png\n'}
[0.545606] (nav_bot) StdoutLine: {'line': b'-- Up-to-date symlink: /home/rohan/cobotx/install/nav_bot/share/nav_bot/worlds/meshes/nxt_racks/qr_output/HD-01_G_10.png\n'}
[0.545695] (nav_bot) StdoutLine: {'line': b'-- Up-to-date symlink: /home/rohan/cobotx/install/nav_bot/share/nav_bot/worlds/meshes/nxt_racks/qr_output/HD-01_G_11.png\n'}
[0.545792] (nav_bot) StdoutLine: {'line': b'-- Up-to-date symlink: /home/rohan/cobotx/install/nav_bot/share/nav_bot/worlds/meshes/nxt_racks/qr_output/HD-01_G_12.png\n'}
[0.545904] (nav_bot) StdoutLine: {'line': b'-- Up-to-date symlink: /home/rohan/cobotx/install/nav_bot/share/nav_bot/worlds/meshes/nxt_racks/qr_output/HD-01_G_13.png\n'}
[0.546004] (nav_bot) StdoutLine: {'line': b'-- Up-to-date symlink: /home/rohan/cobotx/install/nav_bot/share/nav_bot/worlds/meshes/nxt_racks/qr_output/HD-01_G_14.png\n'}
[0.546088] (nav_bot) StdoutLine: {'line': b'-- Up-to-date symlink: /home/rohan/cobotx/install/nav_bot/share/nav_bot/worlds/meshes/nxt_racks/qr_output/HD-01_G_15.png\n'}
[0.546168] (nav_bot) StdoutLine: {'line': b'-- Up-to-date symlink: /home/rohan/cobotx/install/nav_bot/share/nav_bot/worlds/meshes/nxt_racks/qr_output/HD-01_G_16.png\n'}
[0.546259] (nav_bot) StdoutLine: {'line': b'-- Up-to-date symlink: /home/rohan/cobotx/install/nav_bot/share/nav_bot/worlds/meshes/nxt_racks/qr_output/HD-01_G_17.png\n'}
[0.546349] (nav_bot) StdoutLine: {'line': b'-- Up-to-date symlink: /home/rohan/cobotx/install/nav_bot/share/nav_bot/worlds/meshes/nxt_racks/qr_output/HD-01_G_18.png\n'}
[0.546437] (nav_bot) StdoutLine: {'line': b'-- Up-to-date symlink: /home/rohan/cobotx/install/nav_bot/share/nav_bot/worlds/meshes/nxt_racks/qr_output/HD-01_G_19.png\n'}
[0.546525] (nav_bot) StdoutLine: {'line': b'-- Up-to-date symlink: /home/rohan/cobotx/install/nav_bot/share/nav_bot/worlds/meshes/nxt_racks/qr_output/HD-01_G_20.png\n'}
[0.546614] (nav_bot) StdoutLine: {'line': b'-- Up-to-date symlink: /home/rohan/cobotx/install/nav_bot/share/nav_bot/worlds/meshes/nxt_racks/qr_output/HD-01_G_21.png\n'}
[0.546704] (nav_bot) StdoutLine: {'line': b'-- Up-to-date symlink: /home/rohan/cobotx/install/nav_bot/share/nav_bot/worlds/meshes/nxt_racks/qr_output/HD-01_G_22.png\n'}
[0.546831] (nav_bot) StdoutLine: {'line': b'-- Up-to-date symlink: /home/rohan/cobotx/install/nav_bot/share/nav_bot/worlds/meshes/nxt_racks/qr_output/HD-01_G_23.png\n'}
[0.546936] (nav_bot) StdoutLine: {'line': b'-- Up-to-date symlink: /home/rohan/cobotx/install/nav_bot/share/nav_bot/worlds/meshes/nxt_racks/qr_output/HD-01_G_24.png\n'}
[0.547016] (nav_bot) StdoutLine: {'line': b'-- Up-to-date symlink: /home/rohan/cobotx/install/nav_bot/share/nav_bot/worlds/meshes/nxt_racks/qr_output/HD-01_G_25.png\n'}
[0.547104] (nav_bot) StdoutLine: {'line': b'-- Up-to-date symlink: /home/rohan/cobotx/install/nav_bot/share/nav_bot/worlds/meshes/nxt_racks/qr_output/HD-01_G_26.png\n'}
[0.547193] (nav_bot) StdoutLine: {'line': b'-- Up-to-date symlink: /home/rohan/cobotx/install/nav_bot/share/nav_bot/worlds/meshes/nxt_racks/qr_output/HD-01_G_27.png\n'}
[0.547283] (nav_bot) StdoutLine: {'line': b'-- Up-to-date symlink: /home/rohan/cobotx/install/nav_bot/share/nav_bot/worlds/meshes/nxt_racks/qr_output/HD-01_G_28.png\n'}
[0.547374] (nav_bot) StdoutLine: {'line': b'-- Up-to-date symlink: /home/rohan/cobotx/install/nav_bot/share/nav_bot/worlds/meshes/nxt_racks/qr_output/HD-01_G_29.png\n'}
[0.547464] (nav_bot) StdoutLine: {'line': b'-- Up-to-date symlink: /home/rohan/cobotx/install/nav_bot/share/nav_bot/worlds/meshes/nxt_racks/qr_output/HD-01_G_30.png\n'}
[0.547552] (nav_bot) StdoutLine: {'line': b'-- Up-to-date symlink: /home/rohan/cobotx/install/nav_bot/share/nav_bot/worlds/meshes/nxt_racks/qr_output/HD-01_G_31.png\n'}
[0.547642] (nav_bot) StdoutLine: {'line': b'-- Up-to-date symlink: /home/rohan/cobotx/install/nav_bot/share/nav_bot/worlds/meshes/nxt_racks/qr_output/HD-01_G_32.png\n'}
[0.547731] (nav_bot) StdoutLine: {'line': b'-- Up-to-date symlink: /home/rohan/cobotx/install/nav_bot/share/nav_bot/worlds/meshes/nxt_racks/qr_output/HD-01_G_33.png\n'}
[0.547830] (nav_bot) StdoutLine: {'line': b'-- Up-to-date symlink: /home/rohan/cobotx/install/nav_bot/share/nav_bot/worlds/meshes/nxt_racks/qr_output/HD-01_G_34.png\n'}
[0.547923] (nav_bot) StdoutLine: {'line': b'-- Up-to-date symlink: /home/rohan/cobotx/install/nav_bot/share/nav_bot/worlds/meshes/nxt_racks/qr_output/HD-01_G_35.png\n'}
[0.548014] (nav_bot) StdoutLine: {'line': b'-- Up-to-date symlink: /home/rohan/cobotx/install/nav_bot/share/nav_bot/worlds/meshes/nxt_racks/qr_output/HD-01_G_36.png\n'}
[0.548104] (nav_bot) StdoutLine: {'line': b'-- Up-to-date symlink: /home/rohan/cobotx/install/nav_bot/share/nav_bot/worlds/meshes/nxt_racks/qr_output/HD-01_G_37.png\n'}
[0.548194] (nav_bot) StdoutLine: {'line': b'-- Up-to-date symlink: /home/rohan/cobotx/install/nav_bot/share/nav_bot/worlds/meshes/nxt_racks/qr_output/HD-01_G_38.png\n'}
[0.548281] (nav_bot) StdoutLine: {'line': b'-- Up-to-date symlink: /home/rohan/cobotx/install/nav_bot/share/nav_bot/worlds/meshes/nxt_racks/rack.dae\n'}
[0.548368] (nav_bot) StdoutLine: {'line': b'-- Up-to-date symlink: /home/rohan/cobotx/install/nav_bot/share/nav_bot/worlds/meshes/nxt_racks/right.png\n'}
[0.548447] (nav_bot) StdoutLine: {'line': b'-- Up-to-date symlink: /home/rohan/cobotx/install/nav_bot/share/nav_bot/worlds/obstacle_world.sdf\n'}
[0.548523] (nav_bot) StdoutLine: {'line': b'-- Up-to-date symlink: /home/rohan/cobotx/install/nav_bot/share/nav_bot/worlds/warehouse.sdf\n'}
[0.548600] (nav_bot) StdoutLine: {'line': b'-- Up-to-date symlink: /home/rohan/cobotx/install/nav_bot/share/nav_bot/worlds/warehouse_1.sdf\n'}
[0.548681] (nav_bot) StdoutLine: {'line': b'-- Up-to-date symlink: /home/rohan/cobotx/install/nav_bot/share/nav_bot/worlds/world.sdf\n'}
[0.548885] (nav_bot) StdoutLine: {'line': b'-- Up-to-date symlink: /home/rohan/cobotx/install/nav_bot/share/nav_bot/environment/pythonpath.sh\n'}
[0.548999] (nav_bot) StdoutLine: {'line': b'-- Up-to-date symlink: /home/rohan/cobotx/install/nav_bot/share/nav_bot/environment/pythonpath.dsv\n'}
[0.549254] (nav_bot) StdoutLine: {'line': b'-- Up-to-date symlink: /home/rohan/cobotx/install/nav_bot/local/lib/python3.10/dist-packages/scripts-0.0.0-py3.10.egg-info/PKG-INFO\n'}
[0.549348] (nav_bot) StdoutLine: {'line': b'-- Up-to-date symlink: /home/rohan/cobotx/install/nav_bot/local/lib/python3.10/dist-packages/scripts-0.0.0-py3.10.egg-info/SOURCES.txt\n'}
[0.549439] (nav_bot) StdoutLine: {'line': b'-- Up-to-date symlink: /home/rohan/cobotx/install/nav_bot/local/lib/python3.10/dist-packages/scripts-0.0.0-py3.10.egg-info/dependency_links.txt\n'}
[0.549530] (nav_bot) StdoutLine: {'line': b'-- Up-to-date symlink: /home/rohan/cobotx/install/nav_bot/local/lib/python3.10/dist-packages/scripts-0.0.0-py3.10.egg-info/top_level.txt\n'}
[0.549821] (nav_bot) StdoutLine: {'line': b'-- Up-to-date symlink: /home/rohan/cobotx/install/nav_bot/local/lib/python3.10/dist-packages/scripts/__init__.py\n'}
[0.549910] (nav_bot) StdoutLine: {'line': b'-- Up-to-date symlink: /home/rohan/cobotx/install/nav_bot/local/lib/python3.10/dist-packages/scripts/multi_robot_teleop.py\n'}
[0.549991] (nav_bot) StdoutLine: {'line': b'-- Up-to-date symlink: /home/rohan/cobotx/install/nav_bot/local/lib/python3.10/dist-packages/scripts/object_detection.py\n'}
[0.550069] (nav_bot) StdoutLine: {'line': b'-- Up-to-date symlink: /home/rohan/cobotx/install/nav_bot/local/lib/python3.10/dist-packages/scripts/utils.py\n'}
[0.550183] (nav_bot) StdoutLine: {'line': b'-- Up-to-date symlink: /home/rohan/cobotx/install/nav_bot/lib/nav_bot/multi_robot_teleop.py\n'}
[0.550262] (nav_bot) StdoutLine: {'line': b'-- Up-to-date symlink: /home/rohan/cobotx/install/nav_bot/lib/nav_bot/object_detection.py\n'}
[0.550389] (nav_bot) StdoutLine: {'line': b'-- Up-to-date symlink: /home/rohan/cobotx/install/nav_bot/share/ament_index/resource_index/package_run_dependencies/nav_bot\n'}
[0.550514] (nav_bot) StdoutLine: {'line': b'-- Up-to-date symlink: /home/rohan/cobotx/install/nav_bot/share/ament_index/resource_index/parent_prefix_path/nav_bot\n'}
[0.550636] (nav_bot) StdoutLine: {'line': b'-- Up-to-date symlink: /home/rohan/cobotx/install/nav_bot/share/nav_bot/environment/ament_prefix_path.sh\n'}
[0.550742] (nav_bot) StdoutLine: {'line': b'-- Up-to-date symlink: /home/rohan/cobotx/install/nav_bot/share/nav_bot/environment/ament_prefix_path.dsv\n'}
[0.550867] (nav_bot) StdoutLine: {'line': b'-- Up-to-date symlink: /home/rohan/cobotx/install/nav_bot/share/nav_bot/environment/path.sh\n'}
[0.550976] (nav_bot) StdoutLine: {'line': b'-- Up-to-date symlink: /home/rohan/cobotx/install/nav_bot/share/nav_bot/environment/path.dsv\n'}
[0.551079] (nav_bot) StdoutLine: {'line': b'-- Up-to-date symlink: /home/rohan/cobotx/install/nav_bot/share/nav_bot/local_setup.bash\n'}
[0.551184] (nav_bot) StdoutLine: {'line': b'-- Up-to-date symlink: /home/rohan/cobotx/install/nav_bot/share/nav_bot/local_setup.sh\n'}
[0.551287] (nav_bot) StdoutLine: {'line': b'-- Up-to-date symlink: /home/rohan/cobotx/install/nav_bot/share/nav_bot/local_setup.zsh\n'}
[0.551390] (nav_bot) StdoutLine: {'line': b'-- Up-to-date symlink: /home/rohan/cobotx/install/nav_bot/share/nav_bot/local_setup.dsv\n'}
[0.551462] (nav_bot) StdoutLine: {'line': b'-- Symlinking: /home/rohan/cobotx/install/nav_bot/share/nav_bot/package.dsv\n'}
[0.570196] (nav_bot) StdoutLine: {'line': b'-- Up-to-date symlink: /home/rohan/cobotx/install/nav_bot/share/ament_index/resource_index/packages/nav_bot\n'}
[0.570412] (nav_bot) StdoutLine: {'line': b'-- Up-to-date symlink: /home/rohan/cobotx/install/nav_bot/share/nav_bot/cmake/nav_botConfig.cmake\n'}
[0.570514] (nav_bot) StdoutLine: {'line': b'-- Up-to-date symlink: /home/rohan/cobotx/install/nav_bot/share/nav_bot/cmake/nav_botConfig-version.cmake\n'}
[0.570598] (nav_bot) StdoutLine: {'line': b'-- Up-to-date symlink: /home/rohan/cobotx/install/nav_bot/share/nav_bot/package.xml\n'}
[0.600400] (-) TimerEvent: {}
[0.600673] (nav_bot) StdoutLine: {'line': b"Listing '/home/rohan/cobotx/install/nav_bot/local/lib/python3.10/dist-packages/scripts'...\n"}
[0.607261] (nav_bot) CommandEnded: {'returncode': 0}
[0.637614] (nav_bot) JobEnded: {'identifier': 'nav_bot', 'rc': 0}
[0.638509] (-) EventReactorShutdown: {}
