[0.298s] DEBUG:colcon:Command line arguments: ['/usr/bin/colcon', 'build', '--packages-select', 'nav_bot']
[0.298s] DEBUG:colcon:Parsed command line arguments: Namespace(log_base=None, log_level=None, verb_name='build', build_base='build', install_base='install', merge_install=False, symlink_install=False, test_result_base=None, continue_on_error=False, executor='parallel', parallel_workers=16, event_handlers=None, ignore_user_meta=False, metas=['./colcon.meta'], base_paths=['.'], packages_ignore=None, packages_ignore_regex=None, paths=None, packages_up_to=None, packages_up_to_regex=None, packages_above=None, packages_above_and_dependencies=None, packages_above_depth=None, packages_select_by_dep=None, packages_skip_by_dep=None, packages_skip_up_to=None, packages_select_build_failed=False, packages_skip_build_finished=False, packages_select_test_failures=False, packages_skip_test_passed=False, packages_select=['nav_bot'], packages_skip=None, packages_select_regex=None, packages_skip_regex=None, packages_start=None, packages_end=None, allow_overriding=[], cmake_args=None, cmake_target=None, cmake_target_skip_unavailable=False, cmake_clean_cache=False, cmake_clean_first=False, cmake_force_configure=False, ament_cmake_args=None, catkin_cmake_args=None, catkin_skip_building_tests=False, mixin_files=None, mixin=None, verb_parser=<colcon_mixin.mixin.mixin_argument.MixinArgumentDecorator object at 0x7f227c7d0d90>, verb_extension=<colcon_core.verb.build.BuildVerb object at 0x7f227c7d07c0>, main=<bound method BuildVerb.main of <colcon_core.verb.build.BuildVerb object at 0x7f227c7d07c0>>, mixin_verb=('build',))
[0.632s] Level 1:colcon.colcon_core.package_discovery:discover_packages(colcon_meta) check parameters
[0.632s] Level 1:colcon.colcon_core.package_discovery:discover_packages(recursive) check parameters
[0.632s] Level 1:colcon.colcon_core.package_discovery:discover_packages(ignore) check parameters
[0.632s] Level 1:colcon.colcon_core.package_discovery:discover_packages(path) check parameters
[0.632s] Level 1:colcon.colcon_core.package_discovery:discover_packages(colcon_meta) discover
[0.632s] Level 1:colcon.colcon_core.package_discovery:discover_packages(recursive) discover
[0.632s] INFO:colcon.colcon_core.package_discovery:Crawling recursively for packages in '/home/rohan/cobotx'
[0.632s] Level 1:colcon.colcon_core.package_identification:_identify(.) by extensions ['ignore', 'ignore_ament_install']
[0.632s] Level 1:colcon.colcon_core.package_identification:_identify(.) by extension 'ignore'
[0.633s] Level 1:colcon.colcon_core.package_identification:_identify(.) by extension 'ignore_ament_install'
[0.633s] Level 1:colcon.colcon_core.package_identification:_identify(.) by extensions ['colcon_pkg']
[0.633s] Level 1:colcon.colcon_core.package_identification:_identify(.) by extension 'colcon_pkg'
[0.633s] Level 1:colcon.colcon_core.package_identification:_identify(.) by extensions ['colcon_meta']
[0.633s] Level 1:colcon.colcon_core.package_identification:_identify(.) by extension 'colcon_meta'
[0.633s] Level 1:colcon.colcon_core.package_identification:_identify(.) by extensions ['ros']
[0.633s] Level 1:colcon.colcon_core.package_identification:_identify(.) by extension 'ros'
[0.644s] Level 1:colcon.colcon_core.package_identification:_identify(.) by extensions ['cmake', 'python']
[0.644s] Level 1:colcon.colcon_core.package_identification:_identify(.) by extension 'cmake'
[0.645s] Level 1:colcon.colcon_core.package_identification:_identify(.) by extension 'python'
[0.645s] Level 1:colcon.colcon_core.package_identification:_identify(.) by extensions ['python_setup_py']
[0.645s] Level 1:colcon.colcon_core.package_identification:_identify(.) by extension 'python_setup_py'
[0.645s] Level 1:colcon.colcon_core.package_identification:_identify(aws-robomaker-small-house-world) by extensions ['ignore', 'ignore_ament_install']
[0.645s] Level 1:colcon.colcon_core.package_identification:_identify(aws-robomaker-small-house-world) by extension 'ignore'
[0.645s] Level 1:colcon.colcon_core.package_identification:_identify(aws-robomaker-small-house-world) by extension 'ignore_ament_install'
[0.645s] Level 1:colcon.colcon_core.package_identification:_identify(aws-robomaker-small-house-world) by extensions ['colcon_pkg']
[0.645s] Level 1:colcon.colcon_core.package_identification:_identify(aws-robomaker-small-house-world) by extension 'colcon_pkg'
[0.645s] Level 1:colcon.colcon_core.package_identification:_identify(aws-robomaker-small-house-world) by extensions ['colcon_meta']
[0.645s] Level 1:colcon.colcon_core.package_identification:_identify(aws-robomaker-small-house-world) by extension 'colcon_meta'
[0.645s] Level 1:colcon.colcon_core.package_identification:_identify(aws-robomaker-small-house-world) by extensions ['ros']
[0.645s] Level 1:colcon.colcon_core.package_identification:_identify(aws-robomaker-small-house-world) by extension 'ros'
[0.645s] Level 1:colcon.colcon_core.package_identification:_identify(aws-robomaker-small-house-world) by extensions ['cmake', 'python']
[0.645s] Level 1:colcon.colcon_core.package_identification:_identify(aws-robomaker-small-house-world) by extension 'cmake'
[0.645s] Level 1:colcon.colcon_core.package_identification:_identify(aws-robomaker-small-house-world) by extension 'python'
[0.645s] Level 1:colcon.colcon_core.package_identification:_identify(aws-robomaker-small-house-world) by extensions ['python_setup_py']
[0.645s] Level 1:colcon.colcon_core.package_identification:_identify(aws-robomaker-small-house-world) by extension 'python_setup_py'
[0.645s] Level 1:colcon.colcon_core.package_identification:_identify(aws-robomaker-small-house-world/docs) by extensions ['ignore', 'ignore_ament_install']
[0.645s] Level 1:colcon.colcon_core.package_identification:_identify(aws-robomaker-small-house-world/docs) by extension 'ignore'
[0.645s] Level 1:colcon.colcon_core.package_identification:_identify(aws-robomaker-small-house-world/docs) by extension 'ignore_ament_install'
[0.645s] Level 1:colcon.colcon_core.package_identification:_identify(aws-robomaker-small-house-world/docs) by extensions ['colcon_pkg']
[0.645s] Level 1:colcon.colcon_core.package_identification:_identify(aws-robomaker-small-house-world/docs) by extension 'colcon_pkg'
[0.646s] Level 1:colcon.colcon_core.package_identification:_identify(aws-robomaker-small-house-world/docs) by extensions ['colcon_meta']
[0.646s] Level 1:colcon.colcon_core.package_identification:_identify(aws-robomaker-small-house-world/docs) by extension 'colcon_meta'
[0.646s] Level 1:colcon.colcon_core.package_identification:_identify(aws-robomaker-small-house-world/docs) by extensions ['ros']
[0.646s] Level 1:colcon.colcon_core.package_identification:_identify(aws-robomaker-small-house-world/docs) by extension 'ros'
[0.646s] Level 1:colcon.colcon_core.package_identification:_identify(aws-robomaker-small-house-world/docs) by extensions ['cmake', 'python']
[0.646s] Level 1:colcon.colcon_core.package_identification:_identify(aws-robomaker-small-house-world/docs) by extension 'cmake'
[0.646s] Level 1:colcon.colcon_core.package_identification:_identify(aws-robomaker-small-house-world/docs) by extension 'python'
[0.646s] Level 1:colcon.colcon_core.package_identification:_identify(aws-robomaker-small-house-world/docs) by extensions ['python_setup_py']
[0.646s] Level 1:colcon.colcon_core.package_identification:_identify(aws-robomaker-small-house-world/docs) by extension 'python_setup_py'
[0.646s] Level 1:colcon.colcon_core.package_identification:_identify(aws-robomaker-small-house-world/docs/images) by extensions ['ignore', 'ignore_ament_install']
[0.646s] Level 1:colcon.colcon_core.package_identification:_identify(aws-robomaker-small-house-world/docs/images) by extension 'ignore'
[0.646s] Level 1:colcon.colcon_core.package_identification:_identify(aws-robomaker-small-house-world/docs/images) by extension 'ignore_ament_install'
[0.646s] Level 1:colcon.colcon_core.package_identification:_identify(aws-robomaker-small-house-world/docs/images) by extensions ['colcon_pkg']
[0.646s] Level 1:colcon.colcon_core.package_identification:_identify(aws-robomaker-small-house-world/docs/images) by extension 'colcon_pkg'
[0.646s] Level 1:colcon.colcon_core.package_identification:_identify(aws-robomaker-small-house-world/docs/images) by extensions ['colcon_meta']
[0.646s] Level 1:colcon.colcon_core.package_identification:_identify(aws-robomaker-small-house-world/docs/images) by extension 'colcon_meta'
[0.646s] Level 1:colcon.colcon_core.package_identification:_identify(aws-robomaker-small-house-world/docs/images) by extensions ['ros']
[0.646s] Level 1:colcon.colcon_core.package_identification:_identify(aws-robomaker-small-house-world/docs/images) by extension 'ros'
[0.646s] Level 1:colcon.colcon_core.package_identification:_identify(aws-robomaker-small-house-world/docs/images) by extensions ['cmake', 'python']
[0.646s] Level 1:colcon.colcon_core.package_identification:_identify(aws-robomaker-small-house-world/docs/images) by extension 'cmake'
[0.646s] Level 1:colcon.colcon_core.package_identification:_identify(aws-robomaker-small-house-world/docs/images) by extension 'python'
[0.646s] Level 1:colcon.colcon_core.package_identification:_identify(aws-robomaker-small-house-world/docs/images) by extensions ['python_setup_py']
[0.646s] Level 1:colcon.colcon_core.package_identification:_identify(aws-robomaker-small-house-world/docs/images) by extension 'python_setup_py'
[0.646s] Level 1:colcon.colcon_core.package_identification:_identify(aws-robomaker-small-house-world/models) by extensions ['ignore', 'ignore_ament_install']
[0.647s] Level 1:colcon.colcon_core.package_identification:_identify(aws-robomaker-small-house-world/models) by extension 'ignore'
[0.647s] Level 1:colcon.colcon_core.package_identification:_identify(aws-robomaker-small-house-world/models) by extension 'ignore_ament_install'
[0.647s] Level 1:colcon.colcon_core.package_identification:_identify(aws-robomaker-small-house-world/models) by extensions ['colcon_pkg']
[0.647s] Level 1:colcon.colcon_core.package_identification:_identify(aws-robomaker-small-house-world/models) by extension 'colcon_pkg'
[0.647s] Level 1:colcon.colcon_core.package_identification:_identify(aws-robomaker-small-house-world/models) by extensions ['colcon_meta']
[0.647s] Level 1:colcon.colcon_core.package_identification:_identify(aws-robomaker-small-house-world/models) by extension 'colcon_meta'
[0.647s] Level 1:colcon.colcon_core.package_identification:_identify(aws-robomaker-small-house-world/models) by extensions ['ros']
[0.647s] Level 1:colcon.colcon_core.package_identification:_identify(aws-robomaker-small-house-world/models) by extension 'ros'
[0.647s] Level 1:colcon.colcon_core.package_identification:_identify(aws-robomaker-small-house-world/models) by extensions ['cmake', 'python']
[0.647s] Level 1:colcon.colcon_core.package_identification:_identify(aws-robomaker-small-house-world/models) by extension 'cmake'
[0.647s] Level 1:colcon.colcon_core.package_identification:_identify(aws-robomaker-small-house-world/models) by extension 'python'
[0.647s] Level 1:colcon.colcon_core.package_identification:_identify(aws-robomaker-small-house-world/models) by extensions ['python_setup_py']
[0.647s] Level 1:colcon.colcon_core.package_identification:_identify(aws-robomaker-small-house-world/models) by extension 'python_setup_py'
[0.647s] Level 1:colcon.colcon_core.package_identification:_identify(aws-robomaker-small-house-world/models/aws_robomaker_residential_AirconditionerA_01) by extensions ['ignore', 'ignore_ament_install']
[0.647s] Level 1:colcon.colcon_core.package_identification:_identify(aws-robomaker-small-house-world/models/aws_robomaker_residential_AirconditionerA_01) by extension 'ignore'
[0.647s] Level 1:colcon.colcon_core.package_identification:_identify(aws-robomaker-small-house-world/models/aws_robomaker_residential_AirconditionerA_01) by extension 'ignore_ament_install'
[0.647s] Level 1:colcon.colcon_core.package_identification:_identify(aws-robomaker-small-house-world/models/aws_robomaker_residential_AirconditionerA_01) by extensions ['colcon_pkg']
[0.647s] Level 1:colcon.colcon_core.package_identification:_identify(aws-robomaker-small-house-world/models/aws_robomaker_residential_AirconditionerA_01) by extension 'colcon_pkg'
[0.647s] Level 1:colcon.colcon_core.package_identification:_identify(aws-robomaker-small-house-world/models/aws_robomaker_residential_AirconditionerA_01) by extensions ['colcon_meta']
[0.647s] Level 1:colcon.colcon_core.package_identification:_identify(aws-robomaker-small-house-world/models/aws_robomaker_residential_AirconditionerA_01) by extension 'colcon_meta'
[0.647s] Level 1:colcon.colcon_core.package_identification:_identify(aws-robomaker-small-house-world/models/aws_robomaker_residential_AirconditionerA_01) by extensions ['ros']
[0.647s] Level 1:colcon.colcon_core.package_identification:_identify(aws-robomaker-small-house-world/models/aws_robomaker_residential_AirconditionerA_01) by extension 'ros'
[0.647s] Level 1:colcon.colcon_core.package_identification:_identify(aws-robomaker-small-house-world/models/aws_robomaker_residential_AirconditionerA_01) by extensions ['cmake', 'python']
[0.647s] Level 1:colcon.colcon_core.package_identification:_identify(aws-robomaker-small-house-world/models/aws_robomaker_residential_AirconditionerA_01) by extension 'cmake'
[0.647s] Level 1:colcon.colcon_core.package_identification:_identify(aws-robomaker-small-house-world/models/aws_robomaker_residential_AirconditionerA_01) by extension 'python'
[0.648s] Level 1:colcon.colcon_core.package_identification:_identify(aws-robomaker-small-house-world/models/aws_robomaker_residential_AirconditionerA_01) by extensions ['python_setup_py']
[0.648s] Level 1:colcon.colcon_core.package_identification:_identify(aws-robomaker-small-house-world/models/aws_robomaker_residential_AirconditionerA_01) by extension 'python_setup_py'
[0.648s] Level 1:colcon.colcon_core.package_identification:_identify(aws-robomaker-small-house-world/models/aws_robomaker_residential_AirconditionerA_01/materials) by extensions ['ignore', 'ignore_ament_install']
[0.648s] Level 1:colcon.colcon_core.package_identification:_identify(aws-robomaker-small-house-world/models/aws_robomaker_residential_AirconditionerA_01/materials) by extension 'ignore'
[0.648s] Level 1:colcon.colcon_core.package_identification:_identify(aws-robomaker-small-house-world/models/aws_robomaker_residential_AirconditionerA_01/materials) by extension 'ignore_ament_install'
[0.648s] Level 1:colcon.colcon_core.package_identification:_identify(aws-robomaker-small-house-world/models/aws_robomaker_residential_AirconditionerA_01/materials) by extensions ['colcon_pkg']
[0.648s] Level 1:colcon.colcon_core.package_identification:_identify(aws-robomaker-small-house-world/models/aws_robomaker_residential_AirconditionerA_01/materials) by extension 'colcon_pkg'
[0.648s] Level 1:colcon.colcon_core.package_identification:_identify(aws-robomaker-small-house-world/models/aws_robomaker_residential_AirconditionerA_01/materials) by extensions ['colcon_meta']
[0.648s] Level 1:colcon.colcon_core.package_identification:_identify(aws-robomaker-small-house-world/models/aws_robomaker_residential_AirconditionerA_01/materials) by extension 'colcon_meta'
[0.648s] Level 1:colcon.colcon_core.package_identification:_identify(aws-robomaker-small-house-world/models/aws_robomaker_residential_AirconditionerA_01/materials) by extensions ['ros']
[0.648s] Level 1:colcon.colcon_core.package_identification:_identify(aws-robomaker-small-house-world/models/aws_robomaker_residential_AirconditionerA_01/materials) by extension 'ros'
[0.648s] Level 1:colcon.colcon_core.package_identification:_identify(aws-robomaker-small-house-world/models/aws_robomaker_residential_AirconditionerA_01/materials) by extensions ['cmake', 'python']
[0.648s] Level 1:colcon.colcon_core.package_identification:_identify(aws-robomaker-small-house-world/models/aws_robomaker_residential_AirconditionerA_01/materials) by extension 'cmake'
[0.648s] Level 1:colcon.colcon_core.package_identification:_identify(aws-robomaker-small-house-world/models/aws_robomaker_residential_AirconditionerA_01/materials) by extension 'python'
[0.648s] Level 1:colcon.colcon_core.package_identification:_identify(aws-robomaker-small-house-world/models/aws_robomaker_residential_AirconditionerA_01/materials) by extensions ['python_setup_py']
[0.648s] Level 1:colcon.colcon_core.package_identification:_identify(aws-robomaker-small-house-world/models/aws_robomaker_residential_AirconditionerA_01/materials) by extension 'python_setup_py'
[0.648s] Level 1:colcon.colcon_core.package_identification:_identify(aws-robomaker-small-house-world/models/aws_robomaker_residential_AirconditionerA_01/materials/textures) by extensions ['ignore', 'ignore_ament_install']
[0.648s] Level 1:colcon.colcon_core.package_identification:_identify(aws-robomaker-small-house-world/models/aws_robomaker_residential_AirconditionerA_01/materials/textures) by extension 'ignore'
[0.648s] Level 1:colcon.colcon_core.package_identification:_identify(aws-robomaker-small-house-world/models/aws_robomaker_residential_AirconditionerA_01/materials/textures) by extension 'ignore_ament_install'
[0.648s] Level 1:colcon.colcon_core.package_identification:_identify(aws-robomaker-small-house-world/models/aws_robomaker_residential_AirconditionerA_01/materials/textures) by extensions ['colcon_pkg']
[0.648s] Level 1:colcon.colcon_core.package_identification:_identify(aws-robomaker-small-house-world/models/aws_robomaker_residential_AirconditionerA_01/materials/textures) by extension 'colcon_pkg'
[0.648s] Level 1:colcon.colcon_core.package_identification:_identify(aws-robomaker-small-house-world/models/aws_robomaker_residential_AirconditionerA_01/materials/textures) by extensions ['colcon_meta']
[0.648s] Level 1:colcon.colcon_core.package_identification:_identify(aws-robomaker-small-house-world/models/aws_robomaker_residential_AirconditionerA_01/materials/textures) by extension 'colcon_meta'
[0.648s] Level 1:colcon.colcon_core.package_identification:_identify(aws-robomaker-small-house-world/models/aws_robomaker_residential_AirconditionerA_01/materials/textures) by extensions ['ros']
[0.648s] Level 1:colcon.colcon_core.package_identification:_identify(aws-robomaker-small-house-world/models/aws_robomaker_residential_AirconditionerA_01/materials/textures) by extension 'ros'
[0.649s] Level 1:colcon.colcon_core.package_identification:_identify(aws-robomaker-small-house-world/models/aws_robomaker_residential_AirconditionerA_01/materials/textures) by extensions ['cmake', 'python']
[0.649s] Level 1:colcon.colcon_core.package_identification:_identify(aws-robomaker-small-house-world/models/aws_robomaker_residential_AirconditionerA_01/materials/textures) by extension 'cmake'
[0.649s] Level 1:colcon.colcon_core.package_identification:_identify(aws-robomaker-small-house-world/models/aws_robomaker_residential_AirconditionerA_01/materials/textures) by extension 'python'
[0.649s] Level 1:colcon.colcon_core.package_identification:_identify(aws-robomaker-small-house-world/models/aws_robomaker_residential_AirconditionerA_01/materials/textures) by extensions ['python_setup_py']
[0.649s] Level 1:colcon.colcon_core.package_identification:_identify(aws-robomaker-small-house-world/models/aws_robomaker_residential_AirconditionerA_01/materials/textures) by extension 'python_setup_py'
[0.649s] Level 1:colcon.colcon_core.package_identification:_identify(aws-robomaker-small-house-world/models/aws_robomaker_residential_AirconditionerA_01/meshes) by extensions ['ignore', 'ignore_ament_install']
[0.649s] Level 1:colcon.colcon_core.package_identification:_identify(aws-robomaker-small-house-world/models/aws_robomaker_residential_AirconditionerA_01/meshes) by extension 'ignore'
[0.649s] Level 1:colcon.colcon_core.package_identification:_identify(aws-robomaker-small-house-world/models/aws_robomaker_residential_AirconditionerA_01/meshes) by extension 'ignore_ament_install'
[0.649s] Level 1:colcon.colcon_core.package_identification:_identify(aws-robomaker-small-house-world/models/aws_robomaker_residential_AirconditionerA_01/meshes) by extensions ['colcon_pkg']
[0.649s] Level 1:colcon.colcon_core.package_identification:_identify(aws-robomaker-small-house-world/models/aws_robomaker_residential_AirconditionerA_01/meshes) by extension 'colcon_pkg'
[0.649s] Level 1:colcon.colcon_core.package_identification:_identify(aws-robomaker-small-house-world/models/aws_robomaker_residential_AirconditionerA_01/meshes) by extensions ['colcon_meta']
[0.649s] Level 1:colcon.colcon_core.package_identification:_identify(aws-robomaker-small-house-world/models/aws_robomaker_residential_AirconditionerA_01/meshes) by extension 'colcon_meta'
[0.649s] Level 1:colcon.colcon_core.package_identification:_identify(aws-robomaker-small-house-world/models/aws_robomaker_residential_AirconditionerA_01/meshes) by extensions ['ros']
[0.649s] Level 1:colcon.colcon_core.package_identification:_identify(aws-robomaker-small-house-world/models/aws_robomaker_residential_AirconditionerA_01/meshes) by extension 'ros'
[0.649s] Level 1:colcon.colcon_core.package_identification:_identify(aws-robomaker-small-house-world/models/aws_robomaker_residential_AirconditionerA_01/meshes) by extensions ['cmake', 'python']
[0.649s] Level 1:colcon.colcon_core.package_identification:_identify(aws-robomaker-small-house-world/models/aws_robomaker_residential_AirconditionerA_01/meshes) by extension 'cmake'
[0.649s] Level 1:colcon.colcon_core.package_identification:_identify(aws-robomaker-small-house-world/models/aws_robomaker_residential_AirconditionerA_01/meshes) by extension 'python'
[0.649s] Level 1:colcon.colcon_core.package_identification:_identify(aws-robomaker-small-house-world/models/aws_robomaker_residential_AirconditionerA_01/meshes) by extensions ['python_setup_py']
[0.649s] Level 1:colcon.colcon_core.package_identification:_identify(aws-robomaker-small-house-world/models/aws_robomaker_residential_AirconditionerA_01/meshes) by extension 'python_setup_py'
[0.649s] Level 1:colcon.colcon_core.package_identification:_identify(aws-robomaker-small-house-world/models/aws_robomaker_residential_AirconditionerB_01) by extensions ['ignore', 'ignore_ament_install']
[0.649s] Level 1:colcon.colcon_core.package_identification:_identify(aws-robomaker-small-house-world/models/aws_robomaker_residential_AirconditionerB_01) by extension 'ignore'
[0.649s] Level 1:colcon.colcon_core.package_identification:_identify(aws-robomaker-small-house-world/models/aws_robomaker_residential_AirconditionerB_01) by extension 'ignore_ament_install'
[0.649s] Level 1:colcon.colcon_core.package_identification:_identify(aws-robomaker-small-house-world/models/aws_robomaker_residential_AirconditionerB_01) by extensions ['colcon_pkg']
[0.649s] Level 1:colcon.colcon_core.package_identification:_identify(aws-robomaker-small-house-world/models/aws_robomaker_residential_AirconditionerB_01) by extension 'colcon_pkg'
[0.649s] Level 1:colcon.colcon_core.package_identification:_identify(aws-robomaker-small-house-world/models/aws_robomaker_residential_AirconditionerB_01) by extensions ['colcon_meta']
[0.650s] Level 1:colcon.colcon_core.package_identification:_identify(aws-robomaker-small-house-world/models/aws_robomaker_residential_AirconditionerB_01) by extension 'colcon_meta'
[0.650s] Level 1:colcon.colcon_core.package_identification:_identify(aws-robomaker-small-house-world/models/aws_robomaker_residential_AirconditionerB_01) by extensions ['ros']
[0.650s] Level 1:colcon.colcon_core.package_identification:_identify(aws-robomaker-small-house-world/models/aws_robomaker_residential_AirconditionerB_01) by extension 'ros'
[0.650s] Level 1:colcon.colcon_core.package_identification:_identify(aws-robomaker-small-house-world/models/aws_robomaker_residential_AirconditionerB_01) by extensions ['cmake', 'python']
[0.650s] Level 1:colcon.colcon_core.package_identification:_identify(aws-robomaker-small-house-world/models/aws_robomaker_residential_AirconditionerB_01) by extension 'cmake'
[0.650s] Level 1:colcon.colcon_core.package_identification:_identify(aws-robomaker-small-house-world/models/aws_robomaker_residential_AirconditionerB_01) by extension 'python'
[0.650s] Level 1:colcon.colcon_core.package_identification:_identify(aws-robomaker-small-house-world/models/aws_robomaker_residential_AirconditionerB_01) by extensions ['python_setup_py']
[0.650s] Level 1:colcon.colcon_core.package_identification:_identify(aws-robomaker-small-house-world/models/aws_robomaker_residential_AirconditionerB_01) by extension 'python_setup_py'
[0.650s] Level 1:colcon.colcon_core.package_identification:_identify(aws-robomaker-small-house-world/models/aws_robomaker_residential_AirconditionerB_01/materials) by extensions ['ignore', 'ignore_ament_install']
[0.650s] Level 1:colcon.colcon_core.package_identification:_identify(aws-robomaker-small-house-world/models/aws_robomaker_residential_AirconditionerB_01/materials) by extension 'ignore'
[0.650s] Level 1:colcon.colcon_core.package_identification:_identify(aws-robomaker-small-house-world/models/aws_robomaker_residential_AirconditionerB_01/materials) by extension 'ignore_ament_install'
[0.650s] Level 1:colcon.colcon_core.package_identification:_identify(aws-robomaker-small-house-world/models/aws_robomaker_residential_AirconditionerB_01/materials) by extensions ['colcon_pkg']
[0.650s] Level 1:colcon.colcon_core.package_identification:_identify(aws-robomaker-small-house-world/models/aws_robomaker_residential_AirconditionerB_01/materials) by extension 'colcon_pkg'
[0.650s] Level 1:colcon.colcon_core.package_identification:_identify(aws-robomaker-small-house-world/models/aws_robomaker_residential_AirconditionerB_01/materials) by extensions ['colcon_meta']
[0.650s] Level 1:colcon.colcon_core.package_identification:_identify(aws-robomaker-small-house-world/models/aws_robomaker_residential_AirconditionerB_01/materials) by extension 'colcon_meta'
[0.650s] Level 1:colcon.colcon_core.package_identification:_identify(aws-robomaker-small-house-world/models/aws_robomaker_residential_AirconditionerB_01/materials) by extensions ['ros']
[0.650s] Level 1:colcon.colcon_core.package_identification:_identify(aws-robomaker-small-house-world/models/aws_robomaker_residential_AirconditionerB_01/materials) by extension 'ros'
[0.650s] Level 1:colcon.colcon_core.package_identification:_identify(aws-robomaker-small-house-world/models/aws_robomaker_residential_AirconditionerB_01/materials) by extensions ['cmake', 'python']
[0.650s] Level 1:colcon.colcon_core.package_identification:_identify(aws-robomaker-small-house-world/models/aws_robomaker_residential_AirconditionerB_01/materials) by extension 'cmake'
[0.650s] Level 1:colcon.colcon_core.package_identification:_identify(aws-robomaker-small-house-world/models/aws_robomaker_residential_AirconditionerB_01/materials) by extension 'python'
[0.650s] Level 1:colcon.colcon_core.package_identification:_identify(aws-robomaker-small-house-world/models/aws_robomaker_residential_AirconditionerB_01/materials) by extensions ['python_setup_py']
[0.650s] Level 1:colcon.colcon_core.package_identification:_identify(aws-robomaker-small-house-world/models/aws_robomaker_residential_AirconditionerB_01/materials) by extension 'python_setup_py'
[0.650s] Level 1:colcon.colcon_core.package_identification:_identify(aws-robomaker-small-house-world/models/aws_robomaker_residential_AirconditionerB_01/materials/textures) by extensions ['ignore', 'ignore_ament_install']
[0.650s] Level 1:colcon.colcon_core.package_identification:_identify(aws-robomaker-small-house-world/models/aws_robomaker_residential_AirconditionerB_01/materials/textures) by extension 'ignore'
[0.651s] Level 1:colcon.colcon_core.package_identification:_identify(aws-robomaker-small-house-world/models/aws_robomaker_residential_AirconditionerB_01/materials/textures) by extension 'ignore_ament_install'
[0.651s] Level 1:colcon.colcon_core.package_identification:_identify(aws-robomaker-small-house-world/models/aws_robomaker_residential_AirconditionerB_01/materials/textures) by extensions ['colcon_pkg']
[0.651s] Level 1:colcon.colcon_core.package_identification:_identify(aws-robomaker-small-house-world/models/aws_robomaker_residential_AirconditionerB_01/materials/textures) by extension 'colcon_pkg'
[0.651s] Level 1:colcon.colcon_core.package_identification:_identify(aws-robomaker-small-house-world/models/aws_robomaker_residential_AirconditionerB_01/materials/textures) by extensions ['colcon_meta']
[0.651s] Level 1:colcon.colcon_core.package_identification:_identify(aws-robomaker-small-house-world/models/aws_robomaker_residential_AirconditionerB_01/materials/textures) by extension 'colcon_meta'
[0.651s] Level 1:colcon.colcon_core.package_identification:_identify(aws-robomaker-small-house-world/models/aws_robomaker_residential_AirconditionerB_01/materials/textures) by extensions ['ros']
[0.651s] Level 1:colcon.colcon_core.package_identification:_identify(aws-robomaker-small-house-world/models/aws_robomaker_residential_AirconditionerB_01/materials/textures) by extension 'ros'
[0.651s] Level 1:colcon.colcon_core.package_identification:_identify(aws-robomaker-small-house-world/models/aws_robomaker_residential_AirconditionerB_01/materials/textures) by extensions ['cmake', 'python']
[0.651s] Level 1:colcon.colcon_core.package_identification:_identify(aws-robomaker-small-house-world/models/aws_robomaker_residential_AirconditionerB_01/materials/textures) by extension 'cmake'
[0.651s] Level 1:colcon.colcon_core.package_identification:_identify(aws-robomaker-small-house-world/models/aws_robomaker_residential_AirconditionerB_01/materials/textures) by extension 'python'
[0.651s] Level 1:colcon.colcon_core.package_identification:_identify(aws-robomaker-small-house-world/models/aws_robomaker_residential_AirconditionerB_01/materials/textures) by extensions ['python_setup_py']
[0.651s] Level 1:colcon.colcon_core.package_identification:_identify(aws-robomaker-small-house-world/models/aws_robomaker_residential_AirconditionerB_01/materials/textures) by extension 'python_setup_py'
[0.651s] Level 1:colcon.colcon_core.package_identification:_identify(aws-robomaker-small-house-world/models/aws_robomaker_residential_AirconditionerB_01/meshes) by extensions ['ignore', 'ignore_ament_install']
[0.651s] Level 1:colcon.colcon_core.package_identification:_identify(aws-robomaker-small-house-world/models/aws_robomaker_residential_AirconditionerB_01/meshes) by extension 'ignore'
[0.651s] Level 1:colcon.colcon_core.package_identification:_identify(aws-robomaker-small-house-world/models/aws_robomaker_residential_AirconditionerB_01/meshes) by extension 'ignore_ament_install'
[0.651s] Level 1:colcon.colcon_core.package_identification:_identify(aws-robomaker-small-house-world/models/aws_robomaker_residential_AirconditionerB_01/meshes) by extensions ['colcon_pkg']
[0.651s] Level 1:colcon.colcon_core.package_identification:_identify(aws-robomaker-small-house-world/models/aws_robomaker_residential_AirconditionerB_01/meshes) by extension 'colcon_pkg'
[0.651s] Level 1:colcon.colcon_core.package_identification:_identify(aws-robomaker-small-house-world/models/aws_robomaker_residential_AirconditionerB_01/meshes) by extensions ['colcon_meta']
[0.651s] Level 1:colcon.colcon_core.package_identification:_identify(aws-robomaker-small-house-world/models/aws_robomaker_residential_AirconditionerB_01/meshes) by extension 'colcon_meta'
[0.651s] Level 1:colcon.colcon_core.package_identification:_identify(aws-robomaker-small-house-world/models/aws_robomaker_residential_AirconditionerB_01/meshes) by extensions ['ros']
[0.651s] Level 1:colcon.colcon_core.package_identification:_identify(aws-robomaker-small-house-world/models/aws_robomaker_residential_AirconditionerB_01/meshes) by extension 'ros'
[0.651s] Level 1:colcon.colcon_core.package_identification:_identify(aws-robomaker-small-house-world/models/aws_robomaker_residential_AirconditionerB_01/meshes) by extensions ['cmake', 'python']
[0.651s] Level 1:colcon.colcon_core.package_identification:_identify(aws-robomaker-small-house-world/models/aws_robomaker_residential_AirconditionerB_01/meshes) by extension 'cmake'
[0.651s] Level 1:colcon.colcon_core.package_identification:_identify(aws-robomaker-small-house-world/models/aws_robomaker_residential_AirconditionerB_01/meshes) by extension 'python'
[0.651s] Level 1:colcon.colcon_core.package_identification:_identify(aws-robomaker-small-house-world/models/aws_robomaker_residential_AirconditionerB_01/meshes) by extensions ['python_setup_py']
[0.651s] Level 1:colcon.colcon_core.package_identification:_identify(aws-robomaker-small-house-world/models/aws_robomaker_residential_AirconditionerB_01/meshes) by extension 'python_setup_py'
[0.652s] Level 1:colcon.colcon_core.package_identification:_identify(aws-robomaker-small-house-world/models/aws_robomaker_residential_BalconyTable_01) by extensions ['ignore', 'ignore_ament_install']
[0.652s] Level 1:colcon.colcon_core.package_identification:_identify(aws-robomaker-small-house-world/models/aws_robomaker_residential_BalconyTable_01) by extension 'ignore'
[0.652s] Level 1:colcon.colcon_core.package_identification:_identify(aws-robomaker-small-house-world/models/aws_robomaker_residential_BalconyTable_01) by extension 'ignore_ament_install'
[0.652s] Level 1:colcon.colcon_core.package_identification:_identify(aws-robomaker-small-house-world/models/aws_robomaker_residential_BalconyTable_01) by extensions ['colcon_pkg']
[0.652s] Level 1:colcon.colcon_core.package_identification:_identify(aws-robomaker-small-house-world/models/aws_robomaker_residential_BalconyTable_01) by extension 'colcon_pkg'
[0.652s] Level 1:colcon.colcon_core.package_identification:_identify(aws-robomaker-small-house-world/models/aws_robomaker_residential_BalconyTable_01) by extensions ['colcon_meta']
[0.652s] Level 1:colcon.colcon_core.package_identification:_identify(aws-robomaker-small-house-world/models/aws_robomaker_residential_BalconyTable_01) by extension 'colcon_meta'
[0.652s] Level 1:colcon.colcon_core.package_identification:_identify(aws-robomaker-small-house-world/models/aws_robomaker_residential_BalconyTable_01) by extensions ['ros']
[0.652s] Level 1:colcon.colcon_core.package_identification:_identify(aws-robomaker-small-house-world/models/aws_robomaker_residential_BalconyTable_01) by extension 'ros'
[0.652s] Level 1:colcon.colcon_core.package_identification:_identify(aws-robomaker-small-house-world/models/aws_robomaker_residential_BalconyTable_01) by extensions ['cmake', 'python']
[0.652s] Level 1:colcon.colcon_core.package_identification:_identify(aws-robomaker-small-house-world/models/aws_robomaker_residential_BalconyTable_01) by extension 'cmake'
[0.652s] Level 1:colcon.colcon_core.package_identification:_identify(aws-robomaker-small-house-world/models/aws_robomaker_residential_BalconyTable_01) by extension 'python'
[0.652s] Level 1:colcon.colcon_core.package_identification:_identify(aws-robomaker-small-house-world/models/aws_robomaker_residential_BalconyTable_01) by extensions ['python_setup_py']
[0.652s] Level 1:colcon.colcon_core.package_identification:_identify(aws-robomaker-small-house-world/models/aws_robomaker_residential_BalconyTable_01) by extension 'python_setup_py'
[0.652s] Level 1:colcon.colcon_core.package_identification:_identify(aws-robomaker-small-house-world/models/aws_robomaker_residential_BalconyTable_01/materials) by extensions ['ignore', 'ignore_ament_install']
[0.652s] Level 1:colcon.colcon_core.package_identification:_identify(aws-robomaker-small-house-world/models/aws_robomaker_residential_BalconyTable_01/materials) by extension 'ignore'
[0.652s] Level 1:colcon.colcon_core.package_identification:_identify(aws-robomaker-small-house-world/models/aws_robomaker_residential_BalconyTable_01/materials) by extension 'ignore_ament_install'
[0.652s] Level 1:colcon.colcon_core.package_identification:_identify(aws-robomaker-small-house-world/models/aws_robomaker_residential_BalconyTable_01/materials) by extensions ['colcon_pkg']
[0.652s] Level 1:colcon.colcon_core.package_identification:_identify(aws-robomaker-small-house-world/models/aws_robomaker_residential_BalconyTable_01/materials) by extension 'colcon_pkg'
[0.652s] Level 1:colcon.colcon_core.package_identification:_identify(aws-robomaker-small-house-world/models/aws_robomaker_residential_BalconyTable_01/materials) by extensions ['colcon_meta']
[0.652s] Level 1:colcon.colcon_core.package_identification:_identify(aws-robomaker-small-house-world/models/aws_robomaker_residential_BalconyTable_01/materials) by extension 'colcon_meta'
[0.652s] Level 1:colcon.colcon_core.package_identification:_identify(aws-robomaker-small-house-world/models/aws_robomaker_residential_BalconyTable_01/materials) by extensions ['ros']
[0.652s] Level 1:colcon.colcon_core.package_identification:_identify(aws-robomaker-small-house-world/models/aws_robomaker_residential_BalconyTable_01/materials) by extension 'ros'
[0.652s] Level 1:colcon.colcon_core.package_identification:_identify(aws-robomaker-small-house-world/models/aws_robomaker_residential_BalconyTable_01/materials) by extensions ['cmake', 'python']
[0.652s] Level 1:colcon.colcon_core.package_identification:_identify(aws-robomaker-small-house-world/models/aws_robomaker_residential_BalconyTable_01/materials) by extension 'cmake'
[0.653s] Level 1:colcon.colcon_core.package_identification:_identify(aws-robomaker-small-house-world/models/aws_robomaker_residential_BalconyTable_01/materials) by extension 'python'
[0.653s] Level 1:colcon.colcon_core.package_identification:_identify(aws-robomaker-small-house-world/models/aws_robomaker_residential_BalconyTable_01/materials) by extensions ['python_setup_py']
[0.653s] Level 1:colcon.colcon_core.package_identification:_identify(aws-robomaker-small-house-world/models/aws_robomaker_residential_BalconyTable_01/materials) by extension 'python_setup_py'
[0.653s] Level 1:colcon.colcon_core.package_identification:_identify(aws-robomaker-small-house-world/models/aws_robomaker_residential_BalconyTable_01/materials/textures) by extensions ['ignore', 'ignore_ament_install']
[0.653s] Level 1:colcon.colcon_core.package_identification:_identify(aws-robomaker-small-house-world/models/aws_robomaker_residential_BalconyTable_01/materials/textures) by extension 'ignore'
[0.653s] Level 1:colcon.colcon_core.package_identification:_identify(aws-robomaker-small-house-world/models/aws_robomaker_residential_BalconyTable_01/materials/textures) by extension 'ignore_ament_install'
[0.653s] Level 1:colcon.colcon_core.package_identification:_identify(aws-robomaker-small-house-world/models/aws_robomaker_residential_BalconyTable_01/materials/textures) by extensions ['colcon_pkg']
[0.653s] Level 1:colcon.colcon_core.package_identification:_identify(aws-robomaker-small-house-world/models/aws_robomaker_residential_BalconyTable_01/materials/textures) by extension 'colcon_pkg'
[0.653s] Level 1:colcon.colcon_core.package_identification:_identify(aws-robomaker-small-house-world/models/aws_robomaker_residential_BalconyTable_01/materials/textures) by extensions ['colcon_meta']
[0.653s] Level 1:colcon.colcon_core.package_identification:_identify(aws-robomaker-small-house-world/models/aws_robomaker_residential_BalconyTable_01/materials/textures) by extension 'colcon_meta'
[0.653s] Level 1:colcon.colcon_core.package_identification:_identify(aws-robomaker-small-house-world/models/aws_robomaker_residential_BalconyTable_01/materials/textures) by extensions ['ros']
[0.653s] Level 1:colcon.colcon_core.package_identification:_identify(aws-robomaker-small-house-world/models/aws_robomaker_residential_BalconyTable_01/materials/textures) by extension 'ros'
[0.653s] Level 1:colcon.colcon_core.package_identification:_identify(aws-robomaker-small-house-world/models/aws_robomaker_residential_BalconyTable_01/materials/textures) by extensions ['cmake', 'python']
[0.653s] Level 1:colcon.colcon_core.package_identification:_identify(aws-robomaker-small-house-world/models/aws_robomaker_residential_BalconyTable_01/materials/textures) by extension 'cmake'
[0.653s] Level 1:colcon.colcon_core.package_identification:_identify(aws-robomaker-small-house-world/models/aws_robomaker_residential_BalconyTable_01/materials/textures) by extension 'python'
[0.653s] Level 1:colcon.colcon_core.package_identification:_identify(aws-robomaker-small-house-world/models/aws_robomaker_residential_BalconyTable_01/materials/textures) by extensions ['python_setup_py']
[0.653s] Level 1:colcon.colcon_core.package_identification:_identify(aws-robomaker-small-house-world/models/aws_robomaker_residential_BalconyTable_01/materials/textures) by extension 'python_setup_py'
[0.653s] Level 1:colcon.colcon_core.package_identification:_identify(aws-robomaker-small-house-world/models/aws_robomaker_residential_BalconyTable_01/meshes) by extensions ['ignore', 'ignore_ament_install']
[0.653s] Level 1:colcon.colcon_core.package_identification:_identify(aws-robomaker-small-house-world/models/aws_robomaker_residential_BalconyTable_01/meshes) by extension 'ignore'
[0.653s] Level 1:colcon.colcon_core.package_identification:_identify(aws-robomaker-small-house-world/models/aws_robomaker_residential_BalconyTable_01/meshes) by extension 'ignore_ament_install'
[0.653s] Level 1:colcon.colcon_core.package_identification:_identify(aws-robomaker-small-house-world/models/aws_robomaker_residential_BalconyTable_01/meshes) by extensions ['colcon_pkg']
[0.653s] Level 1:colcon.colcon_core.package_identification:_identify(aws-robomaker-small-house-world/models/aws_robomaker_residential_BalconyTable_01/meshes) by extension 'colcon_pkg'
[0.653s] Level 1:colcon.colcon_core.package_identification:_identify(aws-robomaker-small-house-world/models/aws_robomaker_residential_BalconyTable_01/meshes) by extensions ['colcon_meta']
[0.653s] Level 1:colcon.colcon_core.package_identification:_identify(aws-robomaker-small-house-world/models/aws_robomaker_residential_BalconyTable_01/meshes) by extension 'colcon_meta'
[0.653s] Level 1:colcon.colcon_core.package_identification:_identify(aws-robomaker-small-house-world/models/aws_robomaker_residential_BalconyTable_01/meshes) by extensions ['ros']
[0.654s] Level 1:colcon.colcon_core.package_identification:_identify(aws-robomaker-small-house-world/models/aws_robomaker_residential_BalconyTable_01/meshes) by extension 'ros'
[0.654s] Level 1:colcon.colcon_core.package_identification:_identify(aws-robomaker-small-house-world/models/aws_robomaker_residential_BalconyTable_01/meshes) by extensions ['cmake', 'python']
[0.654s] Level 1:colcon.colcon_core.package_identification:_identify(aws-robomaker-small-house-world/models/aws_robomaker_residential_BalconyTable_01/meshes) by extension 'cmake'
[0.654s] Level 1:colcon.colcon_core.package_identification:_identify(aws-robomaker-small-house-world/models/aws_robomaker_residential_BalconyTable_01/meshes) by extension 'python'
[0.654s] Level 1:colcon.colcon_core.package_identification:_identify(aws-robomaker-small-house-world/models/aws_robomaker_residential_BalconyTable_01/meshes) by extensions ['python_setup_py']
[0.654s] Level 1:colcon.colcon_core.package_identification:_identify(aws-robomaker-small-house-world/models/aws_robomaker_residential_BalconyTable_01/meshes) by extension 'python_setup_py'
[0.654s] Level 1:colcon.colcon_core.package_identification:_identify(aws-robomaker-small-house-world/models/aws_robomaker_residential_Ball_01) by extensions ['ignore', 'ignore_ament_install']
[0.654s] Level 1:colcon.colcon_core.package_identification:_identify(aws-robomaker-small-house-world/models/aws_robomaker_residential_Ball_01) by extension 'ignore'
[0.654s] Level 1:colcon.colcon_core.package_identification:_identify(aws-robomaker-small-house-world/models/aws_robomaker_residential_Ball_01) by extension 'ignore_ament_install'
[0.654s] Level 1:colcon.colcon_core.package_identification:_identify(aws-robomaker-small-house-world/models/aws_robomaker_residential_Ball_01) by extensions ['colcon_pkg']
[0.654s] Level 1:colcon.colcon_core.package_identification:_identify(aws-robomaker-small-house-world/models/aws_robomaker_residential_Ball_01) by extension 'colcon_pkg'
[0.654s] Level 1:colcon.colcon_core.package_identification:_identify(aws-robomaker-small-house-world/models/aws_robomaker_residential_Ball_01) by extensions ['colcon_meta']
[0.654s] Level 1:colcon.colcon_core.package_identification:_identify(aws-robomaker-small-house-world/models/aws_robomaker_residential_Ball_01) by extension 'colcon_meta'
[0.654s] Level 1:colcon.colcon_core.package_identification:_identify(aws-robomaker-small-house-world/models/aws_robomaker_residential_Ball_01) by extensions ['ros']
[0.654s] Level 1:colcon.colcon_core.package_identification:_identify(aws-robomaker-small-house-world/models/aws_robomaker_residential_Ball_01) by extension 'ros'
[0.654s] Level 1:colcon.colcon_core.package_identification:_identify(aws-robomaker-small-house-world/models/aws_robomaker_residential_Ball_01) by extensions ['cmake', 'python']
[0.654s] Level 1:colcon.colcon_core.package_identification:_identify(aws-robomaker-small-house-world/models/aws_robomaker_residential_Ball_01) by extension 'cmake'
[0.654s] Level 1:colcon.colcon_core.package_identification:_identify(aws-robomaker-small-house-world/models/aws_robomaker_residential_Ball_01) by extension 'python'
[0.654s] Level 1:colcon.colcon_core.package_identification:_identify(aws-robomaker-small-house-world/models/aws_robomaker_residential_Ball_01) by extensions ['python_setup_py']
[0.654s] Level 1:colcon.colcon_core.package_identification:_identify(aws-robomaker-small-house-world/models/aws_robomaker_residential_Ball_01) by extension 'python_setup_py'
[0.654s] Level 1:colcon.colcon_core.package_identification:_identify(aws-robomaker-small-house-world/models/aws_robomaker_residential_Ball_01/materials) by extensions ['ignore', 'ignore_ament_install']
[0.654s] Level 1:colcon.colcon_core.package_identification:_identify(aws-robomaker-small-house-world/models/aws_robomaker_residential_Ball_01/materials) by extension 'ignore'
[0.654s] Level 1:colcon.colcon_core.package_identification:_identify(aws-robomaker-small-house-world/models/aws_robomaker_residential_Ball_01/materials) by extension 'ignore_ament_install'
[0.654s] Level 1:colcon.colcon_core.package_identification:_identify(aws-robomaker-small-house-world/models/aws_robomaker_residential_Ball_01/materials) by extensions ['colcon_pkg']
[0.654s] Level 1:colcon.colcon_core.package_identification:_identify(aws-robomaker-small-house-world/models/aws_robomaker_residential_Ball_01/materials) by extension 'colcon_pkg'
[0.655s] Level 1:colcon.colcon_core.package_identification:_identify(aws-robomaker-small-house-world/models/aws_robomaker_residential_Ball_01/materials) by extensions ['colcon_meta']
[0.655s] Level 1:colcon.colcon_core.package_identification:_identify(aws-robomaker-small-house-world/models/aws_robomaker_residential_Ball_01/materials) by extension 'colcon_meta'
[0.655s] Level 1:colcon.colcon_core.package_identification:_identify(aws-robomaker-small-house-world/models/aws_robomaker_residential_Ball_01/materials) by extensions ['ros']
[0.655s] Level 1:colcon.colcon_core.package_identification:_identify(aws-robomaker-small-house-world/models/aws_robomaker_residential_Ball_01/materials) by extension 'ros'
[0.655s] Level 1:colcon.colcon_core.package_identification:_identify(aws-robomaker-small-house-world/models/aws_robomaker_residential_Ball_01/materials) by extensions ['cmake', 'python']
[0.655s] Level 1:colcon.colcon_core.package_identification:_identify(aws-robomaker-small-house-world/models/aws_robomaker_residential_Ball_01/materials) by extension 'cmake'
[0.655s] Level 1:colcon.colcon_core.package_identification:_identify(aws-robomaker-small-house-world/models/aws_robomaker_residential_Ball_01/materials) by extension 'python'
[0.655s] Level 1:colcon.colcon_core.package_identification:_identify(aws-robomaker-small-house-world/models/aws_robomaker_residential_Ball_01/materials) by extensions ['python_setup_py']
[0.655s] Level 1:colcon.colcon_core.package_identification:_identify(aws-robomaker-small-house-world/models/aws_robomaker_residential_Ball_01/materials) by extension 'python_setup_py'
[0.655s] Level 1:colcon.colcon_core.package_identification:_identify(aws-robomaker-small-house-world/models/aws_robomaker_residential_Ball_01/materials/textures) by extensions ['ignore', 'ignore_ament_install']
[0.655s] Level 1:colcon.colcon_core.package_identification:_identify(aws-robomaker-small-house-world/models/aws_robomaker_residential_Ball_01/materials/textures) by extension 'ignore'
[0.655s] Level 1:colcon.colcon_core.package_identification:_identify(aws-robomaker-small-house-world/models/aws_robomaker_residential_Ball_01/materials/textures) by extension 'ignore_ament_install'
[0.655s] Level 1:colcon.colcon_core.package_identification:_identify(aws-robomaker-small-house-world/models/aws_robomaker_residential_Ball_01/materials/textures) by extensions ['colcon_pkg']
[0.655s] Level 1:colcon.colcon_core.package_identification:_identify(aws-robomaker-small-house-world/models/aws_robomaker_residential_Ball_01/materials/textures) by extension 'colcon_pkg'
[0.655s] Level 1:colcon.colcon_core.package_identification:_identify(aws-robomaker-small-house-world/models/aws_robomaker_residential_Ball_01/materials/textures) by extensions ['colcon_meta']
[0.655s] Level 1:colcon.colcon_core.package_identification:_identify(aws-robomaker-small-house-world/models/aws_robomaker_residential_Ball_01/materials/textures) by extension 'colcon_meta'
[0.655s] Level 1:colcon.colcon_core.package_identification:_identify(aws-robomaker-small-house-world/models/aws_robomaker_residential_Ball_01/materials/textures) by extensions ['ros']
[0.655s] Level 1:colcon.colcon_core.package_identification:_identify(aws-robomaker-small-house-world/models/aws_robomaker_residential_Ball_01/materials/textures) by extension 'ros'
[0.655s] Level 1:colcon.colcon_core.package_identification:_identify(aws-robomaker-small-house-world/models/aws_robomaker_residential_Ball_01/materials/textures) by extensions ['cmake', 'python']
[0.655s] Level 1:colcon.colcon_core.package_identification:_identify(aws-robomaker-small-house-world/models/aws_robomaker_residential_Ball_01/materials/textures) by extension 'cmake'
[0.655s] Level 1:colcon.colcon_core.package_identification:_identify(aws-robomaker-small-house-world/models/aws_robomaker_residential_Ball_01/materials/textures) by extension 'python'
[0.655s] Level 1:colcon.colcon_core.package_identification:_identify(aws-robomaker-small-house-world/models/aws_robomaker_residential_Ball_01/materials/textures) by extensions ['python_setup_py']
[0.655s] Level 1:colcon.colcon_core.package_identification:_identify(aws-robomaker-small-house-world/models/aws_robomaker_residential_Ball_01/materials/textures) by extension 'python_setup_py'
[0.655s] Level 1:colcon.colcon_core.package_identification:_identify(aws-robomaker-small-house-world/models/aws_robomaker_residential_Ball_01/meshes) by extensions ['ignore', 'ignore_ament_install']
[0.655s] Level 1:colcon.colcon_core.package_identification:_identify(aws-robomaker-small-house-world/models/aws_robomaker_residential_Ball_01/meshes) by extension 'ignore'
[0.656s] Level 1:colcon.colcon_core.package_identification:_identify(aws-robomaker-small-house-world/models/aws_robomaker_residential_Ball_01/meshes) by extension 'ignore_ament_install'
[0.656s] Level 1:colcon.colcon_core.package_identification:_identify(aws-robomaker-small-house-world/models/aws_robomaker_residential_Ball_01/meshes) by extensions ['colcon_pkg']
[0.656s] Level 1:colcon.colcon_core.package_identification:_identify(aws-robomaker-small-house-world/models/aws_robomaker_residential_Ball_01/meshes) by extension 'colcon_pkg'
[0.656s] Level 1:colcon.colcon_core.package_identification:_identify(aws-robomaker-small-house-world/models/aws_robomaker_residential_Ball_01/meshes) by extensions ['colcon_meta']
[0.656s] Level 1:colcon.colcon_core.package_identification:_identify(aws-robomaker-small-house-world/models/aws_robomaker_residential_Ball_01/meshes) by extension 'colcon_meta'
[0.656s] Level 1:colcon.colcon_core.package_identification:_identify(aws-robomaker-small-house-world/models/aws_robomaker_residential_Ball_01/meshes) by extensions ['ros']
[0.656s] Level 1:colcon.colcon_core.package_identification:_identify(aws-robomaker-small-house-world/models/aws_robomaker_residential_Ball_01/meshes) by extension 'ros'
[0.656s] Level 1:colcon.colcon_core.package_identification:_identify(aws-robomaker-small-house-world/models/aws_robomaker_residential_Ball_01/meshes) by extensions ['cmake', 'python']
[0.656s] Level 1:colcon.colcon_core.package_identification:_identify(aws-robomaker-small-house-world/models/aws_robomaker_residential_Ball_01/meshes) by extension 'cmake'
[0.656s] Level 1:colcon.colcon_core.package_identification:_identify(aws-robomaker-small-house-world/models/aws_robomaker_residential_Ball_01/meshes) by extension 'python'
[0.656s] Level 1:colcon.colcon_core.package_identification:_identify(aws-robomaker-small-house-world/models/aws_robomaker_residential_Ball_01/meshes) by extensions ['python_setup_py']
[0.656s] Level 1:colcon.colcon_core.package_identification:_identify(aws-robomaker-small-house-world/models/aws_robomaker_residential_Ball_01/meshes) by extension 'python_setup_py'
[0.656s] Level 1:colcon.colcon_core.package_identification:_identify(aws-robomaker-small-house-world/models/aws_robomaker_residential_Bed_01) by extensions ['ignore', 'ignore_ament_install']
[0.656s] Level 1:colcon.colcon_core.package_identification:_identify(aws-robomaker-small-house-world/models/aws_robomaker_residential_Bed_01) by extension 'ignore'
[0.656s] Level 1:colcon.colcon_core.package_identification:_identify(aws-robomaker-small-house-world/models/aws_robomaker_residential_Bed_01) by extension 'ignore_ament_install'
[0.656s] Level 1:colcon.colcon_core.package_identification:_identify(aws-robomaker-small-house-world/models/aws_robomaker_residential_Bed_01) by extensions ['colcon_pkg']
[0.656s] Level 1:colcon.colcon_core.package_identification:_identify(aws-robomaker-small-house-world/models/aws_robomaker_residential_Bed_01) by extension 'colcon_pkg'
[0.656s] Level 1:colcon.colcon_core.package_identification:_identify(aws-robomaker-small-house-world/models/aws_robomaker_residential_Bed_01) by extensions ['colcon_meta']
[0.656s] Level 1:colcon.colcon_core.package_identification:_identify(aws-robomaker-small-house-world/models/aws_robomaker_residential_Bed_01) by extension 'colcon_meta'
[0.656s] Level 1:colcon.colcon_core.package_identification:_identify(aws-robomaker-small-house-world/models/aws_robomaker_residential_Bed_01) by extensions ['ros']
[0.656s] Level 1:colcon.colcon_core.package_identification:_identify(aws-robomaker-small-house-world/models/aws_robomaker_residential_Bed_01) by extension 'ros'
[0.656s] Level 1:colcon.colcon_core.package_identification:_identify(aws-robomaker-small-house-world/models/aws_robomaker_residential_Bed_01) by extensions ['cmake', 'python']
[0.656s] Level 1:colcon.colcon_core.package_identification:_identify(aws-robomaker-small-house-world/models/aws_robomaker_residential_Bed_01) by extension 'cmake'
[0.656s] Level 1:colcon.colcon_core.package_identification:_identify(aws-robomaker-small-house-world/models/aws_robomaker_residential_Bed_01) by extension 'python'
[0.656s] Level 1:colcon.colcon_core.package_identification:_identify(aws-robomaker-small-house-world/models/aws_robomaker_residential_Bed_01) by extensions ['python_setup_py']
[0.656s] Level 1:colcon.colcon_core.package_identification:_identify(aws-robomaker-small-house-world/models/aws_robomaker_residential_Bed_01) by extension 'python_setup_py'
[0.657s] Level 1:colcon.colcon_core.package_identification:_identify(aws-robomaker-small-house-world/models/aws_robomaker_residential_Bed_01/materials) by extensions ['ignore', 'ignore_ament_install']
[0.657s] Level 1:colcon.colcon_core.package_identification:_identify(aws-robomaker-small-house-world/models/aws_robomaker_residential_Bed_01/materials) by extension 'ignore'
[0.657s] Level 1:colcon.colcon_core.package_identification:_identify(aws-robomaker-small-house-world/models/aws_robomaker_residential_Bed_01/materials) by extension 'ignore_ament_install'
[0.657s] Level 1:colcon.colcon_core.package_identification:_identify(aws-robomaker-small-house-world/models/aws_robomaker_residential_Bed_01/materials) by extensions ['colcon_pkg']
[0.657s] Level 1:colcon.colcon_core.package_identification:_identify(aws-robomaker-small-house-world/models/aws_robomaker_residential_Bed_01/materials) by extension 'colcon_pkg'
[0.657s] Level 1:colcon.colcon_core.package_identification:_identify(aws-robomaker-small-house-world/models/aws_robomaker_residential_Bed_01/materials) by extensions ['colcon_meta']
[0.657s] Level 1:colcon.colcon_core.package_identification:_identify(aws-robomaker-small-house-world/models/aws_robomaker_residential_Bed_01/materials) by extension 'colcon_meta'
[0.657s] Level 1:colcon.colcon_core.package_identification:_identify(aws-robomaker-small-house-world/models/aws_robomaker_residential_Bed_01/materials) by extensions ['ros']
[0.657s] Level 1:colcon.colcon_core.package_identification:_identify(aws-robomaker-small-house-world/models/aws_robomaker_residential_Bed_01/materials) by extension 'ros'
[0.657s] Level 1:colcon.colcon_core.package_identification:_identify(aws-robomaker-small-house-world/models/aws_robomaker_residential_Bed_01/materials) by extensions ['cmake', 'python']
[0.657s] Level 1:colcon.colcon_core.package_identification:_identify(aws-robomaker-small-house-world/models/aws_robomaker_residential_Bed_01/materials) by extension 'cmake'
[0.657s] Level 1:colcon.colcon_core.package_identification:_identify(aws-robomaker-small-house-world/models/aws_robomaker_residential_Bed_01/materials) by extension 'python'
[0.657s] Level 1:colcon.colcon_core.package_identification:_identify(aws-robomaker-small-house-world/models/aws_robomaker_residential_Bed_01/materials) by extensions ['python_setup_py']
[0.657s] Level 1:colcon.colcon_core.package_identification:_identify(aws-robomaker-small-house-world/models/aws_robomaker_residential_Bed_01/materials) by extension 'python_setup_py'
[0.657s] Level 1:colcon.colcon_core.package_identification:_identify(aws-robomaker-small-house-world/models/aws_robomaker_residential_Bed_01/materials/textures) by extensions ['ignore', 'ignore_ament_install']
[0.657s] Level 1:colcon.colcon_core.package_identification:_identify(aws-robomaker-small-house-world/models/aws_robomaker_residential_Bed_01/materials/textures) by extension 'ignore'
[0.657s] Level 1:colcon.colcon_core.package_identification:_identify(aws-robomaker-small-house-world/models/aws_robomaker_residential_Bed_01/materials/textures) by extension 'ignore_ament_install'
[0.657s] Level 1:colcon.colcon_core.package_identification:_identify(aws-robomaker-small-house-world/models/aws_robomaker_residential_Bed_01/materials/textures) by extensions ['colcon_pkg']
[0.658s] Level 1:colcon.colcon_core.package_identification:_identify(aws-robomaker-small-house-world/models/aws_robomaker_residential_Bed_01/materials/textures) by extension 'colcon_pkg'
[0.658s] Level 1:colcon.colcon_core.package_identification:_identify(aws-robomaker-small-house-world/models/aws_robomaker_residential_Bed_01/materials/textures) by extensions ['colcon_meta']
[0.658s] Level 1:colcon.colcon_core.package_identification:_identify(aws-robomaker-small-house-world/models/aws_robomaker_residential_Bed_01/materials/textures) by extension 'colcon_meta'
[0.658s] Level 1:colcon.colcon_core.package_identification:_identify(aws-robomaker-small-house-world/models/aws_robomaker_residential_Bed_01/materials/textures) by extensions ['ros']
[0.658s] Level 1:colcon.colcon_core.package_identification:_identify(aws-robomaker-small-house-world/models/aws_robomaker_residential_Bed_01/materials/textures) by extension 'ros'
[0.658s] Level 1:colcon.colcon_core.package_identification:_identify(aws-robomaker-small-house-world/models/aws_robomaker_residential_Bed_01/materials/textures) by extensions ['cmake', 'python']
[0.658s] Level 1:colcon.colcon_core.package_identification:_identify(aws-robomaker-small-house-world/models/aws_robomaker_residential_Bed_01/materials/textures) by extension 'cmake'
[0.658s] Level 1:colcon.colcon_core.package_identification:_identify(aws-robomaker-small-house-world/models/aws_robomaker_residential_Bed_01/materials/textures) by extension 'python'
[0.658s] Level 1:colcon.colcon_core.package_identification:_identify(aws-robomaker-small-house-world/models/aws_robomaker_residential_Bed_01/materials/textures) by extensions ['python_setup_py']
[0.658s] Level 1:colcon.colcon_core.package_identification:_identify(aws-robomaker-small-house-world/models/aws_robomaker_residential_Bed_01/materials/textures) by extension 'python_setup_py'
[0.658s] Level 1:colcon.colcon_core.package_identification:_identify(aws-robomaker-small-house-world/models/aws_robomaker_residential_Bed_01/meshes) by extensions ['ignore', 'ignore_ament_install']
[0.658s] Level 1:colcon.colcon_core.package_identification:_identify(aws-robomaker-small-house-world/models/aws_robomaker_residential_Bed_01/meshes) by extension 'ignore'
[0.658s] Level 1:colcon.colcon_core.package_identification:_identify(aws-robomaker-small-house-world/models/aws_robomaker_residential_Bed_01/meshes) by extension 'ignore_ament_install'
[0.658s] Level 1:colcon.colcon_core.package_identification:_identify(aws-robomaker-small-house-world/models/aws_robomaker_residential_Bed_01/meshes) by extensions ['colcon_pkg']
[0.658s] Level 1:colcon.colcon_core.package_identification:_identify(aws-robomaker-small-house-world/models/aws_robomaker_residential_Bed_01/meshes) by extension 'colcon_pkg'
[0.658s] Level 1:colcon.colcon_core.package_identification:_identify(aws-robomaker-small-house-world/models/aws_robomaker_residential_Bed_01/meshes) by extensions ['colcon_meta']
[0.658s] Level 1:colcon.colcon_core.package_identification:_identify(aws-robomaker-small-house-world/models/aws_robomaker_residential_Bed_01/meshes) by extension 'colcon_meta'
[0.658s] Level 1:colcon.colcon_core.package_identification:_identify(aws-robomaker-small-house-world/models/aws_robomaker_residential_Bed_01/meshes) by extensions ['ros']
[0.658s] Level 1:colcon.colcon_core.package_identification:_identify(aws-robomaker-small-house-world/models/aws_robomaker_residential_Bed_01/meshes) by extension 'ros'
[0.658s] Level 1:colcon.colcon_core.package_identification:_identify(aws-robomaker-small-house-world/models/aws_robomaker_residential_Bed_01/meshes) by extensions ['cmake', 'python']
[0.658s] Level 1:colcon.colcon_core.package_identification:_identify(aws-robomaker-small-house-world/models/aws_robomaker_residential_Bed_01/meshes) by extension 'cmake'
[0.658s] Level 1:colcon.colcon_core.package_identification:_identify(aws-robomaker-small-house-world/models/aws_robomaker_residential_Bed_01/meshes) by extension 'python'
[0.658s] Level 1:colcon.colcon_core.package_identification:_identify(aws-robomaker-small-house-world/models/aws_robomaker_residential_Bed_01/meshes) by extensions ['python_setup_py']
[0.658s] Level 1:colcon.colcon_core.package_identification:_identify(aws-robomaker-small-house-world/models/aws_robomaker_residential_Bed_01/meshes) by extension 'python_setup_py'
[0.658s] Level 1:colcon.colcon_core.package_identification:_identify(aws-robomaker-small-house-world/models/aws_robomaker_residential_Board_01) by extensions ['ignore', 'ignore_ament_install']
[0.659s] Level 1:colcon.colcon_core.package_identification:_identify(aws-robomaker-small-house-world/models/aws_robomaker_residential_Board_01) by extension 'ignore'
[0.659s] Level 1:colcon.colcon_core.package_identification:_identify(aws-robomaker-small-house-world/models/aws_robomaker_residential_Board_01) by extension 'ignore_ament_install'
[0.659s] Level 1:colcon.colcon_core.package_identification:_identify(aws-robomaker-small-house-world/models/aws_robomaker_residential_Board_01) by extensions ['colcon_pkg']
[0.659s] Level 1:colcon.colcon_core.package_identification:_identify(aws-robomaker-small-house-world/models/aws_robomaker_residential_Board_01) by extension 'colcon_pkg'
[0.659s] Level 1:colcon.colcon_core.package_identification:_identify(aws-robomaker-small-house-world/models/aws_robomaker_residential_Board_01) by extensions ['colcon_meta']
[0.659s] Level 1:colcon.colcon_core.package_identification:_identify(aws-robomaker-small-house-world/models/aws_robomaker_residential_Board_01) by extension 'colcon_meta'
[0.659s] Level 1:colcon.colcon_core.package_identification:_identify(aws-robomaker-small-house-world/models/aws_robomaker_residential_Board_01) by extensions ['ros']
[0.659s] Level 1:colcon.colcon_core.package_identification:_identify(aws-robomaker-small-house-world/models/aws_robomaker_residential_Board_01) by extension 'ros'
[0.659s] Level 1:colcon.colcon_core.package_identification:_identify(aws-robomaker-small-house-world/models/aws_robomaker_residential_Board_01) by extensions ['cmake', 'python']
[0.659s] Level 1:colcon.colcon_core.package_identification:_identify(aws-robomaker-small-house-world/models/aws_robomaker_residential_Board_01) by extension 'cmake'
[0.659s] Level 1:colcon.colcon_core.package_identification:_identify(aws-robomaker-small-house-world/models/aws_robomaker_residential_Board_01) by extension 'python'
[0.659s] Level 1:colcon.colcon_core.package_identification:_identify(aws-robomaker-small-house-world/models/aws_robomaker_residential_Board_01) by extensions ['python_setup_py']
[0.659s] Level 1:colcon.colcon_core.package_identification:_identify(aws-robomaker-small-house-world/models/aws_robomaker_residential_Board_01) by extension 'python_setup_py'
[0.659s] Level 1:colcon.colcon_core.package_identification:_identify(aws-robomaker-small-house-world/models/aws_robomaker_residential_Board_01/materials) by extensions ['ignore', 'ignore_ament_install']
[0.659s] Level 1:colcon.colcon_core.package_identification:_identify(aws-robomaker-small-house-world/models/aws_robomaker_residential_Board_01/materials) by extension 'ignore'
[0.659s] Level 1:colcon.colcon_core.package_identification:_identify(aws-robomaker-small-house-world/models/aws_robomaker_residential_Board_01/materials) by extension 'ignore_ament_install'
[0.659s] Level 1:colcon.colcon_core.package_identification:_identify(aws-robomaker-small-house-world/models/aws_robomaker_residential_Board_01/materials) by extensions ['colcon_pkg']
[0.659s] Level 1:colcon.colcon_core.package_identification:_identify(aws-robomaker-small-house-world/models/aws_robomaker_residential_Board_01/materials) by extension 'colcon_pkg'
[0.659s] Level 1:colcon.colcon_core.package_identification:_identify(aws-robomaker-small-house-world/models/aws_robomaker_residential_Board_01/materials) by extensions ['colcon_meta']
[0.659s] Level 1:colcon.colcon_core.package_identification:_identify(aws-robomaker-small-house-world/models/aws_robomaker_residential_Board_01/materials) by extension 'colcon_meta'
[0.659s] Level 1:colcon.colcon_core.package_identification:_identify(aws-robomaker-small-house-world/models/aws_robomaker_residential_Board_01/materials) by extensions ['ros']
[0.659s] Level 1:colcon.colcon_core.package_identification:_identify(aws-robomaker-small-house-world/models/aws_robomaker_residential_Board_01/materials) by extension 'ros'
[0.659s] Level 1:colcon.colcon_core.package_identification:_identify(aws-robomaker-small-house-world/models/aws_robomaker_residential_Board_01/materials) by extensions ['cmake', 'python']
[0.659s] Level 1:colcon.colcon_core.package_identification:_identify(aws-robomaker-small-house-world/models/aws_robomaker_residential_Board_01/materials) by extension 'cmake'
[0.659s] Level 1:colcon.colcon_core.package_identification:_identify(aws-robomaker-small-house-world/models/aws_robomaker_residential_Board_01/materials) by extension 'python'
[0.659s] Level 1:colcon.colcon_core.package_identification:_identify(aws-robomaker-small-house-world/models/aws_robomaker_residential_Board_01/materials) by extensions ['python_setup_py']
[0.659s] Level 1:colcon.colcon_core.package_identification:_identify(aws-robomaker-small-house-world/models/aws_robomaker_residential_Board_01/materials) by extension 'python_setup_py'
[0.660s] Level 1:colcon.colcon_core.package_identification:_identify(aws-robomaker-small-house-world/models/aws_robomaker_residential_Board_01/materials/textures) by extensions ['ignore', 'ignore_ament_install']
[0.660s] Level 1:colcon.colcon_core.package_identification:_identify(aws-robomaker-small-house-world/models/aws_robomaker_residential_Board_01/materials/textures) by extension 'ignore'
[0.660s] Level 1:colcon.colcon_core.package_identification:_identify(aws-robomaker-small-house-world/models/aws_robomaker_residential_Board_01/materials/textures) by extension 'ignore_ament_install'
[0.660s] Level 1:colcon.colcon_core.package_identification:_identify(aws-robomaker-small-house-world/models/aws_robomaker_residential_Board_01/materials/textures) by extensions ['colcon_pkg']
[0.660s] Level 1:colcon.colcon_core.package_identification:_identify(aws-robomaker-small-house-world/models/aws_robomaker_residential_Board_01/materials/textures) by extension 'colcon_pkg'
[0.660s] Level 1:colcon.colcon_core.package_identification:_identify(aws-robomaker-small-house-world/models/aws_robomaker_residential_Board_01/materials/textures) by extensions ['colcon_meta']
[0.660s] Level 1:colcon.colcon_core.package_identification:_identify(aws-robomaker-small-house-world/models/aws_robomaker_residential_Board_01/materials/textures) by extension 'colcon_meta'
[0.660s] Level 1:colcon.colcon_core.package_identification:_identify(aws-robomaker-small-house-world/models/aws_robomaker_residential_Board_01/materials/textures) by extensions ['ros']
[0.660s] Level 1:colcon.colcon_core.package_identification:_identify(aws-robomaker-small-house-world/models/aws_robomaker_residential_Board_01/materials/textures) by extension 'ros'
[0.660s] Level 1:colcon.colcon_core.package_identification:_identify(aws-robomaker-small-house-world/models/aws_robomaker_residential_Board_01/materials/textures) by extensions ['cmake', 'python']
[0.660s] Level 1:colcon.colcon_core.package_identification:_identify(aws-robomaker-small-house-world/models/aws_robomaker_residential_Board_01/materials/textures) by extension 'cmake'
[0.660s] Level 1:colcon.colcon_core.package_identification:_identify(aws-robomaker-small-house-world/models/aws_robomaker_residential_Board_01/materials/textures) by extension 'python'
[0.660s] Level 1:colcon.colcon_core.package_identification:_identify(aws-robomaker-small-house-world/models/aws_robomaker_residential_Board_01/materials/textures) by extensions ['python_setup_py']
[0.660s] Level 1:colcon.colcon_core.package_identification:_identify(aws-robomaker-small-house-world/models/aws_robomaker_residential_Board_01/materials/textures) by extension 'python_setup_py'
[0.660s] Level 1:colcon.colcon_core.package_identification:_identify(aws-robomaker-small-house-world/models/aws_robomaker_residential_Board_01/meshes) by extensions ['ignore', 'ignore_ament_install']
[0.660s] Level 1:colcon.colcon_core.package_identification:_identify(aws-robomaker-small-house-world/models/aws_robomaker_residential_Board_01/meshes) by extension 'ignore'
[0.660s] Level 1:colcon.colcon_core.package_identification:_identify(aws-robomaker-small-house-world/models/aws_robomaker_residential_Board_01/meshes) by extension 'ignore_ament_install'
[0.660s] Level 1:colcon.colcon_core.package_identification:_identify(aws-robomaker-small-house-world/models/aws_robomaker_residential_Board_01/meshes) by extensions ['colcon_pkg']
[0.660s] Level 1:colcon.colcon_core.package_identification:_identify(aws-robomaker-small-house-world/models/aws_robomaker_residential_Board_01/meshes) by extension 'colcon_pkg'
[0.660s] Level 1:colcon.colcon_core.package_identification:_identify(aws-robomaker-small-house-world/models/aws_robomaker_residential_Board_01/meshes) by extensions ['colcon_meta']
[0.660s] Level 1:colcon.colcon_core.package_identification:_identify(aws-robomaker-small-house-world/models/aws_robomaker_residential_Board_01/meshes) by extension 'colcon_meta'
[0.660s] Level 1:colcon.colcon_core.package_identification:_identify(aws-robomaker-small-house-world/models/aws_robomaker_residential_Board_01/meshes) by extensions ['ros']
[0.660s] Level 1:colcon.colcon_core.package_identification:_identify(aws-robomaker-small-house-world/models/aws_robomaker_residential_Board_01/meshes) by extension 'ros'
[0.660s] Level 1:colcon.colcon_core.package_identification:_identify(aws-robomaker-small-house-world/models/aws_robomaker_residential_Board_01/meshes) by extensions ['cmake', 'python']
[0.660s] Level 1:colcon.colcon_core.package_identification:_identify(aws-robomaker-small-house-world/models/aws_robomaker_residential_Board_01/meshes) by extension 'cmake'
[0.661s] Level 1:colcon.colcon_core.package_identification:_identify(aws-robomaker-small-house-world/models/aws_robomaker_residential_Board_01/meshes) by extension 'python'
[0.661s] Level 1:colcon.colcon_core.package_identification:_identify(aws-robomaker-small-house-world/models/aws_robomaker_residential_Board_01/meshes) by extensions ['python_setup_py']
[0.661s] Level 1:colcon.colcon_core.package_identification:_identify(aws-robomaker-small-house-world/models/aws_robomaker_residential_Board_01/meshes) by extension 'python_setup_py'
[0.661s] Level 1:colcon.colcon_core.package_identification:_identify(aws-robomaker-small-house-world/models/aws_robomaker_residential_Carpet_01) by extensions ['ignore', 'ignore_ament_install']
[0.661s] Level 1:colcon.colcon_core.package_identification:_identify(aws-robomaker-small-house-world/models/aws_robomaker_residential_Carpet_01) by extension 'ignore'
[0.661s] Level 1:colcon.colcon_core.package_identification:_identify(aws-robomaker-small-house-world/models/aws_robomaker_residential_Carpet_01) by extension 'ignore_ament_install'
[0.661s] Level 1:colcon.colcon_core.package_identification:_identify(aws-robomaker-small-house-world/models/aws_robomaker_residential_Carpet_01) by extensions ['colcon_pkg']
[0.661s] Level 1:colcon.colcon_core.package_identification:_identify(aws-robomaker-small-house-world/models/aws_robomaker_residential_Carpet_01) by extension 'colcon_pkg'
[0.661s] Level 1:colcon.colcon_core.package_identification:_identify(aws-robomaker-small-house-world/models/aws_robomaker_residential_Carpet_01) by extensions ['colcon_meta']
[0.661s] Level 1:colcon.colcon_core.package_identification:_identify(aws-robomaker-small-house-world/models/aws_robomaker_residential_Carpet_01) by extension 'colcon_meta'
[0.661s] Level 1:colcon.colcon_core.package_identification:_identify(aws-robomaker-small-house-world/models/aws_robomaker_residential_Carpet_01) by extensions ['ros']
[0.661s] Level 1:colcon.colcon_core.package_identification:_identify(aws-robomaker-small-house-world/models/aws_robomaker_residential_Carpet_01) by extension 'ros'
[0.661s] Level 1:colcon.colcon_core.package_identification:_identify(aws-robomaker-small-house-world/models/aws_robomaker_residential_Carpet_01) by extensions ['cmake', 'python']
[0.661s] Level 1:colcon.colcon_core.package_identification:_identify(aws-robomaker-small-house-world/models/aws_robomaker_residential_Carpet_01) by extension 'cmake'
[0.661s] Level 1:colcon.colcon_core.package_identification:_identify(aws-robomaker-small-house-world/models/aws_robomaker_residential_Carpet_01) by extension 'python'
[0.661s] Level 1:colcon.colcon_core.package_identification:_identify(aws-robomaker-small-house-world/models/aws_robomaker_residential_Carpet_01) by extensions ['python_setup_py']
[0.661s] Level 1:colcon.colcon_core.package_identification:_identify(aws-robomaker-small-house-world/models/aws_robomaker_residential_Carpet_01) by extension 'python_setup_py'
[0.661s] Level 1:colcon.colcon_core.package_identification:_identify(aws-robomaker-small-house-world/models/aws_robomaker_residential_Carpet_01/materials) by extensions ['ignore', 'ignore_ament_install']
[0.661s] Level 1:colcon.colcon_core.package_identification:_identify(aws-robomaker-small-house-world/models/aws_robomaker_residential_Carpet_01/materials) by extension 'ignore'
[0.661s] Level 1:colcon.colcon_core.package_identification:_identify(aws-robomaker-small-house-world/models/aws_robomaker_residential_Carpet_01/materials) by extension 'ignore_ament_install'
[0.661s] Level 1:colcon.colcon_core.package_identification:_identify(aws-robomaker-small-house-world/models/aws_robomaker_residential_Carpet_01/materials) by extensions ['colcon_pkg']
[0.661s] Level 1:colcon.colcon_core.package_identification:_identify(aws-robomaker-small-house-world/models/aws_robomaker_residential_Carpet_01/materials) by extension 'colcon_pkg'
[0.661s] Level 1:colcon.colcon_core.package_identification:_identify(aws-robomaker-small-house-world/models/aws_robomaker_residential_Carpet_01/materials) by extensions ['colcon_meta']
[0.661s] Level 1:colcon.colcon_core.package_identification:_identify(aws-robomaker-small-house-world/models/aws_robomaker_residential_Carpet_01/materials) by extension 'colcon_meta'
[0.661s] Level 1:colcon.colcon_core.package_identification:_identify(aws-robomaker-small-house-world/models/aws_robomaker_residential_Carpet_01/materials) by extensions ['ros']
[0.662s] Level 1:colcon.colcon_core.package_identification:_identify(aws-robomaker-small-house-world/models/aws_robomaker_residential_Carpet_01/materials) by extension 'ros'
[0.662s] Level 1:colcon.colcon_core.package_identification:_identify(aws-robomaker-small-house-world/models/aws_robomaker_residential_Carpet_01/materials) by extensions ['cmake', 'python']
[0.662s] Level 1:colcon.colcon_core.package_identification:_identify(aws-robomaker-small-house-world/models/aws_robomaker_residential_Carpet_01/materials) by extension 'cmake'
[0.662s] Level 1:colcon.colcon_core.package_identification:_identify(aws-robomaker-small-house-world/models/aws_robomaker_residential_Carpet_01/materials) by extension 'python'
[0.662s] Level 1:colcon.colcon_core.package_identification:_identify(aws-robomaker-small-house-world/models/aws_robomaker_residential_Carpet_01/materials) by extensions ['python_setup_py']
[0.662s] Level 1:colcon.colcon_core.package_identification:_identify(aws-robomaker-small-house-world/models/aws_robomaker_residential_Carpet_01/materials) by extension 'python_setup_py'
[0.662s] Level 1:colcon.colcon_core.package_identification:_identify(aws-robomaker-small-house-world/models/aws_robomaker_residential_Carpet_01/materials/textures) by extensions ['ignore', 'ignore_ament_install']
[0.662s] Level 1:colcon.colcon_core.package_identification:_identify(aws-robomaker-small-house-world/models/aws_robomaker_residential_Carpet_01/materials/textures) by extension 'ignore'
[0.662s] Level 1:colcon.colcon_core.package_identification:_identify(aws-robomaker-small-house-world/models/aws_robomaker_residential_Carpet_01/materials/textures) by extension 'ignore_ament_install'
[0.662s] Level 1:colcon.colcon_core.package_identification:_identify(aws-robomaker-small-house-world/models/aws_robomaker_residential_Carpet_01/materials/textures) by extensions ['colcon_pkg']
[0.662s] Level 1:colcon.colcon_core.package_identification:_identify(aws-robomaker-small-house-world/models/aws_robomaker_residential_Carpet_01/materials/textures) by extension 'colcon_pkg'
[0.662s] Level 1:colcon.colcon_core.package_identification:_identify(aws-robomaker-small-house-world/models/aws_robomaker_residential_Carpet_01/materials/textures) by extensions ['colcon_meta']
[0.662s] Level 1:colcon.colcon_core.package_identification:_identify(aws-robomaker-small-house-world/models/aws_robomaker_residential_Carpet_01/materials/textures) by extension 'colcon_meta'
[0.662s] Level 1:colcon.colcon_core.package_identification:_identify(aws-robomaker-small-house-world/models/aws_robomaker_residential_Carpet_01/materials/textures) by extensions ['ros']
[0.662s] Level 1:colcon.colcon_core.package_identification:_identify(aws-robomaker-small-house-world/models/aws_robomaker_residential_Carpet_01/materials/textures) by extension 'ros'
[0.662s] Level 1:colcon.colcon_core.package_identification:_identify(aws-robomaker-small-house-world/models/aws_robomaker_residential_Carpet_01/materials/textures) by extensions ['cmake', 'python']
[0.662s] Level 1:colcon.colcon_core.package_identification:_identify(aws-robomaker-small-house-world/models/aws_robomaker_residential_Carpet_01/materials/textures) by extension 'cmake'
[0.662s] Level 1:colcon.colcon_core.package_identification:_identify(aws-robomaker-small-house-world/models/aws_robomaker_residential_Carpet_01/materials/textures) by extension 'python'
[0.662s] Level 1:colcon.colcon_core.package_identification:_identify(aws-robomaker-small-house-world/models/aws_robomaker_residential_Carpet_01/materials/textures) by extensions ['python_setup_py']
[0.662s] Level 1:colcon.colcon_core.package_identification:_identify(aws-robomaker-small-house-world/models/aws_robomaker_residential_Carpet_01/materials/textures) by extension 'python_setup_py'
[0.662s] Level 1:colcon.colcon_core.package_identification:_identify(aws-robomaker-small-house-world/models/aws_robomaker_residential_Carpet_01/meshes) by extensions ['ignore', 'ignore_ament_install']
[0.662s] Level 1:colcon.colcon_core.package_identification:_identify(aws-robomaker-small-house-world/models/aws_robomaker_residential_Carpet_01/meshes) by extension 'ignore'
[0.662s] Level 1:colcon.colcon_core.package_identification:_identify(aws-robomaker-small-house-world/models/aws_robomaker_residential_Carpet_01/meshes) by extension 'ignore_ament_install'
[0.662s] Level 1:colcon.colcon_core.package_identification:_identify(aws-robomaker-small-house-world/models/aws_robomaker_residential_Carpet_01/meshes) by extensions ['colcon_pkg']
[0.662s] Level 1:colcon.colcon_core.package_identification:_identify(aws-robomaker-small-house-world/models/aws_robomaker_residential_Carpet_01/meshes) by extension 'colcon_pkg'
[0.663s] Level 1:colcon.colcon_core.package_identification:_identify(aws-robomaker-small-house-world/models/aws_robomaker_residential_Carpet_01/meshes) by extensions ['colcon_meta']
[0.663s] Level 1:colcon.colcon_core.package_identification:_identify(aws-robomaker-small-house-world/models/aws_robomaker_residential_Carpet_01/meshes) by extension 'colcon_meta'
[0.663s] Level 1:colcon.colcon_core.package_identification:_identify(aws-robomaker-small-house-world/models/aws_robomaker_residential_Carpet_01/meshes) by extensions ['ros']
[0.663s] Level 1:colcon.colcon_core.package_identification:_identify(aws-robomaker-small-house-world/models/aws_robomaker_residential_Carpet_01/meshes) by extension 'ros'
[0.663s] Level 1:colcon.colcon_core.package_identification:_identify(aws-robomaker-small-house-world/models/aws_robomaker_residential_Carpet_01/meshes) by extensions ['cmake', 'python']
[0.663s] Level 1:colcon.colcon_core.package_identification:_identify(aws-robomaker-small-house-world/models/aws_robomaker_residential_Carpet_01/meshes) by extension 'cmake'
[0.663s] Level 1:colcon.colcon_core.package_identification:_identify(aws-robomaker-small-house-world/models/aws_robomaker_residential_Carpet_01/meshes) by extension 'python'
[0.663s] Level 1:colcon.colcon_core.package_identification:_identify(aws-robomaker-small-house-world/models/aws_robomaker_residential_Carpet_01/meshes) by extensions ['python_setup_py']
[0.663s] Level 1:colcon.colcon_core.package_identification:_identify(aws-robomaker-small-house-world/models/aws_robomaker_residential_Carpet_01/meshes) by extension 'python_setup_py'
[0.663s] Level 1:colcon.colcon_core.package_identification:_identify(aws-robomaker-small-house-world/models/aws_robomaker_residential_ChairA_01) by extensions ['ignore', 'ignore_ament_install']
[0.663s] Level 1:colcon.colcon_core.package_identification:_identify(aws-robomaker-small-house-world/models/aws_robomaker_residential_ChairA_01) by extension 'ignore'
[0.663s] Level 1:colcon.colcon_core.package_identification:_identify(aws-robomaker-small-house-world/models/aws_robomaker_residential_ChairA_01) by extension 'ignore_ament_install'
[0.663s] Level 1:colcon.colcon_core.package_identification:_identify(aws-robomaker-small-house-world/models/aws_robomaker_residential_ChairA_01) by extensions ['colcon_pkg']
[0.663s] Level 1:colcon.colcon_core.package_identification:_identify(aws-robomaker-small-house-world/models/aws_robomaker_residential_ChairA_01) by extension 'colcon_pkg'
[0.663s] Level 1:colcon.colcon_core.package_identification:_identify(aws-robomaker-small-house-world/models/aws_robomaker_residential_ChairA_01) by extensions ['colcon_meta']
[0.663s] Level 1:colcon.colcon_core.package_identification:_identify(aws-robomaker-small-house-world/models/aws_robomaker_residential_ChairA_01) by extension 'colcon_meta'
[0.663s] Level 1:colcon.colcon_core.package_identification:_identify(aws-robomaker-small-house-world/models/aws_robomaker_residential_ChairA_01) by extensions ['ros']
[0.663s] Level 1:colcon.colcon_core.package_identification:_identify(aws-robomaker-small-house-world/models/aws_robomaker_residential_ChairA_01) by extension 'ros'
[0.663s] Level 1:colcon.colcon_core.package_identification:_identify(aws-robomaker-small-house-world/models/aws_robomaker_residential_ChairA_01) by extensions ['cmake', 'python']
[0.663s] Level 1:colcon.colcon_core.package_identification:_identify(aws-robomaker-small-house-world/models/aws_robomaker_residential_ChairA_01) by extension 'cmake'
[0.663s] Level 1:colcon.colcon_core.package_identification:_identify(aws-robomaker-small-house-world/models/aws_robomaker_residential_ChairA_01) by extension 'python'
[0.663s] Level 1:colcon.colcon_core.package_identification:_identify(aws-robomaker-small-house-world/models/aws_robomaker_residential_ChairA_01) by extensions ['python_setup_py']
[0.663s] Level 1:colcon.colcon_core.package_identification:_identify(aws-robomaker-small-house-world/models/aws_robomaker_residential_ChairA_01) by extension 'python_setup_py'
[0.663s] Level 1:colcon.colcon_core.package_identification:_identify(aws-robomaker-small-house-world/models/aws_robomaker_residential_ChairA_01/materials) by extensions ['ignore', 'ignore_ament_install']
[0.663s] Level 1:colcon.colcon_core.package_identification:_identify(aws-robomaker-small-house-world/models/aws_robomaker_residential_ChairA_01/materials) by extension 'ignore'
[0.664s] Level 1:colcon.colcon_core.package_identification:_identify(aws-robomaker-small-house-world/models/aws_robomaker_residential_ChairA_01/materials) by extension 'ignore_ament_install'
[0.664s] Level 1:colcon.colcon_core.package_identification:_identify(aws-robomaker-small-house-world/models/aws_robomaker_residential_ChairA_01/materials) by extensions ['colcon_pkg']
[0.664s] Level 1:colcon.colcon_core.package_identification:_identify(aws-robomaker-small-house-world/models/aws_robomaker_residential_ChairA_01/materials) by extension 'colcon_pkg'
[0.664s] Level 1:colcon.colcon_core.package_identification:_identify(aws-robomaker-small-house-world/models/aws_robomaker_residential_ChairA_01/materials) by extensions ['colcon_meta']
[0.664s] Level 1:colcon.colcon_core.package_identification:_identify(aws-robomaker-small-house-world/models/aws_robomaker_residential_ChairA_01/materials) by extension 'colcon_meta'
[0.664s] Level 1:colcon.colcon_core.package_identification:_identify(aws-robomaker-small-house-world/models/aws_robomaker_residential_ChairA_01/materials) by extensions ['ros']
[0.664s] Level 1:colcon.colcon_core.package_identification:_identify(aws-robomaker-small-house-world/models/aws_robomaker_residential_ChairA_01/materials) by extension 'ros'
[0.664s] Level 1:colcon.colcon_core.package_identification:_identify(aws-robomaker-small-house-world/models/aws_robomaker_residential_ChairA_01/materials) by extensions ['cmake', 'python']
[0.664s] Level 1:colcon.colcon_core.package_identification:_identify(aws-robomaker-small-house-world/models/aws_robomaker_residential_ChairA_01/materials) by extension 'cmake'
[0.664s] Level 1:colcon.colcon_core.package_identification:_identify(aws-robomaker-small-house-world/models/aws_robomaker_residential_ChairA_01/materials) by extension 'python'
[0.664s] Level 1:colcon.colcon_core.package_identification:_identify(aws-robomaker-small-house-world/models/aws_robomaker_residential_ChairA_01/materials) by extensions ['python_setup_py']
[0.664s] Level 1:colcon.colcon_core.package_identification:_identify(aws-robomaker-small-house-world/models/aws_robomaker_residential_ChairA_01/materials) by extension 'python_setup_py'
[0.664s] Level 1:colcon.colcon_core.package_identification:_identify(aws-robomaker-small-house-world/models/aws_robomaker_residential_ChairA_01/materials/textures) by extensions ['ignore', 'ignore_ament_install']
[0.664s] Level 1:colcon.colcon_core.package_identification:_identify(aws-robomaker-small-house-world/models/aws_robomaker_residential_ChairA_01/materials/textures) by extension 'ignore'
[0.664s] Level 1:colcon.colcon_core.package_identification:_identify(aws-robomaker-small-house-world/models/aws_robomaker_residential_ChairA_01/materials/textures) by extension 'ignore_ament_install'
[0.664s] Level 1:colcon.colcon_core.package_identification:_identify(aws-robomaker-small-house-world/models/aws_robomaker_residential_ChairA_01/materials/textures) by extensions ['colcon_pkg']
[0.664s] Level 1:colcon.colcon_core.package_identification:_identify(aws-robomaker-small-house-world/models/aws_robomaker_residential_ChairA_01/materials/textures) by extension 'colcon_pkg'
[0.664s] Level 1:colcon.colcon_core.package_identification:_identify(aws-robomaker-small-house-world/models/aws_robomaker_residential_ChairA_01/materials/textures) by extensions ['colcon_meta']
[0.664s] Level 1:colcon.colcon_core.package_identification:_identify(aws-robomaker-small-house-world/models/aws_robomaker_residential_ChairA_01/materials/textures) by extension 'colcon_meta'
[0.664s] Level 1:colcon.colcon_core.package_identification:_identify(aws-robomaker-small-house-world/models/aws_robomaker_residential_ChairA_01/materials/textures) by extensions ['ros']
[0.664s] Level 1:colcon.colcon_core.package_identification:_identify(aws-robomaker-small-house-world/models/aws_robomaker_residential_ChairA_01/materials/textures) by extension 'ros'
[0.664s] Level 1:colcon.colcon_core.package_identification:_identify(aws-robomaker-small-house-world/models/aws_robomaker_residential_ChairA_01/materials/textures) by extensions ['cmake', 'python']
[0.664s] Level 1:colcon.colcon_core.package_identification:_identify(aws-robomaker-small-house-world/models/aws_robomaker_residential_ChairA_01/materials/textures) by extension 'cmake'
[0.664s] Level 1:colcon.colcon_core.package_identification:_identify(aws-robomaker-small-house-world/models/aws_robomaker_residential_ChairA_01/materials/textures) by extension 'python'
[0.664s] Level 1:colcon.colcon_core.package_identification:_identify(aws-robomaker-small-house-world/models/aws_robomaker_residential_ChairA_01/materials/textures) by extensions ['python_setup_py']
[0.664s] Level 1:colcon.colcon_core.package_identification:_identify(aws-robomaker-small-house-world/models/aws_robomaker_residential_ChairA_01/materials/textures) by extension 'python_setup_py'
[0.665s] Level 1:colcon.colcon_core.package_identification:_identify(aws-robomaker-small-house-world/models/aws_robomaker_residential_ChairA_01/meshes) by extensions ['ignore', 'ignore_ament_install']
[0.665s] Level 1:colcon.colcon_core.package_identification:_identify(aws-robomaker-small-house-world/models/aws_robomaker_residential_ChairA_01/meshes) by extension 'ignore'
[0.665s] Level 1:colcon.colcon_core.package_identification:_identify(aws-robomaker-small-house-world/models/aws_robomaker_residential_ChairA_01/meshes) by extension 'ignore_ament_install'
[0.665s] Level 1:colcon.colcon_core.package_identification:_identify(aws-robomaker-small-house-world/models/aws_robomaker_residential_ChairA_01/meshes) by extensions ['colcon_pkg']
[0.665s] Level 1:colcon.colcon_core.package_identification:_identify(aws-robomaker-small-house-world/models/aws_robomaker_residential_ChairA_01/meshes) by extension 'colcon_pkg'
[0.665s] Level 1:colcon.colcon_core.package_identification:_identify(aws-robomaker-small-house-world/models/aws_robomaker_residential_ChairA_01/meshes) by extensions ['colcon_meta']
[0.665s] Level 1:colcon.colcon_core.package_identification:_identify(aws-robomaker-small-house-world/models/aws_robomaker_residential_ChairA_01/meshes) by extension 'colcon_meta'
[0.665s] Level 1:colcon.colcon_core.package_identification:_identify(aws-robomaker-small-house-world/models/aws_robomaker_residential_ChairA_01/meshes) by extensions ['ros']
[0.665s] Level 1:colcon.colcon_core.package_identification:_identify(aws-robomaker-small-house-world/models/aws_robomaker_residential_ChairA_01/meshes) by extension 'ros'
[0.665s] Level 1:colcon.colcon_core.package_identification:_identify(aws-robomaker-small-house-world/models/aws_robomaker_residential_ChairA_01/meshes) by extensions ['cmake', 'python']
[0.665s] Level 1:colcon.colcon_core.package_identification:_identify(aws-robomaker-small-house-world/models/aws_robomaker_residential_ChairA_01/meshes) by extension 'cmake'
[0.665s] Level 1:colcon.colcon_core.package_identification:_identify(aws-robomaker-small-house-world/models/aws_robomaker_residential_ChairA_01/meshes) by extension 'python'
[0.665s] Level 1:colcon.colcon_core.package_identification:_identify(aws-robomaker-small-house-world/models/aws_robomaker_residential_ChairA_01/meshes) by extensions ['python_setup_py']
[0.665s] Level 1:colcon.colcon_core.package_identification:_identify(aws-robomaker-small-house-world/models/aws_robomaker_residential_ChairA_01/meshes) by extension 'python_setup_py'
[0.665s] Level 1:colcon.colcon_core.package_identification:_identify(aws-robomaker-small-house-world/models/aws_robomaker_residential_ChairD_01) by extensions ['ignore', 'ignore_ament_install']
[0.665s] Level 1:colcon.colcon_core.package_identification:_identify(aws-robomaker-small-house-world/models/aws_robomaker_residential_ChairD_01) by extension 'ignore'
[0.665s] Level 1:colcon.colcon_core.package_identification:_identify(aws-robomaker-small-house-world/models/aws_robomaker_residential_ChairD_01) by extension 'ignore_ament_install'
[0.665s] Level 1:colcon.colcon_core.package_identification:_identify(aws-robomaker-small-house-world/models/aws_robomaker_residential_ChairD_01) by extensions ['colcon_pkg']
[0.665s] Level 1:colcon.colcon_core.package_identification:_identify(aws-robomaker-small-house-world/models/aws_robomaker_residential_ChairD_01) by extension 'colcon_pkg'
[0.665s] Level 1:colcon.colcon_core.package_identification:_identify(aws-robomaker-small-house-world/models/aws_robomaker_residential_ChairD_01) by extensions ['colcon_meta']
[0.665s] Level 1:colcon.colcon_core.package_identification:_identify(aws-robomaker-small-house-world/models/aws_robomaker_residential_ChairD_01) by extension 'colcon_meta'
[0.665s] Level 1:colcon.colcon_core.package_identification:_identify(aws-robomaker-small-house-world/models/aws_robomaker_residential_ChairD_01) by extensions ['ros']
[0.665s] Level 1:colcon.colcon_core.package_identification:_identify(aws-robomaker-small-house-world/models/aws_robomaker_residential_ChairD_01) by extension 'ros'
[0.665s] Level 1:colcon.colcon_core.package_identification:_identify(aws-robomaker-small-house-world/models/aws_robomaker_residential_ChairD_01) by extensions ['cmake', 'python']
[0.665s] Level 1:colcon.colcon_core.package_identification:_identify(aws-robomaker-small-house-world/models/aws_robomaker_residential_ChairD_01) by extension 'cmake'
[0.665s] Level 1:colcon.colcon_core.package_identification:_identify(aws-robomaker-small-house-world/models/aws_robomaker_residential_ChairD_01) by extension 'python'
[0.666s] Level 1:colcon.colcon_core.package_identification:_identify(aws-robomaker-small-house-world/models/aws_robomaker_residential_ChairD_01) by extensions ['python_setup_py']
[0.666s] Level 1:colcon.colcon_core.package_identification:_identify(aws-robomaker-small-house-world/models/aws_robomaker_residential_ChairD_01) by extension 'python_setup_py'
[0.666s] Level 1:colcon.colcon_core.package_identification:_identify(aws-robomaker-small-house-world/models/aws_robomaker_residential_ChairD_01/materials) by extensions ['ignore', 'ignore_ament_install']
[0.666s] Level 1:colcon.colcon_core.package_identification:_identify(aws-robomaker-small-house-world/models/aws_robomaker_residential_ChairD_01/materials) by extension 'ignore'
[0.666s] Level 1:colcon.colcon_core.package_identification:_identify(aws-robomaker-small-house-world/models/aws_robomaker_residential_ChairD_01/materials) by extension 'ignore_ament_install'
[0.666s] Level 1:colcon.colcon_core.package_identification:_identify(aws-robomaker-small-house-world/models/aws_robomaker_residential_ChairD_01/materials) by extensions ['colcon_pkg']
[0.666s] Level 1:colcon.colcon_core.package_identification:_identify(aws-robomaker-small-house-world/models/aws_robomaker_residential_ChairD_01/materials) by extension 'colcon_pkg'
[0.666s] Level 1:colcon.colcon_core.package_identification:_identify(aws-robomaker-small-house-world/models/aws_robomaker_residential_ChairD_01/materials) by extensions ['colcon_meta']
[0.666s] Level 1:colcon.colcon_core.package_identification:_identify(aws-robomaker-small-house-world/models/aws_robomaker_residential_ChairD_01/materials) by extension 'colcon_meta'
[0.666s] Level 1:colcon.colcon_core.package_identification:_identify(aws-robomaker-small-house-world/models/aws_robomaker_residential_ChairD_01/materials) by extensions ['ros']
[0.666s] Level 1:colcon.colcon_core.package_identification:_identify(aws-robomaker-small-house-world/models/aws_robomaker_residential_ChairD_01/materials) by extension 'ros'
[0.666s] Level 1:colcon.colcon_core.package_identification:_identify(aws-robomaker-small-house-world/models/aws_robomaker_residential_ChairD_01/materials) by extensions ['cmake', 'python']
[0.666s] Level 1:colcon.colcon_core.package_identification:_identify(aws-robomaker-small-house-world/models/aws_robomaker_residential_ChairD_01/materials) by extension 'cmake'
[0.666s] Level 1:colcon.colcon_core.package_identification:_identify(aws-robomaker-small-house-world/models/aws_robomaker_residential_ChairD_01/materials) by extension 'python'
[0.666s] Level 1:colcon.colcon_core.package_identification:_identify(aws-robomaker-small-house-world/models/aws_robomaker_residential_ChairD_01/materials) by extensions ['python_setup_py']
[0.666s] Level 1:colcon.colcon_core.package_identification:_identify(aws-robomaker-small-house-world/models/aws_robomaker_residential_ChairD_01/materials) by extension 'python_setup_py'
[0.666s] Level 1:colcon.colcon_core.package_identification:_identify(aws-robomaker-small-house-world/models/aws_robomaker_residential_ChairD_01/materials/textures) by extensions ['ignore', 'ignore_ament_install']
[0.666s] Level 1:colcon.colcon_core.package_identification:_identify(aws-robomaker-small-house-world/models/aws_robomaker_residential_ChairD_01/materials/textures) by extension 'ignore'
[0.666s] Level 1:colcon.colcon_core.package_identification:_identify(aws-robomaker-small-house-world/models/aws_robomaker_residential_ChairD_01/materials/textures) by extension 'ignore_ament_install'
[0.666s] Level 1:colcon.colcon_core.package_identification:_identify(aws-robomaker-small-house-world/models/aws_robomaker_residential_ChairD_01/materials/textures) by extensions ['colcon_pkg']
[0.666s] Level 1:colcon.colcon_core.package_identification:_identify(aws-robomaker-small-house-world/models/aws_robomaker_residential_ChairD_01/materials/textures) by extension 'colcon_pkg'
[0.666s] Level 1:colcon.colcon_core.package_identification:_identify(aws-robomaker-small-house-world/models/aws_robomaker_residential_ChairD_01/materials/textures) by extensions ['colcon_meta']
[0.666s] Level 1:colcon.colcon_core.package_identification:_identify(aws-robomaker-small-house-world/models/aws_robomaker_residential_ChairD_01/materials/textures) by extension 'colcon_meta'
[0.666s] Level 1:colcon.colcon_core.package_identification:_identify(aws-robomaker-small-house-world/models/aws_robomaker_residential_ChairD_01/materials/textures) by extensions ['ros']
[0.666s] Level 1:colcon.colcon_core.package_identification:_identify(aws-robomaker-small-house-world/models/aws_robomaker_residential_ChairD_01/materials/textures) by extension 'ros'
[0.667s] Level 1:colcon.colcon_core.package_identification:_identify(aws-robomaker-small-house-world/models/aws_robomaker_residential_ChairD_01/materials/textures) by extensions ['cmake', 'python']
[0.667s] Level 1:colcon.colcon_core.package_identification:_identify(aws-robomaker-small-house-world/models/aws_robomaker_residential_ChairD_01/materials/textures) by extension 'cmake'
[0.667s] Level 1:colcon.colcon_core.package_identification:_identify(aws-robomaker-small-house-world/models/aws_robomaker_residential_ChairD_01/materials/textures) by extension 'python'
[0.667s] Level 1:colcon.colcon_core.package_identification:_identify(aws-robomaker-small-house-world/models/aws_robomaker_residential_ChairD_01/materials/textures) by extensions ['python_setup_py']
[0.667s] Level 1:colcon.colcon_core.package_identification:_identify(aws-robomaker-small-house-world/models/aws_robomaker_residential_ChairD_01/materials/textures) by extension 'python_setup_py'
[0.667s] Level 1:colcon.colcon_core.package_identification:_identify(aws-robomaker-small-house-world/models/aws_robomaker_residential_ChairD_01/meshes) by extensions ['ignore', 'ignore_ament_install']
[0.667s] Level 1:colcon.colcon_core.package_identification:_identify(aws-robomaker-small-house-world/models/aws_robomaker_residential_ChairD_01/meshes) by extension 'ignore'
[0.667s] Level 1:colcon.colcon_core.package_identification:_identify(aws-robomaker-small-house-world/models/aws_robomaker_residential_ChairD_01/meshes) by extension 'ignore_ament_install'
[0.667s] Level 1:colcon.colcon_core.package_identification:_identify(aws-robomaker-small-house-world/models/aws_robomaker_residential_ChairD_01/meshes) by extensions ['colcon_pkg']
[0.667s] Level 1:colcon.colcon_core.package_identification:_identify(aws-robomaker-small-house-world/models/aws_robomaker_residential_ChairD_01/meshes) by extension 'colcon_pkg'
[0.667s] Level 1:colcon.colcon_core.package_identification:_identify(aws-robomaker-small-house-world/models/aws_robomaker_residential_ChairD_01/meshes) by extensions ['colcon_meta']
[0.667s] Level 1:colcon.colcon_core.package_identification:_identify(aws-robomaker-small-house-world/models/aws_robomaker_residential_ChairD_01/meshes) by extension 'colcon_meta'
[0.667s] Level 1:colcon.colcon_core.package_identification:_identify(aws-robomaker-small-house-world/models/aws_robomaker_residential_ChairD_01/meshes) by extensions ['ros']
[0.667s] Level 1:colcon.colcon_core.package_identification:_identify(aws-robomaker-small-house-world/models/aws_robomaker_residential_ChairD_01/meshes) by extension 'ros'
[0.667s] Level 1:colcon.colcon_core.package_identification:_identify(aws-robomaker-small-house-world/models/aws_robomaker_residential_ChairD_01/meshes) by extensions ['cmake', 'python']
[0.667s] Level 1:colcon.colcon_core.package_identification:_identify(aws-robomaker-small-house-world/models/aws_robomaker_residential_ChairD_01/meshes) by extension 'cmake'
[0.667s] Level 1:colcon.colcon_core.package_identification:_identify(aws-robomaker-small-house-world/models/aws_robomaker_residential_ChairD_01/meshes) by extension 'python'
[0.667s] Level 1:colcon.colcon_core.package_identification:_identify(aws-robomaker-small-house-world/models/aws_robomaker_residential_ChairD_01/meshes) by extensions ['python_setup_py']
[0.667s] Level 1:colcon.colcon_core.package_identification:_identify(aws-robomaker-small-house-world/models/aws_robomaker_residential_ChairD_01/meshes) by extension 'python_setup_py'
[0.667s] Level 1:colcon.colcon_core.package_identification:_identify(aws-robomaker-small-house-world/models/aws_robomaker_residential_Chandelier_01) by extensions ['ignore', 'ignore_ament_install']
[0.667s] Level 1:colcon.colcon_core.package_identification:_identify(aws-robomaker-small-house-world/models/aws_robomaker_residential_Chandelier_01) by extension 'ignore'
[0.667s] Level 1:colcon.colcon_core.package_identification:_identify(aws-robomaker-small-house-world/models/aws_robomaker_residential_Chandelier_01) by extension 'ignore_ament_install'
[0.667s] Level 1:colcon.colcon_core.package_identification:_identify(aws-robomaker-small-house-world/models/aws_robomaker_residential_Chandelier_01) by extensions ['colcon_pkg']
[0.667s] Level 1:colcon.colcon_core.package_identification:_identify(aws-robomaker-small-house-world/models/aws_robomaker_residential_Chandelier_01) by extension 'colcon_pkg'
[0.667s] Level 1:colcon.colcon_core.package_identification:_identify(aws-robomaker-small-house-world/models/aws_robomaker_residential_Chandelier_01) by extensions ['colcon_meta']
[0.667s] Level 1:colcon.colcon_core.package_identification:_identify(aws-robomaker-small-house-world/models/aws_robomaker_residential_Chandelier_01) by extension 'colcon_meta'
[0.668s] Level 1:colcon.colcon_core.package_identification:_identify(aws-robomaker-small-house-world/models/aws_robomaker_residential_Chandelier_01) by extensions ['ros']
[0.668s] Level 1:colcon.colcon_core.package_identification:_identify(aws-robomaker-small-house-world/models/aws_robomaker_residential_Chandelier_01) by extension 'ros'
[0.668s] Level 1:colcon.colcon_core.package_identification:_identify(aws-robomaker-small-house-world/models/aws_robomaker_residential_Chandelier_01) by extensions ['cmake', 'python']
[0.668s] Level 1:colcon.colcon_core.package_identification:_identify(aws-robomaker-small-house-world/models/aws_robomaker_residential_Chandelier_01) by extension 'cmake'
[0.668s] Level 1:colcon.colcon_core.package_identification:_identify(aws-robomaker-small-house-world/models/aws_robomaker_residential_Chandelier_01) by extension 'python'
[0.668s] Level 1:colcon.colcon_core.package_identification:_identify(aws-robomaker-small-house-world/models/aws_robomaker_residential_Chandelier_01) by extensions ['python_setup_py']
[0.668s] Level 1:colcon.colcon_core.package_identification:_identify(aws-robomaker-small-house-world/models/aws_robomaker_residential_Chandelier_01) by extension 'python_setup_py'
[0.668s] Level 1:colcon.colcon_core.package_identification:_identify(aws-robomaker-small-house-world/models/aws_robomaker_residential_Chandelier_01/materials) by extensions ['ignore', 'ignore_ament_install']
[0.668s] Level 1:colcon.colcon_core.package_identification:_identify(aws-robomaker-small-house-world/models/aws_robomaker_residential_Chandelier_01/materials) by extension 'ignore'
[0.668s] Level 1:colcon.colcon_core.package_identification:_identify(aws-robomaker-small-house-world/models/aws_robomaker_residential_Chandelier_01/materials) by extension 'ignore_ament_install'
[0.668s] Level 1:colcon.colcon_core.package_identification:_identify(aws-robomaker-small-house-world/models/aws_robomaker_residential_Chandelier_01/materials) by extensions ['colcon_pkg']
[0.668s] Level 1:colcon.colcon_core.package_identification:_identify(aws-robomaker-small-house-world/models/aws_robomaker_residential_Chandelier_01/materials) by extension 'colcon_pkg'
[0.668s] Level 1:colcon.colcon_core.package_identification:_identify(aws-robomaker-small-house-world/models/aws_robomaker_residential_Chandelier_01/materials) by extensions ['colcon_meta']
[0.668s] Level 1:colcon.colcon_core.package_identification:_identify(aws-robomaker-small-house-world/models/aws_robomaker_residential_Chandelier_01/materials) by extension 'colcon_meta'
[0.668s] Level 1:colcon.colcon_core.package_identification:_identify(aws-robomaker-small-house-world/models/aws_robomaker_residential_Chandelier_01/materials) by extensions ['ros']
[0.668s] Level 1:colcon.colcon_core.package_identification:_identify(aws-robomaker-small-house-world/models/aws_robomaker_residential_Chandelier_01/materials) by extension 'ros'
[0.668s] Level 1:colcon.colcon_core.package_identification:_identify(aws-robomaker-small-house-world/models/aws_robomaker_residential_Chandelier_01/materials) by extensions ['cmake', 'python']
[0.668s] Level 1:colcon.colcon_core.package_identification:_identify(aws-robomaker-small-house-world/models/aws_robomaker_residential_Chandelier_01/materials) by extension 'cmake'
[0.668s] Level 1:colcon.colcon_core.package_identification:_identify(aws-robomaker-small-house-world/models/aws_robomaker_residential_Chandelier_01/materials) by extension 'python'
[0.668s] Level 1:colcon.colcon_core.package_identification:_identify(aws-robomaker-small-house-world/models/aws_robomaker_residential_Chandelier_01/materials) by extensions ['python_setup_py']
[0.668s] Level 1:colcon.colcon_core.package_identification:_identify(aws-robomaker-small-house-world/models/aws_robomaker_residential_Chandelier_01/materials) by extension 'python_setup_py'
[0.668s] Level 1:colcon.colcon_core.package_identification:_identify(aws-robomaker-small-house-world/models/aws_robomaker_residential_Chandelier_01/materials/textures) by extensions ['ignore', 'ignore_ament_install']
[0.668s] Level 1:colcon.colcon_core.package_identification:_identify(aws-robomaker-small-house-world/models/aws_robomaker_residential_Chandelier_01/materials/textures) by extension 'ignore'
[0.668s] Level 1:colcon.colcon_core.package_identification:_identify(aws-robomaker-small-house-world/models/aws_robomaker_residential_Chandelier_01/materials/textures) by extension 'ignore_ament_install'
[0.669s] Level 1:colcon.colcon_core.package_identification:_identify(aws-robomaker-small-house-world/models/aws_robomaker_residential_Chandelier_01/materials/textures) by extensions ['colcon_pkg']
[0.669s] Level 1:colcon.colcon_core.package_identification:_identify(aws-robomaker-small-house-world/models/aws_robomaker_residential_Chandelier_01/materials/textures) by extension 'colcon_pkg'
[0.669s] Level 1:colcon.colcon_core.package_identification:_identify(aws-robomaker-small-house-world/models/aws_robomaker_residential_Chandelier_01/materials/textures) by extensions ['colcon_meta']
[0.669s] Level 1:colcon.colcon_core.package_identification:_identify(aws-robomaker-small-house-world/models/aws_robomaker_residential_Chandelier_01/materials/textures) by extension 'colcon_meta'
[0.669s] Level 1:colcon.colcon_core.package_identification:_identify(aws-robomaker-small-house-world/models/aws_robomaker_residential_Chandelier_01/materials/textures) by extensions ['ros']
[0.669s] Level 1:colcon.colcon_core.package_identification:_identify(aws-robomaker-small-house-world/models/aws_robomaker_residential_Chandelier_01/materials/textures) by extension 'ros'
[0.669s] Level 1:colcon.colcon_core.package_identification:_identify(aws-robomaker-small-house-world/models/aws_robomaker_residential_Chandelier_01/materials/textures) by extensions ['cmake', 'python']
[0.669s] Level 1:colcon.colcon_core.package_identification:_identify(aws-robomaker-small-house-world/models/aws_robomaker_residential_Chandelier_01/materials/textures) by extension 'cmake'
[0.669s] Level 1:colcon.colcon_core.package_identification:_identify(aws-robomaker-small-house-world/models/aws_robomaker_residential_Chandelier_01/materials/textures) by extension 'python'
[0.669s] Level 1:colcon.colcon_core.package_identification:_identify(aws-robomaker-small-house-world/models/aws_robomaker_residential_Chandelier_01/materials/textures) by extensions ['python_setup_py']
[0.669s] Level 1:colcon.colcon_core.package_identification:_identify(aws-robomaker-small-house-world/models/aws_robomaker_residential_Chandelier_01/materials/textures) by extension 'python_setup_py'
[0.669s] Level 1:colcon.colcon_core.package_identification:_identify(aws-robomaker-small-house-world/models/aws_robomaker_residential_Chandelier_01/meshes) by extensions ['ignore', 'ignore_ament_install']
[0.669s] Level 1:colcon.colcon_core.package_identification:_identify(aws-robomaker-small-house-world/models/aws_robomaker_residential_Chandelier_01/meshes) by extension 'ignore'
[0.669s] Level 1:colcon.colcon_core.package_identification:_identify(aws-robomaker-small-house-world/models/aws_robomaker_residential_Chandelier_01/meshes) by extension 'ignore_ament_install'
[0.669s] Level 1:colcon.colcon_core.package_identification:_identify(aws-robomaker-small-house-world/models/aws_robomaker_residential_Chandelier_01/meshes) by extensions ['colcon_pkg']
[0.669s] Level 1:colcon.colcon_core.package_identification:_identify(aws-robomaker-small-house-world/models/aws_robomaker_residential_Chandelier_01/meshes) by extension 'colcon_pkg'
[0.669s] Level 1:colcon.colcon_core.package_identification:_identify(aws-robomaker-small-house-world/models/aws_robomaker_residential_Chandelier_01/meshes) by extensions ['colcon_meta']
[0.669s] Level 1:colcon.colcon_core.package_identification:_identify(aws-robomaker-small-house-world/models/aws_robomaker_residential_Chandelier_01/meshes) by extension 'colcon_meta'
[0.669s] Level 1:colcon.colcon_core.package_identification:_identify(aws-robomaker-small-house-world/models/aws_robomaker_residential_Chandelier_01/meshes) by extensions ['ros']
[0.669s] Level 1:colcon.colcon_core.package_identification:_identify(aws-robomaker-small-house-world/models/aws_robomaker_residential_Chandelier_01/meshes) by extension 'ros'
[0.669s] Level 1:colcon.colcon_core.package_identification:_identify(aws-robomaker-small-house-world/models/aws_robomaker_residential_Chandelier_01/meshes) by extensions ['cmake', 'python']
[0.669s] Level 1:colcon.colcon_core.package_identification:_identify(aws-robomaker-small-house-world/models/aws_robomaker_residential_Chandelier_01/meshes) by extension 'cmake'
[0.669s] Level 1:colcon.colcon_core.package_identification:_identify(aws-robomaker-small-house-world/models/aws_robomaker_residential_Chandelier_01/meshes) by extension 'python'
[0.669s] Level 1:colcon.colcon_core.package_identification:_identify(aws-robomaker-small-house-world/models/aws_robomaker_residential_Chandelier_01/meshes) by extensions ['python_setup_py']
[0.669s] Level 1:colcon.colcon_core.package_identification:_identify(aws-robomaker-small-house-world/models/aws_robomaker_residential_Chandelier_01/meshes) by extension 'python_setup_py'
[0.669s] Level 1:colcon.colcon_core.package_identification:_identify(aws-robomaker-small-house-world/models/aws_robomaker_residential_CoffeeTable_01) by extensions ['ignore', 'ignore_ament_install']
[0.670s] Level 1:colcon.colcon_core.package_identification:_identify(aws-robomaker-small-house-world/models/aws_robomaker_residential_CoffeeTable_01) by extension 'ignore'
[0.670s] Level 1:colcon.colcon_core.package_identification:_identify(aws-robomaker-small-house-world/models/aws_robomaker_residential_CoffeeTable_01) by extension 'ignore_ament_install'
[0.670s] Level 1:colcon.colcon_core.package_identification:_identify(aws-robomaker-small-house-world/models/aws_robomaker_residential_CoffeeTable_01) by extensions ['colcon_pkg']
[0.670s] Level 1:colcon.colcon_core.package_identification:_identify(aws-robomaker-small-house-world/models/aws_robomaker_residential_CoffeeTable_01) by extension 'colcon_pkg'
[0.670s] Level 1:colcon.colcon_core.package_identification:_identify(aws-robomaker-small-house-world/models/aws_robomaker_residential_CoffeeTable_01) by extensions ['colcon_meta']
[0.670s] Level 1:colcon.colcon_core.package_identification:_identify(aws-robomaker-small-house-world/models/aws_robomaker_residential_CoffeeTable_01) by extension 'colcon_meta'
[0.670s] Level 1:colcon.colcon_core.package_identification:_identify(aws-robomaker-small-house-world/models/aws_robomaker_residential_CoffeeTable_01) by extensions ['ros']
[0.670s] Level 1:colcon.colcon_core.package_identification:_identify(aws-robomaker-small-house-world/models/aws_robomaker_residential_CoffeeTable_01) by extension 'ros'
[0.670s] Level 1:colcon.colcon_core.package_identification:_identify(aws-robomaker-small-house-world/models/aws_robomaker_residential_CoffeeTable_01) by extensions ['cmake', 'python']
[0.670s] Level 1:colcon.colcon_core.package_identification:_identify(aws-robomaker-small-house-world/models/aws_robomaker_residential_CoffeeTable_01) by extension 'cmake'
[0.670s] Level 1:colcon.colcon_core.package_identification:_identify(aws-robomaker-small-house-world/models/aws_robomaker_residential_CoffeeTable_01) by extension 'python'
[0.670s] Level 1:colcon.colcon_core.package_identification:_identify(aws-robomaker-small-house-world/models/aws_robomaker_residential_CoffeeTable_01) by extensions ['python_setup_py']
[0.670s] Level 1:colcon.colcon_core.package_identification:_identify(aws-robomaker-small-house-world/models/aws_robomaker_residential_CoffeeTable_01) by extension 'python_setup_py'
[0.670s] Level 1:colcon.colcon_core.package_identification:_identify(aws-robomaker-small-house-world/models/aws_robomaker_residential_CoffeeTable_01/materials) by extensions ['ignore', 'ignore_ament_install']
[0.670s] Level 1:colcon.colcon_core.package_identification:_identify(aws-robomaker-small-house-world/models/aws_robomaker_residential_CoffeeTable_01/materials) by extension 'ignore'
[0.670s] Level 1:colcon.colcon_core.package_identification:_identify(aws-robomaker-small-house-world/models/aws_robomaker_residential_CoffeeTable_01/materials) by extension 'ignore_ament_install'
[0.670s] Level 1:colcon.colcon_core.package_identification:_identify(aws-robomaker-small-house-world/models/aws_robomaker_residential_CoffeeTable_01/materials) by extensions ['colcon_pkg']
[0.670s] Level 1:colcon.colcon_core.package_identification:_identify(aws-robomaker-small-house-world/models/aws_robomaker_residential_CoffeeTable_01/materials) by extension 'colcon_pkg'
[0.670s] Level 1:colcon.colcon_core.package_identification:_identify(aws-robomaker-small-house-world/models/aws_robomaker_residential_CoffeeTable_01/materials) by extensions ['colcon_meta']
[0.670s] Level 1:colcon.colcon_core.package_identification:_identify(aws-robomaker-small-house-world/models/aws_robomaker_residential_CoffeeTable_01/materials) by extension 'colcon_meta'
[0.670s] Level 1:colcon.colcon_core.package_identification:_identify(aws-robomaker-small-house-world/models/aws_robomaker_residential_CoffeeTable_01/materials) by extensions ['ros']
[0.670s] Level 1:colcon.colcon_core.package_identification:_identify(aws-robomaker-small-house-world/models/aws_robomaker_residential_CoffeeTable_01/materials) by extension 'ros'
[0.670s] Level 1:colcon.colcon_core.package_identification:_identify(aws-robomaker-small-house-world/models/aws_robomaker_residential_CoffeeTable_01/materials) by extensions ['cmake', 'python']
[0.670s] Level 1:colcon.colcon_core.package_identification:_identify(aws-robomaker-small-house-world/models/aws_robomaker_residential_CoffeeTable_01/materials) by extension 'cmake'
[0.670s] Level 1:colcon.colcon_core.package_identification:_identify(aws-robomaker-small-house-world/models/aws_robomaker_residential_CoffeeTable_01/materials) by extension 'python'
[0.670s] Level 1:colcon.colcon_core.package_identification:_identify(aws-robomaker-small-house-world/models/aws_robomaker_residential_CoffeeTable_01/materials) by extensions ['python_setup_py']
[0.671s] Level 1:colcon.colcon_core.package_identification:_identify(aws-robomaker-small-house-world/models/aws_robomaker_residential_CoffeeTable_01/materials) by extension 'python_setup_py'
[0.671s] Level 1:colcon.colcon_core.package_identification:_identify(aws-robomaker-small-house-world/models/aws_robomaker_residential_CoffeeTable_01/materials/textures) by extensions ['ignore', 'ignore_ament_install']
[0.671s] Level 1:colcon.colcon_core.package_identification:_identify(aws-robomaker-small-house-world/models/aws_robomaker_residential_CoffeeTable_01/materials/textures) by extension 'ignore'
[0.671s] Level 1:colcon.colcon_core.package_identification:_identify(aws-robomaker-small-house-world/models/aws_robomaker_residential_CoffeeTable_01/materials/textures) by extension 'ignore_ament_install'
[0.671s] Level 1:colcon.colcon_core.package_identification:_identify(aws-robomaker-small-house-world/models/aws_robomaker_residential_CoffeeTable_01/materials/textures) by extensions ['colcon_pkg']
[0.671s] Level 1:colcon.colcon_core.package_identification:_identify(aws-robomaker-small-house-world/models/aws_robomaker_residential_CoffeeTable_01/materials/textures) by extension 'colcon_pkg'
[0.671s] Level 1:colcon.colcon_core.package_identification:_identify(aws-robomaker-small-house-world/models/aws_robomaker_residential_CoffeeTable_01/materials/textures) by extensions ['colcon_meta']
[0.671s] Level 1:colcon.colcon_core.package_identification:_identify(aws-robomaker-small-house-world/models/aws_robomaker_residential_CoffeeTable_01/materials/textures) by extension 'colcon_meta'
[0.671s] Level 1:colcon.colcon_core.package_identification:_identify(aws-robomaker-small-house-world/models/aws_robomaker_residential_CoffeeTable_01/materials/textures) by extensions ['ros']
[0.671s] Level 1:colcon.colcon_core.package_identification:_identify(aws-robomaker-small-house-world/models/aws_robomaker_residential_CoffeeTable_01/materials/textures) by extension 'ros'
[0.671s] Level 1:colcon.colcon_core.package_identification:_identify(aws-robomaker-small-house-world/models/aws_robomaker_residential_CoffeeTable_01/materials/textures) by extensions ['cmake', 'python']
[0.671s] Level 1:colcon.colcon_core.package_identification:_identify(aws-robomaker-small-house-world/models/aws_robomaker_residential_CoffeeTable_01/materials/textures) by extension 'cmake'
[0.671s] Level 1:colcon.colcon_core.package_identification:_identify(aws-robomaker-small-house-world/models/aws_robomaker_residential_CoffeeTable_01/materials/textures) by extension 'python'
[0.671s] Level 1:colcon.colcon_core.package_identification:_identify(aws-robomaker-small-house-world/models/aws_robomaker_residential_CoffeeTable_01/materials/textures) by extensions ['python_setup_py']
[0.671s] Level 1:colcon.colcon_core.package_identification:_identify(aws-robomaker-small-house-world/models/aws_robomaker_residential_CoffeeTable_01/materials/textures) by extension 'python_setup_py'
[0.671s] Level 1:colcon.colcon_core.package_identification:_identify(aws-robomaker-small-house-world/models/aws_robomaker_residential_CoffeeTable_01/meshes) by extensions ['ignore', 'ignore_ament_install']
[0.671s] Level 1:colcon.colcon_core.package_identification:_identify(aws-robomaker-small-house-world/models/aws_robomaker_residential_CoffeeTable_01/meshes) by extension 'ignore'
[0.671s] Level 1:colcon.colcon_core.package_identification:_identify(aws-robomaker-small-house-world/models/aws_robomaker_residential_CoffeeTable_01/meshes) by extension 'ignore_ament_install'
[0.671s] Level 1:colcon.colcon_core.package_identification:_identify(aws-robomaker-small-house-world/models/aws_robomaker_residential_CoffeeTable_01/meshes) by extensions ['colcon_pkg']
[0.671s] Level 1:colcon.colcon_core.package_identification:_identify(aws-robomaker-small-house-world/models/aws_robomaker_residential_CoffeeTable_01/meshes) by extension 'colcon_pkg'
[0.671s] Level 1:colcon.colcon_core.package_identification:_identify(aws-robomaker-small-house-world/models/aws_robomaker_residential_CoffeeTable_01/meshes) by extensions ['colcon_meta']
[0.671s] Level 1:colcon.colcon_core.package_identification:_identify(aws-robomaker-small-house-world/models/aws_robomaker_residential_CoffeeTable_01/meshes) by extension 'colcon_meta'
[0.671s] Level 1:colcon.colcon_core.package_identification:_identify(aws-robomaker-small-house-world/models/aws_robomaker_residential_CoffeeTable_01/meshes) by extensions ['ros']
[0.671s] Level 1:colcon.colcon_core.package_identification:_identify(aws-robomaker-small-house-world/models/aws_robomaker_residential_CoffeeTable_01/meshes) by extension 'ros'
[0.672s] Level 1:colcon.colcon_core.package_identification:_identify(aws-robomaker-small-house-world/models/aws_robomaker_residential_CoffeeTable_01/meshes) by extensions ['cmake', 'python']
[0.672s] Level 1:colcon.colcon_core.package_identification:_identify(aws-robomaker-small-house-world/models/aws_robomaker_residential_CoffeeTable_01/meshes) by extension 'cmake'
[0.672s] Level 1:colcon.colcon_core.package_identification:_identify(aws-robomaker-small-house-world/models/aws_robomaker_residential_CoffeeTable_01/meshes) by extension 'python'
[0.672s] Level 1:colcon.colcon_core.package_identification:_identify(aws-robomaker-small-house-world/models/aws_robomaker_residential_CoffeeTable_01/meshes) by extensions ['python_setup_py']
[0.672s] Level 1:colcon.colcon_core.package_identification:_identify(aws-robomaker-small-house-world/models/aws_robomaker_residential_CoffeeTable_01/meshes) by extension 'python_setup_py'
[0.672s] Level 1:colcon.colcon_core.package_identification:_identify(aws-robomaker-small-house-world/models/aws_robomaker_residential_CookingBench_01) by extensions ['ignore', 'ignore_ament_install']
[0.672s] Level 1:colcon.colcon_core.package_identification:_identify(aws-robomaker-small-house-world/models/aws_robomaker_residential_CookingBench_01) by extension 'ignore'
[0.672s] Level 1:colcon.colcon_core.package_identification:_identify(aws-robomaker-small-house-world/models/aws_robomaker_residential_CookingBench_01) by extension 'ignore_ament_install'
[0.672s] Level 1:colcon.colcon_core.package_identification:_identify(aws-robomaker-small-house-world/models/aws_robomaker_residential_CookingBench_01) by extensions ['colcon_pkg']
[0.672s] Level 1:colcon.colcon_core.package_identification:_identify(aws-robomaker-small-house-world/models/aws_robomaker_residential_CookingBench_01) by extension 'colcon_pkg'
[0.672s] Level 1:colcon.colcon_core.package_identification:_identify(aws-robomaker-small-house-world/models/aws_robomaker_residential_CookingBench_01) by extensions ['colcon_meta']
[0.672s] Level 1:colcon.colcon_core.package_identification:_identify(aws-robomaker-small-house-world/models/aws_robomaker_residential_CookingBench_01) by extension 'colcon_meta'
[0.672s] Level 1:colcon.colcon_core.package_identification:_identify(aws-robomaker-small-house-world/models/aws_robomaker_residential_CookingBench_01) by extensions ['ros']
[0.672s] Level 1:colcon.colcon_core.package_identification:_identify(aws-robomaker-small-house-world/models/aws_robomaker_residential_CookingBench_01) by extension 'ros'
[0.672s] Level 1:colcon.colcon_core.package_identification:_identify(aws-robomaker-small-house-world/models/aws_robomaker_residential_CookingBench_01) by extensions ['cmake', 'python']
[0.672s] Level 1:colcon.colcon_core.package_identification:_identify(aws-robomaker-small-house-world/models/aws_robomaker_residential_CookingBench_01) by extension 'cmake'
[0.672s] Level 1:colcon.colcon_core.package_identification:_identify(aws-robomaker-small-house-world/models/aws_robomaker_residential_CookingBench_01) by extension 'python'
[0.672s] Level 1:colcon.colcon_core.package_identification:_identify(aws-robomaker-small-house-world/models/aws_robomaker_residential_CookingBench_01) by extensions ['python_setup_py']
[0.672s] Level 1:colcon.colcon_core.package_identification:_identify(aws-robomaker-small-house-world/models/aws_robomaker_residential_CookingBench_01) by extension 'python_setup_py'
[0.672s] Level 1:colcon.colcon_core.package_identification:_identify(aws-robomaker-small-house-world/models/aws_robomaker_residential_CookingBench_01/materials) by extensions ['ignore', 'ignore_ament_install']
[0.672s] Level 1:colcon.colcon_core.package_identification:_identify(aws-robomaker-small-house-world/models/aws_robomaker_residential_CookingBench_01/materials) by extension 'ignore'
[0.672s] Level 1:colcon.colcon_core.package_identification:_identify(aws-robomaker-small-house-world/models/aws_robomaker_residential_CookingBench_01/materials) by extension 'ignore_ament_install'
[0.672s] Level 1:colcon.colcon_core.package_identification:_identify(aws-robomaker-small-house-world/models/aws_robomaker_residential_CookingBench_01/materials) by extensions ['colcon_pkg']
[0.672s] Level 1:colcon.colcon_core.package_identification:_identify(aws-robomaker-small-house-world/models/aws_robomaker_residential_CookingBench_01/materials) by extension 'colcon_pkg'
[0.672s] Level 1:colcon.colcon_core.package_identification:_identify(aws-robomaker-small-house-world/models/aws_robomaker_residential_CookingBench_01/materials) by extensions ['colcon_meta']
[0.672s] Level 1:colcon.colcon_core.package_identification:_identify(aws-robomaker-small-house-world/models/aws_robomaker_residential_CookingBench_01/materials) by extension 'colcon_meta'
[0.673s] Level 1:colcon.colcon_core.package_identification:_identify(aws-robomaker-small-house-world/models/aws_robomaker_residential_CookingBench_01/materials) by extensions ['ros']
[0.673s] Level 1:colcon.colcon_core.package_identification:_identify(aws-robomaker-small-house-world/models/aws_robomaker_residential_CookingBench_01/materials) by extension 'ros'
[0.673s] Level 1:colcon.colcon_core.package_identification:_identify(aws-robomaker-small-house-world/models/aws_robomaker_residential_CookingBench_01/materials) by extensions ['cmake', 'python']
[0.673s] Level 1:colcon.colcon_core.package_identification:_identify(aws-robomaker-small-house-world/models/aws_robomaker_residential_CookingBench_01/materials) by extension 'cmake'
[0.673s] Level 1:colcon.colcon_core.package_identification:_identify(aws-robomaker-small-house-world/models/aws_robomaker_residential_CookingBench_01/materials) by extension 'python'
[0.673s] Level 1:colcon.colcon_core.package_identification:_identify(aws-robomaker-small-house-world/models/aws_robomaker_residential_CookingBench_01/materials) by extensions ['python_setup_py']
[0.673s] Level 1:colcon.colcon_core.package_identification:_identify(aws-robomaker-small-house-world/models/aws_robomaker_residential_CookingBench_01/materials) by extension 'python_setup_py'
[0.673s] Level 1:colcon.colcon_core.package_identification:_identify(aws-robomaker-small-house-world/models/aws_robomaker_residential_CookingBench_01/materials/textures) by extensions ['ignore', 'ignore_ament_install']
[0.673s] Level 1:colcon.colcon_core.package_identification:_identify(aws-robomaker-small-house-world/models/aws_robomaker_residential_CookingBench_01/materials/textures) by extension 'ignore'
[0.673s] Level 1:colcon.colcon_core.package_identification:_identify(aws-robomaker-small-house-world/models/aws_robomaker_residential_CookingBench_01/materials/textures) by extension 'ignore_ament_install'
[0.673s] Level 1:colcon.colcon_core.package_identification:_identify(aws-robomaker-small-house-world/models/aws_robomaker_residential_CookingBench_01/materials/textures) by extensions ['colcon_pkg']
[0.673s] Level 1:colcon.colcon_core.package_identification:_identify(aws-robomaker-small-house-world/models/aws_robomaker_residential_CookingBench_01/materials/textures) by extension 'colcon_pkg'
[0.673s] Level 1:colcon.colcon_core.package_identification:_identify(aws-robomaker-small-house-world/models/aws_robomaker_residential_CookingBench_01/materials/textures) by extensions ['colcon_meta']
[0.673s] Level 1:colcon.colcon_core.package_identification:_identify(aws-robomaker-small-house-world/models/aws_robomaker_residential_CookingBench_01/materials/textures) by extension 'colcon_meta'
[0.673s] Level 1:colcon.colcon_core.package_identification:_identify(aws-robomaker-small-house-world/models/aws_robomaker_residential_CookingBench_01/materials/textures) by extensions ['ros']
[0.673s] Level 1:colcon.colcon_core.package_identification:_identify(aws-robomaker-small-house-world/models/aws_robomaker_residential_CookingBench_01/materials/textures) by extension 'ros'
[0.673s] Level 1:colcon.colcon_core.package_identification:_identify(aws-robomaker-small-house-world/models/aws_robomaker_residential_CookingBench_01/materials/textures) by extensions ['cmake', 'python']
[0.673s] Level 1:colcon.colcon_core.package_identification:_identify(aws-robomaker-small-house-world/models/aws_robomaker_residential_CookingBench_01/materials/textures) by extension 'cmake'
[0.673s] Level 1:colcon.colcon_core.package_identification:_identify(aws-robomaker-small-house-world/models/aws_robomaker_residential_CookingBench_01/materials/textures) by extension 'python'
[0.673s] Level 1:colcon.colcon_core.package_identification:_identify(aws-robomaker-small-house-world/models/aws_robomaker_residential_CookingBench_01/materials/textures) by extensions ['python_setup_py']
[0.673s] Level 1:colcon.colcon_core.package_identification:_identify(aws-robomaker-small-house-world/models/aws_robomaker_residential_CookingBench_01/materials/textures) by extension 'python_setup_py'
[0.673s] Level 1:colcon.colcon_core.package_identification:_identify(aws-robomaker-small-house-world/models/aws_robomaker_residential_CookingBench_01/meshes) by extensions ['ignore', 'ignore_ament_install']
[0.673s] Level 1:colcon.colcon_core.package_identification:_identify(aws-robomaker-small-house-world/models/aws_robomaker_residential_CookingBench_01/meshes) by extension 'ignore'
[0.674s] Level 1:colcon.colcon_core.package_identification:_identify(aws-robomaker-small-house-world/models/aws_robomaker_residential_CookingBench_01/meshes) by extension 'ignore_ament_install'
[0.674s] Level 1:colcon.colcon_core.package_identification:_identify(aws-robomaker-small-house-world/models/aws_robomaker_residential_CookingBench_01/meshes) by extensions ['colcon_pkg']
[0.674s] Level 1:colcon.colcon_core.package_identification:_identify(aws-robomaker-small-house-world/models/aws_robomaker_residential_CookingBench_01/meshes) by extension 'colcon_pkg'
[0.674s] Level 1:colcon.colcon_core.package_identification:_identify(aws-robomaker-small-house-world/models/aws_robomaker_residential_CookingBench_01/meshes) by extensions ['colcon_meta']
[0.674s] Level 1:colcon.colcon_core.package_identification:_identify(aws-robomaker-small-house-world/models/aws_robomaker_residential_CookingBench_01/meshes) by extension 'colcon_meta'
[0.674s] Level 1:colcon.colcon_core.package_identification:_identify(aws-robomaker-small-house-world/models/aws_robomaker_residential_CookingBench_01/meshes) by extensions ['ros']
[0.674s] Level 1:colcon.colcon_core.package_identification:_identify(aws-robomaker-small-house-world/models/aws_robomaker_residential_CookingBench_01/meshes) by extension 'ros'
[0.674s] Level 1:colcon.colcon_core.package_identification:_identify(aws-robomaker-small-house-world/models/aws_robomaker_residential_CookingBench_01/meshes) by extensions ['cmake', 'python']
[0.674s] Level 1:colcon.colcon_core.package_identification:_identify(aws-robomaker-small-house-world/models/aws_robomaker_residential_CookingBench_01/meshes) by extension 'cmake'
[0.674s] Level 1:colcon.colcon_core.package_identification:_identify(aws-robomaker-small-house-world/models/aws_robomaker_residential_CookingBench_01/meshes) by extension 'python'
[0.674s] Level 1:colcon.colcon_core.package_identification:_identify(aws-robomaker-small-house-world/models/aws_robomaker_residential_CookingBench_01/meshes) by extensions ['python_setup_py']
[0.674s] Level 1:colcon.colcon_core.package_identification:_identify(aws-robomaker-small-house-world/models/aws_robomaker_residential_CookingBench_01/meshes) by extension 'python_setup_py'
[0.674s] Level 1:colcon.colcon_core.package_identification:_identify(aws-robomaker-small-house-world/models/aws_robomaker_residential_Curtain_01) by extensions ['ignore', 'ignore_ament_install']
[0.674s] Level 1:colcon.colcon_core.package_identification:_identify(aws-robomaker-small-house-world/models/aws_robomaker_residential_Curtain_01) by extension 'ignore'
[0.674s] Level 1:colcon.colcon_core.package_identification:_identify(aws-robomaker-small-house-world/models/aws_robomaker_residential_Curtain_01) by extension 'ignore_ament_install'
[0.674s] Level 1:colcon.colcon_core.package_identification:_identify(aws-robomaker-small-house-world/models/aws_robomaker_residential_Curtain_01) by extensions ['colcon_pkg']
[0.674s] Level 1:colcon.colcon_core.package_identification:_identify(aws-robomaker-small-house-world/models/aws_robomaker_residential_Curtain_01) by extension 'colcon_pkg'
[0.674s] Level 1:colcon.colcon_core.package_identification:_identify(aws-robomaker-small-house-world/models/aws_robomaker_residential_Curtain_01) by extensions ['colcon_meta']
[0.674s] Level 1:colcon.colcon_core.package_identification:_identify(aws-robomaker-small-house-world/models/aws_robomaker_residential_Curtain_01) by extension 'colcon_meta'
[0.674s] Level 1:colcon.colcon_core.package_identification:_identify(aws-robomaker-small-house-world/models/aws_robomaker_residential_Curtain_01) by extensions ['ros']
[0.674s] Level 1:colcon.colcon_core.package_identification:_identify(aws-robomaker-small-house-world/models/aws_robomaker_residential_Curtain_01) by extension 'ros'
[0.674s] Level 1:colcon.colcon_core.package_identification:_identify(aws-robomaker-small-house-world/models/aws_robomaker_residential_Curtain_01) by extensions ['cmake', 'python']
[0.674s] Level 1:colcon.colcon_core.package_identification:_identify(aws-robomaker-small-house-world/models/aws_robomaker_residential_Curtain_01) by extension 'cmake'
[0.674s] Level 1:colcon.colcon_core.package_identification:_identify(aws-robomaker-small-house-world/models/aws_robomaker_residential_Curtain_01) by extension 'python'
[0.674s] Level 1:colcon.colcon_core.package_identification:_identify(aws-robomaker-small-house-world/models/aws_robomaker_residential_Curtain_01) by extensions ['python_setup_py']
[0.674s] Level 1:colcon.colcon_core.package_identification:_identify(aws-robomaker-small-house-world/models/aws_robomaker_residential_Curtain_01) by extension 'python_setup_py'
[0.675s] Level 1:colcon.colcon_core.package_identification:_identify(aws-robomaker-small-house-world/models/aws_robomaker_residential_Curtain_01/materials) by extensions ['ignore', 'ignore_ament_install']
[0.675s] Level 1:colcon.colcon_core.package_identification:_identify(aws-robomaker-small-house-world/models/aws_robomaker_residential_Curtain_01/materials) by extension 'ignore'
[0.675s] Level 1:colcon.colcon_core.package_identification:_identify(aws-robomaker-small-house-world/models/aws_robomaker_residential_Curtain_01/materials) by extension 'ignore_ament_install'
[0.675s] Level 1:colcon.colcon_core.package_identification:_identify(aws-robomaker-small-house-world/models/aws_robomaker_residential_Curtain_01/materials) by extensions ['colcon_pkg']
[0.675s] Level 1:colcon.colcon_core.package_identification:_identify(aws-robomaker-small-house-world/models/aws_robomaker_residential_Curtain_01/materials) by extension 'colcon_pkg'
[0.675s] Level 1:colcon.colcon_core.package_identification:_identify(aws-robomaker-small-house-world/models/aws_robomaker_residential_Curtain_01/materials) by extensions ['colcon_meta']
[0.675s] Level 1:colcon.colcon_core.package_identification:_identify(aws-robomaker-small-house-world/models/aws_robomaker_residential_Curtain_01/materials) by extension 'colcon_meta'
[0.675s] Level 1:colcon.colcon_core.package_identification:_identify(aws-robomaker-small-house-world/models/aws_robomaker_residential_Curtain_01/materials) by extensions ['ros']
[0.675s] Level 1:colcon.colcon_core.package_identification:_identify(aws-robomaker-small-house-world/models/aws_robomaker_residential_Curtain_01/materials) by extension 'ros'
[0.675s] Level 1:colcon.colcon_core.package_identification:_identify(aws-robomaker-small-house-world/models/aws_robomaker_residential_Curtain_01/materials) by extensions ['cmake', 'python']
[0.675s] Level 1:colcon.colcon_core.package_identification:_identify(aws-robomaker-small-house-world/models/aws_robomaker_residential_Curtain_01/materials) by extension 'cmake'
[0.675s] Level 1:colcon.colcon_core.package_identification:_identify(aws-robomaker-small-house-world/models/aws_robomaker_residential_Curtain_01/materials) by extension 'python'
[0.675s] Level 1:colcon.colcon_core.package_identification:_identify(aws-robomaker-small-house-world/models/aws_robomaker_residential_Curtain_01/materials) by extensions ['python_setup_py']
[0.675s] Level 1:colcon.colcon_core.package_identification:_identify(aws-robomaker-small-house-world/models/aws_robomaker_residential_Curtain_01/materials) by extension 'python_setup_py'
[0.675s] Level 1:colcon.colcon_core.package_identification:_identify(aws-robomaker-small-house-world/models/aws_robomaker_residential_Curtain_01/materials/textures) by extensions ['ignore', 'ignore_ament_install']
[0.675s] Level 1:colcon.colcon_core.package_identification:_identify(aws-robomaker-small-house-world/models/aws_robomaker_residential_Curtain_01/materials/textures) by extension 'ignore'
[0.675s] Level 1:colcon.colcon_core.package_identification:_identify(aws-robomaker-small-house-world/models/aws_robomaker_residential_Curtain_01/materials/textures) by extension 'ignore_ament_install'
[0.675s] Level 1:colcon.colcon_core.package_identification:_identify(aws-robomaker-small-house-world/models/aws_robomaker_residential_Curtain_01/materials/textures) by extensions ['colcon_pkg']
[0.675s] Level 1:colcon.colcon_core.package_identification:_identify(aws-robomaker-small-house-world/models/aws_robomaker_residential_Curtain_01/materials/textures) by extension 'colcon_pkg'
[0.675s] Level 1:colcon.colcon_core.package_identification:_identify(aws-robomaker-small-house-world/models/aws_robomaker_residential_Curtain_01/materials/textures) by extensions ['colcon_meta']
[0.675s] Level 1:colcon.colcon_core.package_identification:_identify(aws-robomaker-small-house-world/models/aws_robomaker_residential_Curtain_01/materials/textures) by extension 'colcon_meta'
[0.675s] Level 1:colcon.colcon_core.package_identification:_identify(aws-robomaker-small-house-world/models/aws_robomaker_residential_Curtain_01/materials/textures) by extensions ['ros']
[0.675s] Level 1:colcon.colcon_core.package_identification:_identify(aws-robomaker-small-house-world/models/aws_robomaker_residential_Curtain_01/materials/textures) by extension 'ros'
[0.675s] Level 1:colcon.colcon_core.package_identification:_identify(aws-robomaker-small-house-world/models/aws_robomaker_residential_Curtain_01/materials/textures) by extensions ['cmake', 'python']
[0.675s] Level 1:colcon.colcon_core.package_identification:_identify(aws-robomaker-small-house-world/models/aws_robomaker_residential_Curtain_01/materials/textures) by extension 'cmake'
[0.675s] Level 1:colcon.colcon_core.package_identification:_identify(aws-robomaker-small-house-world/models/aws_robomaker_residential_Curtain_01/materials/textures) by extension 'python'
[0.676s] Level 1:colcon.colcon_core.package_identification:_identify(aws-robomaker-small-house-world/models/aws_robomaker_residential_Curtain_01/materials/textures) by extensions ['python_setup_py']
[0.676s] Level 1:colcon.colcon_core.package_identification:_identify(aws-robomaker-small-house-world/models/aws_robomaker_residential_Curtain_01/materials/textures) by extension 'python_setup_py'
[0.676s] Level 1:colcon.colcon_core.package_identification:_identify(aws-robomaker-small-house-world/models/aws_robomaker_residential_Curtain_01/meshes) by extensions ['ignore', 'ignore_ament_install']
[0.676s] Level 1:colcon.colcon_core.package_identification:_identify(aws-robomaker-small-house-world/models/aws_robomaker_residential_Curtain_01/meshes) by extension 'ignore'
[0.676s] Level 1:colcon.colcon_core.package_identification:_identify(aws-robomaker-small-house-world/models/aws_robomaker_residential_Curtain_01/meshes) by extension 'ignore_ament_install'
[0.676s] Level 1:colcon.colcon_core.package_identification:_identify(aws-robomaker-small-house-world/models/aws_robomaker_residential_Curtain_01/meshes) by extensions ['colcon_pkg']
[0.676s] Level 1:colcon.colcon_core.package_identification:_identify(aws-robomaker-small-house-world/models/aws_robomaker_residential_Curtain_01/meshes) by extension 'colcon_pkg'
[0.676s] Level 1:colcon.colcon_core.package_identification:_identify(aws-robomaker-small-house-world/models/aws_robomaker_residential_Curtain_01/meshes) by extensions ['colcon_meta']
[0.676s] Level 1:colcon.colcon_core.package_identification:_identify(aws-robomaker-small-house-world/models/aws_robomaker_residential_Curtain_01/meshes) by extension 'colcon_meta'
[0.676s] Level 1:colcon.colcon_core.package_identification:_identify(aws-robomaker-small-house-world/models/aws_robomaker_residential_Curtain_01/meshes) by extensions ['ros']
[0.676s] Level 1:colcon.colcon_core.package_identification:_identify(aws-robomaker-small-house-world/models/aws_robomaker_residential_Curtain_01/meshes) by extension 'ros'
[0.676s] Level 1:colcon.colcon_core.package_identification:_identify(aws-robomaker-small-house-world/models/aws_robomaker_residential_Curtain_01/meshes) by extensions ['cmake', 'python']
[0.676s] Level 1:colcon.colcon_core.package_identification:_identify(aws-robomaker-small-house-world/models/aws_robomaker_residential_Curtain_01/meshes) by extension 'cmake'
[0.676s] Level 1:colcon.colcon_core.package_identification:_identify(aws-robomaker-small-house-world/models/aws_robomaker_residential_Curtain_01/meshes) by extension 'python'
[0.676s] Level 1:colcon.colcon_core.package_identification:_identify(aws-robomaker-small-house-world/models/aws_robomaker_residential_Curtain_01/meshes) by extensions ['python_setup_py']
[0.676s] Level 1:colcon.colcon_core.package_identification:_identify(aws-robomaker-small-house-world/models/aws_robomaker_residential_Curtain_01/meshes) by extension 'python_setup_py'
[0.676s] Level 1:colcon.colcon_core.package_identification:_identify(aws-robomaker-small-house-world/models/aws_robomaker_residential_DeskPortraitA_01) by extensions ['ignore', 'ignore_ament_install']
[0.676s] Level 1:colcon.colcon_core.package_identification:_identify(aws-robomaker-small-house-world/models/aws_robomaker_residential_DeskPortraitA_01) by extension 'ignore'
[0.676s] Level 1:colcon.colcon_core.package_identification:_identify(aws-robomaker-small-house-world/models/aws_robomaker_residential_DeskPortraitA_01) by extension 'ignore_ament_install'
[0.676s] Level 1:colcon.colcon_core.package_identification:_identify(aws-robomaker-small-house-world/models/aws_robomaker_residential_DeskPortraitA_01) by extensions ['colcon_pkg']
[0.676s] Level 1:colcon.colcon_core.package_identification:_identify(aws-robomaker-small-house-world/models/aws_robomaker_residential_DeskPortraitA_01) by extension 'colcon_pkg'
[0.676s] Level 1:colcon.colcon_core.package_identification:_identify(aws-robomaker-small-house-world/models/aws_robomaker_residential_DeskPortraitA_01) by extensions ['colcon_meta']
[0.676s] Level 1:colcon.colcon_core.package_identification:_identify(aws-robomaker-small-house-world/models/aws_robomaker_residential_DeskPortraitA_01) by extension 'colcon_meta'
[0.676s] Level 1:colcon.colcon_core.package_identification:_identify(aws-robomaker-small-house-world/models/aws_robomaker_residential_DeskPortraitA_01) by extensions ['ros']
[0.676s] Level 1:colcon.colcon_core.package_identification:_identify(aws-robomaker-small-house-world/models/aws_robomaker_residential_DeskPortraitA_01) by extension 'ros'
[0.677s] Level 1:colcon.colcon_core.package_identification:_identify(aws-robomaker-small-house-world/models/aws_robomaker_residential_DeskPortraitA_01) by extensions ['cmake', 'python']
[0.677s] Level 1:colcon.colcon_core.package_identification:_identify(aws-robomaker-small-house-world/models/aws_robomaker_residential_DeskPortraitA_01) by extension 'cmake'
[0.677s] Level 1:colcon.colcon_core.package_identification:_identify(aws-robomaker-small-house-world/models/aws_robomaker_residential_DeskPortraitA_01) by extension 'python'
[0.677s] Level 1:colcon.colcon_core.package_identification:_identify(aws-robomaker-small-house-world/models/aws_robomaker_residential_DeskPortraitA_01) by extensions ['python_setup_py']
[0.677s] Level 1:colcon.colcon_core.package_identification:_identify(aws-robomaker-small-house-world/models/aws_robomaker_residential_DeskPortraitA_01) by extension 'python_setup_py'
[0.677s] Level 1:colcon.colcon_core.package_identification:_identify(aws-robomaker-small-house-world/models/aws_robomaker_residential_DeskPortraitA_01/materials) by extensions ['ignore', 'ignore_ament_install']
[0.677s] Level 1:colcon.colcon_core.package_identification:_identify(aws-robomaker-small-house-world/models/aws_robomaker_residential_DeskPortraitA_01/materials) by extension 'ignore'
[0.677s] Level 1:colcon.colcon_core.package_identification:_identify(aws-robomaker-small-house-world/models/aws_robomaker_residential_DeskPortraitA_01/materials) by extension 'ignore_ament_install'
[0.677s] Level 1:colcon.colcon_core.package_identification:_identify(aws-robomaker-small-house-world/models/aws_robomaker_residential_DeskPortraitA_01/materials) by extensions ['colcon_pkg']
[0.677s] Level 1:colcon.colcon_core.package_identification:_identify(aws-robomaker-small-house-world/models/aws_robomaker_residential_DeskPortraitA_01/materials) by extension 'colcon_pkg'
[0.677s] Level 1:colcon.colcon_core.package_identification:_identify(aws-robomaker-small-house-world/models/aws_robomaker_residential_DeskPortraitA_01/materials) by extensions ['colcon_meta']
[0.677s] Level 1:colcon.colcon_core.package_identification:_identify(aws-robomaker-small-house-world/models/aws_robomaker_residential_DeskPortraitA_01/materials) by extension 'colcon_meta'
[0.677s] Level 1:colcon.colcon_core.package_identification:_identify(aws-robomaker-small-house-world/models/aws_robomaker_residential_DeskPortraitA_01/materials) by extensions ['ros']
[0.677s] Level 1:colcon.colcon_core.package_identification:_identify(aws-robomaker-small-house-world/models/aws_robomaker_residential_DeskPortraitA_01/materials) by extension 'ros'
[0.677s] Level 1:colcon.colcon_core.package_identification:_identify(aws-robomaker-small-house-world/models/aws_robomaker_residential_DeskPortraitA_01/materials) by extensions ['cmake', 'python']
[0.677s] Level 1:colcon.colcon_core.package_identification:_identify(aws-robomaker-small-house-world/models/aws_robomaker_residential_DeskPortraitA_01/materials) by extension 'cmake'
[0.677s] Level 1:colcon.colcon_core.package_identification:_identify(aws-robomaker-small-house-world/models/aws_robomaker_residential_DeskPortraitA_01/materials) by extension 'python'
[0.677s] Level 1:colcon.colcon_core.package_identification:_identify(aws-robomaker-small-house-world/models/aws_robomaker_residential_DeskPortraitA_01/materials) by extensions ['python_setup_py']
[0.677s] Level 1:colcon.colcon_core.package_identification:_identify(aws-robomaker-small-house-world/models/aws_robomaker_residential_DeskPortraitA_01/materials) by extension 'python_setup_py'
[0.677s] Level 1:colcon.colcon_core.package_identification:_identify(aws-robomaker-small-house-world/models/aws_robomaker_residential_DeskPortraitA_01/materials/textures) by extensions ['ignore', 'ignore_ament_install']
[0.677s] Level 1:colcon.colcon_core.package_identification:_identify(aws-robomaker-small-house-world/models/aws_robomaker_residential_DeskPortraitA_01/materials/textures) by extension 'ignore'
[0.677s] Level 1:colcon.colcon_core.package_identification:_identify(aws-robomaker-small-house-world/models/aws_robomaker_residential_DeskPortraitA_01/materials/textures) by extension 'ignore_ament_install'
[0.677s] Level 1:colcon.colcon_core.package_identification:_identify(aws-robomaker-small-house-world/models/aws_robomaker_residential_DeskPortraitA_01/materials/textures) by extensions ['colcon_pkg']
[0.677s] Level 1:colcon.colcon_core.package_identification:_identify(aws-robomaker-small-house-world/models/aws_robomaker_residential_DeskPortraitA_01/materials/textures) by extension 'colcon_pkg'
[0.677s] Level 1:colcon.colcon_core.package_identification:_identify(aws-robomaker-small-house-world/models/aws_robomaker_residential_DeskPortraitA_01/materials/textures) by extensions ['colcon_meta']
[0.677s] Level 1:colcon.colcon_core.package_identification:_identify(aws-robomaker-small-house-world/models/aws_robomaker_residential_DeskPortraitA_01/materials/textures) by extension 'colcon_meta'
[0.678s] Level 1:colcon.colcon_core.package_identification:_identify(aws-robomaker-small-house-world/models/aws_robomaker_residential_DeskPortraitA_01/materials/textures) by extensions ['ros']
[0.678s] Level 1:colcon.colcon_core.package_identification:_identify(aws-robomaker-small-house-world/models/aws_robomaker_residential_DeskPortraitA_01/materials/textures) by extension 'ros'
[0.678s] Level 1:colcon.colcon_core.package_identification:_identify(aws-robomaker-small-house-world/models/aws_robomaker_residential_DeskPortraitA_01/materials/textures) by extensions ['cmake', 'python']
[0.678s] Level 1:colcon.colcon_core.package_identification:_identify(aws-robomaker-small-house-world/models/aws_robomaker_residential_DeskPortraitA_01/materials/textures) by extension 'cmake'
[0.678s] Level 1:colcon.colcon_core.package_identification:_identify(aws-robomaker-small-house-world/models/aws_robomaker_residential_DeskPortraitA_01/materials/textures) by extension 'python'
[0.678s] Level 1:colcon.colcon_core.package_identification:_identify(aws-robomaker-small-house-world/models/aws_robomaker_residential_DeskPortraitA_01/materials/textures) by extensions ['python_setup_py']
[0.678s] Level 1:colcon.colcon_core.package_identification:_identify(aws-robomaker-small-house-world/models/aws_robomaker_residential_DeskPortraitA_01/materials/textures) by extension 'python_setup_py'
[0.678s] Level 1:colcon.colcon_core.package_identification:_identify(aws-robomaker-small-house-world/models/aws_robomaker_residential_DeskPortraitA_01/meshes) by extensions ['ignore', 'ignore_ament_install']
[0.678s] Level 1:colcon.colcon_core.package_identification:_identify(aws-robomaker-small-house-world/models/aws_robomaker_residential_DeskPortraitA_01/meshes) by extension 'ignore'
[0.678s] Level 1:colcon.colcon_core.package_identification:_identify(aws-robomaker-small-house-world/models/aws_robomaker_residential_DeskPortraitA_01/meshes) by extension 'ignore_ament_install'
[0.678s] Level 1:colcon.colcon_core.package_identification:_identify(aws-robomaker-small-house-world/models/aws_robomaker_residential_DeskPortraitA_01/meshes) by extensions ['colcon_pkg']
[0.678s] Level 1:colcon.colcon_core.package_identification:_identify(aws-robomaker-small-house-world/models/aws_robomaker_residential_DeskPortraitA_01/meshes) by extension 'colcon_pkg'
[0.678s] Level 1:colcon.colcon_core.package_identification:_identify(aws-robomaker-small-house-world/models/aws_robomaker_residential_DeskPortraitA_01/meshes) by extensions ['colcon_meta']
[0.678s] Level 1:colcon.colcon_core.package_identification:_identify(aws-robomaker-small-house-world/models/aws_robomaker_residential_DeskPortraitA_01/meshes) by extension 'colcon_meta'
[0.678s] Level 1:colcon.colcon_core.package_identification:_identify(aws-robomaker-small-house-world/models/aws_robomaker_residential_DeskPortraitA_01/meshes) by extensions ['ros']
[0.678s] Level 1:colcon.colcon_core.package_identification:_identify(aws-robomaker-small-house-world/models/aws_robomaker_residential_DeskPortraitA_01/meshes) by extension 'ros'
[0.678s] Level 1:colcon.colcon_core.package_identification:_identify(aws-robomaker-small-house-world/models/aws_robomaker_residential_DeskPortraitA_01/meshes) by extensions ['cmake', 'python']
[0.678s] Level 1:colcon.colcon_core.package_identification:_identify(aws-robomaker-small-house-world/models/aws_robomaker_residential_DeskPortraitA_01/meshes) by extension 'cmake'
[0.678s] Level 1:colcon.colcon_core.package_identification:_identify(aws-robomaker-small-house-world/models/aws_robomaker_residential_DeskPortraitA_01/meshes) by extension 'python'
[0.678s] Level 1:colcon.colcon_core.package_identification:_identify(aws-robomaker-small-house-world/models/aws_robomaker_residential_DeskPortraitA_01/meshes) by extensions ['python_setup_py']
[0.678s] Level 1:colcon.colcon_core.package_identification:_identify(aws-robomaker-small-house-world/models/aws_robomaker_residential_DeskPortraitA_01/meshes) by extension 'python_setup_py'
[0.678s] Level 1:colcon.colcon_core.package_identification:_identify(aws-robomaker-small-house-world/models/aws_robomaker_residential_DeskPortraitA_02) by extensions ['ignore', 'ignore_ament_install']
[0.678s] Level 1:colcon.colcon_core.package_identification:_identify(aws-robomaker-small-house-world/models/aws_robomaker_residential_DeskPortraitA_02) by extension 'ignore'
[0.678s] Level 1:colcon.colcon_core.package_identification:_identify(aws-robomaker-small-house-world/models/aws_robomaker_residential_DeskPortraitA_02) by extension 'ignore_ament_install'
[0.679s] Level 1:colcon.colcon_core.package_identification:_identify(aws-robomaker-small-house-world/models/aws_robomaker_residential_DeskPortraitA_02) by extensions ['colcon_pkg']
[0.679s] Level 1:colcon.colcon_core.package_identification:_identify(aws-robomaker-small-house-world/models/aws_robomaker_residential_DeskPortraitA_02) by extension 'colcon_pkg'
[0.679s] Level 1:colcon.colcon_core.package_identification:_identify(aws-robomaker-small-house-world/models/aws_robomaker_residential_DeskPortraitA_02) by extensions ['colcon_meta']
[0.679s] Level 1:colcon.colcon_core.package_identification:_identify(aws-robomaker-small-house-world/models/aws_robomaker_residential_DeskPortraitA_02) by extension 'colcon_meta'
[0.679s] Level 1:colcon.colcon_core.package_identification:_identify(aws-robomaker-small-house-world/models/aws_robomaker_residential_DeskPortraitA_02) by extensions ['ros']
[0.679s] Level 1:colcon.colcon_core.package_identification:_identify(aws-robomaker-small-house-world/models/aws_robomaker_residential_DeskPortraitA_02) by extension 'ros'
[0.679s] Level 1:colcon.colcon_core.package_identification:_identify(aws-robomaker-small-house-world/models/aws_robomaker_residential_DeskPortraitA_02) by extensions ['cmake', 'python']
[0.679s] Level 1:colcon.colcon_core.package_identification:_identify(aws-robomaker-small-house-world/models/aws_robomaker_residential_DeskPortraitA_02) by extension 'cmake'
[0.679s] Level 1:colcon.colcon_core.package_identification:_identify(aws-robomaker-small-house-world/models/aws_robomaker_residential_DeskPortraitA_02) by extension 'python'
[0.679s] Level 1:colcon.colcon_core.package_identification:_identify(aws-robomaker-small-house-world/models/aws_robomaker_residential_DeskPortraitA_02) by extensions ['python_setup_py']
[0.679s] Level 1:colcon.colcon_core.package_identification:_identify(aws-robomaker-small-house-world/models/aws_robomaker_residential_DeskPortraitA_02) by extension 'python_setup_py'
[0.679s] Level 1:colcon.colcon_core.package_identification:_identify(aws-robomaker-small-house-world/models/aws_robomaker_residential_DeskPortraitA_02/materials) by extensions ['ignore', 'ignore_ament_install']
[0.679s] Level 1:colcon.colcon_core.package_identification:_identify(aws-robomaker-small-house-world/models/aws_robomaker_residential_DeskPortraitA_02/materials) by extension 'ignore'
[0.679s] Level 1:colcon.colcon_core.package_identification:_identify(aws-robomaker-small-house-world/models/aws_robomaker_residential_DeskPortraitA_02/materials) by extension 'ignore_ament_install'
[0.679s] Level 1:colcon.colcon_core.package_identification:_identify(aws-robomaker-small-house-world/models/aws_robomaker_residential_DeskPortraitA_02/materials) by extensions ['colcon_pkg']
[0.679s] Level 1:colcon.colcon_core.package_identification:_identify(aws-robomaker-small-house-world/models/aws_robomaker_residential_DeskPortraitA_02/materials) by extension 'colcon_pkg'
[0.679s] Level 1:colcon.colcon_core.package_identification:_identify(aws-robomaker-small-house-world/models/aws_robomaker_residential_DeskPortraitA_02/materials) by extensions ['colcon_meta']
[0.679s] Level 1:colcon.colcon_core.package_identification:_identify(aws-robomaker-small-house-world/models/aws_robomaker_residential_DeskPortraitA_02/materials) by extension 'colcon_meta'
[0.679s] Level 1:colcon.colcon_core.package_identification:_identify(aws-robomaker-small-house-world/models/aws_robomaker_residential_DeskPortraitA_02/materials) by extensions ['ros']
[0.679s] Level 1:colcon.colcon_core.package_identification:_identify(aws-robomaker-small-house-world/models/aws_robomaker_residential_DeskPortraitA_02/materials) by extension 'ros'
[0.679s] Level 1:colcon.colcon_core.package_identification:_identify(aws-robomaker-small-house-world/models/aws_robomaker_residential_DeskPortraitA_02/materials) by extensions ['cmake', 'python']
[0.679s] Level 1:colcon.colcon_core.package_identification:_identify(aws-robomaker-small-house-world/models/aws_robomaker_residential_DeskPortraitA_02/materials) by extension 'cmake'
[0.679s] Level 1:colcon.colcon_core.package_identification:_identify(aws-robomaker-small-house-world/models/aws_robomaker_residential_DeskPortraitA_02/materials) by extension 'python'
[0.679s] Level 1:colcon.colcon_core.package_identification:_identify(aws-robomaker-small-house-world/models/aws_robomaker_residential_DeskPortraitA_02/materials) by extensions ['python_setup_py']
[0.679s] Level 1:colcon.colcon_core.package_identification:_identify(aws-robomaker-small-house-world/models/aws_robomaker_residential_DeskPortraitA_02/materials) by extension 'python_setup_py'
[0.679s] Level 1:colcon.colcon_core.package_identification:_identify(aws-robomaker-small-house-world/models/aws_robomaker_residential_DeskPortraitA_02/materials/textures) by extensions ['ignore', 'ignore_ament_install']
[0.680s] Level 1:colcon.colcon_core.package_identification:_identify(aws-robomaker-small-house-world/models/aws_robomaker_residential_DeskPortraitA_02/materials/textures) by extension 'ignore'
[0.680s] Level 1:colcon.colcon_core.package_identification:_identify(aws-robomaker-small-house-world/models/aws_robomaker_residential_DeskPortraitA_02/materials/textures) by extension 'ignore_ament_install'
[0.680s] Level 1:colcon.colcon_core.package_identification:_identify(aws-robomaker-small-house-world/models/aws_robomaker_residential_DeskPortraitA_02/materials/textures) by extensions ['colcon_pkg']
[0.680s] Level 1:colcon.colcon_core.package_identification:_identify(aws-robomaker-small-house-world/models/aws_robomaker_residential_DeskPortraitA_02/materials/textures) by extension 'colcon_pkg'
[0.680s] Level 1:colcon.colcon_core.package_identification:_identify(aws-robomaker-small-house-world/models/aws_robomaker_residential_DeskPortraitA_02/materials/textures) by extensions ['colcon_meta']
[0.680s] Level 1:colcon.colcon_core.package_identification:_identify(aws-robomaker-small-house-world/models/aws_robomaker_residential_DeskPortraitA_02/materials/textures) by extension 'colcon_meta'
[0.680s] Level 1:colcon.colcon_core.package_identification:_identify(aws-robomaker-small-house-world/models/aws_robomaker_residential_DeskPortraitA_02/materials/textures) by extensions ['ros']
[0.680s] Level 1:colcon.colcon_core.package_identification:_identify(aws-robomaker-small-house-world/models/aws_robomaker_residential_DeskPortraitA_02/materials/textures) by extension 'ros'
[0.680s] Level 1:colcon.colcon_core.package_identification:_identify(aws-robomaker-small-house-world/models/aws_robomaker_residential_DeskPortraitA_02/materials/textures) by extensions ['cmake', 'python']
[0.680s] Level 1:colcon.colcon_core.package_identification:_identify(aws-robomaker-small-house-world/models/aws_robomaker_residential_DeskPortraitA_02/materials/textures) by extension 'cmake'
[0.680s] Level 1:colcon.colcon_core.package_identification:_identify(aws-robomaker-small-house-world/models/aws_robomaker_residential_DeskPortraitA_02/materials/textures) by extension 'python'
[0.680s] Level 1:colcon.colcon_core.package_identification:_identify(aws-robomaker-small-house-world/models/aws_robomaker_residential_DeskPortraitA_02/materials/textures) by extensions ['python_setup_py']
[0.680s] Level 1:colcon.colcon_core.package_identification:_identify(aws-robomaker-small-house-world/models/aws_robomaker_residential_DeskPortraitA_02/materials/textures) by extension 'python_setup_py'
[0.680s] Level 1:colcon.colcon_core.package_identification:_identify(aws-robomaker-small-house-world/models/aws_robomaker_residential_DeskPortraitA_02/meshes) by extensions ['ignore', 'ignore_ament_install']
[0.680s] Level 1:colcon.colcon_core.package_identification:_identify(aws-robomaker-small-house-world/models/aws_robomaker_residential_DeskPortraitA_02/meshes) by extension 'ignore'
[0.680s] Level 1:colcon.colcon_core.package_identification:_identify(aws-robomaker-small-house-world/models/aws_robomaker_residential_DeskPortraitA_02/meshes) by extension 'ignore_ament_install'
[0.680s] Level 1:colcon.colcon_core.package_identification:_identify(aws-robomaker-small-house-world/models/aws_robomaker_residential_DeskPortraitA_02/meshes) by extensions ['colcon_pkg']
[0.680s] Level 1:colcon.colcon_core.package_identification:_identify(aws-robomaker-small-house-world/models/aws_robomaker_residential_DeskPortraitA_02/meshes) by extension 'colcon_pkg'
[0.680s] Level 1:colcon.colcon_core.package_identification:_identify(aws-robomaker-small-house-world/models/aws_robomaker_residential_DeskPortraitA_02/meshes) by extensions ['colcon_meta']
[0.680s] Level 1:colcon.colcon_core.package_identification:_identify(aws-robomaker-small-house-world/models/aws_robomaker_residential_DeskPortraitA_02/meshes) by extension 'colcon_meta'
[0.680s] Level 1:colcon.colcon_core.package_identification:_identify(aws-robomaker-small-house-world/models/aws_robomaker_residential_DeskPortraitA_02/meshes) by extensions ['ros']
[0.680s] Level 1:colcon.colcon_core.package_identification:_identify(aws-robomaker-small-house-world/models/aws_robomaker_residential_DeskPortraitA_02/meshes) by extension 'ros'
[0.680s] Level 1:colcon.colcon_core.package_identification:_identify(aws-robomaker-small-house-world/models/aws_robomaker_residential_DeskPortraitA_02/meshes) by extensions ['cmake', 'python']
[0.680s] Level 1:colcon.colcon_core.package_identification:_identify(aws-robomaker-small-house-world/models/aws_robomaker_residential_DeskPortraitA_02/meshes) by extension 'cmake'
[0.680s] Level 1:colcon.colcon_core.package_identification:_identify(aws-robomaker-small-house-world/models/aws_robomaker_residential_DeskPortraitA_02/meshes) by extension 'python'
[0.680s] Level 1:colcon.colcon_core.package_identification:_identify(aws-robomaker-small-house-world/models/aws_robomaker_residential_DeskPortraitA_02/meshes) by extensions ['python_setup_py']
[0.680s] Level 1:colcon.colcon_core.package_identification:_identify(aws-robomaker-small-house-world/models/aws_robomaker_residential_DeskPortraitA_02/meshes) by extension 'python_setup_py'
[0.681s] Level 1:colcon.colcon_core.package_identification:_identify(aws-robomaker-small-house-world/models/aws_robomaker_residential_DeskPortraitB_01) by extensions ['ignore', 'ignore_ament_install']
[0.681s] Level 1:colcon.colcon_core.package_identification:_identify(aws-robomaker-small-house-world/models/aws_robomaker_residential_DeskPortraitB_01) by extension 'ignore'
[0.681s] Level 1:colcon.colcon_core.package_identification:_identify(aws-robomaker-small-house-world/models/aws_robomaker_residential_DeskPortraitB_01) by extension 'ignore_ament_install'
[0.681s] Level 1:colcon.colcon_core.package_identification:_identify(aws-robomaker-small-house-world/models/aws_robomaker_residential_DeskPortraitB_01) by extensions ['colcon_pkg']
[0.681s] Level 1:colcon.colcon_core.package_identification:_identify(aws-robomaker-small-house-world/models/aws_robomaker_residential_DeskPortraitB_01) by extension 'colcon_pkg'
[0.681s] Level 1:colcon.colcon_core.package_identification:_identify(aws-robomaker-small-house-world/models/aws_robomaker_residential_DeskPortraitB_01) by extensions ['colcon_meta']
[0.681s] Level 1:colcon.colcon_core.package_identification:_identify(aws-robomaker-small-house-world/models/aws_robomaker_residential_DeskPortraitB_01) by extension 'colcon_meta'
[0.681s] Level 1:colcon.colcon_core.package_identification:_identify(aws-robomaker-small-house-world/models/aws_robomaker_residential_DeskPortraitB_01) by extensions ['ros']
[0.681s] Level 1:colcon.colcon_core.package_identification:_identify(aws-robomaker-small-house-world/models/aws_robomaker_residential_DeskPortraitB_01) by extension 'ros'
[0.681s] Level 1:colcon.colcon_core.package_identification:_identify(aws-robomaker-small-house-world/models/aws_robomaker_residential_DeskPortraitB_01) by extensions ['cmake', 'python']
[0.681s] Level 1:colcon.colcon_core.package_identification:_identify(aws-robomaker-small-house-world/models/aws_robomaker_residential_DeskPortraitB_01) by extension 'cmake'
[0.681s] Level 1:colcon.colcon_core.package_identification:_identify(aws-robomaker-small-house-world/models/aws_robomaker_residential_DeskPortraitB_01) by extension 'python'
[0.681s] Level 1:colcon.colcon_core.package_identification:_identify(aws-robomaker-small-house-world/models/aws_robomaker_residential_DeskPortraitB_01) by extensions ['python_setup_py']
[0.681s] Level 1:colcon.colcon_core.package_identification:_identify(aws-robomaker-small-house-world/models/aws_robomaker_residential_DeskPortraitB_01) by extension 'python_setup_py'
[0.681s] Level 1:colcon.colcon_core.package_identification:_identify(aws-robomaker-small-house-world/models/aws_robomaker_residential_DeskPortraitB_01/materials) by extensions ['ignore', 'ignore_ament_install']
[0.681s] Level 1:colcon.colcon_core.package_identification:_identify(aws-robomaker-small-house-world/models/aws_robomaker_residential_DeskPortraitB_01/materials) by extension 'ignore'
[0.681s] Level 1:colcon.colcon_core.package_identification:_identify(aws-robomaker-small-house-world/models/aws_robomaker_residential_DeskPortraitB_01/materials) by extension 'ignore_ament_install'
[0.681s] Level 1:colcon.colcon_core.package_identification:_identify(aws-robomaker-small-house-world/models/aws_robomaker_residential_DeskPortraitB_01/materials) by extensions ['colcon_pkg']
[0.682s] Level 1:colcon.colcon_core.package_identification:_identify(aws-robomaker-small-house-world/models/aws_robomaker_residential_DeskPortraitB_01/materials) by extension 'colcon_pkg'
[0.682s] Level 1:colcon.colcon_core.package_identification:_identify(aws-robomaker-small-house-world/models/aws_robomaker_residential_DeskPortraitB_01/materials) by extensions ['colcon_meta']
[0.682s] Level 1:colcon.colcon_core.package_identification:_identify(aws-robomaker-small-house-world/models/aws_robomaker_residential_DeskPortraitB_01/materials) by extension 'colcon_meta'
[0.682s] Level 1:colcon.colcon_core.package_identification:_identify(aws-robomaker-small-house-world/models/aws_robomaker_residential_DeskPortraitB_01/materials) by extensions ['ros']
[0.682s] Level 1:colcon.colcon_core.package_identification:_identify(aws-robomaker-small-house-world/models/aws_robomaker_residential_DeskPortraitB_01/materials) by extension 'ros'
[0.682s] Level 1:colcon.colcon_core.package_identification:_identify(aws-robomaker-small-house-world/models/aws_robomaker_residential_DeskPortraitB_01/materials) by extensions ['cmake', 'python']
[0.682s] Level 1:colcon.colcon_core.package_identification:_identify(aws-robomaker-small-house-world/models/aws_robomaker_residential_DeskPortraitB_01/materials) by extension 'cmake'
[0.682s] Level 1:colcon.colcon_core.package_identification:_identify(aws-robomaker-small-house-world/models/aws_robomaker_residential_DeskPortraitB_01/materials) by extension 'python'
[0.682s] Level 1:colcon.colcon_core.package_identification:_identify(aws-robomaker-small-house-world/models/aws_robomaker_residential_DeskPortraitB_01/materials) by extensions ['python_setup_py']
[0.682s] Level 1:colcon.colcon_core.package_identification:_identify(aws-robomaker-small-house-world/models/aws_robomaker_residential_DeskPortraitB_01/materials) by extension 'python_setup_py'
[0.682s] Level 1:colcon.colcon_core.package_identification:_identify(aws-robomaker-small-house-world/models/aws_robomaker_residential_DeskPortraitB_01/materials/textures) by extensions ['ignore', 'ignore_ament_install']
[0.682s] Level 1:colcon.colcon_core.package_identification:_identify(aws-robomaker-small-house-world/models/aws_robomaker_residential_DeskPortraitB_01/materials/textures) by extension 'ignore'
[0.682s] Level 1:colcon.colcon_core.package_identification:_identify(aws-robomaker-small-house-world/models/aws_robomaker_residential_DeskPortraitB_01/materials/textures) by extension 'ignore_ament_install'
[0.682s] Level 1:colcon.colcon_core.package_identification:_identify(aws-robomaker-small-house-world/models/aws_robomaker_residential_DeskPortraitB_01/materials/textures) by extensions ['colcon_pkg']
[0.682s] Level 1:colcon.colcon_core.package_identification:_identify(aws-robomaker-small-house-world/models/aws_robomaker_residential_DeskPortraitB_01/materials/textures) by extension 'colcon_pkg'
[0.682s] Level 1:colcon.colcon_core.package_identification:_identify(aws-robomaker-small-house-world/models/aws_robomaker_residential_DeskPortraitB_01/materials/textures) by extensions ['colcon_meta']
[0.682s] Level 1:colcon.colcon_core.package_identification:_identify(aws-robomaker-small-house-world/models/aws_robomaker_residential_DeskPortraitB_01/materials/textures) by extension 'colcon_meta'
[0.682s] Level 1:colcon.colcon_core.package_identification:_identify(aws-robomaker-small-house-world/models/aws_robomaker_residential_DeskPortraitB_01/materials/textures) by extensions ['ros']
[0.682s] Level 1:colcon.colcon_core.package_identification:_identify(aws-robomaker-small-house-world/models/aws_robomaker_residential_DeskPortraitB_01/materials/textures) by extension 'ros'
[0.682s] Level 1:colcon.colcon_core.package_identification:_identify(aws-robomaker-small-house-world/models/aws_robomaker_residential_DeskPortraitB_01/materials/textures) by extensions ['cmake', 'python']
[0.682s] Level 1:colcon.colcon_core.package_identification:_identify(aws-robomaker-small-house-world/models/aws_robomaker_residential_DeskPortraitB_01/materials/textures) by extension 'cmake'
[0.683s] Level 1:colcon.colcon_core.package_identification:_identify(aws-robomaker-small-house-world/models/aws_robomaker_residential_DeskPortraitB_01/materials/textures) by extension 'python'
[0.683s] Level 1:colcon.colcon_core.package_identification:_identify(aws-robomaker-small-house-world/models/aws_robomaker_residential_DeskPortraitB_01/materials/textures) by extensions ['python_setup_py']
[0.683s] Level 1:colcon.colcon_core.package_identification:_identify(aws-robomaker-small-house-world/models/aws_robomaker_residential_DeskPortraitB_01/materials/textures) by extension 'python_setup_py'
[0.683s] Level 1:colcon.colcon_core.package_identification:_identify(aws-robomaker-small-house-world/models/aws_robomaker_residential_DeskPortraitB_01/meshes) by extensions ['ignore', 'ignore_ament_install']
[0.683s] Level 1:colcon.colcon_core.package_identification:_identify(aws-robomaker-small-house-world/models/aws_robomaker_residential_DeskPortraitB_01/meshes) by extension 'ignore'
[0.683s] Level 1:colcon.colcon_core.package_identification:_identify(aws-robomaker-small-house-world/models/aws_robomaker_residential_DeskPortraitB_01/meshes) by extension 'ignore_ament_install'
[0.683s] Level 1:colcon.colcon_core.package_identification:_identify(aws-robomaker-small-house-world/models/aws_robomaker_residential_DeskPortraitB_01/meshes) by extensions ['colcon_pkg']
[0.683s] Level 1:colcon.colcon_core.package_identification:_identify(aws-robomaker-small-house-world/models/aws_robomaker_residential_DeskPortraitB_01/meshes) by extension 'colcon_pkg'
[0.683s] Level 1:colcon.colcon_core.package_identification:_identify(aws-robomaker-small-house-world/models/aws_robomaker_residential_DeskPortraitB_01/meshes) by extensions ['colcon_meta']
[0.683s] Level 1:colcon.colcon_core.package_identification:_identify(aws-robomaker-small-house-world/models/aws_robomaker_residential_DeskPortraitB_01/meshes) by extension 'colcon_meta'
[0.683s] Level 1:colcon.colcon_core.package_identification:_identify(aws-robomaker-small-house-world/models/aws_robomaker_residential_DeskPortraitB_01/meshes) by extensions ['ros']
[0.683s] Level 1:colcon.colcon_core.package_identification:_identify(aws-robomaker-small-house-world/models/aws_robomaker_residential_DeskPortraitB_01/meshes) by extension 'ros'
[0.683s] Level 1:colcon.colcon_core.package_identification:_identify(aws-robomaker-small-house-world/models/aws_robomaker_residential_DeskPortraitB_01/meshes) by extensions ['cmake', 'python']
[0.683s] Level 1:colcon.colcon_core.package_identification:_identify(aws-robomaker-small-house-world/models/aws_robomaker_residential_DeskPortraitB_01/meshes) by extension 'cmake'
[0.683s] Level 1:colcon.colcon_core.package_identification:_identify(aws-robomaker-small-house-world/models/aws_robomaker_residential_DeskPortraitB_01/meshes) by extension 'python'
[0.683s] Level 1:colcon.colcon_core.package_identification:_identify(aws-robomaker-small-house-world/models/aws_robomaker_residential_DeskPortraitB_01/meshes) by extensions ['python_setup_py']
[0.683s] Level 1:colcon.colcon_core.package_identification:_identify(aws-robomaker-small-house-world/models/aws_robomaker_residential_DeskPortraitB_01/meshes) by extension 'python_setup_py'
[0.683s] Level 1:colcon.colcon_core.package_identification:_identify(aws-robomaker-small-house-world/models/aws_robomaker_residential_DeskPortraitB_02) by extensions ['ignore', 'ignore_ament_install']
[0.683s] Level 1:colcon.colcon_core.package_identification:_identify(aws-robomaker-small-house-world/models/aws_robomaker_residential_DeskPortraitB_02) by extension 'ignore'
[0.683s] Level 1:colcon.colcon_core.package_identification:_identify(aws-robomaker-small-house-world/models/aws_robomaker_residential_DeskPortraitB_02) by extension 'ignore_ament_install'
[0.683s] Level 1:colcon.colcon_core.package_identification:_identify(aws-robomaker-small-house-world/models/aws_robomaker_residential_DeskPortraitB_02) by extensions ['colcon_pkg']
[0.683s] Level 1:colcon.colcon_core.package_identification:_identify(aws-robomaker-small-house-world/models/aws_robomaker_residential_DeskPortraitB_02) by extension 'colcon_pkg'
[0.683s] Level 1:colcon.colcon_core.package_identification:_identify(aws-robomaker-small-house-world/models/aws_robomaker_residential_DeskPortraitB_02) by extensions ['colcon_meta']
[0.683s] Level 1:colcon.colcon_core.package_identification:_identify(aws-robomaker-small-house-world/models/aws_robomaker_residential_DeskPortraitB_02) by extension 'colcon_meta'
[0.683s] Level 1:colcon.colcon_core.package_identification:_identify(aws-robomaker-small-house-world/models/aws_robomaker_residential_DeskPortraitB_02) by extensions ['ros']
[0.684s] Level 1:colcon.colcon_core.package_identification:_identify(aws-robomaker-small-house-world/models/aws_robomaker_residential_DeskPortraitB_02) by extension 'ros'
[0.684s] Level 1:colcon.colcon_core.package_identification:_identify(aws-robomaker-small-house-world/models/aws_robomaker_residential_DeskPortraitB_02) by extensions ['cmake', 'python']
[0.684s] Level 1:colcon.colcon_core.package_identification:_identify(aws-robomaker-small-house-world/models/aws_robomaker_residential_DeskPortraitB_02) by extension 'cmake'
[0.684s] Level 1:colcon.colcon_core.package_identification:_identify(aws-robomaker-small-house-world/models/aws_robomaker_residential_DeskPortraitB_02) by extension 'python'
[0.684s] Level 1:colcon.colcon_core.package_identification:_identify(aws-robomaker-small-house-world/models/aws_robomaker_residential_DeskPortraitB_02) by extensions ['python_setup_py']
[0.684s] Level 1:colcon.colcon_core.package_identification:_identify(aws-robomaker-small-house-world/models/aws_robomaker_residential_DeskPortraitB_02) by extension 'python_setup_py'
[0.684s] Level 1:colcon.colcon_core.package_identification:_identify(aws-robomaker-small-house-world/models/aws_robomaker_residential_DeskPortraitB_02/materials) by extensions ['ignore', 'ignore_ament_install']
[0.684s] Level 1:colcon.colcon_core.package_identification:_identify(aws-robomaker-small-house-world/models/aws_robomaker_residential_DeskPortraitB_02/materials) by extension 'ignore'
[0.684s] Level 1:colcon.colcon_core.package_identification:_identify(aws-robomaker-small-house-world/models/aws_robomaker_residential_DeskPortraitB_02/materials) by extension 'ignore_ament_install'
[0.684s] Level 1:colcon.colcon_core.package_identification:_identify(aws-robomaker-small-house-world/models/aws_robomaker_residential_DeskPortraitB_02/materials) by extensions ['colcon_pkg']
[0.684s] Level 1:colcon.colcon_core.package_identification:_identify(aws-robomaker-small-house-world/models/aws_robomaker_residential_DeskPortraitB_02/materials) by extension 'colcon_pkg'
[0.684s] Level 1:colcon.colcon_core.package_identification:_identify(aws-robomaker-small-house-world/models/aws_robomaker_residential_DeskPortraitB_02/materials) by extensions ['colcon_meta']
[0.684s] Level 1:colcon.colcon_core.package_identification:_identify(aws-robomaker-small-house-world/models/aws_robomaker_residential_DeskPortraitB_02/materials) by extension 'colcon_meta'
[0.684s] Level 1:colcon.colcon_core.package_identification:_identify(aws-robomaker-small-house-world/models/aws_robomaker_residential_DeskPortraitB_02/materials) by extensions ['ros']
[0.684s] Level 1:colcon.colcon_core.package_identification:_identify(aws-robomaker-small-house-world/models/aws_robomaker_residential_DeskPortraitB_02/materials) by extension 'ros'
[0.684s] Level 1:colcon.colcon_core.package_identification:_identify(aws-robomaker-small-house-world/models/aws_robomaker_residential_DeskPortraitB_02/materials) by extensions ['cmake', 'python']
[0.684s] Level 1:colcon.colcon_core.package_identification:_identify(aws-robomaker-small-house-world/models/aws_robomaker_residential_DeskPortraitB_02/materials) by extension 'cmake'
[0.684s] Level 1:colcon.colcon_core.package_identification:_identify(aws-robomaker-small-house-world/models/aws_robomaker_residential_DeskPortraitB_02/materials) by extension 'python'
[0.684s] Level 1:colcon.colcon_core.package_identification:_identify(aws-robomaker-small-house-world/models/aws_robomaker_residential_DeskPortraitB_02/materials) by extensions ['python_setup_py']
[0.684s] Level 1:colcon.colcon_core.package_identification:_identify(aws-robomaker-small-house-world/models/aws_robomaker_residential_DeskPortraitB_02/materials) by extension 'python_setup_py'
[0.685s] Level 1:colcon.colcon_core.package_identification:_identify(aws-robomaker-small-house-world/models/aws_robomaker_residential_DeskPortraitB_02/materials/textures) by extensions ['ignore', 'ignore_ament_install']
[0.685s] Level 1:colcon.colcon_core.package_identification:_identify(aws-robomaker-small-house-world/models/aws_robomaker_residential_DeskPortraitB_02/materials/textures) by extension 'ignore'
[0.685s] Level 1:colcon.colcon_core.package_identification:_identify(aws-robomaker-small-house-world/models/aws_robomaker_residential_DeskPortraitB_02/materials/textures) by extension 'ignore_ament_install'
[0.685s] Level 1:colcon.colcon_core.package_identification:_identify(aws-robomaker-small-house-world/models/aws_robomaker_residential_DeskPortraitB_02/materials/textures) by extensions ['colcon_pkg']
[0.685s] Level 1:colcon.colcon_core.package_identification:_identify(aws-robomaker-small-house-world/models/aws_robomaker_residential_DeskPortraitB_02/materials/textures) by extension 'colcon_pkg'
[0.685s] Level 1:colcon.colcon_core.package_identification:_identify(aws-robomaker-small-house-world/models/aws_robomaker_residential_DeskPortraitB_02/materials/textures) by extensions ['colcon_meta']
[0.685s] Level 1:colcon.colcon_core.package_identification:_identify(aws-robomaker-small-house-world/models/aws_robomaker_residential_DeskPortraitB_02/materials/textures) by extension 'colcon_meta'
[0.685s] Level 1:colcon.colcon_core.package_identification:_identify(aws-robomaker-small-house-world/models/aws_robomaker_residential_DeskPortraitB_02/materials/textures) by extensions ['ros']
[0.685s] Level 1:colcon.colcon_core.package_identification:_identify(aws-robomaker-small-house-world/models/aws_robomaker_residential_DeskPortraitB_02/materials/textures) by extension 'ros'
[0.685s] Level 1:colcon.colcon_core.package_identification:_identify(aws-robomaker-small-house-world/models/aws_robomaker_residential_DeskPortraitB_02/materials/textures) by extensions ['cmake', 'python']
[0.685s] Level 1:colcon.colcon_core.package_identification:_identify(aws-robomaker-small-house-world/models/aws_robomaker_residential_DeskPortraitB_02/materials/textures) by extension 'cmake'
[0.685s] Level 1:colcon.colcon_core.package_identification:_identify(aws-robomaker-small-house-world/models/aws_robomaker_residential_DeskPortraitB_02/materials/textures) by extension 'python'
[0.685s] Level 1:colcon.colcon_core.package_identification:_identify(aws-robomaker-small-house-world/models/aws_robomaker_residential_DeskPortraitB_02/materials/textures) by extensions ['python_setup_py']
[0.685s] Level 1:colcon.colcon_core.package_identification:_identify(aws-robomaker-small-house-world/models/aws_robomaker_residential_DeskPortraitB_02/materials/textures) by extension 'python_setup_py'
[0.685s] Level 1:colcon.colcon_core.package_identification:_identify(aws-robomaker-small-house-world/models/aws_robomaker_residential_DeskPortraitB_02/meshes) by extensions ['ignore', 'ignore_ament_install']
[0.685s] Level 1:colcon.colcon_core.package_identification:_identify(aws-robomaker-small-house-world/models/aws_robomaker_residential_DeskPortraitB_02/meshes) by extension 'ignore'
[0.685s] Level 1:colcon.colcon_core.package_identification:_identify(aws-robomaker-small-house-world/models/aws_robomaker_residential_DeskPortraitB_02/meshes) by extension 'ignore_ament_install'
[0.685s] Level 1:colcon.colcon_core.package_identification:_identify(aws-robomaker-small-house-world/models/aws_robomaker_residential_DeskPortraitB_02/meshes) by extensions ['colcon_pkg']
[0.685s] Level 1:colcon.colcon_core.package_identification:_identify(aws-robomaker-small-house-world/models/aws_robomaker_residential_DeskPortraitB_02/meshes) by extension 'colcon_pkg'
[0.685s] Level 1:colcon.colcon_core.package_identification:_identify(aws-robomaker-small-house-world/models/aws_robomaker_residential_DeskPortraitB_02/meshes) by extensions ['colcon_meta']
[0.685s] Level 1:colcon.colcon_core.package_identification:_identify(aws-robomaker-small-house-world/models/aws_robomaker_residential_DeskPortraitB_02/meshes) by extension 'colcon_meta'
[0.686s] Level 1:colcon.colcon_core.package_identification:_identify(aws-robomaker-small-house-world/models/aws_robomaker_residential_DeskPortraitB_02/meshes) by extensions ['ros']
[0.686s] Level 1:colcon.colcon_core.package_identification:_identify(aws-robomaker-small-house-world/models/aws_robomaker_residential_DeskPortraitB_02/meshes) by extension 'ros'
[0.686s] Level 1:colcon.colcon_core.package_identification:_identify(aws-robomaker-small-house-world/models/aws_robomaker_residential_DeskPortraitB_02/meshes) by extensions ['cmake', 'python']
[0.686s] Level 1:colcon.colcon_core.package_identification:_identify(aws-robomaker-small-house-world/models/aws_robomaker_residential_DeskPortraitB_02/meshes) by extension 'cmake'
[0.686s] Level 1:colcon.colcon_core.package_identification:_identify(aws-robomaker-small-house-world/models/aws_robomaker_residential_DeskPortraitB_02/meshes) by extension 'python'
[0.686s] Level 1:colcon.colcon_core.package_identification:_identify(aws-robomaker-small-house-world/models/aws_robomaker_residential_DeskPortraitB_02/meshes) by extensions ['python_setup_py']
[0.686s] Level 1:colcon.colcon_core.package_identification:_identify(aws-robomaker-small-house-world/models/aws_robomaker_residential_DeskPortraitB_02/meshes) by extension 'python_setup_py'
[0.686s] Level 1:colcon.colcon_core.package_identification:_identify(aws-robomaker-small-house-world/models/aws_robomaker_residential_DeskPortraitC_01) by extensions ['ignore', 'ignore_ament_install']
[0.686s] Level 1:colcon.colcon_core.package_identification:_identify(aws-robomaker-small-house-world/models/aws_robomaker_residential_DeskPortraitC_01) by extension 'ignore'
[0.686s] Level 1:colcon.colcon_core.package_identification:_identify(aws-robomaker-small-house-world/models/aws_robomaker_residential_DeskPortraitC_01) by extension 'ignore_ament_install'
[0.686s] Level 1:colcon.colcon_core.package_identification:_identify(aws-robomaker-small-house-world/models/aws_robomaker_residential_DeskPortraitC_01) by extensions ['colcon_pkg']
[0.686s] Level 1:colcon.colcon_core.package_identification:_identify(aws-robomaker-small-house-world/models/aws_robomaker_residential_DeskPortraitC_01) by extension 'colcon_pkg'
[0.686s] Level 1:colcon.colcon_core.package_identification:_identify(aws-robomaker-small-house-world/models/aws_robomaker_residential_DeskPortraitC_01) by extensions ['colcon_meta']
[0.686s] Level 1:colcon.colcon_core.package_identification:_identify(aws-robomaker-small-house-world/models/aws_robomaker_residential_DeskPortraitC_01) by extension 'colcon_meta'
[0.686s] Level 1:colcon.colcon_core.package_identification:_identify(aws-robomaker-small-house-world/models/aws_robomaker_residential_DeskPortraitC_01) by extensions ['ros']
[0.686s] Level 1:colcon.colcon_core.package_identification:_identify(aws-robomaker-small-house-world/models/aws_robomaker_residential_DeskPortraitC_01) by extension 'ros'
[0.686s] Level 1:colcon.colcon_core.package_identification:_identify(aws-robomaker-small-house-world/models/aws_robomaker_residential_DeskPortraitC_01) by extensions ['cmake', 'python']
[0.686s] Level 1:colcon.colcon_core.package_identification:_identify(aws-robomaker-small-house-world/models/aws_robomaker_residential_DeskPortraitC_01) by extension 'cmake'
[0.686s] Level 1:colcon.colcon_core.package_identification:_identify(aws-robomaker-small-house-world/models/aws_robomaker_residential_DeskPortraitC_01) by extension 'python'
[0.686s] Level 1:colcon.colcon_core.package_identification:_identify(aws-robomaker-small-house-world/models/aws_robomaker_residential_DeskPortraitC_01) by extensions ['python_setup_py']
[0.686s] Level 1:colcon.colcon_core.package_identification:_identify(aws-robomaker-small-house-world/models/aws_robomaker_residential_DeskPortraitC_01) by extension 'python_setup_py'
[0.686s] Level 1:colcon.colcon_core.package_identification:_identify(aws-robomaker-small-house-world/models/aws_robomaker_residential_DeskPortraitC_01/materials) by extensions ['ignore', 'ignore_ament_install']
[0.686s] Level 1:colcon.colcon_core.package_identification:_identify(aws-robomaker-small-house-world/models/aws_robomaker_residential_DeskPortraitC_01/materials) by extension 'ignore'
[0.686s] Level 1:colcon.colcon_core.package_identification:_identify(aws-robomaker-small-house-world/models/aws_robomaker_residential_DeskPortraitC_01/materials) by extension 'ignore_ament_install'
[0.687s] Level 1:colcon.colcon_core.package_identification:_identify(aws-robomaker-small-house-world/models/aws_robomaker_residential_DeskPortraitC_01/materials) by extensions ['colcon_pkg']
[0.687s] Level 1:colcon.colcon_core.package_identification:_identify(aws-robomaker-small-house-world/models/aws_robomaker_residential_DeskPortraitC_01/materials) by extension 'colcon_pkg'
[0.687s] Level 1:colcon.colcon_core.package_identification:_identify(aws-robomaker-small-house-world/models/aws_robomaker_residential_DeskPortraitC_01/materials) by extensions ['colcon_meta']
[0.687s] Level 1:colcon.colcon_core.package_identification:_identify(aws-robomaker-small-house-world/models/aws_robomaker_residential_DeskPortraitC_01/materials) by extension 'colcon_meta'
[0.687s] Level 1:colcon.colcon_core.package_identification:_identify(aws-robomaker-small-house-world/models/aws_robomaker_residential_DeskPortraitC_01/materials) by extensions ['ros']
[0.687s] Level 1:colcon.colcon_core.package_identification:_identify(aws-robomaker-small-house-world/models/aws_robomaker_residential_DeskPortraitC_01/materials) by extension 'ros'
[0.687s] Level 1:colcon.colcon_core.package_identification:_identify(aws-robomaker-small-house-world/models/aws_robomaker_residential_DeskPortraitC_01/materials) by extensions ['cmake', 'python']
[0.687s] Level 1:colcon.colcon_core.package_identification:_identify(aws-robomaker-small-house-world/models/aws_robomaker_residential_DeskPortraitC_01/materials) by extension 'cmake'
[0.687s] Level 1:colcon.colcon_core.package_identification:_identify(aws-robomaker-small-house-world/models/aws_robomaker_residential_DeskPortraitC_01/materials) by extension 'python'
[0.687s] Level 1:colcon.colcon_core.package_identification:_identify(aws-robomaker-small-house-world/models/aws_robomaker_residential_DeskPortraitC_01/materials) by extensions ['python_setup_py']
[0.687s] Level 1:colcon.colcon_core.package_identification:_identify(aws-robomaker-small-house-world/models/aws_robomaker_residential_DeskPortraitC_01/materials) by extension 'python_setup_py'
[0.687s] Level 1:colcon.colcon_core.package_identification:_identify(aws-robomaker-small-house-world/models/aws_robomaker_residential_DeskPortraitC_01/materials/textures) by extensions ['ignore', 'ignore_ament_install']
[0.687s] Level 1:colcon.colcon_core.package_identification:_identify(aws-robomaker-small-house-world/models/aws_robomaker_residential_DeskPortraitC_01/materials/textures) by extension 'ignore'
[0.687s] Level 1:colcon.colcon_core.package_identification:_identify(aws-robomaker-small-house-world/models/aws_robomaker_residential_DeskPortraitC_01/materials/textures) by extension 'ignore_ament_install'
[0.687s] Level 1:colcon.colcon_core.package_identification:_identify(aws-robomaker-small-house-world/models/aws_robomaker_residential_DeskPortraitC_01/materials/textures) by extensions ['colcon_pkg']
[0.687s] Level 1:colcon.colcon_core.package_identification:_identify(aws-robomaker-small-house-world/models/aws_robomaker_residential_DeskPortraitC_01/materials/textures) by extension 'colcon_pkg'
[0.687s] Level 1:colcon.colcon_core.package_identification:_identify(aws-robomaker-small-house-world/models/aws_robomaker_residential_DeskPortraitC_01/materials/textures) by extensions ['colcon_meta']
[0.687s] Level 1:colcon.colcon_core.package_identification:_identify(aws-robomaker-small-house-world/models/aws_robomaker_residential_DeskPortraitC_01/materials/textures) by extension 'colcon_meta'
[0.687s] Level 1:colcon.colcon_core.package_identification:_identify(aws-robomaker-small-house-world/models/aws_robomaker_residential_DeskPortraitC_01/materials/textures) by extensions ['ros']
[0.687s] Level 1:colcon.colcon_core.package_identification:_identify(aws-robomaker-small-house-world/models/aws_robomaker_residential_DeskPortraitC_01/materials/textures) by extension 'ros'
[0.687s] Level 1:colcon.colcon_core.package_identification:_identify(aws-robomaker-small-house-world/models/aws_robomaker_residential_DeskPortraitC_01/materials/textures) by extensions ['cmake', 'python']
[0.687s] Level 1:colcon.colcon_core.package_identification:_identify(aws-robomaker-small-house-world/models/aws_robomaker_residential_DeskPortraitC_01/materials/textures) by extension 'cmake'
[0.687s] Level 1:colcon.colcon_core.package_identification:_identify(aws-robomaker-small-house-world/models/aws_robomaker_residential_DeskPortraitC_01/materials/textures) by extension 'python'
[0.687s] Level 1:colcon.colcon_core.package_identification:_identify(aws-robomaker-small-house-world/models/aws_robomaker_residential_DeskPortraitC_01/materials/textures) by extensions ['python_setup_py']
[0.687s] Level 1:colcon.colcon_core.package_identification:_identify(aws-robomaker-small-house-world/models/aws_robomaker_residential_DeskPortraitC_01/materials/textures) by extension 'python_setup_py'
[0.688s] Level 1:colcon.colcon_core.package_identification:_identify(aws-robomaker-small-house-world/models/aws_robomaker_residential_DeskPortraitC_01/meshes) by extensions ['ignore', 'ignore_ament_install']
[0.688s] Level 1:colcon.colcon_core.package_identification:_identify(aws-robomaker-small-house-world/models/aws_robomaker_residential_DeskPortraitC_01/meshes) by extension 'ignore'
[0.688s] Level 1:colcon.colcon_core.package_identification:_identify(aws-robomaker-small-house-world/models/aws_robomaker_residential_DeskPortraitC_01/meshes) by extension 'ignore_ament_install'
[0.688s] Level 1:colcon.colcon_core.package_identification:_identify(aws-robomaker-small-house-world/models/aws_robomaker_residential_DeskPortraitC_01/meshes) by extensions ['colcon_pkg']
[0.688s] Level 1:colcon.colcon_core.package_identification:_identify(aws-robomaker-small-house-world/models/aws_robomaker_residential_DeskPortraitC_01/meshes) by extension 'colcon_pkg'
[0.688s] Level 1:colcon.colcon_core.package_identification:_identify(aws-robomaker-small-house-world/models/aws_robomaker_residential_DeskPortraitC_01/meshes) by extensions ['colcon_meta']
[0.688s] Level 1:colcon.colcon_core.package_identification:_identify(aws-robomaker-small-house-world/models/aws_robomaker_residential_DeskPortraitC_01/meshes) by extension 'colcon_meta'
[0.688s] Level 1:colcon.colcon_core.package_identification:_identify(aws-robomaker-small-house-world/models/aws_robomaker_residential_DeskPortraitC_01/meshes) by extensions ['ros']
[0.688s] Level 1:colcon.colcon_core.package_identification:_identify(aws-robomaker-small-house-world/models/aws_robomaker_residential_DeskPortraitC_01/meshes) by extension 'ros'
[0.688s] Level 1:colcon.colcon_core.package_identification:_identify(aws-robomaker-small-house-world/models/aws_robomaker_residential_DeskPortraitC_01/meshes) by extensions ['cmake', 'python']
[0.688s] Level 1:colcon.colcon_core.package_identification:_identify(aws-robomaker-small-house-world/models/aws_robomaker_residential_DeskPortraitC_01/meshes) by extension 'cmake'
[0.688s] Level 1:colcon.colcon_core.package_identification:_identify(aws-robomaker-small-house-world/models/aws_robomaker_residential_DeskPortraitC_01/meshes) by extension 'python'
[0.688s] Level 1:colcon.colcon_core.package_identification:_identify(aws-robomaker-small-house-world/models/aws_robomaker_residential_DeskPortraitC_01/meshes) by extensions ['python_setup_py']
[0.688s] Level 1:colcon.colcon_core.package_identification:_identify(aws-robomaker-small-house-world/models/aws_robomaker_residential_DeskPortraitC_01/meshes) by extension 'python_setup_py'
[0.688s] Level 1:colcon.colcon_core.package_identification:_identify(aws-robomaker-small-house-world/models/aws_robomaker_residential_DeskPortraitC_02) by extensions ['ignore', 'ignore_ament_install']
[0.688s] Level 1:colcon.colcon_core.package_identification:_identify(aws-robomaker-small-house-world/models/aws_robomaker_residential_DeskPortraitC_02) by extension 'ignore'
[0.688s] Level 1:colcon.colcon_core.package_identification:_identify(aws-robomaker-small-house-world/models/aws_robomaker_residential_DeskPortraitC_02) by extension 'ignore_ament_install'
[0.688s] Level 1:colcon.colcon_core.package_identification:_identify(aws-robomaker-small-house-world/models/aws_robomaker_residential_DeskPortraitC_02) by extensions ['colcon_pkg']
[0.688s] Level 1:colcon.colcon_core.package_identification:_identify(aws-robomaker-small-house-world/models/aws_robomaker_residential_DeskPortraitC_02) by extension 'colcon_pkg'
[0.688s] Level 1:colcon.colcon_core.package_identification:_identify(aws-robomaker-small-house-world/models/aws_robomaker_residential_DeskPortraitC_02) by extensions ['colcon_meta']
[0.688s] Level 1:colcon.colcon_core.package_identification:_identify(aws-robomaker-small-house-world/models/aws_robomaker_residential_DeskPortraitC_02) by extension 'colcon_meta'
[0.688s] Level 1:colcon.colcon_core.package_identification:_identify(aws-robomaker-small-house-world/models/aws_robomaker_residential_DeskPortraitC_02) by extensions ['ros']
[0.688s] Level 1:colcon.colcon_core.package_identification:_identify(aws-robomaker-small-house-world/models/aws_robomaker_residential_DeskPortraitC_02) by extension 'ros'
[0.688s] Level 1:colcon.colcon_core.package_identification:_identify(aws-robomaker-small-house-world/models/aws_robomaker_residential_DeskPortraitC_02) by extensions ['cmake', 'python']
[0.688s] Level 1:colcon.colcon_core.package_identification:_identify(aws-robomaker-small-house-world/models/aws_robomaker_residential_DeskPortraitC_02) by extension 'cmake'
[0.688s] Level 1:colcon.colcon_core.package_identification:_identify(aws-robomaker-small-house-world/models/aws_robomaker_residential_DeskPortraitC_02) by extension 'python'
[0.689s] Level 1:colcon.colcon_core.package_identification:_identify(aws-robomaker-small-house-world/models/aws_robomaker_residential_DeskPortraitC_02) by extensions ['python_setup_py']
[0.689s] Level 1:colcon.colcon_core.package_identification:_identify(aws-robomaker-small-house-world/models/aws_robomaker_residential_DeskPortraitC_02) by extension 'python_setup_py'
[0.689s] Level 1:colcon.colcon_core.package_identification:_identify(aws-robomaker-small-house-world/models/aws_robomaker_residential_DeskPortraitC_02/materials) by extensions ['ignore', 'ignore_ament_install']
[0.689s] Level 1:colcon.colcon_core.package_identification:_identify(aws-robomaker-small-house-world/models/aws_robomaker_residential_DeskPortraitC_02/materials) by extension 'ignore'
[0.689s] Level 1:colcon.colcon_core.package_identification:_identify(aws-robomaker-small-house-world/models/aws_robomaker_residential_DeskPortraitC_02/materials) by extension 'ignore_ament_install'
[0.689s] Level 1:colcon.colcon_core.package_identification:_identify(aws-robomaker-small-house-world/models/aws_robomaker_residential_DeskPortraitC_02/materials) by extensions ['colcon_pkg']
[0.689s] Level 1:colcon.colcon_core.package_identification:_identify(aws-robomaker-small-house-world/models/aws_robomaker_residential_DeskPortraitC_02/materials) by extension 'colcon_pkg'
[0.689s] Level 1:colcon.colcon_core.package_identification:_identify(aws-robomaker-small-house-world/models/aws_robomaker_residential_DeskPortraitC_02/materials) by extensions ['colcon_meta']
[0.689s] Level 1:colcon.colcon_core.package_identification:_identify(aws-robomaker-small-house-world/models/aws_robomaker_residential_DeskPortraitC_02/materials) by extension 'colcon_meta'
[0.689s] Level 1:colcon.colcon_core.package_identification:_identify(aws-robomaker-small-house-world/models/aws_robomaker_residential_DeskPortraitC_02/materials) by extensions ['ros']
[0.689s] Level 1:colcon.colcon_core.package_identification:_identify(aws-robomaker-small-house-world/models/aws_robomaker_residential_DeskPortraitC_02/materials) by extension 'ros'
[0.689s] Level 1:colcon.colcon_core.package_identification:_identify(aws-robomaker-small-house-world/models/aws_robomaker_residential_DeskPortraitC_02/materials) by extensions ['cmake', 'python']
[0.689s] Level 1:colcon.colcon_core.package_identification:_identify(aws-robomaker-small-house-world/models/aws_robomaker_residential_DeskPortraitC_02/materials) by extension 'cmake'
[0.689s] Level 1:colcon.colcon_core.package_identification:_identify(aws-robomaker-small-house-world/models/aws_robomaker_residential_DeskPortraitC_02/materials) by extension 'python'
[0.689s] Level 1:colcon.colcon_core.package_identification:_identify(aws-robomaker-small-house-world/models/aws_robomaker_residential_DeskPortraitC_02/materials) by extensions ['python_setup_py']
[0.689s] Level 1:colcon.colcon_core.package_identification:_identify(aws-robomaker-small-house-world/models/aws_robomaker_residential_DeskPortraitC_02/materials) by extension 'python_setup_py'
[0.689s] Level 1:colcon.colcon_core.package_identification:_identify(aws-robomaker-small-house-world/models/aws_robomaker_residential_DeskPortraitC_02/materials/textures) by extensions ['ignore', 'ignore_ament_install']
[0.690s] Level 1:colcon.colcon_core.package_identification:_identify(aws-robomaker-small-house-world/models/aws_robomaker_residential_DeskPortraitC_02/materials/textures) by extension 'ignore'
[0.690s] Level 1:colcon.colcon_core.package_identification:_identify(aws-robomaker-small-house-world/models/aws_robomaker_residential_DeskPortraitC_02/materials/textures) by extension 'ignore_ament_install'
[0.690s] Level 1:colcon.colcon_core.package_identification:_identify(aws-robomaker-small-house-world/models/aws_robomaker_residential_DeskPortraitC_02/materials/textures) by extensions ['colcon_pkg']
[0.690s] Level 1:colcon.colcon_core.package_identification:_identify(aws-robomaker-small-house-world/models/aws_robomaker_residential_DeskPortraitC_02/materials/textures) by extension 'colcon_pkg'
[0.690s] Level 1:colcon.colcon_core.package_identification:_identify(aws-robomaker-small-house-world/models/aws_robomaker_residential_DeskPortraitC_02/materials/textures) by extensions ['colcon_meta']
[0.690s] Level 1:colcon.colcon_core.package_identification:_identify(aws-robomaker-small-house-world/models/aws_robomaker_residential_DeskPortraitC_02/materials/textures) by extension 'colcon_meta'
[0.690s] Level 1:colcon.colcon_core.package_identification:_identify(aws-robomaker-small-house-world/models/aws_robomaker_residential_DeskPortraitC_02/materials/textures) by extensions ['ros']
[0.690s] Level 1:colcon.colcon_core.package_identification:_identify(aws-robomaker-small-house-world/models/aws_robomaker_residential_DeskPortraitC_02/materials/textures) by extension 'ros'
[0.690s] Level 1:colcon.colcon_core.package_identification:_identify(aws-robomaker-small-house-world/models/aws_robomaker_residential_DeskPortraitC_02/materials/textures) by extensions ['cmake', 'python']
[0.690s] Level 1:colcon.colcon_core.package_identification:_identify(aws-robomaker-small-house-world/models/aws_robomaker_residential_DeskPortraitC_02/materials/textures) by extension 'cmake'
[0.690s] Level 1:colcon.colcon_core.package_identification:_identify(aws-robomaker-small-house-world/models/aws_robomaker_residential_DeskPortraitC_02/materials/textures) by extension 'python'
[0.690s] Level 1:colcon.colcon_core.package_identification:_identify(aws-robomaker-small-house-world/models/aws_robomaker_residential_DeskPortraitC_02/materials/textures) by extensions ['python_setup_py']
[0.690s] Level 1:colcon.colcon_core.package_identification:_identify(aws-robomaker-small-house-world/models/aws_robomaker_residential_DeskPortraitC_02/materials/textures) by extension 'python_setup_py'
[0.690s] Level 1:colcon.colcon_core.package_identification:_identify(aws-robomaker-small-house-world/models/aws_robomaker_residential_DeskPortraitC_02/meshes) by extensions ['ignore', 'ignore_ament_install']
[0.690s] Level 1:colcon.colcon_core.package_identification:_identify(aws-robomaker-small-house-world/models/aws_robomaker_residential_DeskPortraitC_02/meshes) by extension 'ignore'
[0.690s] Level 1:colcon.colcon_core.package_identification:_identify(aws-robomaker-small-house-world/models/aws_robomaker_residential_DeskPortraitC_02/meshes) by extension 'ignore_ament_install'
[0.690s] Level 1:colcon.colcon_core.package_identification:_identify(aws-robomaker-small-house-world/models/aws_robomaker_residential_DeskPortraitC_02/meshes) by extensions ['colcon_pkg']
[0.690s] Level 1:colcon.colcon_core.package_identification:_identify(aws-robomaker-small-house-world/models/aws_robomaker_residential_DeskPortraitC_02/meshes) by extension 'colcon_pkg'
[0.690s] Level 1:colcon.colcon_core.package_identification:_identify(aws-robomaker-small-house-world/models/aws_robomaker_residential_DeskPortraitC_02/meshes) by extensions ['colcon_meta']
[0.690s] Level 1:colcon.colcon_core.package_identification:_identify(aws-robomaker-small-house-world/models/aws_robomaker_residential_DeskPortraitC_02/meshes) by extension 'colcon_meta'
[0.690s] Level 1:colcon.colcon_core.package_identification:_identify(aws-robomaker-small-house-world/models/aws_robomaker_residential_DeskPortraitC_02/meshes) by extensions ['ros']
[0.690s] Level 1:colcon.colcon_core.package_identification:_identify(aws-robomaker-small-house-world/models/aws_robomaker_residential_DeskPortraitC_02/meshes) by extension 'ros'
[0.690s] Level 1:colcon.colcon_core.package_identification:_identify(aws-robomaker-small-house-world/models/aws_robomaker_residential_DeskPortraitC_02/meshes) by extensions ['cmake', 'python']
[0.690s] Level 1:colcon.colcon_core.package_identification:_identify(aws-robomaker-small-house-world/models/aws_robomaker_residential_DeskPortraitC_02/meshes) by extension 'cmake'
[0.690s] Level 1:colcon.colcon_core.package_identification:_identify(aws-robomaker-small-house-world/models/aws_robomaker_residential_DeskPortraitC_02/meshes) by extension 'python'
[0.690s] Level 1:colcon.colcon_core.package_identification:_identify(aws-robomaker-small-house-world/models/aws_robomaker_residential_DeskPortraitC_02/meshes) by extensions ['python_setup_py']
[0.691s] Level 1:colcon.colcon_core.package_identification:_identify(aws-robomaker-small-house-world/models/aws_robomaker_residential_DeskPortraitC_02/meshes) by extension 'python_setup_py'
[0.691s] Level 1:colcon.colcon_core.package_identification:_identify(aws-robomaker-small-house-world/models/aws_robomaker_residential_DeskPortraitD_01) by extensions ['ignore', 'ignore_ament_install']
[0.691s] Level 1:colcon.colcon_core.package_identification:_identify(aws-robomaker-small-house-world/models/aws_robomaker_residential_DeskPortraitD_01) by extension 'ignore'
[0.691s] Level 1:colcon.colcon_core.package_identification:_identify(aws-robomaker-small-house-world/models/aws_robomaker_residential_DeskPortraitD_01) by extension 'ignore_ament_install'
[0.691s] Level 1:colcon.colcon_core.package_identification:_identify(aws-robomaker-small-house-world/models/aws_robomaker_residential_DeskPortraitD_01) by extensions ['colcon_pkg']
[0.691s] Level 1:colcon.colcon_core.package_identification:_identify(aws-robomaker-small-house-world/models/aws_robomaker_residential_DeskPortraitD_01) by extension 'colcon_pkg'
[0.691s] Level 1:colcon.colcon_core.package_identification:_identify(aws-robomaker-small-house-world/models/aws_robomaker_residential_DeskPortraitD_01) by extensions ['colcon_meta']
[0.691s] Level 1:colcon.colcon_core.package_identification:_identify(aws-robomaker-small-house-world/models/aws_robomaker_residential_DeskPortraitD_01) by extension 'colcon_meta'
[0.691s] Level 1:colcon.colcon_core.package_identification:_identify(aws-robomaker-small-house-world/models/aws_robomaker_residential_DeskPortraitD_01) by extensions ['ros']
[0.691s] Level 1:colcon.colcon_core.package_identification:_identify(aws-robomaker-small-house-world/models/aws_robomaker_residential_DeskPortraitD_01) by extension 'ros'
[0.691s] Level 1:colcon.colcon_core.package_identification:_identify(aws-robomaker-small-house-world/models/aws_robomaker_residential_DeskPortraitD_01) by extensions ['cmake', 'python']
[0.691s] Level 1:colcon.colcon_core.package_identification:_identify(aws-robomaker-small-house-world/models/aws_robomaker_residential_DeskPortraitD_01) by extension 'cmake'
[0.691s] Level 1:colcon.colcon_core.package_identification:_identify(aws-robomaker-small-house-world/models/aws_robomaker_residential_DeskPortraitD_01) by extension 'python'
[0.691s] Level 1:colcon.colcon_core.package_identification:_identify(aws-robomaker-small-house-world/models/aws_robomaker_residential_DeskPortraitD_01) by extensions ['python_setup_py']
[0.691s] Level 1:colcon.colcon_core.package_identification:_identify(aws-robomaker-small-house-world/models/aws_robomaker_residential_DeskPortraitD_01) by extension 'python_setup_py'
[0.691s] Level 1:colcon.colcon_core.package_identification:_identify(aws-robomaker-small-house-world/models/aws_robomaker_residential_DeskPortraitD_01/materials) by extensions ['ignore', 'ignore_ament_install']
[0.691s] Level 1:colcon.colcon_core.package_identification:_identify(aws-robomaker-small-house-world/models/aws_robomaker_residential_DeskPortraitD_01/materials) by extension 'ignore'
[0.691s] Level 1:colcon.colcon_core.package_identification:_identify(aws-robomaker-small-house-world/models/aws_robomaker_residential_DeskPortraitD_01/materials) by extension 'ignore_ament_install'
[0.691s] Level 1:colcon.colcon_core.package_identification:_identify(aws-robomaker-small-house-world/models/aws_robomaker_residential_DeskPortraitD_01/materials) by extensions ['colcon_pkg']
[0.691s] Level 1:colcon.colcon_core.package_identification:_identify(aws-robomaker-small-house-world/models/aws_robomaker_residential_DeskPortraitD_01/materials) by extension 'colcon_pkg'
[0.691s] Level 1:colcon.colcon_core.package_identification:_identify(aws-robomaker-small-house-world/models/aws_robomaker_residential_DeskPortraitD_01/materials) by extensions ['colcon_meta']
[0.692s] Level 1:colcon.colcon_core.package_identification:_identify(aws-robomaker-small-house-world/models/aws_robomaker_residential_DeskPortraitD_01/materials) by extension 'colcon_meta'
[0.692s] Level 1:colcon.colcon_core.package_identification:_identify(aws-robomaker-small-house-world/models/aws_robomaker_residential_DeskPortraitD_01/materials) by extensions ['ros']
[0.692s] Level 1:colcon.colcon_core.package_identification:_identify(aws-robomaker-small-house-world/models/aws_robomaker_residential_DeskPortraitD_01/materials) by extension 'ros'
[0.692s] Level 1:colcon.colcon_core.package_identification:_identify(aws-robomaker-small-house-world/models/aws_robomaker_residential_DeskPortraitD_01/materials) by extensions ['cmake', 'python']
[0.692s] Level 1:colcon.colcon_core.package_identification:_identify(aws-robomaker-small-house-world/models/aws_robomaker_residential_DeskPortraitD_01/materials) by extension 'cmake'
[0.692s] Level 1:colcon.colcon_core.package_identification:_identify(aws-robomaker-small-house-world/models/aws_robomaker_residential_DeskPortraitD_01/materials) by extension 'python'
[0.692s] Level 1:colcon.colcon_core.package_identification:_identify(aws-robomaker-small-house-world/models/aws_robomaker_residential_DeskPortraitD_01/materials) by extensions ['python_setup_py']
[0.692s] Level 1:colcon.colcon_core.package_identification:_identify(aws-robomaker-small-house-world/models/aws_robomaker_residential_DeskPortraitD_01/materials) by extension 'python_setup_py'
[0.692s] Level 1:colcon.colcon_core.package_identification:_identify(aws-robomaker-small-house-world/models/aws_robomaker_residential_DeskPortraitD_01/materials/textures) by extensions ['ignore', 'ignore_ament_install']
[0.692s] Level 1:colcon.colcon_core.package_identification:_identify(aws-robomaker-small-house-world/models/aws_robomaker_residential_DeskPortraitD_01/materials/textures) by extension 'ignore'
[0.692s] Level 1:colcon.colcon_core.package_identification:_identify(aws-robomaker-small-house-world/models/aws_robomaker_residential_DeskPortraitD_01/materials/textures) by extension 'ignore_ament_install'
[0.692s] Level 1:colcon.colcon_core.package_identification:_identify(aws-robomaker-small-house-world/models/aws_robomaker_residential_DeskPortraitD_01/materials/textures) by extensions ['colcon_pkg']
[0.692s] Level 1:colcon.colcon_core.package_identification:_identify(aws-robomaker-small-house-world/models/aws_robomaker_residential_DeskPortraitD_01/materials/textures) by extension 'colcon_pkg'
[0.692s] Level 1:colcon.colcon_core.package_identification:_identify(aws-robomaker-small-house-world/models/aws_robomaker_residential_DeskPortraitD_01/materials/textures) by extensions ['colcon_meta']
[0.692s] Level 1:colcon.colcon_core.package_identification:_identify(aws-robomaker-small-house-world/models/aws_robomaker_residential_DeskPortraitD_01/materials/textures) by extension 'colcon_meta'
[0.692s] Level 1:colcon.colcon_core.package_identification:_identify(aws-robomaker-small-house-world/models/aws_robomaker_residential_DeskPortraitD_01/materials/textures) by extensions ['ros']
[0.692s] Level 1:colcon.colcon_core.package_identification:_identify(aws-robomaker-small-house-world/models/aws_robomaker_residential_DeskPortraitD_01/materials/textures) by extension 'ros'
[0.692s] Level 1:colcon.colcon_core.package_identification:_identify(aws-robomaker-small-house-world/models/aws_robomaker_residential_DeskPortraitD_01/materials/textures) by extensions ['cmake', 'python']
[0.692s] Level 1:colcon.colcon_core.package_identification:_identify(aws-robomaker-small-house-world/models/aws_robomaker_residential_DeskPortraitD_01/materials/textures) by extension 'cmake'
[0.692s] Level 1:colcon.colcon_core.package_identification:_identify(aws-robomaker-small-house-world/models/aws_robomaker_residential_DeskPortraitD_01/materials/textures) by extension 'python'
[0.692s] Level 1:colcon.colcon_core.package_identification:_identify(aws-robomaker-small-house-world/models/aws_robomaker_residential_DeskPortraitD_01/materials/textures) by extensions ['python_setup_py']
[0.692s] Level 1:colcon.colcon_core.package_identification:_identify(aws-robomaker-small-house-world/models/aws_robomaker_residential_DeskPortraitD_01/materials/textures) by extension 'python_setup_py'
[0.693s] Level 1:colcon.colcon_core.package_identification:_identify(aws-robomaker-small-house-world/models/aws_robomaker_residential_DeskPortraitD_01/meshes) by extensions ['ignore', 'ignore_ament_install']
[0.693s] Level 1:colcon.colcon_core.package_identification:_identify(aws-robomaker-small-house-world/models/aws_robomaker_residential_DeskPortraitD_01/meshes) by extension 'ignore'
[0.693s] Level 1:colcon.colcon_core.package_identification:_identify(aws-robomaker-small-house-world/models/aws_robomaker_residential_DeskPortraitD_01/meshes) by extension 'ignore_ament_install'
[0.693s] Level 1:colcon.colcon_core.package_identification:_identify(aws-robomaker-small-house-world/models/aws_robomaker_residential_DeskPortraitD_01/meshes) by extensions ['colcon_pkg']
[0.693s] Level 1:colcon.colcon_core.package_identification:_identify(aws-robomaker-small-house-world/models/aws_robomaker_residential_DeskPortraitD_01/meshes) by extension 'colcon_pkg'
[0.693s] Level 1:colcon.colcon_core.package_identification:_identify(aws-robomaker-small-house-world/models/aws_robomaker_residential_DeskPortraitD_01/meshes) by extensions ['colcon_meta']
[0.693s] Level 1:colcon.colcon_core.package_identification:_identify(aws-robomaker-small-house-world/models/aws_robomaker_residential_DeskPortraitD_01/meshes) by extension 'colcon_meta'
[0.693s] Level 1:colcon.colcon_core.package_identification:_identify(aws-robomaker-small-house-world/models/aws_robomaker_residential_DeskPortraitD_01/meshes) by extensions ['ros']
[0.693s] Level 1:colcon.colcon_core.package_identification:_identify(aws-robomaker-small-house-world/models/aws_robomaker_residential_DeskPortraitD_01/meshes) by extension 'ros'
[0.693s] Level 1:colcon.colcon_core.package_identification:_identify(aws-robomaker-small-house-world/models/aws_robomaker_residential_DeskPortraitD_01/meshes) by extensions ['cmake', 'python']
[0.693s] Level 1:colcon.colcon_core.package_identification:_identify(aws-robomaker-small-house-world/models/aws_robomaker_residential_DeskPortraitD_01/meshes) by extension 'cmake'
[0.693s] Level 1:colcon.colcon_core.package_identification:_identify(aws-robomaker-small-house-world/models/aws_robomaker_residential_DeskPortraitD_01/meshes) by extension 'python'
[0.693s] Level 1:colcon.colcon_core.package_identification:_identify(aws-robomaker-small-house-world/models/aws_robomaker_residential_DeskPortraitD_01/meshes) by extensions ['python_setup_py']
[0.693s] Level 1:colcon.colcon_core.package_identification:_identify(aws-robomaker-small-house-world/models/aws_robomaker_residential_DeskPortraitD_01/meshes) by extension 'python_setup_py'
[0.693s] Level 1:colcon.colcon_core.package_identification:_identify(aws-robomaker-small-house-world/models/aws_robomaker_residential_DeskPortraitD_02) by extensions ['ignore', 'ignore_ament_install']
[0.693s] Level 1:colcon.colcon_core.package_identification:_identify(aws-robomaker-small-house-world/models/aws_robomaker_residential_DeskPortraitD_02) by extension 'ignore'
[0.693s] Level 1:colcon.colcon_core.package_identification:_identify(aws-robomaker-small-house-world/models/aws_robomaker_residential_DeskPortraitD_02) by extension 'ignore_ament_install'
[0.693s] Level 1:colcon.colcon_core.package_identification:_identify(aws-robomaker-small-house-world/models/aws_robomaker_residential_DeskPortraitD_02) by extensions ['colcon_pkg']
[0.693s] Level 1:colcon.colcon_core.package_identification:_identify(aws-robomaker-small-house-world/models/aws_robomaker_residential_DeskPortraitD_02) by extension 'colcon_pkg'
[0.693s] Level 1:colcon.colcon_core.package_identification:_identify(aws-robomaker-small-house-world/models/aws_robomaker_residential_DeskPortraitD_02) by extensions ['colcon_meta']
[0.693s] Level 1:colcon.colcon_core.package_identification:_identify(aws-robomaker-small-house-world/models/aws_robomaker_residential_DeskPortraitD_02) by extension 'colcon_meta'
[0.693s] Level 1:colcon.colcon_core.package_identification:_identify(aws-robomaker-small-house-world/models/aws_robomaker_residential_DeskPortraitD_02) by extensions ['ros']
[0.693s] Level 1:colcon.colcon_core.package_identification:_identify(aws-robomaker-small-house-world/models/aws_robomaker_residential_DeskPortraitD_02) by extension 'ros'
[0.693s] Level 1:colcon.colcon_core.package_identification:_identify(aws-robomaker-small-house-world/models/aws_robomaker_residential_DeskPortraitD_02) by extensions ['cmake', 'python']
[0.694s] Level 1:colcon.colcon_core.package_identification:_identify(aws-robomaker-small-house-world/models/aws_robomaker_residential_DeskPortraitD_02) by extension 'cmake'
[0.694s] Level 1:colcon.colcon_core.package_identification:_identify(aws-robomaker-small-house-world/models/aws_robomaker_residential_DeskPortraitD_02) by extension 'python'
[0.694s] Level 1:colcon.colcon_core.package_identification:_identify(aws-robomaker-small-house-world/models/aws_robomaker_residential_DeskPortraitD_02) by extensions ['python_setup_py']
[0.694s] Level 1:colcon.colcon_core.package_identification:_identify(aws-robomaker-small-house-world/models/aws_robomaker_residential_DeskPortraitD_02) by extension 'python_setup_py'
[0.694s] Level 1:colcon.colcon_core.package_identification:_identify(aws-robomaker-small-house-world/models/aws_robomaker_residential_DeskPortraitD_02/materials) by extensions ['ignore', 'ignore_ament_install']
[0.694s] Level 1:colcon.colcon_core.package_identification:_identify(aws-robomaker-small-house-world/models/aws_robomaker_residential_DeskPortraitD_02/materials) by extension 'ignore'
[0.694s] Level 1:colcon.colcon_core.package_identification:_identify(aws-robomaker-small-house-world/models/aws_robomaker_residential_DeskPortraitD_02/materials) by extension 'ignore_ament_install'
[0.694s] Level 1:colcon.colcon_core.package_identification:_identify(aws-robomaker-small-house-world/models/aws_robomaker_residential_DeskPortraitD_02/materials) by extensions ['colcon_pkg']
[0.694s] Level 1:colcon.colcon_core.package_identification:_identify(aws-robomaker-small-house-world/models/aws_robomaker_residential_DeskPortraitD_02/materials) by extension 'colcon_pkg'
[0.694s] Level 1:colcon.colcon_core.package_identification:_identify(aws-robomaker-small-house-world/models/aws_robomaker_residential_DeskPortraitD_02/materials) by extensions ['colcon_meta']
[0.694s] Level 1:colcon.colcon_core.package_identification:_identify(aws-robomaker-small-house-world/models/aws_robomaker_residential_DeskPortraitD_02/materials) by extension 'colcon_meta'
[0.694s] Level 1:colcon.colcon_core.package_identification:_identify(aws-robomaker-small-house-world/models/aws_robomaker_residential_DeskPortraitD_02/materials) by extensions ['ros']
[0.694s] Level 1:colcon.colcon_core.package_identification:_identify(aws-robomaker-small-house-world/models/aws_robomaker_residential_DeskPortraitD_02/materials) by extension 'ros'
[0.694s] Level 1:colcon.colcon_core.package_identification:_identify(aws-robomaker-small-house-world/models/aws_robomaker_residential_DeskPortraitD_02/materials) by extensions ['cmake', 'python']
[0.694s] Level 1:colcon.colcon_core.package_identification:_identify(aws-robomaker-small-house-world/models/aws_robomaker_residential_DeskPortraitD_02/materials) by extension 'cmake'
[0.694s] Level 1:colcon.colcon_core.package_identification:_identify(aws-robomaker-small-house-world/models/aws_robomaker_residential_DeskPortraitD_02/materials) by extension 'python'
[0.694s] Level 1:colcon.colcon_core.package_identification:_identify(aws-robomaker-small-house-world/models/aws_robomaker_residential_DeskPortraitD_02/materials) by extensions ['python_setup_py']
[0.694s] Level 1:colcon.colcon_core.package_identification:_identify(aws-robomaker-small-house-world/models/aws_robomaker_residential_DeskPortraitD_02/materials) by extension 'python_setup_py'
[0.694s] Level 1:colcon.colcon_core.package_identification:_identify(aws-robomaker-small-house-world/models/aws_robomaker_residential_DeskPortraitD_02/materials/textures) by extensions ['ignore', 'ignore_ament_install']
[0.694s] Level 1:colcon.colcon_core.package_identification:_identify(aws-robomaker-small-house-world/models/aws_robomaker_residential_DeskPortraitD_02/materials/textures) by extension 'ignore'
[0.694s] Level 1:colcon.colcon_core.package_identification:_identify(aws-robomaker-small-house-world/models/aws_robomaker_residential_DeskPortraitD_02/materials/textures) by extension 'ignore_ament_install'
[0.694s] Level 1:colcon.colcon_core.package_identification:_identify(aws-robomaker-small-house-world/models/aws_robomaker_residential_DeskPortraitD_02/materials/textures) by extensions ['colcon_pkg']
[0.694s] Level 1:colcon.colcon_core.package_identification:_identify(aws-robomaker-small-house-world/models/aws_robomaker_residential_DeskPortraitD_02/materials/textures) by extension 'colcon_pkg'
[0.694s] Level 1:colcon.colcon_core.package_identification:_identify(aws-robomaker-small-house-world/models/aws_robomaker_residential_DeskPortraitD_02/materials/textures) by extensions ['colcon_meta']
[0.694s] Level 1:colcon.colcon_core.package_identification:_identify(aws-robomaker-small-house-world/models/aws_robomaker_residential_DeskPortraitD_02/materials/textures) by extension 'colcon_meta'
[0.695s] Level 1:colcon.colcon_core.package_identification:_identify(aws-robomaker-small-house-world/models/aws_robomaker_residential_DeskPortraitD_02/materials/textures) by extensions ['ros']
[0.695s] Level 1:colcon.colcon_core.package_identification:_identify(aws-robomaker-small-house-world/models/aws_robomaker_residential_DeskPortraitD_02/materials/textures) by extension 'ros'
[0.695s] Level 1:colcon.colcon_core.package_identification:_identify(aws-robomaker-small-house-world/models/aws_robomaker_residential_DeskPortraitD_02/materials/textures) by extensions ['cmake', 'python']
[0.695s] Level 1:colcon.colcon_core.package_identification:_identify(aws-robomaker-small-house-world/models/aws_robomaker_residential_DeskPortraitD_02/materials/textures) by extension 'cmake'
[0.695s] Level 1:colcon.colcon_core.package_identification:_identify(aws-robomaker-small-house-world/models/aws_robomaker_residential_DeskPortraitD_02/materials/textures) by extension 'python'
[0.695s] Level 1:colcon.colcon_core.package_identification:_identify(aws-robomaker-small-house-world/models/aws_robomaker_residential_DeskPortraitD_02/materials/textures) by extensions ['python_setup_py']
[0.695s] Level 1:colcon.colcon_core.package_identification:_identify(aws-robomaker-small-house-world/models/aws_robomaker_residential_DeskPortraitD_02/materials/textures) by extension 'python_setup_py'
[0.695s] Level 1:colcon.colcon_core.package_identification:_identify(aws-robomaker-small-house-world/models/aws_robomaker_residential_DeskPortraitD_02/meshes) by extensions ['ignore', 'ignore_ament_install']
[0.695s] Level 1:colcon.colcon_core.package_identification:_identify(aws-robomaker-small-house-world/models/aws_robomaker_residential_DeskPortraitD_02/meshes) by extension 'ignore'
[0.695s] Level 1:colcon.colcon_core.package_identification:_identify(aws-robomaker-small-house-world/models/aws_robomaker_residential_DeskPortraitD_02/meshes) by extension 'ignore_ament_install'
[0.695s] Level 1:colcon.colcon_core.package_identification:_identify(aws-robomaker-small-house-world/models/aws_robomaker_residential_DeskPortraitD_02/meshes) by extensions ['colcon_pkg']
[0.695s] Level 1:colcon.colcon_core.package_identification:_identify(aws-robomaker-small-house-world/models/aws_robomaker_residential_DeskPortraitD_02/meshes) by extension 'colcon_pkg'
[0.695s] Level 1:colcon.colcon_core.package_identification:_identify(aws-robomaker-small-house-world/models/aws_robomaker_residential_DeskPortraitD_02/meshes) by extensions ['colcon_meta']
[0.695s] Level 1:colcon.colcon_core.package_identification:_identify(aws-robomaker-small-house-world/models/aws_robomaker_residential_DeskPortraitD_02/meshes) by extension 'colcon_meta'
[0.695s] Level 1:colcon.colcon_core.package_identification:_identify(aws-robomaker-small-house-world/models/aws_robomaker_residential_DeskPortraitD_02/meshes) by extensions ['ros']
[0.695s] Level 1:colcon.colcon_core.package_identification:_identify(aws-robomaker-small-house-world/models/aws_robomaker_residential_DeskPortraitD_02/meshes) by extension 'ros'
[0.695s] Level 1:colcon.colcon_core.package_identification:_identify(aws-robomaker-small-house-world/models/aws_robomaker_residential_DeskPortraitD_02/meshes) by extensions ['cmake', 'python']
[0.695s] Level 1:colcon.colcon_core.package_identification:_identify(aws-robomaker-small-house-world/models/aws_robomaker_residential_DeskPortraitD_02/meshes) by extension 'cmake'
[0.695s] Level 1:colcon.colcon_core.package_identification:_identify(aws-robomaker-small-house-world/models/aws_robomaker_residential_DeskPortraitD_02/meshes) by extension 'python'
[0.695s] Level 1:colcon.colcon_core.package_identification:_identify(aws-robomaker-small-house-world/models/aws_robomaker_residential_DeskPortraitD_02/meshes) by extensions ['python_setup_py']
[0.695s] Level 1:colcon.colcon_core.package_identification:_identify(aws-robomaker-small-house-world/models/aws_robomaker_residential_DeskPortraitD_02/meshes) by extension 'python_setup_py'
[0.695s] Level 1:colcon.colcon_core.package_identification:_identify(aws-robomaker-small-house-world/models/aws_robomaker_residential_DeskPortraitD_03) by extensions ['ignore', 'ignore_ament_install']
[0.695s] Level 1:colcon.colcon_core.package_identification:_identify(aws-robomaker-small-house-world/models/aws_robomaker_residential_DeskPortraitD_03) by extension 'ignore'
[0.695s] Level 1:colcon.colcon_core.package_identification:_identify(aws-robomaker-small-house-world/models/aws_robomaker_residential_DeskPortraitD_03) by extension 'ignore_ament_install'
[0.695s] Level 1:colcon.colcon_core.package_identification:_identify(aws-robomaker-small-house-world/models/aws_robomaker_residential_DeskPortraitD_03) by extensions ['colcon_pkg']
[0.696s] Level 1:colcon.colcon_core.package_identification:_identify(aws-robomaker-small-house-world/models/aws_robomaker_residential_DeskPortraitD_03) by extension 'colcon_pkg'
[0.696s] Level 1:colcon.colcon_core.package_identification:_identify(aws-robomaker-small-house-world/models/aws_robomaker_residential_DeskPortraitD_03) by extensions ['colcon_meta']
[0.696s] Level 1:colcon.colcon_core.package_identification:_identify(aws-robomaker-small-house-world/models/aws_robomaker_residential_DeskPortraitD_03) by extension 'colcon_meta'
[0.696s] Level 1:colcon.colcon_core.package_identification:_identify(aws-robomaker-small-house-world/models/aws_robomaker_residential_DeskPortraitD_03) by extensions ['ros']
[0.696s] Level 1:colcon.colcon_core.package_identification:_identify(aws-robomaker-small-house-world/models/aws_robomaker_residential_DeskPortraitD_03) by extension 'ros'
[0.696s] Level 1:colcon.colcon_core.package_identification:_identify(aws-robomaker-small-house-world/models/aws_robomaker_residential_DeskPortraitD_03) by extensions ['cmake', 'python']
[0.696s] Level 1:colcon.colcon_core.package_identification:_identify(aws-robomaker-small-house-world/models/aws_robomaker_residential_DeskPortraitD_03) by extension 'cmake'
[0.696s] Level 1:colcon.colcon_core.package_identification:_identify(aws-robomaker-small-house-world/models/aws_robomaker_residential_DeskPortraitD_03) by extension 'python'
[0.696s] Level 1:colcon.colcon_core.package_identification:_identify(aws-robomaker-small-house-world/models/aws_robomaker_residential_DeskPortraitD_03) by extensions ['python_setup_py']
[0.696s] Level 1:colcon.colcon_core.package_identification:_identify(aws-robomaker-small-house-world/models/aws_robomaker_residential_DeskPortraitD_03) by extension 'python_setup_py'
[0.696s] Level 1:colcon.colcon_core.package_identification:_identify(aws-robomaker-small-house-world/models/aws_robomaker_residential_DeskPortraitD_03/materials) by extensions ['ignore', 'ignore_ament_install']
[0.696s] Level 1:colcon.colcon_core.package_identification:_identify(aws-robomaker-small-house-world/models/aws_robomaker_residential_DeskPortraitD_03/materials) by extension 'ignore'
[0.696s] Level 1:colcon.colcon_core.package_identification:_identify(aws-robomaker-small-house-world/models/aws_robomaker_residential_DeskPortraitD_03/materials) by extension 'ignore_ament_install'
[0.696s] Level 1:colcon.colcon_core.package_identification:_identify(aws-robomaker-small-house-world/models/aws_robomaker_residential_DeskPortraitD_03/materials) by extensions ['colcon_pkg']
[0.696s] Level 1:colcon.colcon_core.package_identification:_identify(aws-robomaker-small-house-world/models/aws_robomaker_residential_DeskPortraitD_03/materials) by extension 'colcon_pkg'
[0.696s] Level 1:colcon.colcon_core.package_identification:_identify(aws-robomaker-small-house-world/models/aws_robomaker_residential_DeskPortraitD_03/materials) by extensions ['colcon_meta']
[0.696s] Level 1:colcon.colcon_core.package_identification:_identify(aws-robomaker-small-house-world/models/aws_robomaker_residential_DeskPortraitD_03/materials) by extension 'colcon_meta'
[0.696s] Level 1:colcon.colcon_core.package_identification:_identify(aws-robomaker-small-house-world/models/aws_robomaker_residential_DeskPortraitD_03/materials) by extensions ['ros']
[0.696s] Level 1:colcon.colcon_core.package_identification:_identify(aws-robomaker-small-house-world/models/aws_robomaker_residential_DeskPortraitD_03/materials) by extension 'ros'
[0.696s] Level 1:colcon.colcon_core.package_identification:_identify(aws-robomaker-small-house-world/models/aws_robomaker_residential_DeskPortraitD_03/materials) by extensions ['cmake', 'python']
[0.696s] Level 1:colcon.colcon_core.package_identification:_identify(aws-robomaker-small-house-world/models/aws_robomaker_residential_DeskPortraitD_03/materials) by extension 'cmake'
[0.696s] Level 1:colcon.colcon_core.package_identification:_identify(aws-robomaker-small-house-world/models/aws_robomaker_residential_DeskPortraitD_03/materials) by extension 'python'
[0.697s] Level 1:colcon.colcon_core.package_identification:_identify(aws-robomaker-small-house-world/models/aws_robomaker_residential_DeskPortraitD_03/materials) by extensions ['python_setup_py']
[0.697s] Level 1:colcon.colcon_core.package_identification:_identify(aws-robomaker-small-house-world/models/aws_robomaker_residential_DeskPortraitD_03/materials) by extension 'python_setup_py'
[0.697s] Level 1:colcon.colcon_core.package_identification:_identify(aws-robomaker-small-house-world/models/aws_robomaker_residential_DeskPortraitD_03/materials/textures) by extensions ['ignore', 'ignore_ament_install']
[0.697s] Level 1:colcon.colcon_core.package_identification:_identify(aws-robomaker-small-house-world/models/aws_robomaker_residential_DeskPortraitD_03/materials/textures) by extension 'ignore'
[0.697s] Level 1:colcon.colcon_core.package_identification:_identify(aws-robomaker-small-house-world/models/aws_robomaker_residential_DeskPortraitD_03/materials/textures) by extension 'ignore_ament_install'
[0.697s] Level 1:colcon.colcon_core.package_identification:_identify(aws-robomaker-small-house-world/models/aws_robomaker_residential_DeskPortraitD_03/materials/textures) by extensions ['colcon_pkg']
[0.697s] Level 1:colcon.colcon_core.package_identification:_identify(aws-robomaker-small-house-world/models/aws_robomaker_residential_DeskPortraitD_03/materials/textures) by extension 'colcon_pkg'
[0.697s] Level 1:colcon.colcon_core.package_identification:_identify(aws-robomaker-small-house-world/models/aws_robomaker_residential_DeskPortraitD_03/materials/textures) by extensions ['colcon_meta']
[0.697s] Level 1:colcon.colcon_core.package_identification:_identify(aws-robomaker-small-house-world/models/aws_robomaker_residential_DeskPortraitD_03/materials/textures) by extension 'colcon_meta'
[0.697s] Level 1:colcon.colcon_core.package_identification:_identify(aws-robomaker-small-house-world/models/aws_robomaker_residential_DeskPortraitD_03/materials/textures) by extensions ['ros']
[0.697s] Level 1:colcon.colcon_core.package_identification:_identify(aws-robomaker-small-house-world/models/aws_robomaker_residential_DeskPortraitD_03/materials/textures) by extension 'ros'
[0.697s] Level 1:colcon.colcon_core.package_identification:_identify(aws-robomaker-small-house-world/models/aws_robomaker_residential_DeskPortraitD_03/materials/textures) by extensions ['cmake', 'python']
[0.697s] Level 1:colcon.colcon_core.package_identification:_identify(aws-robomaker-small-house-world/models/aws_robomaker_residential_DeskPortraitD_03/materials/textures) by extension 'cmake'
[0.697s] Level 1:colcon.colcon_core.package_identification:_identify(aws-robomaker-small-house-world/models/aws_robomaker_residential_DeskPortraitD_03/materials/textures) by extension 'python'
[0.697s] Level 1:colcon.colcon_core.package_identification:_identify(aws-robomaker-small-house-world/models/aws_robomaker_residential_DeskPortraitD_03/materials/textures) by extensions ['python_setup_py']
[0.697s] Level 1:colcon.colcon_core.package_identification:_identify(aws-robomaker-small-house-world/models/aws_robomaker_residential_DeskPortraitD_03/materials/textures) by extension 'python_setup_py'
[0.697s] Level 1:colcon.colcon_core.package_identification:_identify(aws-robomaker-small-house-world/models/aws_robomaker_residential_DeskPortraitD_03/meshes) by extensions ['ignore', 'ignore_ament_install']
[0.697s] Level 1:colcon.colcon_core.package_identification:_identify(aws-robomaker-small-house-world/models/aws_robomaker_residential_DeskPortraitD_03/meshes) by extension 'ignore'
[0.697s] Level 1:colcon.colcon_core.package_identification:_identify(aws-robomaker-small-house-world/models/aws_robomaker_residential_DeskPortraitD_03/meshes) by extension 'ignore_ament_install'
[0.697s] Level 1:colcon.colcon_core.package_identification:_identify(aws-robomaker-small-house-world/models/aws_robomaker_residential_DeskPortraitD_03/meshes) by extensions ['colcon_pkg']
[0.697s] Level 1:colcon.colcon_core.package_identification:_identify(aws-robomaker-small-house-world/models/aws_robomaker_residential_DeskPortraitD_03/meshes) by extension 'colcon_pkg'
[0.698s] Level 1:colcon.colcon_core.package_identification:_identify(aws-robomaker-small-house-world/models/aws_robomaker_residential_DeskPortraitD_03/meshes) by extensions ['colcon_meta']
[0.698s] Level 1:colcon.colcon_core.package_identification:_identify(aws-robomaker-small-house-world/models/aws_robomaker_residential_DeskPortraitD_03/meshes) by extension 'colcon_meta'
[0.698s] Level 1:colcon.colcon_core.package_identification:_identify(aws-robomaker-small-house-world/models/aws_robomaker_residential_DeskPortraitD_03/meshes) by extensions ['ros']
[0.698s] Level 1:colcon.colcon_core.package_identification:_identify(aws-robomaker-small-house-world/models/aws_robomaker_residential_DeskPortraitD_03/meshes) by extension 'ros'
[0.698s] Level 1:colcon.colcon_core.package_identification:_identify(aws-robomaker-small-house-world/models/aws_robomaker_residential_DeskPortraitD_03/meshes) by extensions ['cmake', 'python']
[0.698s] Level 1:colcon.colcon_core.package_identification:_identify(aws-robomaker-small-house-world/models/aws_robomaker_residential_DeskPortraitD_03/meshes) by extension 'cmake'
[0.698s] Level 1:colcon.colcon_core.package_identification:_identify(aws-robomaker-small-house-world/models/aws_robomaker_residential_DeskPortraitD_03/meshes) by extension 'python'
[0.698s] Level 1:colcon.colcon_core.package_identification:_identify(aws-robomaker-small-house-world/models/aws_robomaker_residential_DeskPortraitD_03/meshes) by extensions ['python_setup_py']
[0.698s] Level 1:colcon.colcon_core.package_identification:_identify(aws-robomaker-small-house-world/models/aws_robomaker_residential_DeskPortraitD_03/meshes) by extension 'python_setup_py'
[0.698s] Level 1:colcon.colcon_core.package_identification:_identify(aws-robomaker-small-house-world/models/aws_robomaker_residential_DeskPortraitD_04) by extensions ['ignore', 'ignore_ament_install']
[0.698s] Level 1:colcon.colcon_core.package_identification:_identify(aws-robomaker-small-house-world/models/aws_robomaker_residential_DeskPortraitD_04) by extension 'ignore'
[0.698s] Level 1:colcon.colcon_core.package_identification:_identify(aws-robomaker-small-house-world/models/aws_robomaker_residential_DeskPortraitD_04) by extension 'ignore_ament_install'
[0.698s] Level 1:colcon.colcon_core.package_identification:_identify(aws-robomaker-small-house-world/models/aws_robomaker_residential_DeskPortraitD_04) by extensions ['colcon_pkg']
[0.698s] Level 1:colcon.colcon_core.package_identification:_identify(aws-robomaker-small-house-world/models/aws_robomaker_residential_DeskPortraitD_04) by extension 'colcon_pkg'
[0.698s] Level 1:colcon.colcon_core.package_identification:_identify(aws-robomaker-small-house-world/models/aws_robomaker_residential_DeskPortraitD_04) by extensions ['colcon_meta']
[0.698s] Level 1:colcon.colcon_core.package_identification:_identify(aws-robomaker-small-house-world/models/aws_robomaker_residential_DeskPortraitD_04) by extension 'colcon_meta'
[0.698s] Level 1:colcon.colcon_core.package_identification:_identify(aws-robomaker-small-house-world/models/aws_robomaker_residential_DeskPortraitD_04) by extensions ['ros']
[0.698s] Level 1:colcon.colcon_core.package_identification:_identify(aws-robomaker-small-house-world/models/aws_robomaker_residential_DeskPortraitD_04) by extension 'ros'
[0.698s] Level 1:colcon.colcon_core.package_identification:_identify(aws-robomaker-small-house-world/models/aws_robomaker_residential_DeskPortraitD_04) by extensions ['cmake', 'python']
[0.698s] Level 1:colcon.colcon_core.package_identification:_identify(aws-robomaker-small-house-world/models/aws_robomaker_residential_DeskPortraitD_04) by extension 'cmake'
[0.698s] Level 1:colcon.colcon_core.package_identification:_identify(aws-robomaker-small-house-world/models/aws_robomaker_residential_DeskPortraitD_04) by extension 'python'
[0.698s] Level 1:colcon.colcon_core.package_identification:_identify(aws-robomaker-small-house-world/models/aws_robomaker_residential_DeskPortraitD_04) by extensions ['python_setup_py']
[0.698s] Level 1:colcon.colcon_core.package_identification:_identify(aws-robomaker-small-house-world/models/aws_robomaker_residential_DeskPortraitD_04) by extension 'python_setup_py'
[0.699s] Level 1:colcon.colcon_core.package_identification:_identify(aws-robomaker-small-house-world/models/aws_robomaker_residential_DeskPortraitD_04/materials) by extensions ['ignore', 'ignore_ament_install']
[0.699s] Level 1:colcon.colcon_core.package_identification:_identify(aws-robomaker-small-house-world/models/aws_robomaker_residential_DeskPortraitD_04/materials) by extension 'ignore'
[0.699s] Level 1:colcon.colcon_core.package_identification:_identify(aws-robomaker-small-house-world/models/aws_robomaker_residential_DeskPortraitD_04/materials) by extension 'ignore_ament_install'
[0.699s] Level 1:colcon.colcon_core.package_identification:_identify(aws-robomaker-small-house-world/models/aws_robomaker_residential_DeskPortraitD_04/materials) by extensions ['colcon_pkg']
[0.699s] Level 1:colcon.colcon_core.package_identification:_identify(aws-robomaker-small-house-world/models/aws_robomaker_residential_DeskPortraitD_04/materials) by extension 'colcon_pkg'
[0.699s] Level 1:colcon.colcon_core.package_identification:_identify(aws-robomaker-small-house-world/models/aws_robomaker_residential_DeskPortraitD_04/materials) by extensions ['colcon_meta']
[0.699s] Level 1:colcon.colcon_core.package_identification:_identify(aws-robomaker-small-house-world/models/aws_robomaker_residential_DeskPortraitD_04/materials) by extension 'colcon_meta'
[0.699s] Level 1:colcon.colcon_core.package_identification:_identify(aws-robomaker-small-house-world/models/aws_robomaker_residential_DeskPortraitD_04/materials) by extensions ['ros']
[0.699s] Level 1:colcon.colcon_core.package_identification:_identify(aws-robomaker-small-house-world/models/aws_robomaker_residential_DeskPortraitD_04/materials) by extension 'ros'
[0.699s] Level 1:colcon.colcon_core.package_identification:_identify(aws-robomaker-small-house-world/models/aws_robomaker_residential_DeskPortraitD_04/materials) by extensions ['cmake', 'python']
[0.699s] Level 1:colcon.colcon_core.package_identification:_identify(aws-robomaker-small-house-world/models/aws_robomaker_residential_DeskPortraitD_04/materials) by extension 'cmake'
[0.699s] Level 1:colcon.colcon_core.package_identification:_identify(aws-robomaker-small-house-world/models/aws_robomaker_residential_DeskPortraitD_04/materials) by extension 'python'
[0.699s] Level 1:colcon.colcon_core.package_identification:_identify(aws-robomaker-small-house-world/models/aws_robomaker_residential_DeskPortraitD_04/materials) by extensions ['python_setup_py']
[0.699s] Level 1:colcon.colcon_core.package_identification:_identify(aws-robomaker-small-house-world/models/aws_robomaker_residential_DeskPortraitD_04/materials) by extension 'python_setup_py'
[0.699s] Level 1:colcon.colcon_core.package_identification:_identify(aws-robomaker-small-house-world/models/aws_robomaker_residential_DeskPortraitD_04/materials/textures) by extensions ['ignore', 'ignore_ament_install']
[0.699s] Level 1:colcon.colcon_core.package_identification:_identify(aws-robomaker-small-house-world/models/aws_robomaker_residential_DeskPortraitD_04/materials/textures) by extension 'ignore'
[0.699s] Level 1:colcon.colcon_core.package_identification:_identify(aws-robomaker-small-house-world/models/aws_robomaker_residential_DeskPortraitD_04/materials/textures) by extension 'ignore_ament_install'
[0.699s] Level 1:colcon.colcon_core.package_identification:_identify(aws-robomaker-small-house-world/models/aws_robomaker_residential_DeskPortraitD_04/materials/textures) by extensions ['colcon_pkg']
[0.699s] Level 1:colcon.colcon_core.package_identification:_identify(aws-robomaker-small-house-world/models/aws_robomaker_residential_DeskPortraitD_04/materials/textures) by extension 'colcon_pkg'
[0.700s] Level 1:colcon.colcon_core.package_identification:_identify(aws-robomaker-small-house-world/models/aws_robomaker_residential_DeskPortraitD_04/materials/textures) by extensions ['colcon_meta']
[0.700s] Level 1:colcon.colcon_core.package_identification:_identify(aws-robomaker-small-house-world/models/aws_robomaker_residential_DeskPortraitD_04/materials/textures) by extension 'colcon_meta'
[0.700s] Level 1:colcon.colcon_core.package_identification:_identify(aws-robomaker-small-house-world/models/aws_robomaker_residential_DeskPortraitD_04/materials/textures) by extensions ['ros']
[0.700s] Level 1:colcon.colcon_core.package_identification:_identify(aws-robomaker-small-house-world/models/aws_robomaker_residential_DeskPortraitD_04/materials/textures) by extension 'ros'
[0.700s] Level 1:colcon.colcon_core.package_identification:_identify(aws-robomaker-small-house-world/models/aws_robomaker_residential_DeskPortraitD_04/materials/textures) by extensions ['cmake', 'python']
[0.700s] Level 1:colcon.colcon_core.package_identification:_identify(aws-robomaker-small-house-world/models/aws_robomaker_residential_DeskPortraitD_04/materials/textures) by extension 'cmake'
[0.700s] Level 1:colcon.colcon_core.package_identification:_identify(aws-robomaker-small-house-world/models/aws_robomaker_residential_DeskPortraitD_04/materials/textures) by extension 'python'
[0.700s] Level 1:colcon.colcon_core.package_identification:_identify(aws-robomaker-small-house-world/models/aws_robomaker_residential_DeskPortraitD_04/materials/textures) by extensions ['python_setup_py']
[0.700s] Level 1:colcon.colcon_core.package_identification:_identify(aws-robomaker-small-house-world/models/aws_robomaker_residential_DeskPortraitD_04/materials/textures) by extension 'python_setup_py'
[0.700s] Level 1:colcon.colcon_core.package_identification:_identify(aws-robomaker-small-house-world/models/aws_robomaker_residential_DeskPortraitD_04/meshes) by extensions ['ignore', 'ignore_ament_install']
[0.700s] Level 1:colcon.colcon_core.package_identification:_identify(aws-robomaker-small-house-world/models/aws_robomaker_residential_DeskPortraitD_04/meshes) by extension 'ignore'
[0.700s] Level 1:colcon.colcon_core.package_identification:_identify(aws-robomaker-small-house-world/models/aws_robomaker_residential_DeskPortraitD_04/meshes) by extension 'ignore_ament_install'
[0.700s] Level 1:colcon.colcon_core.package_identification:_identify(aws-robomaker-small-house-world/models/aws_robomaker_residential_DeskPortraitD_04/meshes) by extensions ['colcon_pkg']
[0.700s] Level 1:colcon.colcon_core.package_identification:_identify(aws-robomaker-small-house-world/models/aws_robomaker_residential_DeskPortraitD_04/meshes) by extension 'colcon_pkg'
[0.700s] Level 1:colcon.colcon_core.package_identification:_identify(aws-robomaker-small-house-world/models/aws_robomaker_residential_DeskPortraitD_04/meshes) by extensions ['colcon_meta']
[0.700s] Level 1:colcon.colcon_core.package_identification:_identify(aws-robomaker-small-house-world/models/aws_robomaker_residential_DeskPortraitD_04/meshes) by extension 'colcon_meta'
[0.700s] Level 1:colcon.colcon_core.package_identification:_identify(aws-robomaker-small-house-world/models/aws_robomaker_residential_DeskPortraitD_04/meshes) by extensions ['ros']
[0.700s] Level 1:colcon.colcon_core.package_identification:_identify(aws-robomaker-small-house-world/models/aws_robomaker_residential_DeskPortraitD_04/meshes) by extension 'ros'
[0.700s] Level 1:colcon.colcon_core.package_identification:_identify(aws-robomaker-small-house-world/models/aws_robomaker_residential_DeskPortraitD_04/meshes) by extensions ['cmake', 'python']
[0.700s] Level 1:colcon.colcon_core.package_identification:_identify(aws-robomaker-small-house-world/models/aws_robomaker_residential_DeskPortraitD_04/meshes) by extension 'cmake'
[0.700s] Level 1:colcon.colcon_core.package_identification:_identify(aws-robomaker-small-house-world/models/aws_robomaker_residential_DeskPortraitD_04/meshes) by extension 'python'
[0.700s] Level 1:colcon.colcon_core.package_identification:_identify(aws-robomaker-small-house-world/models/aws_robomaker_residential_DeskPortraitD_04/meshes) by extensions ['python_setup_py']
[0.700s] Level 1:colcon.colcon_core.package_identification:_identify(aws-robomaker-small-house-world/models/aws_robomaker_residential_DeskPortraitD_04/meshes) by extension 'python_setup_py'
[0.700s] Level 1:colcon.colcon_core.package_identification:_identify(aws-robomaker-small-house-world/models/aws_robomaker_residential_Door_01) by extensions ['ignore', 'ignore_ament_install']
[0.700s] Level 1:colcon.colcon_core.package_identification:_identify(aws-robomaker-small-house-world/models/aws_robomaker_residential_Door_01) by extension 'ignore'
[0.700s] Level 1:colcon.colcon_core.package_identification:_identify(aws-robomaker-small-house-world/models/aws_robomaker_residential_Door_01) by extension 'ignore_ament_install'
[0.701s] Level 1:colcon.colcon_core.package_identification:_identify(aws-robomaker-small-house-world/models/aws_robomaker_residential_Door_01) by extensions ['colcon_pkg']
[0.701s] Level 1:colcon.colcon_core.package_identification:_identify(aws-robomaker-small-house-world/models/aws_robomaker_residential_Door_01) by extension 'colcon_pkg'
[0.701s] Level 1:colcon.colcon_core.package_identification:_identify(aws-robomaker-small-house-world/models/aws_robomaker_residential_Door_01) by extensions ['colcon_meta']
[0.701s] Level 1:colcon.colcon_core.package_identification:_identify(aws-robomaker-small-house-world/models/aws_robomaker_residential_Door_01) by extension 'colcon_meta'
[0.701s] Level 1:colcon.colcon_core.package_identification:_identify(aws-robomaker-small-house-world/models/aws_robomaker_residential_Door_01) by extensions ['ros']
[0.701s] Level 1:colcon.colcon_core.package_identification:_identify(aws-robomaker-small-house-world/models/aws_robomaker_residential_Door_01) by extension 'ros'
[0.701s] Level 1:colcon.colcon_core.package_identification:_identify(aws-robomaker-small-house-world/models/aws_robomaker_residential_Door_01) by extensions ['cmake', 'python']
[0.701s] Level 1:colcon.colcon_core.package_identification:_identify(aws-robomaker-small-house-world/models/aws_robomaker_residential_Door_01) by extension 'cmake'
[0.701s] Level 1:colcon.colcon_core.package_identification:_identify(aws-robomaker-small-house-world/models/aws_robomaker_residential_Door_01) by extension 'python'
[0.701s] Level 1:colcon.colcon_core.package_identification:_identify(aws-robomaker-small-house-world/models/aws_robomaker_residential_Door_01) by extensions ['python_setup_py']
[0.701s] Level 1:colcon.colcon_core.package_identification:_identify(aws-robomaker-small-house-world/models/aws_robomaker_residential_Door_01) by extension 'python_setup_py'
[0.701s] Level 1:colcon.colcon_core.package_identification:_identify(aws-robomaker-small-house-world/models/aws_robomaker_residential_Door_01/materials) by extensions ['ignore', 'ignore_ament_install']
[0.701s] Level 1:colcon.colcon_core.package_identification:_identify(aws-robomaker-small-house-world/models/aws_robomaker_residential_Door_01/materials) by extension 'ignore'
[0.701s] Level 1:colcon.colcon_core.package_identification:_identify(aws-robomaker-small-house-world/models/aws_robomaker_residential_Door_01/materials) by extension 'ignore_ament_install'
[0.701s] Level 1:colcon.colcon_core.package_identification:_identify(aws-robomaker-small-house-world/models/aws_robomaker_residential_Door_01/materials) by extensions ['colcon_pkg']
[0.701s] Level 1:colcon.colcon_core.package_identification:_identify(aws-robomaker-small-house-world/models/aws_robomaker_residential_Door_01/materials) by extension 'colcon_pkg'
[0.701s] Level 1:colcon.colcon_core.package_identification:_identify(aws-robomaker-small-house-world/models/aws_robomaker_residential_Door_01/materials) by extensions ['colcon_meta']
[0.701s] Level 1:colcon.colcon_core.package_identification:_identify(aws-robomaker-small-house-world/models/aws_robomaker_residential_Door_01/materials) by extension 'colcon_meta'
[0.701s] Level 1:colcon.colcon_core.package_identification:_identify(aws-robomaker-small-house-world/models/aws_robomaker_residential_Door_01/materials) by extensions ['ros']
[0.701s] Level 1:colcon.colcon_core.package_identification:_identify(aws-robomaker-small-house-world/models/aws_robomaker_residential_Door_01/materials) by extension 'ros'
[0.701s] Level 1:colcon.colcon_core.package_identification:_identify(aws-robomaker-small-house-world/models/aws_robomaker_residential_Door_01/materials) by extensions ['cmake', 'python']
[0.701s] Level 1:colcon.colcon_core.package_identification:_identify(aws-robomaker-small-house-world/models/aws_robomaker_residential_Door_01/materials) by extension 'cmake'
[0.701s] Level 1:colcon.colcon_core.package_identification:_identify(aws-robomaker-small-house-world/models/aws_robomaker_residential_Door_01/materials) by extension 'python'
[0.701s] Level 1:colcon.colcon_core.package_identification:_identify(aws-robomaker-small-house-world/models/aws_robomaker_residential_Door_01/materials) by extensions ['python_setup_py']
[0.701s] Level 1:colcon.colcon_core.package_identification:_identify(aws-robomaker-small-house-world/models/aws_robomaker_residential_Door_01/materials) by extension 'python_setup_py'
[0.701s] Level 1:colcon.colcon_core.package_identification:_identify(aws-robomaker-small-house-world/models/aws_robomaker_residential_Door_01/materials/textures) by extensions ['ignore', 'ignore_ament_install']
[0.702s] Level 1:colcon.colcon_core.package_identification:_identify(aws-robomaker-small-house-world/models/aws_robomaker_residential_Door_01/materials/textures) by extension 'ignore'
[0.702s] Level 1:colcon.colcon_core.package_identification:_identify(aws-robomaker-small-house-world/models/aws_robomaker_residential_Door_01/materials/textures) by extension 'ignore_ament_install'
[0.702s] Level 1:colcon.colcon_core.package_identification:_identify(aws-robomaker-small-house-world/models/aws_robomaker_residential_Door_01/materials/textures) by extensions ['colcon_pkg']
[0.702s] Level 1:colcon.colcon_core.package_identification:_identify(aws-robomaker-small-house-world/models/aws_robomaker_residential_Door_01/materials/textures) by extension 'colcon_pkg'
[0.702s] Level 1:colcon.colcon_core.package_identification:_identify(aws-robomaker-small-house-world/models/aws_robomaker_residential_Door_01/materials/textures) by extensions ['colcon_meta']
[0.702s] Level 1:colcon.colcon_core.package_identification:_identify(aws-robomaker-small-house-world/models/aws_robomaker_residential_Door_01/materials/textures) by extension 'colcon_meta'
[0.702s] Level 1:colcon.colcon_core.package_identification:_identify(aws-robomaker-small-house-world/models/aws_robomaker_residential_Door_01/materials/textures) by extensions ['ros']
[0.702s] Level 1:colcon.colcon_core.package_identification:_identify(aws-robomaker-small-house-world/models/aws_robomaker_residential_Door_01/materials/textures) by extension 'ros'
[0.702s] Level 1:colcon.colcon_core.package_identification:_identify(aws-robomaker-small-house-world/models/aws_robomaker_residential_Door_01/materials/textures) by extensions ['cmake', 'python']
[0.702s] Level 1:colcon.colcon_core.package_identification:_identify(aws-robomaker-small-house-world/models/aws_robomaker_residential_Door_01/materials/textures) by extension 'cmake'
[0.702s] Level 1:colcon.colcon_core.package_identification:_identify(aws-robomaker-small-house-world/models/aws_robomaker_residential_Door_01/materials/textures) by extension 'python'
[0.702s] Level 1:colcon.colcon_core.package_identification:_identify(aws-robomaker-small-house-world/models/aws_robomaker_residential_Door_01/materials/textures) by extensions ['python_setup_py']
[0.702s] Level 1:colcon.colcon_core.package_identification:_identify(aws-robomaker-small-house-world/models/aws_robomaker_residential_Door_01/materials/textures) by extension 'python_setup_py'
[0.702s] Level 1:colcon.colcon_core.package_identification:_identify(aws-robomaker-small-house-world/models/aws_robomaker_residential_Door_01/meshes) by extensions ['ignore', 'ignore_ament_install']
[0.702s] Level 1:colcon.colcon_core.package_identification:_identify(aws-robomaker-small-house-world/models/aws_robomaker_residential_Door_01/meshes) by extension 'ignore'
[0.702s] Level 1:colcon.colcon_core.package_identification:_identify(aws-robomaker-small-house-world/models/aws_robomaker_residential_Door_01/meshes) by extension 'ignore_ament_install'
[0.702s] Level 1:colcon.colcon_core.package_identification:_identify(aws-robomaker-small-house-world/models/aws_robomaker_residential_Door_01/meshes) by extensions ['colcon_pkg']
[0.702s] Level 1:colcon.colcon_core.package_identification:_identify(aws-robomaker-small-house-world/models/aws_robomaker_residential_Door_01/meshes) by extension 'colcon_pkg'
[0.702s] Level 1:colcon.colcon_core.package_identification:_identify(aws-robomaker-small-house-world/models/aws_robomaker_residential_Door_01/meshes) by extensions ['colcon_meta']
[0.702s] Level 1:colcon.colcon_core.package_identification:_identify(aws-robomaker-small-house-world/models/aws_robomaker_residential_Door_01/meshes) by extension 'colcon_meta'
[0.702s] Level 1:colcon.colcon_core.package_identification:_identify(aws-robomaker-small-house-world/models/aws_robomaker_residential_Door_01/meshes) by extensions ['ros']
[0.702s] Level 1:colcon.colcon_core.package_identification:_identify(aws-robomaker-small-house-world/models/aws_robomaker_residential_Door_01/meshes) by extension 'ros'
[0.702s] Level 1:colcon.colcon_core.package_identification:_identify(aws-robomaker-small-house-world/models/aws_robomaker_residential_Door_01/meshes) by extensions ['cmake', 'python']
[0.702s] Level 1:colcon.colcon_core.package_identification:_identify(aws-robomaker-small-house-world/models/aws_robomaker_residential_Door_01/meshes) by extension 'cmake'
[0.702s] Level 1:colcon.colcon_core.package_identification:_identify(aws-robomaker-small-house-world/models/aws_robomaker_residential_Door_01/meshes) by extension 'python'
[0.702s] Level 1:colcon.colcon_core.package_identification:_identify(aws-robomaker-small-house-world/models/aws_robomaker_residential_Door_01/meshes) by extensions ['python_setup_py']
[0.702s] Level 1:colcon.colcon_core.package_identification:_identify(aws-robomaker-small-house-world/models/aws_robomaker_residential_Door_01/meshes) by extension 'python_setup_py'
[0.703s] Level 1:colcon.colcon_core.package_identification:_identify(aws-robomaker-small-house-world/models/aws_robomaker_residential_Dumbbell_01) by extensions ['ignore', 'ignore_ament_install']
[0.703s] Level 1:colcon.colcon_core.package_identification:_identify(aws-robomaker-small-house-world/models/aws_robomaker_residential_Dumbbell_01) by extension 'ignore'
[0.703s] Level 1:colcon.colcon_core.package_identification:_identify(aws-robomaker-small-house-world/models/aws_robomaker_residential_Dumbbell_01) by extension 'ignore_ament_install'
[0.703s] Level 1:colcon.colcon_core.package_identification:_identify(aws-robomaker-small-house-world/models/aws_robomaker_residential_Dumbbell_01) by extensions ['colcon_pkg']
[0.703s] Level 1:colcon.colcon_core.package_identification:_identify(aws-robomaker-small-house-world/models/aws_robomaker_residential_Dumbbell_01) by extension 'colcon_pkg'
[0.703s] Level 1:colcon.colcon_core.package_identification:_identify(aws-robomaker-small-house-world/models/aws_robomaker_residential_Dumbbell_01) by extensions ['colcon_meta']
[0.703s] Level 1:colcon.colcon_core.package_identification:_identify(aws-robomaker-small-house-world/models/aws_robomaker_residential_Dumbbell_01) by extension 'colcon_meta'
[0.703s] Level 1:colcon.colcon_core.package_identification:_identify(aws-robomaker-small-house-world/models/aws_robomaker_residential_Dumbbell_01) by extensions ['ros']
[0.703s] Level 1:colcon.colcon_core.package_identification:_identify(aws-robomaker-small-house-world/models/aws_robomaker_residential_Dumbbell_01) by extension 'ros'
[0.703s] Level 1:colcon.colcon_core.package_identification:_identify(aws-robomaker-small-house-world/models/aws_robomaker_residential_Dumbbell_01) by extensions ['cmake', 'python']
[0.703s] Level 1:colcon.colcon_core.package_identification:_identify(aws-robomaker-small-house-world/models/aws_robomaker_residential_Dumbbell_01) by extension 'cmake'
[0.703s] Level 1:colcon.colcon_core.package_identification:_identify(aws-robomaker-small-house-world/models/aws_robomaker_residential_Dumbbell_01) by extension 'python'
[0.703s] Level 1:colcon.colcon_core.package_identification:_identify(aws-robomaker-small-house-world/models/aws_robomaker_residential_Dumbbell_01) by extensions ['python_setup_py']
[0.703s] Level 1:colcon.colcon_core.package_identification:_identify(aws-robomaker-small-house-world/models/aws_robomaker_residential_Dumbbell_01) by extension 'python_setup_py'
[0.703s] Level 1:colcon.colcon_core.package_identification:_identify(aws-robomaker-small-house-world/models/aws_robomaker_residential_Dumbbell_01/materials) by extensions ['ignore', 'ignore_ament_install']
[0.703s] Level 1:colcon.colcon_core.package_identification:_identify(aws-robomaker-small-house-world/models/aws_robomaker_residential_Dumbbell_01/materials) by extension 'ignore'
[0.703s] Level 1:colcon.colcon_core.package_identification:_identify(aws-robomaker-small-house-world/models/aws_robomaker_residential_Dumbbell_01/materials) by extension 'ignore_ament_install'
[0.703s] Level 1:colcon.colcon_core.package_identification:_identify(aws-robomaker-small-house-world/models/aws_robomaker_residential_Dumbbell_01/materials) by extensions ['colcon_pkg']
[0.703s] Level 1:colcon.colcon_core.package_identification:_identify(aws-robomaker-small-house-world/models/aws_robomaker_residential_Dumbbell_01/materials) by extension 'colcon_pkg'
[0.703s] Level 1:colcon.colcon_core.package_identification:_identify(aws-robomaker-small-house-world/models/aws_robomaker_residential_Dumbbell_01/materials) by extensions ['colcon_meta']
[0.703s] Level 1:colcon.colcon_core.package_identification:_identify(aws-robomaker-small-house-world/models/aws_robomaker_residential_Dumbbell_01/materials) by extension 'colcon_meta'
[0.703s] Level 1:colcon.colcon_core.package_identification:_identify(aws-robomaker-small-house-world/models/aws_robomaker_residential_Dumbbell_01/materials) by extensions ['ros']
[0.703s] Level 1:colcon.colcon_core.package_identification:_identify(aws-robomaker-small-house-world/models/aws_robomaker_residential_Dumbbell_01/materials) by extension 'ros'
[0.703s] Level 1:colcon.colcon_core.package_identification:_identify(aws-robomaker-small-house-world/models/aws_robomaker_residential_Dumbbell_01/materials) by extensions ['cmake', 'python']
[0.703s] Level 1:colcon.colcon_core.package_identification:_identify(aws-robomaker-small-house-world/models/aws_robomaker_residential_Dumbbell_01/materials) by extension 'cmake'
[0.704s] Level 1:colcon.colcon_core.package_identification:_identify(aws-robomaker-small-house-world/models/aws_robomaker_residential_Dumbbell_01/materials) by extension 'python'
[0.704s] Level 1:colcon.colcon_core.package_identification:_identify(aws-robomaker-small-house-world/models/aws_robomaker_residential_Dumbbell_01/materials) by extensions ['python_setup_py']
[0.704s] Level 1:colcon.colcon_core.package_identification:_identify(aws-robomaker-small-house-world/models/aws_robomaker_residential_Dumbbell_01/materials) by extension 'python_setup_py'
[0.704s] Level 1:colcon.colcon_core.package_identification:_identify(aws-robomaker-small-house-world/models/aws_robomaker_residential_Dumbbell_01/materials/textures) by extensions ['ignore', 'ignore_ament_install']
[0.704s] Level 1:colcon.colcon_core.package_identification:_identify(aws-robomaker-small-house-world/models/aws_robomaker_residential_Dumbbell_01/materials/textures) by extension 'ignore'
[0.704s] Level 1:colcon.colcon_core.package_identification:_identify(aws-robomaker-small-house-world/models/aws_robomaker_residential_Dumbbell_01/materials/textures) by extension 'ignore_ament_install'
[0.704s] Level 1:colcon.colcon_core.package_identification:_identify(aws-robomaker-small-house-world/models/aws_robomaker_residential_Dumbbell_01/materials/textures) by extensions ['colcon_pkg']
[0.704s] Level 1:colcon.colcon_core.package_identification:_identify(aws-robomaker-small-house-world/models/aws_robomaker_residential_Dumbbell_01/materials/textures) by extension 'colcon_pkg'
[0.704s] Level 1:colcon.colcon_core.package_identification:_identify(aws-robomaker-small-house-world/models/aws_robomaker_residential_Dumbbell_01/materials/textures) by extensions ['colcon_meta']
[0.704s] Level 1:colcon.colcon_core.package_identification:_identify(aws-robomaker-small-house-world/models/aws_robomaker_residential_Dumbbell_01/materials/textures) by extension 'colcon_meta'
[0.704s] Level 1:colcon.colcon_core.package_identification:_identify(aws-robomaker-small-house-world/models/aws_robomaker_residential_Dumbbell_01/materials/textures) by extensions ['ros']
[0.704s] Level 1:colcon.colcon_core.package_identification:_identify(aws-robomaker-small-house-world/models/aws_robomaker_residential_Dumbbell_01/materials/textures) by extension 'ros'
[0.704s] Level 1:colcon.colcon_core.package_identification:_identify(aws-robomaker-small-house-world/models/aws_robomaker_residential_Dumbbell_01/materials/textures) by extensions ['cmake', 'python']
[0.704s] Level 1:colcon.colcon_core.package_identification:_identify(aws-robomaker-small-house-world/models/aws_robomaker_residential_Dumbbell_01/materials/textures) by extension 'cmake'
[0.704s] Level 1:colcon.colcon_core.package_identification:_identify(aws-robomaker-small-house-world/models/aws_robomaker_residential_Dumbbell_01/materials/textures) by extension 'python'
[0.704s] Level 1:colcon.colcon_core.package_identification:_identify(aws-robomaker-small-house-world/models/aws_robomaker_residential_Dumbbell_01/materials/textures) by extensions ['python_setup_py']
[0.704s] Level 1:colcon.colcon_core.package_identification:_identify(aws-robomaker-small-house-world/models/aws_robomaker_residential_Dumbbell_01/materials/textures) by extension 'python_setup_py'
[0.704s] Level 1:colcon.colcon_core.package_identification:_identify(aws-robomaker-small-house-world/models/aws_robomaker_residential_Dumbbell_01/meshes) by extensions ['ignore', 'ignore_ament_install']
[0.704s] Level 1:colcon.colcon_core.package_identification:_identify(aws-robomaker-small-house-world/models/aws_robomaker_residential_Dumbbell_01/meshes) by extension 'ignore'
[0.704s] Level 1:colcon.colcon_core.package_identification:_identify(aws-robomaker-small-house-world/models/aws_robomaker_residential_Dumbbell_01/meshes) by extension 'ignore_ament_install'
[0.704s] Level 1:colcon.colcon_core.package_identification:_identify(aws-robomaker-small-house-world/models/aws_robomaker_residential_Dumbbell_01/meshes) by extensions ['colcon_pkg']
[0.704s] Level 1:colcon.colcon_core.package_identification:_identify(aws-robomaker-small-house-world/models/aws_robomaker_residential_Dumbbell_01/meshes) by extension 'colcon_pkg'
[0.704s] Level 1:colcon.colcon_core.package_identification:_identify(aws-robomaker-small-house-world/models/aws_robomaker_residential_Dumbbell_01/meshes) by extensions ['colcon_meta']
[0.704s] Level 1:colcon.colcon_core.package_identification:_identify(aws-robomaker-small-house-world/models/aws_robomaker_residential_Dumbbell_01/meshes) by extension 'colcon_meta'
[0.704s] Level 1:colcon.colcon_core.package_identification:_identify(aws-robomaker-small-house-world/models/aws_robomaker_residential_Dumbbell_01/meshes) by extensions ['ros']
[0.704s] Level 1:colcon.colcon_core.package_identification:_identify(aws-robomaker-small-house-world/models/aws_robomaker_residential_Dumbbell_01/meshes) by extension 'ros'
[0.705s] Level 1:colcon.colcon_core.package_identification:_identify(aws-robomaker-small-house-world/models/aws_robomaker_residential_Dumbbell_01/meshes) by extensions ['cmake', 'python']
[0.705s] Level 1:colcon.colcon_core.package_identification:_identify(aws-robomaker-small-house-world/models/aws_robomaker_residential_Dumbbell_01/meshes) by extension 'cmake'
[0.705s] Level 1:colcon.colcon_core.package_identification:_identify(aws-robomaker-small-house-world/models/aws_robomaker_residential_Dumbbell_01/meshes) by extension 'python'
[0.705s] Level 1:colcon.colcon_core.package_identification:_identify(aws-robomaker-small-house-world/models/aws_robomaker_residential_Dumbbell_01/meshes) by extensions ['python_setup_py']
[0.705s] Level 1:colcon.colcon_core.package_identification:_identify(aws-robomaker-small-house-world/models/aws_robomaker_residential_Dumbbell_01/meshes) by extension 'python_setup_py'
[0.705s] Level 1:colcon.colcon_core.package_identification:_identify(aws-robomaker-small-house-world/models/aws_robomaker_residential_FitnessEquipment_01) by extensions ['ignore', 'ignore_ament_install']
[0.705s] Level 1:colcon.colcon_core.package_identification:_identify(aws-robomaker-small-house-world/models/aws_robomaker_residential_FitnessEquipment_01) by extension 'ignore'
[0.705s] Level 1:colcon.colcon_core.package_identification:_identify(aws-robomaker-small-house-world/models/aws_robomaker_residential_FitnessEquipment_01) by extension 'ignore_ament_install'
[0.705s] Level 1:colcon.colcon_core.package_identification:_identify(aws-robomaker-small-house-world/models/aws_robomaker_residential_FitnessEquipment_01) by extensions ['colcon_pkg']
[0.705s] Level 1:colcon.colcon_core.package_identification:_identify(aws-robomaker-small-house-world/models/aws_robomaker_residential_FitnessEquipment_01) by extension 'colcon_pkg'
[0.705s] Level 1:colcon.colcon_core.package_identification:_identify(aws-robomaker-small-house-world/models/aws_robomaker_residential_FitnessEquipment_01) by extensions ['colcon_meta']
[0.705s] Level 1:colcon.colcon_core.package_identification:_identify(aws-robomaker-small-house-world/models/aws_robomaker_residential_FitnessEquipment_01) by extension 'colcon_meta'
[0.705s] Level 1:colcon.colcon_core.package_identification:_identify(aws-robomaker-small-house-world/models/aws_robomaker_residential_FitnessEquipment_01) by extensions ['ros']
[0.705s] Level 1:colcon.colcon_core.package_identification:_identify(aws-robomaker-small-house-world/models/aws_robomaker_residential_FitnessEquipment_01) by extension 'ros'
[0.705s] Level 1:colcon.colcon_core.package_identification:_identify(aws-robomaker-small-house-world/models/aws_robomaker_residential_FitnessEquipment_01) by extensions ['cmake', 'python']
[0.705s] Level 1:colcon.colcon_core.package_identification:_identify(aws-robomaker-small-house-world/models/aws_robomaker_residential_FitnessEquipment_01) by extension 'cmake'
[0.705s] Level 1:colcon.colcon_core.package_identification:_identify(aws-robomaker-small-house-world/models/aws_robomaker_residential_FitnessEquipment_01) by extension 'python'
[0.705s] Level 1:colcon.colcon_core.package_identification:_identify(aws-robomaker-small-house-world/models/aws_robomaker_residential_FitnessEquipment_01) by extensions ['python_setup_py']
[0.705s] Level 1:colcon.colcon_core.package_identification:_identify(aws-robomaker-small-house-world/models/aws_robomaker_residential_FitnessEquipment_01) by extension 'python_setup_py'
[0.705s] Level 1:colcon.colcon_core.package_identification:_identify(aws-robomaker-small-house-world/models/aws_robomaker_residential_FitnessEquipment_01/materials) by extensions ['ignore', 'ignore_ament_install']
[0.706s] Level 1:colcon.colcon_core.package_identification:_identify(aws-robomaker-small-house-world/models/aws_robomaker_residential_FitnessEquipment_01/materials) by extension 'ignore'
[0.706s] Level 1:colcon.colcon_core.package_identification:_identify(aws-robomaker-small-house-world/models/aws_robomaker_residential_FitnessEquipment_01/materials) by extension 'ignore_ament_install'
[0.706s] Level 1:colcon.colcon_core.package_identification:_identify(aws-robomaker-small-house-world/models/aws_robomaker_residential_FitnessEquipment_01/materials) by extensions ['colcon_pkg']
[0.706s] Level 1:colcon.colcon_core.package_identification:_identify(aws-robomaker-small-house-world/models/aws_robomaker_residential_FitnessEquipment_01/materials) by extension 'colcon_pkg'
[0.706s] Level 1:colcon.colcon_core.package_identification:_identify(aws-robomaker-small-house-world/models/aws_robomaker_residential_FitnessEquipment_01/materials) by extensions ['colcon_meta']
[0.706s] Level 1:colcon.colcon_core.package_identification:_identify(aws-robomaker-small-house-world/models/aws_robomaker_residential_FitnessEquipment_01/materials) by extension 'colcon_meta'
[0.706s] Level 1:colcon.colcon_core.package_identification:_identify(aws-robomaker-small-house-world/models/aws_robomaker_residential_FitnessEquipment_01/materials) by extensions ['ros']
[0.706s] Level 1:colcon.colcon_core.package_identification:_identify(aws-robomaker-small-house-world/models/aws_robomaker_residential_FitnessEquipment_01/materials) by extension 'ros'
[0.706s] Level 1:colcon.colcon_core.package_identification:_identify(aws-robomaker-small-house-world/models/aws_robomaker_residential_FitnessEquipment_01/materials) by extensions ['cmake', 'python']
[0.706s] Level 1:colcon.colcon_core.package_identification:_identify(aws-robomaker-small-house-world/models/aws_robomaker_residential_FitnessEquipment_01/materials) by extension 'cmake'
[0.706s] Level 1:colcon.colcon_core.package_identification:_identify(aws-robomaker-small-house-world/models/aws_robomaker_residential_FitnessEquipment_01/materials) by extension 'python'
[0.706s] Level 1:colcon.colcon_core.package_identification:_identify(aws-robomaker-small-house-world/models/aws_robomaker_residential_FitnessEquipment_01/materials) by extensions ['python_setup_py']
[0.706s] Level 1:colcon.colcon_core.package_identification:_identify(aws-robomaker-small-house-world/models/aws_robomaker_residential_FitnessEquipment_01/materials) by extension 'python_setup_py'
[0.706s] Level 1:colcon.colcon_core.package_identification:_identify(aws-robomaker-small-house-world/models/aws_robomaker_residential_FitnessEquipment_01/materials/textures) by extensions ['ignore', 'ignore_ament_install']
[0.706s] Level 1:colcon.colcon_core.package_identification:_identify(aws-robomaker-small-house-world/models/aws_robomaker_residential_FitnessEquipment_01/materials/textures) by extension 'ignore'
[0.706s] Level 1:colcon.colcon_core.package_identification:_identify(aws-robomaker-small-house-world/models/aws_robomaker_residential_FitnessEquipment_01/materials/textures) by extension 'ignore_ament_install'
[0.706s] Level 1:colcon.colcon_core.package_identification:_identify(aws-robomaker-small-house-world/models/aws_robomaker_residential_FitnessEquipment_01/materials/textures) by extensions ['colcon_pkg']
[0.706s] Level 1:colcon.colcon_core.package_identification:_identify(aws-robomaker-small-house-world/models/aws_robomaker_residential_FitnessEquipment_01/materials/textures) by extension 'colcon_pkg'
[0.706s] Level 1:colcon.colcon_core.package_identification:_identify(aws-robomaker-small-house-world/models/aws_robomaker_residential_FitnessEquipment_01/materials/textures) by extensions ['colcon_meta']
[0.706s] Level 1:colcon.colcon_core.package_identification:_identify(aws-robomaker-small-house-world/models/aws_robomaker_residential_FitnessEquipment_01/materials/textures) by extension 'colcon_meta'
[0.706s] Level 1:colcon.colcon_core.package_identification:_identify(aws-robomaker-small-house-world/models/aws_robomaker_residential_FitnessEquipment_01/materials/textures) by extensions ['ros']
[0.706s] Level 1:colcon.colcon_core.package_identification:_identify(aws-robomaker-small-house-world/models/aws_robomaker_residential_FitnessEquipment_01/materials/textures) by extension 'ros'
[0.706s] Level 1:colcon.colcon_core.package_identification:_identify(aws-robomaker-small-house-world/models/aws_robomaker_residential_FitnessEquipment_01/materials/textures) by extensions ['cmake', 'python']
[0.706s] Level 1:colcon.colcon_core.package_identification:_identify(aws-robomaker-small-house-world/models/aws_robomaker_residential_FitnessEquipment_01/materials/textures) by extension 'cmake'
[0.706s] Level 1:colcon.colcon_core.package_identification:_identify(aws-robomaker-small-house-world/models/aws_robomaker_residential_FitnessEquipment_01/materials/textures) by extension 'python'
[0.706s] Level 1:colcon.colcon_core.package_identification:_identify(aws-robomaker-small-house-world/models/aws_robomaker_residential_FitnessEquipment_01/materials/textures) by extensions ['python_setup_py']
[0.706s] Level 1:colcon.colcon_core.package_identification:_identify(aws-robomaker-small-house-world/models/aws_robomaker_residential_FitnessEquipment_01/materials/textures) by extension 'python_setup_py'
[0.707s] Level 1:colcon.colcon_core.package_identification:_identify(aws-robomaker-small-house-world/models/aws_robomaker_residential_FitnessEquipment_01/meshes) by extensions ['ignore', 'ignore_ament_install']
[0.707s] Level 1:colcon.colcon_core.package_identification:_identify(aws-robomaker-small-house-world/models/aws_robomaker_residential_FitnessEquipment_01/meshes) by extension 'ignore'
[0.707s] Level 1:colcon.colcon_core.package_identification:_identify(aws-robomaker-small-house-world/models/aws_robomaker_residential_FitnessEquipment_01/meshes) by extension 'ignore_ament_install'
[0.707s] Level 1:colcon.colcon_core.package_identification:_identify(aws-robomaker-small-house-world/models/aws_robomaker_residential_FitnessEquipment_01/meshes) by extensions ['colcon_pkg']
[0.707s] Level 1:colcon.colcon_core.package_identification:_identify(aws-robomaker-small-house-world/models/aws_robomaker_residential_FitnessEquipment_01/meshes) by extension 'colcon_pkg'
[0.707s] Level 1:colcon.colcon_core.package_identification:_identify(aws-robomaker-small-house-world/models/aws_robomaker_residential_FitnessEquipment_01/meshes) by extensions ['colcon_meta']
[0.707s] Level 1:colcon.colcon_core.package_identification:_identify(aws-robomaker-small-house-world/models/aws_robomaker_residential_FitnessEquipment_01/meshes) by extension 'colcon_meta'
[0.707s] Level 1:colcon.colcon_core.package_identification:_identify(aws-robomaker-small-house-world/models/aws_robomaker_residential_FitnessEquipment_01/meshes) by extensions ['ros']
[0.707s] Level 1:colcon.colcon_core.package_identification:_identify(aws-robomaker-small-house-world/models/aws_robomaker_residential_FitnessEquipment_01/meshes) by extension 'ros'
[0.707s] Level 1:colcon.colcon_core.package_identification:_identify(aws-robomaker-small-house-world/models/aws_robomaker_residential_FitnessEquipment_01/meshes) by extensions ['cmake', 'python']
[0.707s] Level 1:colcon.colcon_core.package_identification:_identify(aws-robomaker-small-house-world/models/aws_robomaker_residential_FitnessEquipment_01/meshes) by extension 'cmake'
[0.707s] Level 1:colcon.colcon_core.package_identification:_identify(aws-robomaker-small-house-world/models/aws_robomaker_residential_FitnessEquipment_01/meshes) by extension 'python'
[0.707s] Level 1:colcon.colcon_core.package_identification:_identify(aws-robomaker-small-house-world/models/aws_robomaker_residential_FitnessEquipment_01/meshes) by extensions ['python_setup_py']
[0.707s] Level 1:colcon.colcon_core.package_identification:_identify(aws-robomaker-small-house-world/models/aws_robomaker_residential_FitnessEquipment_01/meshes) by extension 'python_setup_py'
[0.707s] Level 1:colcon.colcon_core.package_identification:_identify(aws-robomaker-small-house-world/models/aws_robomaker_residential_FloorB_01) by extensions ['ignore', 'ignore_ament_install']
[0.707s] Level 1:colcon.colcon_core.package_identification:_identify(aws-robomaker-small-house-world/models/aws_robomaker_residential_FloorB_01) by extension 'ignore'
[0.707s] Level 1:colcon.colcon_core.package_identification:_identify(aws-robomaker-small-house-world/models/aws_robomaker_residential_FloorB_01) by extension 'ignore_ament_install'
[0.707s] Level 1:colcon.colcon_core.package_identification:_identify(aws-robomaker-small-house-world/models/aws_robomaker_residential_FloorB_01) by extensions ['colcon_pkg']
[0.707s] Level 1:colcon.colcon_core.package_identification:_identify(aws-robomaker-small-house-world/models/aws_robomaker_residential_FloorB_01) by extension 'colcon_pkg'
[0.707s] Level 1:colcon.colcon_core.package_identification:_identify(aws-robomaker-small-house-world/models/aws_robomaker_residential_FloorB_01) by extensions ['colcon_meta']
[0.707s] Level 1:colcon.colcon_core.package_identification:_identify(aws-robomaker-small-house-world/models/aws_robomaker_residential_FloorB_01) by extension 'colcon_meta'
[0.707s] Level 1:colcon.colcon_core.package_identification:_identify(aws-robomaker-small-house-world/models/aws_robomaker_residential_FloorB_01) by extensions ['ros']
[0.707s] Level 1:colcon.colcon_core.package_identification:_identify(aws-robomaker-small-house-world/models/aws_robomaker_residential_FloorB_01) by extension 'ros'
[0.707s] Level 1:colcon.colcon_core.package_identification:_identify(aws-robomaker-small-house-world/models/aws_robomaker_residential_FloorB_01) by extensions ['cmake', 'python']
[0.707s] Level 1:colcon.colcon_core.package_identification:_identify(aws-robomaker-small-house-world/models/aws_robomaker_residential_FloorB_01) by extension 'cmake'
[0.707s] Level 1:colcon.colcon_core.package_identification:_identify(aws-robomaker-small-house-world/models/aws_robomaker_residential_FloorB_01) by extension 'python'
[0.708s] Level 1:colcon.colcon_core.package_identification:_identify(aws-robomaker-small-house-world/models/aws_robomaker_residential_FloorB_01) by extensions ['python_setup_py']
[0.708s] Level 1:colcon.colcon_core.package_identification:_identify(aws-robomaker-small-house-world/models/aws_robomaker_residential_FloorB_01) by extension 'python_setup_py'
[0.708s] Level 1:colcon.colcon_core.package_identification:_identify(aws-robomaker-small-house-world/models/aws_robomaker_residential_FloorB_01/materials) by extensions ['ignore', 'ignore_ament_install']
[0.708s] Level 1:colcon.colcon_core.package_identification:_identify(aws-robomaker-small-house-world/models/aws_robomaker_residential_FloorB_01/materials) by extension 'ignore'
[0.708s] Level 1:colcon.colcon_core.package_identification:_identify(aws-robomaker-small-house-world/models/aws_robomaker_residential_FloorB_01/materials) by extension 'ignore_ament_install'
[0.708s] Level 1:colcon.colcon_core.package_identification:_identify(aws-robomaker-small-house-world/models/aws_robomaker_residential_FloorB_01/materials) by extensions ['colcon_pkg']
[0.708s] Level 1:colcon.colcon_core.package_identification:_identify(aws-robomaker-small-house-world/models/aws_robomaker_residential_FloorB_01/materials) by extension 'colcon_pkg'
[0.708s] Level 1:colcon.colcon_core.package_identification:_identify(aws-robomaker-small-house-world/models/aws_robomaker_residential_FloorB_01/materials) by extensions ['colcon_meta']
[0.708s] Level 1:colcon.colcon_core.package_identification:_identify(aws-robomaker-small-house-world/models/aws_robomaker_residential_FloorB_01/materials) by extension 'colcon_meta'
[0.708s] Level 1:colcon.colcon_core.package_identification:_identify(aws-robomaker-small-house-world/models/aws_robomaker_residential_FloorB_01/materials) by extensions ['ros']
[0.708s] Level 1:colcon.colcon_core.package_identification:_identify(aws-robomaker-small-house-world/models/aws_robomaker_residential_FloorB_01/materials) by extension 'ros'
[0.708s] Level 1:colcon.colcon_core.package_identification:_identify(aws-robomaker-small-house-world/models/aws_robomaker_residential_FloorB_01/materials) by extensions ['cmake', 'python']
[0.708s] Level 1:colcon.colcon_core.package_identification:_identify(aws-robomaker-small-house-world/models/aws_robomaker_residential_FloorB_01/materials) by extension 'cmake'
[0.708s] Level 1:colcon.colcon_core.package_identification:_identify(aws-robomaker-small-house-world/models/aws_robomaker_residential_FloorB_01/materials) by extension 'python'
[0.708s] Level 1:colcon.colcon_core.package_identification:_identify(aws-robomaker-small-house-world/models/aws_robomaker_residential_FloorB_01/materials) by extensions ['python_setup_py']
[0.708s] Level 1:colcon.colcon_core.package_identification:_identify(aws-robomaker-small-house-world/models/aws_robomaker_residential_FloorB_01/materials) by extension 'python_setup_py'
[0.708s] Level 1:colcon.colcon_core.package_identification:_identify(aws-robomaker-small-house-world/models/aws_robomaker_residential_FloorB_01/materials/textures) by extensions ['ignore', 'ignore_ament_install']
[0.708s] Level 1:colcon.colcon_core.package_identification:_identify(aws-robomaker-small-house-world/models/aws_robomaker_residential_FloorB_01/materials/textures) by extension 'ignore'
[0.708s] Level 1:colcon.colcon_core.package_identification:_identify(aws-robomaker-small-house-world/models/aws_robomaker_residential_FloorB_01/materials/textures) by extension 'ignore_ament_install'
[0.708s] Level 1:colcon.colcon_core.package_identification:_identify(aws-robomaker-small-house-world/models/aws_robomaker_residential_FloorB_01/materials/textures) by extensions ['colcon_pkg']
[0.708s] Level 1:colcon.colcon_core.package_identification:_identify(aws-robomaker-small-house-world/models/aws_robomaker_residential_FloorB_01/materials/textures) by extension 'colcon_pkg'
[0.708s] Level 1:colcon.colcon_core.package_identification:_identify(aws-robomaker-small-house-world/models/aws_robomaker_residential_FloorB_01/materials/textures) by extensions ['colcon_meta']
[0.708s] Level 1:colcon.colcon_core.package_identification:_identify(aws-robomaker-small-house-world/models/aws_robomaker_residential_FloorB_01/materials/textures) by extension 'colcon_meta'
[0.708s] Level 1:colcon.colcon_core.package_identification:_identify(aws-robomaker-small-house-world/models/aws_robomaker_residential_FloorB_01/materials/textures) by extensions ['ros']
[0.708s] Level 1:colcon.colcon_core.package_identification:_identify(aws-robomaker-small-house-world/models/aws_robomaker_residential_FloorB_01/materials/textures) by extension 'ros'
[0.709s] Level 1:colcon.colcon_core.package_identification:_identify(aws-robomaker-small-house-world/models/aws_robomaker_residential_FloorB_01/materials/textures) by extensions ['cmake', 'python']
[0.709s] Level 1:colcon.colcon_core.package_identification:_identify(aws-robomaker-small-house-world/models/aws_robomaker_residential_FloorB_01/materials/textures) by extension 'cmake'
[0.709s] Level 1:colcon.colcon_core.package_identification:_identify(aws-robomaker-small-house-world/models/aws_robomaker_residential_FloorB_01/materials/textures) by extension 'python'
[0.709s] Level 1:colcon.colcon_core.package_identification:_identify(aws-robomaker-small-house-world/models/aws_robomaker_residential_FloorB_01/materials/textures) by extensions ['python_setup_py']
[0.709s] Level 1:colcon.colcon_core.package_identification:_identify(aws-robomaker-small-house-world/models/aws_robomaker_residential_FloorB_01/materials/textures) by extension 'python_setup_py'
[0.709s] Level 1:colcon.colcon_core.package_identification:_identify(aws-robomaker-small-house-world/models/aws_robomaker_residential_FloorB_01/meshes) by extensions ['ignore', 'ignore_ament_install']
[0.709s] Level 1:colcon.colcon_core.package_identification:_identify(aws-robomaker-small-house-world/models/aws_robomaker_residential_FloorB_01/meshes) by extension 'ignore'
[0.709s] Level 1:colcon.colcon_core.package_identification:_identify(aws-robomaker-small-house-world/models/aws_robomaker_residential_FloorB_01/meshes) by extension 'ignore_ament_install'
[0.709s] Level 1:colcon.colcon_core.package_identification:_identify(aws-robomaker-small-house-world/models/aws_robomaker_residential_FloorB_01/meshes) by extensions ['colcon_pkg']
[0.709s] Level 1:colcon.colcon_core.package_identification:_identify(aws-robomaker-small-house-world/models/aws_robomaker_residential_FloorB_01/meshes) by extension 'colcon_pkg'
[0.709s] Level 1:colcon.colcon_core.package_identification:_identify(aws-robomaker-small-house-world/models/aws_robomaker_residential_FloorB_01/meshes) by extensions ['colcon_meta']
[0.709s] Level 1:colcon.colcon_core.package_identification:_identify(aws-robomaker-small-house-world/models/aws_robomaker_residential_FloorB_01/meshes) by extension 'colcon_meta'
[0.709s] Level 1:colcon.colcon_core.package_identification:_identify(aws-robomaker-small-house-world/models/aws_robomaker_residential_FloorB_01/meshes) by extensions ['ros']
[0.709s] Level 1:colcon.colcon_core.package_identification:_identify(aws-robomaker-small-house-world/models/aws_robomaker_residential_FloorB_01/meshes) by extension 'ros'
[0.709s] Level 1:colcon.colcon_core.package_identification:_identify(aws-robomaker-small-house-world/models/aws_robomaker_residential_FloorB_01/meshes) by extensions ['cmake', 'python']
[0.709s] Level 1:colcon.colcon_core.package_identification:_identify(aws-robomaker-small-house-world/models/aws_robomaker_residential_FloorB_01/meshes) by extension 'cmake'
[0.709s] Level 1:colcon.colcon_core.package_identification:_identify(aws-robomaker-small-house-world/models/aws_robomaker_residential_FloorB_01/meshes) by extension 'python'
[0.709s] Level 1:colcon.colcon_core.package_identification:_identify(aws-robomaker-small-house-world/models/aws_robomaker_residential_FloorB_01/meshes) by extensions ['python_setup_py']
[0.709s] Level 1:colcon.colcon_core.package_identification:_identify(aws-robomaker-small-house-world/models/aws_robomaker_residential_FloorB_01/meshes) by extension 'python_setup_py'
[0.709s] Level 1:colcon.colcon_core.package_identification:_identify(aws-robomaker-small-house-world/models/aws_robomaker_residential_FoldingDoor_01) by extensions ['ignore', 'ignore_ament_install']
[0.709s] Level 1:colcon.colcon_core.package_identification:_identify(aws-robomaker-small-house-world/models/aws_robomaker_residential_FoldingDoor_01) by extension 'ignore'
[0.709s] Level 1:colcon.colcon_core.package_identification:_identify(aws-robomaker-small-house-world/models/aws_robomaker_residential_FoldingDoor_01) by extension 'ignore_ament_install'
[0.709s] Level 1:colcon.colcon_core.package_identification:_identify(aws-robomaker-small-house-world/models/aws_robomaker_residential_FoldingDoor_01) by extensions ['colcon_pkg']
[0.709s] Level 1:colcon.colcon_core.package_identification:_identify(aws-robomaker-small-house-world/models/aws_robomaker_residential_FoldingDoor_01) by extension 'colcon_pkg'
[0.709s] Level 1:colcon.colcon_core.package_identification:_identify(aws-robomaker-small-house-world/models/aws_robomaker_residential_FoldingDoor_01) by extensions ['colcon_meta']
[0.709s] Level 1:colcon.colcon_core.package_identification:_identify(aws-robomaker-small-house-world/models/aws_robomaker_residential_FoldingDoor_01) by extension 'colcon_meta'
[0.710s] Level 1:colcon.colcon_core.package_identification:_identify(aws-robomaker-small-house-world/models/aws_robomaker_residential_FoldingDoor_01) by extensions ['ros']
[0.710s] Level 1:colcon.colcon_core.package_identification:_identify(aws-robomaker-small-house-world/models/aws_robomaker_residential_FoldingDoor_01) by extension 'ros'
[0.710s] Level 1:colcon.colcon_core.package_identification:_identify(aws-robomaker-small-house-world/models/aws_robomaker_residential_FoldingDoor_01) by extensions ['cmake', 'python']
[0.710s] Level 1:colcon.colcon_core.package_identification:_identify(aws-robomaker-small-house-world/models/aws_robomaker_residential_FoldingDoor_01) by extension 'cmake'
[0.710s] Level 1:colcon.colcon_core.package_identification:_identify(aws-robomaker-small-house-world/models/aws_robomaker_residential_FoldingDoor_01) by extension 'python'
[0.710s] Level 1:colcon.colcon_core.package_identification:_identify(aws-robomaker-small-house-world/models/aws_robomaker_residential_FoldingDoor_01) by extensions ['python_setup_py']
[0.710s] Level 1:colcon.colcon_core.package_identification:_identify(aws-robomaker-small-house-world/models/aws_robomaker_residential_FoldingDoor_01) by extension 'python_setup_py'
[0.710s] Level 1:colcon.colcon_core.package_identification:_identify(aws-robomaker-small-house-world/models/aws_robomaker_residential_FoldingDoor_01/materials) by extensions ['ignore', 'ignore_ament_install']
[0.710s] Level 1:colcon.colcon_core.package_identification:_identify(aws-robomaker-small-house-world/models/aws_robomaker_residential_FoldingDoor_01/materials) by extension 'ignore'
[0.710s] Level 1:colcon.colcon_core.package_identification:_identify(aws-robomaker-small-house-world/models/aws_robomaker_residential_FoldingDoor_01/materials) by extension 'ignore_ament_install'
[0.710s] Level 1:colcon.colcon_core.package_identification:_identify(aws-robomaker-small-house-world/models/aws_robomaker_residential_FoldingDoor_01/materials) by extensions ['colcon_pkg']
[0.710s] Level 1:colcon.colcon_core.package_identification:_identify(aws-robomaker-small-house-world/models/aws_robomaker_residential_FoldingDoor_01/materials) by extension 'colcon_pkg'
[0.710s] Level 1:colcon.colcon_core.package_identification:_identify(aws-robomaker-small-house-world/models/aws_robomaker_residential_FoldingDoor_01/materials) by extensions ['colcon_meta']
[0.710s] Level 1:colcon.colcon_core.package_identification:_identify(aws-robomaker-small-house-world/models/aws_robomaker_residential_FoldingDoor_01/materials) by extension 'colcon_meta'
[0.710s] Level 1:colcon.colcon_core.package_identification:_identify(aws-robomaker-small-house-world/models/aws_robomaker_residential_FoldingDoor_01/materials) by extensions ['ros']
[0.710s] Level 1:colcon.colcon_core.package_identification:_identify(aws-robomaker-small-house-world/models/aws_robomaker_residential_FoldingDoor_01/materials) by extension 'ros'
[0.710s] Level 1:colcon.colcon_core.package_identification:_identify(aws-robomaker-small-house-world/models/aws_robomaker_residential_FoldingDoor_01/materials) by extensions ['cmake', 'python']
[0.710s] Level 1:colcon.colcon_core.package_identification:_identify(aws-robomaker-small-house-world/models/aws_robomaker_residential_FoldingDoor_01/materials) by extension 'cmake'
[0.710s] Level 1:colcon.colcon_core.package_identification:_identify(aws-robomaker-small-house-world/models/aws_robomaker_residential_FoldingDoor_01/materials) by extension 'python'
[0.710s] Level 1:colcon.colcon_core.package_identification:_identify(aws-robomaker-small-house-world/models/aws_robomaker_residential_FoldingDoor_01/materials) by extensions ['python_setup_py']
[0.710s] Level 1:colcon.colcon_core.package_identification:_identify(aws-robomaker-small-house-world/models/aws_robomaker_residential_FoldingDoor_01/materials) by extension 'python_setup_py'
[0.710s] Level 1:colcon.colcon_core.package_identification:_identify(aws-robomaker-small-house-world/models/aws_robomaker_residential_FoldingDoor_01/materials/textures) by extensions ['ignore', 'ignore_ament_install']
[0.710s] Level 1:colcon.colcon_core.package_identification:_identify(aws-robomaker-small-house-world/models/aws_robomaker_residential_FoldingDoor_01/materials/textures) by extension 'ignore'
[0.710s] Level 1:colcon.colcon_core.package_identification:_identify(aws-robomaker-small-house-world/models/aws_robomaker_residential_FoldingDoor_01/materials/textures) by extension 'ignore_ament_install'
[0.710s] Level 1:colcon.colcon_core.package_identification:_identify(aws-robomaker-small-house-world/models/aws_robomaker_residential_FoldingDoor_01/materials/textures) by extensions ['colcon_pkg']
[0.710s] Level 1:colcon.colcon_core.package_identification:_identify(aws-robomaker-small-house-world/models/aws_robomaker_residential_FoldingDoor_01/materials/textures) by extension 'colcon_pkg'
[0.711s] Level 1:colcon.colcon_core.package_identification:_identify(aws-robomaker-small-house-world/models/aws_robomaker_residential_FoldingDoor_01/materials/textures) by extensions ['colcon_meta']
[0.711s] Level 1:colcon.colcon_core.package_identification:_identify(aws-robomaker-small-house-world/models/aws_robomaker_residential_FoldingDoor_01/materials/textures) by extension 'colcon_meta'
[0.711s] Level 1:colcon.colcon_core.package_identification:_identify(aws-robomaker-small-house-world/models/aws_robomaker_residential_FoldingDoor_01/materials/textures) by extensions ['ros']
[0.711s] Level 1:colcon.colcon_core.package_identification:_identify(aws-robomaker-small-house-world/models/aws_robomaker_residential_FoldingDoor_01/materials/textures) by extension 'ros'
[0.711s] Level 1:colcon.colcon_core.package_identification:_identify(aws-robomaker-small-house-world/models/aws_robomaker_residential_FoldingDoor_01/materials/textures) by extensions ['cmake', 'python']
[0.711s] Level 1:colcon.colcon_core.package_identification:_identify(aws-robomaker-small-house-world/models/aws_robomaker_residential_FoldingDoor_01/materials/textures) by extension 'cmake'
[0.711s] Level 1:colcon.colcon_core.package_identification:_identify(aws-robomaker-small-house-world/models/aws_robomaker_residential_FoldingDoor_01/materials/textures) by extension 'python'
[0.711s] Level 1:colcon.colcon_core.package_identification:_identify(aws-robomaker-small-house-world/models/aws_robomaker_residential_FoldingDoor_01/materials/textures) by extensions ['python_setup_py']
[0.711s] Level 1:colcon.colcon_core.package_identification:_identify(aws-robomaker-small-house-world/models/aws_robomaker_residential_FoldingDoor_01/materials/textures) by extension 'python_setup_py'
[0.711s] Level 1:colcon.colcon_core.package_identification:_identify(aws-robomaker-small-house-world/models/aws_robomaker_residential_FoldingDoor_01/meshes) by extensions ['ignore', 'ignore_ament_install']
[0.711s] Level 1:colcon.colcon_core.package_identification:_identify(aws-robomaker-small-house-world/models/aws_robomaker_residential_FoldingDoor_01/meshes) by extension 'ignore'
[0.711s] Level 1:colcon.colcon_core.package_identification:_identify(aws-robomaker-small-house-world/models/aws_robomaker_residential_FoldingDoor_01/meshes) by extension 'ignore_ament_install'
[0.711s] Level 1:colcon.colcon_core.package_identification:_identify(aws-robomaker-small-house-world/models/aws_robomaker_residential_FoldingDoor_01/meshes) by extensions ['colcon_pkg']
[0.711s] Level 1:colcon.colcon_core.package_identification:_identify(aws-robomaker-small-house-world/models/aws_robomaker_residential_FoldingDoor_01/meshes) by extension 'colcon_pkg'
[0.711s] Level 1:colcon.colcon_core.package_identification:_identify(aws-robomaker-small-house-world/models/aws_robomaker_residential_FoldingDoor_01/meshes) by extensions ['colcon_meta']
[0.711s] Level 1:colcon.colcon_core.package_identification:_identify(aws-robomaker-small-house-world/models/aws_robomaker_residential_FoldingDoor_01/meshes) by extension 'colcon_meta'
[0.711s] Level 1:colcon.colcon_core.package_identification:_identify(aws-robomaker-small-house-world/models/aws_robomaker_residential_FoldingDoor_01/meshes) by extensions ['ros']
[0.711s] Level 1:colcon.colcon_core.package_identification:_identify(aws-robomaker-small-house-world/models/aws_robomaker_residential_FoldingDoor_01/meshes) by extension 'ros'
[0.711s] Level 1:colcon.colcon_core.package_identification:_identify(aws-robomaker-small-house-world/models/aws_robomaker_residential_FoldingDoor_01/meshes) by extensions ['cmake', 'python']
[0.711s] Level 1:colcon.colcon_core.package_identification:_identify(aws-robomaker-small-house-world/models/aws_robomaker_residential_FoldingDoor_01/meshes) by extension 'cmake'
[0.711s] Level 1:colcon.colcon_core.package_identification:_identify(aws-robomaker-small-house-world/models/aws_robomaker_residential_FoldingDoor_01/meshes) by extension 'python'
[0.711s] Level 1:colcon.colcon_core.package_identification:_identify(aws-robomaker-small-house-world/models/aws_robomaker_residential_FoldingDoor_01/meshes) by extensions ['python_setup_py']
[0.711s] Level 1:colcon.colcon_core.package_identification:_identify(aws-robomaker-small-house-world/models/aws_robomaker_residential_FoldingDoor_01/meshes) by extension 'python_setup_py'
[0.711s] Level 1:colcon.colcon_core.package_identification:_identify(aws-robomaker-small-house-world/models/aws_robomaker_residential_FoldingDoor_02) by extensions ['ignore', 'ignore_ament_install']
[0.711s] Level 1:colcon.colcon_core.package_identification:_identify(aws-robomaker-small-house-world/models/aws_robomaker_residential_FoldingDoor_02) by extension 'ignore'
[0.712s] Level 1:colcon.colcon_core.package_identification:_identify(aws-robomaker-small-house-world/models/aws_robomaker_residential_FoldingDoor_02) by extension 'ignore_ament_install'
[0.712s] Level 1:colcon.colcon_core.package_identification:_identify(aws-robomaker-small-house-world/models/aws_robomaker_residential_FoldingDoor_02) by extensions ['colcon_pkg']
[0.712s] Level 1:colcon.colcon_core.package_identification:_identify(aws-robomaker-small-house-world/models/aws_robomaker_residential_FoldingDoor_02) by extension 'colcon_pkg'
[0.712s] Level 1:colcon.colcon_core.package_identification:_identify(aws-robomaker-small-house-world/models/aws_robomaker_residential_FoldingDoor_02) by extensions ['colcon_meta']
[0.712s] Level 1:colcon.colcon_core.package_identification:_identify(aws-robomaker-small-house-world/models/aws_robomaker_residential_FoldingDoor_02) by extension 'colcon_meta'
[0.712s] Level 1:colcon.colcon_core.package_identification:_identify(aws-robomaker-small-house-world/models/aws_robomaker_residential_FoldingDoor_02) by extensions ['ros']
[0.712s] Level 1:colcon.colcon_core.package_identification:_identify(aws-robomaker-small-house-world/models/aws_robomaker_residential_FoldingDoor_02) by extension 'ros'
[0.712s] Level 1:colcon.colcon_core.package_identification:_identify(aws-robomaker-small-house-world/models/aws_robomaker_residential_FoldingDoor_02) by extensions ['cmake', 'python']
[0.712s] Level 1:colcon.colcon_core.package_identification:_identify(aws-robomaker-small-house-world/models/aws_robomaker_residential_FoldingDoor_02) by extension 'cmake'
[0.712s] Level 1:colcon.colcon_core.package_identification:_identify(aws-robomaker-small-house-world/models/aws_robomaker_residential_FoldingDoor_02) by extension 'python'
[0.712s] Level 1:colcon.colcon_core.package_identification:_identify(aws-robomaker-small-house-world/models/aws_robomaker_residential_FoldingDoor_02) by extensions ['python_setup_py']
[0.712s] Level 1:colcon.colcon_core.package_identification:_identify(aws-robomaker-small-house-world/models/aws_robomaker_residential_FoldingDoor_02) by extension 'python_setup_py'
[0.712s] Level 1:colcon.colcon_core.package_identification:_identify(aws-robomaker-small-house-world/models/aws_robomaker_residential_FoldingDoor_02/materials) by extensions ['ignore', 'ignore_ament_install']
[0.712s] Level 1:colcon.colcon_core.package_identification:_identify(aws-robomaker-small-house-world/models/aws_robomaker_residential_FoldingDoor_02/materials) by extension 'ignore'
[0.712s] Level 1:colcon.colcon_core.package_identification:_identify(aws-robomaker-small-house-world/models/aws_robomaker_residential_FoldingDoor_02/materials) by extension 'ignore_ament_install'
[0.712s] Level 1:colcon.colcon_core.package_identification:_identify(aws-robomaker-small-house-world/models/aws_robomaker_residential_FoldingDoor_02/materials) by extensions ['colcon_pkg']
[0.712s] Level 1:colcon.colcon_core.package_identification:_identify(aws-robomaker-small-house-world/models/aws_robomaker_residential_FoldingDoor_02/materials) by extension 'colcon_pkg'
[0.712s] Level 1:colcon.colcon_core.package_identification:_identify(aws-robomaker-small-house-world/models/aws_robomaker_residential_FoldingDoor_02/materials) by extensions ['colcon_meta']
[0.712s] Level 1:colcon.colcon_core.package_identification:_identify(aws-robomaker-small-house-world/models/aws_robomaker_residential_FoldingDoor_02/materials) by extension 'colcon_meta'
[0.712s] Level 1:colcon.colcon_core.package_identification:_identify(aws-robomaker-small-house-world/models/aws_robomaker_residential_FoldingDoor_02/materials) by extensions ['ros']
[0.712s] Level 1:colcon.colcon_core.package_identification:_identify(aws-robomaker-small-house-world/models/aws_robomaker_residential_FoldingDoor_02/materials) by extension 'ros'
[0.712s] Level 1:colcon.colcon_core.package_identification:_identify(aws-robomaker-small-house-world/models/aws_robomaker_residential_FoldingDoor_02/materials) by extensions ['cmake', 'python']
[0.712s] Level 1:colcon.colcon_core.package_identification:_identify(aws-robomaker-small-house-world/models/aws_robomaker_residential_FoldingDoor_02/materials) by extension 'cmake'
[0.712s] Level 1:colcon.colcon_core.package_identification:_identify(aws-robomaker-small-house-world/models/aws_robomaker_residential_FoldingDoor_02/materials) by extension 'python'
[0.712s] Level 1:colcon.colcon_core.package_identification:_identify(aws-robomaker-small-house-world/models/aws_robomaker_residential_FoldingDoor_02/materials) by extensions ['python_setup_py']
[0.712s] Level 1:colcon.colcon_core.package_identification:_identify(aws-robomaker-small-house-world/models/aws_robomaker_residential_FoldingDoor_02/materials) by extension 'python_setup_py'
[0.712s] Level 1:colcon.colcon_core.package_identification:_identify(aws-robomaker-small-house-world/models/aws_robomaker_residential_FoldingDoor_02/materials/textures) by extensions ['ignore', 'ignore_ament_install']
[0.713s] Level 1:colcon.colcon_core.package_identification:_identify(aws-robomaker-small-house-world/models/aws_robomaker_residential_FoldingDoor_02/materials/textures) by extension 'ignore'
[0.713s] Level 1:colcon.colcon_core.package_identification:_identify(aws-robomaker-small-house-world/models/aws_robomaker_residential_FoldingDoor_02/materials/textures) by extension 'ignore_ament_install'
[0.713s] Level 1:colcon.colcon_core.package_identification:_identify(aws-robomaker-small-house-world/models/aws_robomaker_residential_FoldingDoor_02/materials/textures) by extensions ['colcon_pkg']
[0.713s] Level 1:colcon.colcon_core.package_identification:_identify(aws-robomaker-small-house-world/models/aws_robomaker_residential_FoldingDoor_02/materials/textures) by extension 'colcon_pkg'
[0.713s] Level 1:colcon.colcon_core.package_identification:_identify(aws-robomaker-small-house-world/models/aws_robomaker_residential_FoldingDoor_02/materials/textures) by extensions ['colcon_meta']
[0.713s] Level 1:colcon.colcon_core.package_identification:_identify(aws-robomaker-small-house-world/models/aws_robomaker_residential_FoldingDoor_02/materials/textures) by extension 'colcon_meta'
[0.713s] Level 1:colcon.colcon_core.package_identification:_identify(aws-robomaker-small-house-world/models/aws_robomaker_residential_FoldingDoor_02/materials/textures) by extensions ['ros']
[0.713s] Level 1:colcon.colcon_core.package_identification:_identify(aws-robomaker-small-house-world/models/aws_robomaker_residential_FoldingDoor_02/materials/textures) by extension 'ros'
[0.713s] Level 1:colcon.colcon_core.package_identification:_identify(aws-robomaker-small-house-world/models/aws_robomaker_residential_FoldingDoor_02/materials/textures) by extensions ['cmake', 'python']
[0.713s] Level 1:colcon.colcon_core.package_identification:_identify(aws-robomaker-small-house-world/models/aws_robomaker_residential_FoldingDoor_02/materials/textures) by extension 'cmake'
[0.713s] Level 1:colcon.colcon_core.package_identification:_identify(aws-robomaker-small-house-world/models/aws_robomaker_residential_FoldingDoor_02/materials/textures) by extension 'python'
[0.713s] Level 1:colcon.colcon_core.package_identification:_identify(aws-robomaker-small-house-world/models/aws_robomaker_residential_FoldingDoor_02/materials/textures) by extensions ['python_setup_py']
[0.713s] Level 1:colcon.colcon_core.package_identification:_identify(aws-robomaker-small-house-world/models/aws_robomaker_residential_FoldingDoor_02/materials/textures) by extension 'python_setup_py'
[0.713s] Level 1:colcon.colcon_core.package_identification:_identify(aws-robomaker-small-house-world/models/aws_robomaker_residential_FoldingDoor_02/meshes) by extensions ['ignore', 'ignore_ament_install']
[0.713s] Level 1:colcon.colcon_core.package_identification:_identify(aws-robomaker-small-house-world/models/aws_robomaker_residential_FoldingDoor_02/meshes) by extension 'ignore'
[0.713s] Level 1:colcon.colcon_core.package_identification:_identify(aws-robomaker-small-house-world/models/aws_robomaker_residential_FoldingDoor_02/meshes) by extension 'ignore_ament_install'
[0.713s] Level 1:colcon.colcon_core.package_identification:_identify(aws-robomaker-small-house-world/models/aws_robomaker_residential_FoldingDoor_02/meshes) by extensions ['colcon_pkg']
[0.713s] Level 1:colcon.colcon_core.package_identification:_identify(aws-robomaker-small-house-world/models/aws_robomaker_residential_FoldingDoor_02/meshes) by extension 'colcon_pkg'
[0.713s] Level 1:colcon.colcon_core.package_identification:_identify(aws-robomaker-small-house-world/models/aws_robomaker_residential_FoldingDoor_02/meshes) by extensions ['colcon_meta']
[0.713s] Level 1:colcon.colcon_core.package_identification:_identify(aws-robomaker-small-house-world/models/aws_robomaker_residential_FoldingDoor_02/meshes) by extension 'colcon_meta'
[0.713s] Level 1:colcon.colcon_core.package_identification:_identify(aws-robomaker-small-house-world/models/aws_robomaker_residential_FoldingDoor_02/meshes) by extensions ['ros']
[0.713s] Level 1:colcon.colcon_core.package_identification:_identify(aws-robomaker-small-house-world/models/aws_robomaker_residential_FoldingDoor_02/meshes) by extension 'ros'
[0.713s] Level 1:colcon.colcon_core.package_identification:_identify(aws-robomaker-small-house-world/models/aws_robomaker_residential_FoldingDoor_02/meshes) by extensions ['cmake', 'python']
[0.713s] Level 1:colcon.colcon_core.package_identification:_identify(aws-robomaker-small-house-world/models/aws_robomaker_residential_FoldingDoor_02/meshes) by extension 'cmake'
[0.713s] Level 1:colcon.colcon_core.package_identification:_identify(aws-robomaker-small-house-world/models/aws_robomaker_residential_FoldingDoor_02/meshes) by extension 'python'
[0.713s] Level 1:colcon.colcon_core.package_identification:_identify(aws-robomaker-small-house-world/models/aws_robomaker_residential_FoldingDoor_02/meshes) by extensions ['python_setup_py']
[0.713s] Level 1:colcon.colcon_core.package_identification:_identify(aws-robomaker-small-house-world/models/aws_robomaker_residential_FoldingDoor_02/meshes) by extension 'python_setup_py'
[0.714s] Level 1:colcon.colcon_core.package_identification:_identify(aws-robomaker-small-house-world/models/aws_robomaker_residential_Handle_01) by extensions ['ignore', 'ignore_ament_install']
[0.714s] Level 1:colcon.colcon_core.package_identification:_identify(aws-robomaker-small-house-world/models/aws_robomaker_residential_Handle_01) by extension 'ignore'
[0.714s] Level 1:colcon.colcon_core.package_identification:_identify(aws-robomaker-small-house-world/models/aws_robomaker_residential_Handle_01) by extension 'ignore_ament_install'
[0.714s] Level 1:colcon.colcon_core.package_identification:_identify(aws-robomaker-small-house-world/models/aws_robomaker_residential_Handle_01) by extensions ['colcon_pkg']
[0.714s] Level 1:colcon.colcon_core.package_identification:_identify(aws-robomaker-small-house-world/models/aws_robomaker_residential_Handle_01) by extension 'colcon_pkg'
[0.714s] Level 1:colcon.colcon_core.package_identification:_identify(aws-robomaker-small-house-world/models/aws_robomaker_residential_Handle_01) by extensions ['colcon_meta']
[0.714s] Level 1:colcon.colcon_core.package_identification:_identify(aws-robomaker-small-house-world/models/aws_robomaker_residential_Handle_01) by extension 'colcon_meta'
[0.714s] Level 1:colcon.colcon_core.package_identification:_identify(aws-robomaker-small-house-world/models/aws_robomaker_residential_Handle_01) by extensions ['ros']
[0.714s] Level 1:colcon.colcon_core.package_identification:_identify(aws-robomaker-small-house-world/models/aws_robomaker_residential_Handle_01) by extension 'ros'
[0.714s] Level 1:colcon.colcon_core.package_identification:_identify(aws-robomaker-small-house-world/models/aws_robomaker_residential_Handle_01) by extensions ['cmake', 'python']
[0.714s] Level 1:colcon.colcon_core.package_identification:_identify(aws-robomaker-small-house-world/models/aws_robomaker_residential_Handle_01) by extension 'cmake'
[0.714s] Level 1:colcon.colcon_core.package_identification:_identify(aws-robomaker-small-house-world/models/aws_robomaker_residential_Handle_01) by extension 'python'
[0.714s] Level 1:colcon.colcon_core.package_identification:_identify(aws-robomaker-small-house-world/models/aws_robomaker_residential_Handle_01) by extensions ['python_setup_py']
[0.714s] Level 1:colcon.colcon_core.package_identification:_identify(aws-robomaker-small-house-world/models/aws_robomaker_residential_Handle_01) by extension 'python_setup_py'
[0.714s] Level 1:colcon.colcon_core.package_identification:_identify(aws-robomaker-small-house-world/models/aws_robomaker_residential_Handle_01/materials) by extensions ['ignore', 'ignore_ament_install']
[0.714s] Level 1:colcon.colcon_core.package_identification:_identify(aws-robomaker-small-house-world/models/aws_robomaker_residential_Handle_01/materials) by extension 'ignore'
[0.714s] Level 1:colcon.colcon_core.package_identification:_identify(aws-robomaker-small-house-world/models/aws_robomaker_residential_Handle_01/materials) by extension 'ignore_ament_install'
[0.714s] Level 1:colcon.colcon_core.package_identification:_identify(aws-robomaker-small-house-world/models/aws_robomaker_residential_Handle_01/materials) by extensions ['colcon_pkg']
[0.714s] Level 1:colcon.colcon_core.package_identification:_identify(aws-robomaker-small-house-world/models/aws_robomaker_residential_Handle_01/materials) by extension 'colcon_pkg'
[0.714s] Level 1:colcon.colcon_core.package_identification:_identify(aws-robomaker-small-house-world/models/aws_robomaker_residential_Handle_01/materials) by extensions ['colcon_meta']
[0.715s] Level 1:colcon.colcon_core.package_identification:_identify(aws-robomaker-small-house-world/models/aws_robomaker_residential_Handle_01/materials) by extension 'colcon_meta'
[0.715s] Level 1:colcon.colcon_core.package_identification:_identify(aws-robomaker-small-house-world/models/aws_robomaker_residential_Handle_01/materials) by extensions ['ros']
[0.715s] Level 1:colcon.colcon_core.package_identification:_identify(aws-robomaker-small-house-world/models/aws_robomaker_residential_Handle_01/materials) by extension 'ros'
[0.715s] Level 1:colcon.colcon_core.package_identification:_identify(aws-robomaker-small-house-world/models/aws_robomaker_residential_Handle_01/materials) by extensions ['cmake', 'python']
[0.715s] Level 1:colcon.colcon_core.package_identification:_identify(aws-robomaker-small-house-world/models/aws_robomaker_residential_Handle_01/materials) by extension 'cmake'
[0.715s] Level 1:colcon.colcon_core.package_identification:_identify(aws-robomaker-small-house-world/models/aws_robomaker_residential_Handle_01/materials) by extension 'python'
[0.715s] Level 1:colcon.colcon_core.package_identification:_identify(aws-robomaker-small-house-world/models/aws_robomaker_residential_Handle_01/materials) by extensions ['python_setup_py']
[0.715s] Level 1:colcon.colcon_core.package_identification:_identify(aws-robomaker-small-house-world/models/aws_robomaker_residential_Handle_01/materials) by extension 'python_setup_py'
[0.715s] Level 1:colcon.colcon_core.package_identification:_identify(aws-robomaker-small-house-world/models/aws_robomaker_residential_Handle_01/materials/textures) by extensions ['ignore', 'ignore_ament_install']
[0.715s] Level 1:colcon.colcon_core.package_identification:_identify(aws-robomaker-small-house-world/models/aws_robomaker_residential_Handle_01/materials/textures) by extension 'ignore'
[0.715s] Level 1:colcon.colcon_core.package_identification:_identify(aws-robomaker-small-house-world/models/aws_robomaker_residential_Handle_01/materials/textures) by extension 'ignore_ament_install'
[0.715s] Level 1:colcon.colcon_core.package_identification:_identify(aws-robomaker-small-house-world/models/aws_robomaker_residential_Handle_01/materials/textures) by extensions ['colcon_pkg']
[0.715s] Level 1:colcon.colcon_core.package_identification:_identify(aws-robomaker-small-house-world/models/aws_robomaker_residential_Handle_01/materials/textures) by extension 'colcon_pkg'
[0.715s] Level 1:colcon.colcon_core.package_identification:_identify(aws-robomaker-small-house-world/models/aws_robomaker_residential_Handle_01/materials/textures) by extensions ['colcon_meta']
[0.715s] Level 1:colcon.colcon_core.package_identification:_identify(aws-robomaker-small-house-world/models/aws_robomaker_residential_Handle_01/materials/textures) by extension 'colcon_meta'
[0.715s] Level 1:colcon.colcon_core.package_identification:_identify(aws-robomaker-small-house-world/models/aws_robomaker_residential_Handle_01/materials/textures) by extensions ['ros']
[0.715s] Level 1:colcon.colcon_core.package_identification:_identify(aws-robomaker-small-house-world/models/aws_robomaker_residential_Handle_01/materials/textures) by extension 'ros'
[0.715s] Level 1:colcon.colcon_core.package_identification:_identify(aws-robomaker-small-house-world/models/aws_robomaker_residential_Handle_01/materials/textures) by extensions ['cmake', 'python']
[0.715s] Level 1:colcon.colcon_core.package_identification:_identify(aws-robomaker-small-house-world/models/aws_robomaker_residential_Handle_01/materials/textures) by extension 'cmake'
[0.715s] Level 1:colcon.colcon_core.package_identification:_identify(aws-robomaker-small-house-world/models/aws_robomaker_residential_Handle_01/materials/textures) by extension 'python'
[0.715s] Level 1:colcon.colcon_core.package_identification:_identify(aws-robomaker-small-house-world/models/aws_robomaker_residential_Handle_01/materials/textures) by extensions ['python_setup_py']
[0.716s] Level 1:colcon.colcon_core.package_identification:_identify(aws-robomaker-small-house-world/models/aws_robomaker_residential_Handle_01/materials/textures) by extension 'python_setup_py'
[0.716s] Level 1:colcon.colcon_core.package_identification:_identify(aws-robomaker-small-house-world/models/aws_robomaker_residential_Handle_01/meshes) by extensions ['ignore', 'ignore_ament_install']
[0.716s] Level 1:colcon.colcon_core.package_identification:_identify(aws-robomaker-small-house-world/models/aws_robomaker_residential_Handle_01/meshes) by extension 'ignore'
[0.716s] Level 1:colcon.colcon_core.package_identification:_identify(aws-robomaker-small-house-world/models/aws_robomaker_residential_Handle_01/meshes) by extension 'ignore_ament_install'
[0.716s] Level 1:colcon.colcon_core.package_identification:_identify(aws-robomaker-small-house-world/models/aws_robomaker_residential_Handle_01/meshes) by extensions ['colcon_pkg']
[0.716s] Level 1:colcon.colcon_core.package_identification:_identify(aws-robomaker-small-house-world/models/aws_robomaker_residential_Handle_01/meshes) by extension 'colcon_pkg'
[0.716s] Level 1:colcon.colcon_core.package_identification:_identify(aws-robomaker-small-house-world/models/aws_robomaker_residential_Handle_01/meshes) by extensions ['colcon_meta']
[0.716s] Level 1:colcon.colcon_core.package_identification:_identify(aws-robomaker-small-house-world/models/aws_robomaker_residential_Handle_01/meshes) by extension 'colcon_meta'
[0.716s] Level 1:colcon.colcon_core.package_identification:_identify(aws-robomaker-small-house-world/models/aws_robomaker_residential_Handle_01/meshes) by extensions ['ros']
[0.716s] Level 1:colcon.colcon_core.package_identification:_identify(aws-robomaker-small-house-world/models/aws_robomaker_residential_Handle_01/meshes) by extension 'ros'
[0.716s] Level 1:colcon.colcon_core.package_identification:_identify(aws-robomaker-small-house-world/models/aws_robomaker_residential_Handle_01/meshes) by extensions ['cmake', 'python']
[0.716s] Level 1:colcon.colcon_core.package_identification:_identify(aws-robomaker-small-house-world/models/aws_robomaker_residential_Handle_01/meshes) by extension 'cmake'
[0.716s] Level 1:colcon.colcon_core.package_identification:_identify(aws-robomaker-small-house-world/models/aws_robomaker_residential_Handle_01/meshes) by extension 'python'
[0.716s] Level 1:colcon.colcon_core.package_identification:_identify(aws-robomaker-small-house-world/models/aws_robomaker_residential_Handle_01/meshes) by extensions ['python_setup_py']
[0.716s] Level 1:colcon.colcon_core.package_identification:_identify(aws-robomaker-small-house-world/models/aws_robomaker_residential_Handle_01/meshes) by extension 'python_setup_py'
[0.716s] Level 1:colcon.colcon_core.package_identification:_identify(aws-robomaker-small-house-world/models/aws_robomaker_residential_HouseWallB_01) by extensions ['ignore', 'ignore_ament_install']
[0.716s] Level 1:colcon.colcon_core.package_identification:_identify(aws-robomaker-small-house-world/models/aws_robomaker_residential_HouseWallB_01) by extension 'ignore'
[0.716s] Level 1:colcon.colcon_core.package_identification:_identify(aws-robomaker-small-house-world/models/aws_robomaker_residential_HouseWallB_01) by extension 'ignore_ament_install'
[0.716s] Level 1:colcon.colcon_core.package_identification:_identify(aws-robomaker-small-house-world/models/aws_robomaker_residential_HouseWallB_01) by extensions ['colcon_pkg']
[0.716s] Level 1:colcon.colcon_core.package_identification:_identify(aws-robomaker-small-house-world/models/aws_robomaker_residential_HouseWallB_01) by extension 'colcon_pkg'
[0.716s] Level 1:colcon.colcon_core.package_identification:_identify(aws-robomaker-small-house-world/models/aws_robomaker_residential_HouseWallB_01) by extensions ['colcon_meta']
[0.716s] Level 1:colcon.colcon_core.package_identification:_identify(aws-robomaker-small-house-world/models/aws_robomaker_residential_HouseWallB_01) by extension 'colcon_meta'
[0.716s] Level 1:colcon.colcon_core.package_identification:_identify(aws-robomaker-small-house-world/models/aws_robomaker_residential_HouseWallB_01) by extensions ['ros']
[0.716s] Level 1:colcon.colcon_core.package_identification:_identify(aws-robomaker-small-house-world/models/aws_robomaker_residential_HouseWallB_01) by extension 'ros'
[0.716s] Level 1:colcon.colcon_core.package_identification:_identify(aws-robomaker-small-house-world/models/aws_robomaker_residential_HouseWallB_01) by extensions ['cmake', 'python']
[0.717s] Level 1:colcon.colcon_core.package_identification:_identify(aws-robomaker-small-house-world/models/aws_robomaker_residential_HouseWallB_01) by extension 'cmake'
[0.717s] Level 1:colcon.colcon_core.package_identification:_identify(aws-robomaker-small-house-world/models/aws_robomaker_residential_HouseWallB_01) by extension 'python'
[0.717s] Level 1:colcon.colcon_core.package_identification:_identify(aws-robomaker-small-house-world/models/aws_robomaker_residential_HouseWallB_01) by extensions ['python_setup_py']
[0.717s] Level 1:colcon.colcon_core.package_identification:_identify(aws-robomaker-small-house-world/models/aws_robomaker_residential_HouseWallB_01) by extension 'python_setup_py'
[0.717s] Level 1:colcon.colcon_core.package_identification:_identify(aws-robomaker-small-house-world/models/aws_robomaker_residential_HouseWallB_01/materials) by extensions ['ignore', 'ignore_ament_install']
[0.717s] Level 1:colcon.colcon_core.package_identification:_identify(aws-robomaker-small-house-world/models/aws_robomaker_residential_HouseWallB_01/materials) by extension 'ignore'
[0.717s] Level 1:colcon.colcon_core.package_identification:_identify(aws-robomaker-small-house-world/models/aws_robomaker_residential_HouseWallB_01/materials) by extension 'ignore_ament_install'
[0.717s] Level 1:colcon.colcon_core.package_identification:_identify(aws-robomaker-small-house-world/models/aws_robomaker_residential_HouseWallB_01/materials) by extensions ['colcon_pkg']
[0.717s] Level 1:colcon.colcon_core.package_identification:_identify(aws-robomaker-small-house-world/models/aws_robomaker_residential_HouseWallB_01/materials) by extension 'colcon_pkg'
[0.717s] Level 1:colcon.colcon_core.package_identification:_identify(aws-robomaker-small-house-world/models/aws_robomaker_residential_HouseWallB_01/materials) by extensions ['colcon_meta']
[0.717s] Level 1:colcon.colcon_core.package_identification:_identify(aws-robomaker-small-house-world/models/aws_robomaker_residential_HouseWallB_01/materials) by extension 'colcon_meta'
[0.717s] Level 1:colcon.colcon_core.package_identification:_identify(aws-robomaker-small-house-world/models/aws_robomaker_residential_HouseWallB_01/materials) by extensions ['ros']
[0.717s] Level 1:colcon.colcon_core.package_identification:_identify(aws-robomaker-small-house-world/models/aws_robomaker_residential_HouseWallB_01/materials) by extension 'ros'
[0.717s] Level 1:colcon.colcon_core.package_identification:_identify(aws-robomaker-small-house-world/models/aws_robomaker_residential_HouseWallB_01/materials) by extensions ['cmake', 'python']
[0.717s] Level 1:colcon.colcon_core.package_identification:_identify(aws-robomaker-small-house-world/models/aws_robomaker_residential_HouseWallB_01/materials) by extension 'cmake'
[0.717s] Level 1:colcon.colcon_core.package_identification:_identify(aws-robomaker-small-house-world/models/aws_robomaker_residential_HouseWallB_01/materials) by extension 'python'
[0.717s] Level 1:colcon.colcon_core.package_identification:_identify(aws-robomaker-small-house-world/models/aws_robomaker_residential_HouseWallB_01/materials) by extensions ['python_setup_py']
[0.717s] Level 1:colcon.colcon_core.package_identification:_identify(aws-robomaker-small-house-world/models/aws_robomaker_residential_HouseWallB_01/materials) by extension 'python_setup_py'
[0.718s] Level 1:colcon.colcon_core.package_identification:_identify(aws-robomaker-small-house-world/models/aws_robomaker_residential_HouseWallB_01/materials/textures) by extensions ['ignore', 'ignore_ament_install']
[0.718s] Level 1:colcon.colcon_core.package_identification:_identify(aws-robomaker-small-house-world/models/aws_robomaker_residential_HouseWallB_01/materials/textures) by extension 'ignore'
[0.718s] Level 1:colcon.colcon_core.package_identification:_identify(aws-robomaker-small-house-world/models/aws_robomaker_residential_HouseWallB_01/materials/textures) by extension 'ignore_ament_install'
[0.718s] Level 1:colcon.colcon_core.package_identification:_identify(aws-robomaker-small-house-world/models/aws_robomaker_residential_HouseWallB_01/materials/textures) by extensions ['colcon_pkg']
[0.718s] Level 1:colcon.colcon_core.package_identification:_identify(aws-robomaker-small-house-world/models/aws_robomaker_residential_HouseWallB_01/materials/textures) by extension 'colcon_pkg'
[0.718s] Level 1:colcon.colcon_core.package_identification:_identify(aws-robomaker-small-house-world/models/aws_robomaker_residential_HouseWallB_01/materials/textures) by extensions ['colcon_meta']
[0.718s] Level 1:colcon.colcon_core.package_identification:_identify(aws-robomaker-small-house-world/models/aws_robomaker_residential_HouseWallB_01/materials/textures) by extension 'colcon_meta'
[0.718s] Level 1:colcon.colcon_core.package_identification:_identify(aws-robomaker-small-house-world/models/aws_robomaker_residential_HouseWallB_01/materials/textures) by extensions ['ros']
[0.718s] Level 1:colcon.colcon_core.package_identification:_identify(aws-robomaker-small-house-world/models/aws_robomaker_residential_HouseWallB_01/materials/textures) by extension 'ros'
[0.718s] Level 1:colcon.colcon_core.package_identification:_identify(aws-robomaker-small-house-world/models/aws_robomaker_residential_HouseWallB_01/materials/textures) by extensions ['cmake', 'python']
[0.718s] Level 1:colcon.colcon_core.package_identification:_identify(aws-robomaker-small-house-world/models/aws_robomaker_residential_HouseWallB_01/materials/textures) by extension 'cmake'
[0.718s] Level 1:colcon.colcon_core.package_identification:_identify(aws-robomaker-small-house-world/models/aws_robomaker_residential_HouseWallB_01/materials/textures) by extension 'python'
[0.718s] Level 1:colcon.colcon_core.package_identification:_identify(aws-robomaker-small-house-world/models/aws_robomaker_residential_HouseWallB_01/materials/textures) by extensions ['python_setup_py']
[0.718s] Level 1:colcon.colcon_core.package_identification:_identify(aws-robomaker-small-house-world/models/aws_robomaker_residential_HouseWallB_01/materials/textures) by extension 'python_setup_py'
[0.718s] Level 1:colcon.colcon_core.package_identification:_identify(aws-robomaker-small-house-world/models/aws_robomaker_residential_HouseWallB_01/meshes) by extensions ['ignore', 'ignore_ament_install']
[0.718s] Level 1:colcon.colcon_core.package_identification:_identify(aws-robomaker-small-house-world/models/aws_robomaker_residential_HouseWallB_01/meshes) by extension 'ignore'
[0.718s] Level 1:colcon.colcon_core.package_identification:_identify(aws-robomaker-small-house-world/models/aws_robomaker_residential_HouseWallB_01/meshes) by extension 'ignore_ament_install'
[0.718s] Level 1:colcon.colcon_core.package_identification:_identify(aws-robomaker-small-house-world/models/aws_robomaker_residential_HouseWallB_01/meshes) by extensions ['colcon_pkg']
[0.718s] Level 1:colcon.colcon_core.package_identification:_identify(aws-robomaker-small-house-world/models/aws_robomaker_residential_HouseWallB_01/meshes) by extension 'colcon_pkg'
[0.718s] Level 1:colcon.colcon_core.package_identification:_identify(aws-robomaker-small-house-world/models/aws_robomaker_residential_HouseWallB_01/meshes) by extensions ['colcon_meta']
[0.718s] Level 1:colcon.colcon_core.package_identification:_identify(aws-robomaker-small-house-world/models/aws_robomaker_residential_HouseWallB_01/meshes) by extension 'colcon_meta'
[0.718s] Level 1:colcon.colcon_core.package_identification:_identify(aws-robomaker-small-house-world/models/aws_robomaker_residential_HouseWallB_01/meshes) by extensions ['ros']
[0.718s] Level 1:colcon.colcon_core.package_identification:_identify(aws-robomaker-small-house-world/models/aws_robomaker_residential_HouseWallB_01/meshes) by extension 'ros'
[0.718s] Level 1:colcon.colcon_core.package_identification:_identify(aws-robomaker-small-house-world/models/aws_robomaker_residential_HouseWallB_01/meshes) by extensions ['cmake', 'python']
[0.718s] Level 1:colcon.colcon_core.package_identification:_identify(aws-robomaker-small-house-world/models/aws_robomaker_residential_HouseWallB_01/meshes) by extension 'cmake'
[0.719s] Level 1:colcon.colcon_core.package_identification:_identify(aws-robomaker-small-house-world/models/aws_robomaker_residential_HouseWallB_01/meshes) by extension 'python'
[0.719s] Level 1:colcon.colcon_core.package_identification:_identify(aws-robomaker-small-house-world/models/aws_robomaker_residential_HouseWallB_01/meshes) by extensions ['python_setup_py']
[0.719s] Level 1:colcon.colcon_core.package_identification:_identify(aws-robomaker-small-house-world/models/aws_robomaker_residential_HouseWallB_01/meshes) by extension 'python_setup_py'
[0.719s] Level 1:colcon.colcon_core.package_identification:_identify(aws-robomaker-small-house-world/models/aws_robomaker_residential_KitchenCabinet_01) by extensions ['ignore', 'ignore_ament_install']
[0.719s] Level 1:colcon.colcon_core.package_identification:_identify(aws-robomaker-small-house-world/models/aws_robomaker_residential_KitchenCabinet_01) by extension 'ignore'
[0.719s] Level 1:colcon.colcon_core.package_identification:_identify(aws-robomaker-small-house-world/models/aws_robomaker_residential_KitchenCabinet_01) by extension 'ignore_ament_install'
[0.719s] Level 1:colcon.colcon_core.package_identification:_identify(aws-robomaker-small-house-world/models/aws_robomaker_residential_KitchenCabinet_01) by extensions ['colcon_pkg']
[0.719s] Level 1:colcon.colcon_core.package_identification:_identify(aws-robomaker-small-house-world/models/aws_robomaker_residential_KitchenCabinet_01) by extension 'colcon_pkg'
[0.719s] Level 1:colcon.colcon_core.package_identification:_identify(aws-robomaker-small-house-world/models/aws_robomaker_residential_KitchenCabinet_01) by extensions ['colcon_meta']
[0.719s] Level 1:colcon.colcon_core.package_identification:_identify(aws-robomaker-small-house-world/models/aws_robomaker_residential_KitchenCabinet_01) by extension 'colcon_meta'
[0.719s] Level 1:colcon.colcon_core.package_identification:_identify(aws-robomaker-small-house-world/models/aws_robomaker_residential_KitchenCabinet_01) by extensions ['ros']
[0.719s] Level 1:colcon.colcon_core.package_identification:_identify(aws-robomaker-small-house-world/models/aws_robomaker_residential_KitchenCabinet_01) by extension 'ros'
[0.719s] Level 1:colcon.colcon_core.package_identification:_identify(aws-robomaker-small-house-world/models/aws_robomaker_residential_KitchenCabinet_01) by extensions ['cmake', 'python']
[0.719s] Level 1:colcon.colcon_core.package_identification:_identify(aws-robomaker-small-house-world/models/aws_robomaker_residential_KitchenCabinet_01) by extension 'cmake'
[0.719s] Level 1:colcon.colcon_core.package_identification:_identify(aws-robomaker-small-house-world/models/aws_robomaker_residential_KitchenCabinet_01) by extension 'python'
[0.719s] Level 1:colcon.colcon_core.package_identification:_identify(aws-robomaker-small-house-world/models/aws_robomaker_residential_KitchenCabinet_01) by extensions ['python_setup_py']
[0.719s] Level 1:colcon.colcon_core.package_identification:_identify(aws-robomaker-small-house-world/models/aws_robomaker_residential_KitchenCabinet_01) by extension 'python_setup_py'
[0.719s] Level 1:colcon.colcon_core.package_identification:_identify(aws-robomaker-small-house-world/models/aws_robomaker_residential_KitchenCabinet_01/materials) by extensions ['ignore', 'ignore_ament_install']
[0.719s] Level 1:colcon.colcon_core.package_identification:_identify(aws-robomaker-small-house-world/models/aws_robomaker_residential_KitchenCabinet_01/materials) by extension 'ignore'
[0.719s] Level 1:colcon.colcon_core.package_identification:_identify(aws-robomaker-small-house-world/models/aws_robomaker_residential_KitchenCabinet_01/materials) by extension 'ignore_ament_install'
[0.719s] Level 1:colcon.colcon_core.package_identification:_identify(aws-robomaker-small-house-world/models/aws_robomaker_residential_KitchenCabinet_01/materials) by extensions ['colcon_pkg']
[0.719s] Level 1:colcon.colcon_core.package_identification:_identify(aws-robomaker-small-house-world/models/aws_robomaker_residential_KitchenCabinet_01/materials) by extension 'colcon_pkg'
[0.719s] Level 1:colcon.colcon_core.package_identification:_identify(aws-robomaker-small-house-world/models/aws_robomaker_residential_KitchenCabinet_01/materials) by extensions ['colcon_meta']
[0.719s] Level 1:colcon.colcon_core.package_identification:_identify(aws-robomaker-small-house-world/models/aws_robomaker_residential_KitchenCabinet_01/materials) by extension 'colcon_meta'
[0.719s] Level 1:colcon.colcon_core.package_identification:_identify(aws-robomaker-small-house-world/models/aws_robomaker_residential_KitchenCabinet_01/materials) by extensions ['ros']
[0.719s] Level 1:colcon.colcon_core.package_identification:_identify(aws-robomaker-small-house-world/models/aws_robomaker_residential_KitchenCabinet_01/materials) by extension 'ros'
[0.720s] Level 1:colcon.colcon_core.package_identification:_identify(aws-robomaker-small-house-world/models/aws_robomaker_residential_KitchenCabinet_01/materials) by extensions ['cmake', 'python']
[0.720s] Level 1:colcon.colcon_core.package_identification:_identify(aws-robomaker-small-house-world/models/aws_robomaker_residential_KitchenCabinet_01/materials) by extension 'cmake'
[0.720s] Level 1:colcon.colcon_core.package_identification:_identify(aws-robomaker-small-house-world/models/aws_robomaker_residential_KitchenCabinet_01/materials) by extension 'python'
[0.720s] Level 1:colcon.colcon_core.package_identification:_identify(aws-robomaker-small-house-world/models/aws_robomaker_residential_KitchenCabinet_01/materials) by extensions ['python_setup_py']
[0.720s] Level 1:colcon.colcon_core.package_identification:_identify(aws-robomaker-small-house-world/models/aws_robomaker_residential_KitchenCabinet_01/materials) by extension 'python_setup_py'
[0.720s] Level 1:colcon.colcon_core.package_identification:_identify(aws-robomaker-small-house-world/models/aws_robomaker_residential_KitchenCabinet_01/materials/textures) by extensions ['ignore', 'ignore_ament_install']
[0.720s] Level 1:colcon.colcon_core.package_identification:_identify(aws-robomaker-small-house-world/models/aws_robomaker_residential_KitchenCabinet_01/materials/textures) by extension 'ignore'
[0.720s] Level 1:colcon.colcon_core.package_identification:_identify(aws-robomaker-small-house-world/models/aws_robomaker_residential_KitchenCabinet_01/materials/textures) by extension 'ignore_ament_install'
[0.720s] Level 1:colcon.colcon_core.package_identification:_identify(aws-robomaker-small-house-world/models/aws_robomaker_residential_KitchenCabinet_01/materials/textures) by extensions ['colcon_pkg']
[0.720s] Level 1:colcon.colcon_core.package_identification:_identify(aws-robomaker-small-house-world/models/aws_robomaker_residential_KitchenCabinet_01/materials/textures) by extension 'colcon_pkg'
[0.720s] Level 1:colcon.colcon_core.package_identification:_identify(aws-robomaker-small-house-world/models/aws_robomaker_residential_KitchenCabinet_01/materials/textures) by extensions ['colcon_meta']
[0.720s] Level 1:colcon.colcon_core.package_identification:_identify(aws-robomaker-small-house-world/models/aws_robomaker_residential_KitchenCabinet_01/materials/textures) by extension 'colcon_meta'
[0.720s] Level 1:colcon.colcon_core.package_identification:_identify(aws-robomaker-small-house-world/models/aws_robomaker_residential_KitchenCabinet_01/materials/textures) by extensions ['ros']
[0.720s] Level 1:colcon.colcon_core.package_identification:_identify(aws-robomaker-small-house-world/models/aws_robomaker_residential_KitchenCabinet_01/materials/textures) by extension 'ros'
[0.720s] Level 1:colcon.colcon_core.package_identification:_identify(aws-robomaker-small-house-world/models/aws_robomaker_residential_KitchenCabinet_01/materials/textures) by extensions ['cmake', 'python']
[0.720s] Level 1:colcon.colcon_core.package_identification:_identify(aws-robomaker-small-house-world/models/aws_robomaker_residential_KitchenCabinet_01/materials/textures) by extension 'cmake'
[0.720s] Level 1:colcon.colcon_core.package_identification:_identify(aws-robomaker-small-house-world/models/aws_robomaker_residential_KitchenCabinet_01/materials/textures) by extension 'python'
[0.720s] Level 1:colcon.colcon_core.package_identification:_identify(aws-robomaker-small-house-world/models/aws_robomaker_residential_KitchenCabinet_01/materials/textures) by extensions ['python_setup_py']
[0.720s] Level 1:colcon.colcon_core.package_identification:_identify(aws-robomaker-small-house-world/models/aws_robomaker_residential_KitchenCabinet_01/materials/textures) by extension 'python_setup_py'
[0.720s] Level 1:colcon.colcon_core.package_identification:_identify(aws-robomaker-small-house-world/models/aws_robomaker_residential_KitchenCabinet_01/meshes) by extensions ['ignore', 'ignore_ament_install']
[0.720s] Level 1:colcon.colcon_core.package_identification:_identify(aws-robomaker-small-house-world/models/aws_robomaker_residential_KitchenCabinet_01/meshes) by extension 'ignore'
[0.720s] Level 1:colcon.colcon_core.package_identification:_identify(aws-robomaker-small-house-world/models/aws_robomaker_residential_KitchenCabinet_01/meshes) by extension 'ignore_ament_install'
[0.720s] Level 1:colcon.colcon_core.package_identification:_identify(aws-robomaker-small-house-world/models/aws_robomaker_residential_KitchenCabinet_01/meshes) by extensions ['colcon_pkg']
[0.720s] Level 1:colcon.colcon_core.package_identification:_identify(aws-robomaker-small-house-world/models/aws_robomaker_residential_KitchenCabinet_01/meshes) by extension 'colcon_pkg'
[0.720s] Level 1:colcon.colcon_core.package_identification:_identify(aws-robomaker-small-house-world/models/aws_robomaker_residential_KitchenCabinet_01/meshes) by extensions ['colcon_meta']
[0.721s] Level 1:colcon.colcon_core.package_identification:_identify(aws-robomaker-small-house-world/models/aws_robomaker_residential_KitchenCabinet_01/meshes) by extension 'colcon_meta'
[0.721s] Level 1:colcon.colcon_core.package_identification:_identify(aws-robomaker-small-house-world/models/aws_robomaker_residential_KitchenCabinet_01/meshes) by extensions ['ros']
[0.721s] Level 1:colcon.colcon_core.package_identification:_identify(aws-robomaker-small-house-world/models/aws_robomaker_residential_KitchenCabinet_01/meshes) by extension 'ros'
[0.721s] Level 1:colcon.colcon_core.package_identification:_identify(aws-robomaker-small-house-world/models/aws_robomaker_residential_KitchenCabinet_01/meshes) by extensions ['cmake', 'python']
[0.721s] Level 1:colcon.colcon_core.package_identification:_identify(aws-robomaker-small-house-world/models/aws_robomaker_residential_KitchenCabinet_01/meshes) by extension 'cmake'
[0.721s] Level 1:colcon.colcon_core.package_identification:_identify(aws-robomaker-small-house-world/models/aws_robomaker_residential_KitchenCabinet_01/meshes) by extension 'python'
[0.721s] Level 1:colcon.colcon_core.package_identification:_identify(aws-robomaker-small-house-world/models/aws_robomaker_residential_KitchenCabinet_01/meshes) by extensions ['python_setup_py']
[0.721s] Level 1:colcon.colcon_core.package_identification:_identify(aws-robomaker-small-house-world/models/aws_robomaker_residential_KitchenCabinet_01/meshes) by extension 'python_setup_py'
[0.721s] Level 1:colcon.colcon_core.package_identification:_identify(aws-robomaker-small-house-world/models/aws_robomaker_residential_KitchenTable_01) by extensions ['ignore', 'ignore_ament_install']
[0.721s] Level 1:colcon.colcon_core.package_identification:_identify(aws-robomaker-small-house-world/models/aws_robomaker_residential_KitchenTable_01) by extension 'ignore'
[0.721s] Level 1:colcon.colcon_core.package_identification:_identify(aws-robomaker-small-house-world/models/aws_robomaker_residential_KitchenTable_01) by extension 'ignore_ament_install'
[0.721s] Level 1:colcon.colcon_core.package_identification:_identify(aws-robomaker-small-house-world/models/aws_robomaker_residential_KitchenTable_01) by extensions ['colcon_pkg']
[0.721s] Level 1:colcon.colcon_core.package_identification:_identify(aws-robomaker-small-house-world/models/aws_robomaker_residential_KitchenTable_01) by extension 'colcon_pkg'
[0.721s] Level 1:colcon.colcon_core.package_identification:_identify(aws-robomaker-small-house-world/models/aws_robomaker_residential_KitchenTable_01) by extensions ['colcon_meta']
[0.721s] Level 1:colcon.colcon_core.package_identification:_identify(aws-robomaker-small-house-world/models/aws_robomaker_residential_KitchenTable_01) by extension 'colcon_meta'
[0.721s] Level 1:colcon.colcon_core.package_identification:_identify(aws-robomaker-small-house-world/models/aws_robomaker_residential_KitchenTable_01) by extensions ['ros']
[0.721s] Level 1:colcon.colcon_core.package_identification:_identify(aws-robomaker-small-house-world/models/aws_robomaker_residential_KitchenTable_01) by extension 'ros'
[0.721s] Level 1:colcon.colcon_core.package_identification:_identify(aws-robomaker-small-house-world/models/aws_robomaker_residential_KitchenTable_01) by extensions ['cmake', 'python']
[0.721s] Level 1:colcon.colcon_core.package_identification:_identify(aws-robomaker-small-house-world/models/aws_robomaker_residential_KitchenTable_01) by extension 'cmake'
[0.721s] Level 1:colcon.colcon_core.package_identification:_identify(aws-robomaker-small-house-world/models/aws_robomaker_residential_KitchenTable_01) by extension 'python'
[0.721s] Level 1:colcon.colcon_core.package_identification:_identify(aws-robomaker-small-house-world/models/aws_robomaker_residential_KitchenTable_01) by extensions ['python_setup_py']
[0.721s] Level 1:colcon.colcon_core.package_identification:_identify(aws-robomaker-small-house-world/models/aws_robomaker_residential_KitchenTable_01) by extension 'python_setup_py'
[0.721s] Level 1:colcon.colcon_core.package_identification:_identify(aws-robomaker-small-house-world/models/aws_robomaker_residential_KitchenTable_01/materials) by extensions ['ignore', 'ignore_ament_install']
[0.721s] Level 1:colcon.colcon_core.package_identification:_identify(aws-robomaker-small-house-world/models/aws_robomaker_residential_KitchenTable_01/materials) by extension 'ignore'
[0.721s] Level 1:colcon.colcon_core.package_identification:_identify(aws-robomaker-small-house-world/models/aws_robomaker_residential_KitchenTable_01/materials) by extension 'ignore_ament_install'
[0.722s] Level 1:colcon.colcon_core.package_identification:_identify(aws-robomaker-small-house-world/models/aws_robomaker_residential_KitchenTable_01/materials) by extensions ['colcon_pkg']
[0.722s] Level 1:colcon.colcon_core.package_identification:_identify(aws-robomaker-small-house-world/models/aws_robomaker_residential_KitchenTable_01/materials) by extension 'colcon_pkg'
[0.722s] Level 1:colcon.colcon_core.package_identification:_identify(aws-robomaker-small-house-world/models/aws_robomaker_residential_KitchenTable_01/materials) by extensions ['colcon_meta']
[0.722s] Level 1:colcon.colcon_core.package_identification:_identify(aws-robomaker-small-house-world/models/aws_robomaker_residential_KitchenTable_01/materials) by extension 'colcon_meta'
[0.722s] Level 1:colcon.colcon_core.package_identification:_identify(aws-robomaker-small-house-world/models/aws_robomaker_residential_KitchenTable_01/materials) by extensions ['ros']
[0.722s] Level 1:colcon.colcon_core.package_identification:_identify(aws-robomaker-small-house-world/models/aws_robomaker_residential_KitchenTable_01/materials) by extension 'ros'
[0.722s] Level 1:colcon.colcon_core.package_identification:_identify(aws-robomaker-small-house-world/models/aws_robomaker_residential_KitchenTable_01/materials) by extensions ['cmake', 'python']
[0.722s] Level 1:colcon.colcon_core.package_identification:_identify(aws-robomaker-small-house-world/models/aws_robomaker_residential_KitchenTable_01/materials) by extension 'cmake'
[0.722s] Level 1:colcon.colcon_core.package_identification:_identify(aws-robomaker-small-house-world/models/aws_robomaker_residential_KitchenTable_01/materials) by extension 'python'
[0.722s] Level 1:colcon.colcon_core.package_identification:_identify(aws-robomaker-small-house-world/models/aws_robomaker_residential_KitchenTable_01/materials) by extensions ['python_setup_py']
[0.722s] Level 1:colcon.colcon_core.package_identification:_identify(aws-robomaker-small-house-world/models/aws_robomaker_residential_KitchenTable_01/materials) by extension 'python_setup_py'
[0.722s] Level 1:colcon.colcon_core.package_identification:_identify(aws-robomaker-small-house-world/models/aws_robomaker_residential_KitchenTable_01/materials/textures) by extensions ['ignore', 'ignore_ament_install']
[0.722s] Level 1:colcon.colcon_core.package_identification:_identify(aws-robomaker-small-house-world/models/aws_robomaker_residential_KitchenTable_01/materials/textures) by extension 'ignore'
[0.722s] Level 1:colcon.colcon_core.package_identification:_identify(aws-robomaker-small-house-world/models/aws_robomaker_residential_KitchenTable_01/materials/textures) by extension 'ignore_ament_install'
[0.722s] Level 1:colcon.colcon_core.package_identification:_identify(aws-robomaker-small-house-world/models/aws_robomaker_residential_KitchenTable_01/materials/textures) by extensions ['colcon_pkg']
[0.722s] Level 1:colcon.colcon_core.package_identification:_identify(aws-robomaker-small-house-world/models/aws_robomaker_residential_KitchenTable_01/materials/textures) by extension 'colcon_pkg'
[0.722s] Level 1:colcon.colcon_core.package_identification:_identify(aws-robomaker-small-house-world/models/aws_robomaker_residential_KitchenTable_01/materials/textures) by extensions ['colcon_meta']
[0.722s] Level 1:colcon.colcon_core.package_identification:_identify(aws-robomaker-small-house-world/models/aws_robomaker_residential_KitchenTable_01/materials/textures) by extension 'colcon_meta'
[0.722s] Level 1:colcon.colcon_core.package_identification:_identify(aws-robomaker-small-house-world/models/aws_robomaker_residential_KitchenTable_01/materials/textures) by extensions ['ros']
[0.722s] Level 1:colcon.colcon_core.package_identification:_identify(aws-robomaker-small-house-world/models/aws_robomaker_residential_KitchenTable_01/materials/textures) by extension 'ros'
[0.722s] Level 1:colcon.colcon_core.package_identification:_identify(aws-robomaker-small-house-world/models/aws_robomaker_residential_KitchenTable_01/materials/textures) by extensions ['cmake', 'python']
[0.722s] Level 1:colcon.colcon_core.package_identification:_identify(aws-robomaker-small-house-world/models/aws_robomaker_residential_KitchenTable_01/materials/textures) by extension 'cmake'
[0.722s] Level 1:colcon.colcon_core.package_identification:_identify(aws-robomaker-small-house-world/models/aws_robomaker_residential_KitchenTable_01/materials/textures) by extension 'python'
[0.722s] Level 1:colcon.colcon_core.package_identification:_identify(aws-robomaker-small-house-world/models/aws_robomaker_residential_KitchenTable_01/materials/textures) by extensions ['python_setup_py']
[0.722s] Level 1:colcon.colcon_core.package_identification:_identify(aws-robomaker-small-house-world/models/aws_robomaker_residential_KitchenTable_01/materials/textures) by extension 'python_setup_py'
[0.722s] Level 1:colcon.colcon_core.package_identification:_identify(aws-robomaker-small-house-world/models/aws_robomaker_residential_KitchenTable_01/meshes) by extensions ['ignore', 'ignore_ament_install']
[0.723s] Level 1:colcon.colcon_core.package_identification:_identify(aws-robomaker-small-house-world/models/aws_robomaker_residential_KitchenTable_01/meshes) by extension 'ignore'
[0.723s] Level 1:colcon.colcon_core.package_identification:_identify(aws-robomaker-small-house-world/models/aws_robomaker_residential_KitchenTable_01/meshes) by extension 'ignore_ament_install'
[0.723s] Level 1:colcon.colcon_core.package_identification:_identify(aws-robomaker-small-house-world/models/aws_robomaker_residential_KitchenTable_01/meshes) by extensions ['colcon_pkg']
[0.723s] Level 1:colcon.colcon_core.package_identification:_identify(aws-robomaker-small-house-world/models/aws_robomaker_residential_KitchenTable_01/meshes) by extension 'colcon_pkg'
[0.723s] Level 1:colcon.colcon_core.package_identification:_identify(aws-robomaker-small-house-world/models/aws_robomaker_residential_KitchenTable_01/meshes) by extensions ['colcon_meta']
[0.723s] Level 1:colcon.colcon_core.package_identification:_identify(aws-robomaker-small-house-world/models/aws_robomaker_residential_KitchenTable_01/meshes) by extension 'colcon_meta'
[0.723s] Level 1:colcon.colcon_core.package_identification:_identify(aws-robomaker-small-house-world/models/aws_robomaker_residential_KitchenTable_01/meshes) by extensions ['ros']
[0.723s] Level 1:colcon.colcon_core.package_identification:_identify(aws-robomaker-small-house-world/models/aws_robomaker_residential_KitchenTable_01/meshes) by extension 'ros'
[0.723s] Level 1:colcon.colcon_core.package_identification:_identify(aws-robomaker-small-house-world/models/aws_robomaker_residential_KitchenTable_01/meshes) by extensions ['cmake', 'python']
[0.723s] Level 1:colcon.colcon_core.package_identification:_identify(aws-robomaker-small-house-world/models/aws_robomaker_residential_KitchenTable_01/meshes) by extension 'cmake'
[0.723s] Level 1:colcon.colcon_core.package_identification:_identify(aws-robomaker-small-house-world/models/aws_robomaker_residential_KitchenTable_01/meshes) by extension 'python'
[0.723s] Level 1:colcon.colcon_core.package_identification:_identify(aws-robomaker-small-house-world/models/aws_robomaker_residential_KitchenTable_01/meshes) by extensions ['python_setup_py']
[0.723s] Level 1:colcon.colcon_core.package_identification:_identify(aws-robomaker-small-house-world/models/aws_robomaker_residential_KitchenTable_01/meshes) by extension 'python_setup_py'
[0.723s] Level 1:colcon.colcon_core.package_identification:_identify(aws-robomaker-small-house-world/models/aws_robomaker_residential_KitchenUtensils_01) by extensions ['ignore', 'ignore_ament_install']
[0.723s] Level 1:colcon.colcon_core.package_identification:_identify(aws-robomaker-small-house-world/models/aws_robomaker_residential_KitchenUtensils_01) by extension 'ignore'
[0.723s] Level 1:colcon.colcon_core.package_identification:_identify(aws-robomaker-small-house-world/models/aws_robomaker_residential_KitchenUtensils_01) by extension 'ignore_ament_install'
[0.723s] Level 1:colcon.colcon_core.package_identification:_identify(aws-robomaker-small-house-world/models/aws_robomaker_residential_KitchenUtensils_01) by extensions ['colcon_pkg']
[0.723s] Level 1:colcon.colcon_core.package_identification:_identify(aws-robomaker-small-house-world/models/aws_robomaker_residential_KitchenUtensils_01) by extension 'colcon_pkg'
[0.723s] Level 1:colcon.colcon_core.package_identification:_identify(aws-robomaker-small-house-world/models/aws_robomaker_residential_KitchenUtensils_01) by extensions ['colcon_meta']
[0.723s] Level 1:colcon.colcon_core.package_identification:_identify(aws-robomaker-small-house-world/models/aws_robomaker_residential_KitchenUtensils_01) by extension 'colcon_meta'
[0.723s] Level 1:colcon.colcon_core.package_identification:_identify(aws-robomaker-small-house-world/models/aws_robomaker_residential_KitchenUtensils_01) by extensions ['ros']
[0.723s] Level 1:colcon.colcon_core.package_identification:_identify(aws-robomaker-small-house-world/models/aws_robomaker_residential_KitchenUtensils_01) by extension 'ros'
[0.723s] Level 1:colcon.colcon_core.package_identification:_identify(aws-robomaker-small-house-world/models/aws_robomaker_residential_KitchenUtensils_01) by extensions ['cmake', 'python']
[0.723s] Level 1:colcon.colcon_core.package_identification:_identify(aws-robomaker-small-house-world/models/aws_robomaker_residential_KitchenUtensils_01) by extension 'cmake'
[0.723s] Level 1:colcon.colcon_core.package_identification:_identify(aws-robomaker-small-house-world/models/aws_robomaker_residential_KitchenUtensils_01) by extension 'python'
[0.723s] Level 1:colcon.colcon_core.package_identification:_identify(aws-robomaker-small-house-world/models/aws_robomaker_residential_KitchenUtensils_01) by extensions ['python_setup_py']
[0.723s] Level 1:colcon.colcon_core.package_identification:_identify(aws-robomaker-small-house-world/models/aws_robomaker_residential_KitchenUtensils_01) by extension 'python_setup_py'
[0.724s] Level 1:colcon.colcon_core.package_identification:_identify(aws-robomaker-small-house-world/models/aws_robomaker_residential_KitchenUtensils_01/materials) by extensions ['ignore', 'ignore_ament_install']
[0.724s] Level 1:colcon.colcon_core.package_identification:_identify(aws-robomaker-small-house-world/models/aws_robomaker_residential_KitchenUtensils_01/materials) by extension 'ignore'
[0.724s] Level 1:colcon.colcon_core.package_identification:_identify(aws-robomaker-small-house-world/models/aws_robomaker_residential_KitchenUtensils_01/materials) by extension 'ignore_ament_install'
[0.724s] Level 1:colcon.colcon_core.package_identification:_identify(aws-robomaker-small-house-world/models/aws_robomaker_residential_KitchenUtensils_01/materials) by extensions ['colcon_pkg']
[0.724s] Level 1:colcon.colcon_core.package_identification:_identify(aws-robomaker-small-house-world/models/aws_robomaker_residential_KitchenUtensils_01/materials) by extension 'colcon_pkg'
[0.724s] Level 1:colcon.colcon_core.package_identification:_identify(aws-robomaker-small-house-world/models/aws_robomaker_residential_KitchenUtensils_01/materials) by extensions ['colcon_meta']
[0.724s] Level 1:colcon.colcon_core.package_identification:_identify(aws-robomaker-small-house-world/models/aws_robomaker_residential_KitchenUtensils_01/materials) by extension 'colcon_meta'
[0.724s] Level 1:colcon.colcon_core.package_identification:_identify(aws-robomaker-small-house-world/models/aws_robomaker_residential_KitchenUtensils_01/materials) by extensions ['ros']
[0.724s] Level 1:colcon.colcon_core.package_identification:_identify(aws-robomaker-small-house-world/models/aws_robomaker_residential_KitchenUtensils_01/materials) by extension 'ros'
[0.724s] Level 1:colcon.colcon_core.package_identification:_identify(aws-robomaker-small-house-world/models/aws_robomaker_residential_KitchenUtensils_01/materials) by extensions ['cmake', 'python']
[0.724s] Level 1:colcon.colcon_core.package_identification:_identify(aws-robomaker-small-house-world/models/aws_robomaker_residential_KitchenUtensils_01/materials) by extension 'cmake'
[0.724s] Level 1:colcon.colcon_core.package_identification:_identify(aws-robomaker-small-house-world/models/aws_robomaker_residential_KitchenUtensils_01/materials) by extension 'python'
[0.724s] Level 1:colcon.colcon_core.package_identification:_identify(aws-robomaker-small-house-world/models/aws_robomaker_residential_KitchenUtensils_01/materials) by extensions ['python_setup_py']
[0.724s] Level 1:colcon.colcon_core.package_identification:_identify(aws-robomaker-small-house-world/models/aws_robomaker_residential_KitchenUtensils_01/materials) by extension 'python_setup_py'
[0.724s] Level 1:colcon.colcon_core.package_identification:_identify(aws-robomaker-small-house-world/models/aws_robomaker_residential_KitchenUtensils_01/materials/textures) by extensions ['ignore', 'ignore_ament_install']
[0.724s] Level 1:colcon.colcon_core.package_identification:_identify(aws-robomaker-small-house-world/models/aws_robomaker_residential_KitchenUtensils_01/materials/textures) by extension 'ignore'
[0.724s] Level 1:colcon.colcon_core.package_identification:_identify(aws-robomaker-small-house-world/models/aws_robomaker_residential_KitchenUtensils_01/materials/textures) by extension 'ignore_ament_install'
[0.724s] Level 1:colcon.colcon_core.package_identification:_identify(aws-robomaker-small-house-world/models/aws_robomaker_residential_KitchenUtensils_01/materials/textures) by extensions ['colcon_pkg']
[0.724s] Level 1:colcon.colcon_core.package_identification:_identify(aws-robomaker-small-house-world/models/aws_robomaker_residential_KitchenUtensils_01/materials/textures) by extension 'colcon_pkg'
[0.724s] Level 1:colcon.colcon_core.package_identification:_identify(aws-robomaker-small-house-world/models/aws_robomaker_residential_KitchenUtensils_01/materials/textures) by extensions ['colcon_meta']
[0.724s] Level 1:colcon.colcon_core.package_identification:_identify(aws-robomaker-small-house-world/models/aws_robomaker_residential_KitchenUtensils_01/materials/textures) by extension 'colcon_meta'
[0.724s] Level 1:colcon.colcon_core.package_identification:_identify(aws-robomaker-small-house-world/models/aws_robomaker_residential_KitchenUtensils_01/materials/textures) by extensions ['ros']
[0.724s] Level 1:colcon.colcon_core.package_identification:_identify(aws-robomaker-small-house-world/models/aws_robomaker_residential_KitchenUtensils_01/materials/textures) by extension 'ros'
[0.724s] Level 1:colcon.colcon_core.package_identification:_identify(aws-robomaker-small-house-world/models/aws_robomaker_residential_KitchenUtensils_01/materials/textures) by extensions ['cmake', 'python']
[0.724s] Level 1:colcon.colcon_core.package_identification:_identify(aws-robomaker-small-house-world/models/aws_robomaker_residential_KitchenUtensils_01/materials/textures) by extension 'cmake'
[0.724s] Level 1:colcon.colcon_core.package_identification:_identify(aws-robomaker-small-house-world/models/aws_robomaker_residential_KitchenUtensils_01/materials/textures) by extension 'python'
[0.725s] Level 1:colcon.colcon_core.package_identification:_identify(aws-robomaker-small-house-world/models/aws_robomaker_residential_KitchenUtensils_01/materials/textures) by extensions ['python_setup_py']
[0.725s] Level 1:colcon.colcon_core.package_identification:_identify(aws-robomaker-small-house-world/models/aws_robomaker_residential_KitchenUtensils_01/materials/textures) by extension 'python_setup_py'
[0.725s] Level 1:colcon.colcon_core.package_identification:_identify(aws-robomaker-small-house-world/models/aws_robomaker_residential_KitchenUtensils_01/meshes) by extensions ['ignore', 'ignore_ament_install']
[0.725s] Level 1:colcon.colcon_core.package_identification:_identify(aws-robomaker-small-house-world/models/aws_robomaker_residential_KitchenUtensils_01/meshes) by extension 'ignore'
[0.725s] Level 1:colcon.colcon_core.package_identification:_identify(aws-robomaker-small-house-world/models/aws_robomaker_residential_KitchenUtensils_01/meshes) by extension 'ignore_ament_install'
[0.725s] Level 1:colcon.colcon_core.package_identification:_identify(aws-robomaker-small-house-world/models/aws_robomaker_residential_KitchenUtensils_01/meshes) by extensions ['colcon_pkg']
[0.725s] Level 1:colcon.colcon_core.package_identification:_identify(aws-robomaker-small-house-world/models/aws_robomaker_residential_KitchenUtensils_01/meshes) by extension 'colcon_pkg'
[0.725s] Level 1:colcon.colcon_core.package_identification:_identify(aws-robomaker-small-house-world/models/aws_robomaker_residential_KitchenUtensils_01/meshes) by extensions ['colcon_meta']
[0.725s] Level 1:colcon.colcon_core.package_identification:_identify(aws-robomaker-small-house-world/models/aws_robomaker_residential_KitchenUtensils_01/meshes) by extension 'colcon_meta'
[0.725s] Level 1:colcon.colcon_core.package_identification:_identify(aws-robomaker-small-house-world/models/aws_robomaker_residential_KitchenUtensils_01/meshes) by extensions ['ros']
[0.725s] Level 1:colcon.colcon_core.package_identification:_identify(aws-robomaker-small-house-world/models/aws_robomaker_residential_KitchenUtensils_01/meshes) by extension 'ros'
[0.725s] Level 1:colcon.colcon_core.package_identification:_identify(aws-robomaker-small-house-world/models/aws_robomaker_residential_KitchenUtensils_01/meshes) by extensions ['cmake', 'python']
[0.725s] Level 1:colcon.colcon_core.package_identification:_identify(aws-robomaker-small-house-world/models/aws_robomaker_residential_KitchenUtensils_01/meshes) by extension 'cmake'
[0.725s] Level 1:colcon.colcon_core.package_identification:_identify(aws-robomaker-small-house-world/models/aws_robomaker_residential_KitchenUtensils_01/meshes) by extension 'python'
[0.725s] Level 1:colcon.colcon_core.package_identification:_identify(aws-robomaker-small-house-world/models/aws_robomaker_residential_KitchenUtensils_01/meshes) by extensions ['python_setup_py']
[0.725s] Level 1:colcon.colcon_core.package_identification:_identify(aws-robomaker-small-house-world/models/aws_robomaker_residential_KitchenUtensils_01/meshes) by extension 'python_setup_py'
[0.725s] Level 1:colcon.colcon_core.package_identification:_identify(aws-robomaker-small-house-world/models/aws_robomaker_residential_LightC_01) by extensions ['ignore', 'ignore_ament_install']
[0.725s] Level 1:colcon.colcon_core.package_identification:_identify(aws-robomaker-small-house-world/models/aws_robomaker_residential_LightC_01) by extension 'ignore'
[0.725s] Level 1:colcon.colcon_core.package_identification:_identify(aws-robomaker-small-house-world/models/aws_robomaker_residential_LightC_01) by extension 'ignore_ament_install'
[0.725s] Level 1:colcon.colcon_core.package_identification:_identify(aws-robomaker-small-house-world/models/aws_robomaker_residential_LightC_01) by extensions ['colcon_pkg']
[0.725s] Level 1:colcon.colcon_core.package_identification:_identify(aws-robomaker-small-house-world/models/aws_robomaker_residential_LightC_01) by extension 'colcon_pkg'
[0.725s] Level 1:colcon.colcon_core.package_identification:_identify(aws-robomaker-small-house-world/models/aws_robomaker_residential_LightC_01) by extensions ['colcon_meta']
[0.725s] Level 1:colcon.colcon_core.package_identification:_identify(aws-robomaker-small-house-world/models/aws_robomaker_residential_LightC_01) by extension 'colcon_meta'
[0.725s] Level 1:colcon.colcon_core.package_identification:_identify(aws-robomaker-small-house-world/models/aws_robomaker_residential_LightC_01) by extensions ['ros']
[0.725s] Level 1:colcon.colcon_core.package_identification:_identify(aws-robomaker-small-house-world/models/aws_robomaker_residential_LightC_01) by extension 'ros'
[0.726s] Level 1:colcon.colcon_core.package_identification:_identify(aws-robomaker-small-house-world/models/aws_robomaker_residential_LightC_01) by extensions ['cmake', 'python']
[0.726s] Level 1:colcon.colcon_core.package_identification:_identify(aws-robomaker-small-house-world/models/aws_robomaker_residential_LightC_01) by extension 'cmake'
[0.726s] Level 1:colcon.colcon_core.package_identification:_identify(aws-robomaker-small-house-world/models/aws_robomaker_residential_LightC_01) by extension 'python'
[0.726s] Level 1:colcon.colcon_core.package_identification:_identify(aws-robomaker-small-house-world/models/aws_robomaker_residential_LightC_01) by extensions ['python_setup_py']
[0.726s] Level 1:colcon.colcon_core.package_identification:_identify(aws-robomaker-small-house-world/models/aws_robomaker_residential_LightC_01) by extension 'python_setup_py'
[0.726s] Level 1:colcon.colcon_core.package_identification:_identify(aws-robomaker-small-house-world/models/aws_robomaker_residential_LightC_01/materials) by extensions ['ignore', 'ignore_ament_install']
[0.726s] Level 1:colcon.colcon_core.package_identification:_identify(aws-robomaker-small-house-world/models/aws_robomaker_residential_LightC_01/materials) by extension 'ignore'
[0.726s] Level 1:colcon.colcon_core.package_identification:_identify(aws-robomaker-small-house-world/models/aws_robomaker_residential_LightC_01/materials) by extension 'ignore_ament_install'
[0.726s] Level 1:colcon.colcon_core.package_identification:_identify(aws-robomaker-small-house-world/models/aws_robomaker_residential_LightC_01/materials) by extensions ['colcon_pkg']
[0.726s] Level 1:colcon.colcon_core.package_identification:_identify(aws-robomaker-small-house-world/models/aws_robomaker_residential_LightC_01/materials) by extension 'colcon_pkg'
[0.726s] Level 1:colcon.colcon_core.package_identification:_identify(aws-robomaker-small-house-world/models/aws_robomaker_residential_LightC_01/materials) by extensions ['colcon_meta']
[0.726s] Level 1:colcon.colcon_core.package_identification:_identify(aws-robomaker-small-house-world/models/aws_robomaker_residential_LightC_01/materials) by extension 'colcon_meta'
[0.726s] Level 1:colcon.colcon_core.package_identification:_identify(aws-robomaker-small-house-world/models/aws_robomaker_residential_LightC_01/materials) by extensions ['ros']
[0.726s] Level 1:colcon.colcon_core.package_identification:_identify(aws-robomaker-small-house-world/models/aws_robomaker_residential_LightC_01/materials) by extension 'ros'
[0.726s] Level 1:colcon.colcon_core.package_identification:_identify(aws-robomaker-small-house-world/models/aws_robomaker_residential_LightC_01/materials) by extensions ['cmake', 'python']
[0.726s] Level 1:colcon.colcon_core.package_identification:_identify(aws-robomaker-small-house-world/models/aws_robomaker_residential_LightC_01/materials) by extension 'cmake'
[0.726s] Level 1:colcon.colcon_core.package_identification:_identify(aws-robomaker-small-house-world/models/aws_robomaker_residential_LightC_01/materials) by extension 'python'
[0.726s] Level 1:colcon.colcon_core.package_identification:_identify(aws-robomaker-small-house-world/models/aws_robomaker_residential_LightC_01/materials) by extensions ['python_setup_py']
[0.726s] Level 1:colcon.colcon_core.package_identification:_identify(aws-robomaker-small-house-world/models/aws_robomaker_residential_LightC_01/materials) by extension 'python_setup_py'
[0.726s] Level 1:colcon.colcon_core.package_identification:_identify(aws-robomaker-small-house-world/models/aws_robomaker_residential_LightC_01/materials/textures) by extensions ['ignore', 'ignore_ament_install']
[0.726s] Level 1:colcon.colcon_core.package_identification:_identify(aws-robomaker-small-house-world/models/aws_robomaker_residential_LightC_01/materials/textures) by extension 'ignore'
[0.726s] Level 1:colcon.colcon_core.package_identification:_identify(aws-robomaker-small-house-world/models/aws_robomaker_residential_LightC_01/materials/textures) by extension 'ignore_ament_install'
[0.727s] Level 1:colcon.colcon_core.package_identification:_identify(aws-robomaker-small-house-world/models/aws_robomaker_residential_LightC_01/materials/textures) by extensions ['colcon_pkg']
[0.727s] Level 1:colcon.colcon_core.package_identification:_identify(aws-robomaker-small-house-world/models/aws_robomaker_residential_LightC_01/materials/textures) by extension 'colcon_pkg'
[0.727s] Level 1:colcon.colcon_core.package_identification:_identify(aws-robomaker-small-house-world/models/aws_robomaker_residential_LightC_01/materials/textures) by extensions ['colcon_meta']
[0.727s] Level 1:colcon.colcon_core.package_identification:_identify(aws-robomaker-small-house-world/models/aws_robomaker_residential_LightC_01/materials/textures) by extension 'colcon_meta'
[0.727s] Level 1:colcon.colcon_core.package_identification:_identify(aws-robomaker-small-house-world/models/aws_robomaker_residential_LightC_01/materials/textures) by extensions ['ros']
[0.727s] Level 1:colcon.colcon_core.package_identification:_identify(aws-robomaker-small-house-world/models/aws_robomaker_residential_LightC_01/materials/textures) by extension 'ros'
[0.727s] Level 1:colcon.colcon_core.package_identification:_identify(aws-robomaker-small-house-world/models/aws_robomaker_residential_LightC_01/materials/textures) by extensions ['cmake', 'python']
[0.727s] Level 1:colcon.colcon_core.package_identification:_identify(aws-robomaker-small-house-world/models/aws_robomaker_residential_LightC_01/materials/textures) by extension 'cmake'
[0.727s] Level 1:colcon.colcon_core.package_identification:_identify(aws-robomaker-small-house-world/models/aws_robomaker_residential_LightC_01/materials/textures) by extension 'python'
[0.727s] Level 1:colcon.colcon_core.package_identification:_identify(aws-robomaker-small-house-world/models/aws_robomaker_residential_LightC_01/materials/textures) by extensions ['python_setup_py']
[0.727s] Level 1:colcon.colcon_core.package_identification:_identify(aws-robomaker-small-house-world/models/aws_robomaker_residential_LightC_01/materials/textures) by extension 'python_setup_py'
[0.727s] Level 1:colcon.colcon_core.package_identification:_identify(aws-robomaker-small-house-world/models/aws_robomaker_residential_LightC_01/meshes) by extensions ['ignore', 'ignore_ament_install']
[0.727s] Level 1:colcon.colcon_core.package_identification:_identify(aws-robomaker-small-house-world/models/aws_robomaker_residential_LightC_01/meshes) by extension 'ignore'
[0.727s] Level 1:colcon.colcon_core.package_identification:_identify(aws-robomaker-small-house-world/models/aws_robomaker_residential_LightC_01/meshes) by extension 'ignore_ament_install'
[0.727s] Level 1:colcon.colcon_core.package_identification:_identify(aws-robomaker-small-house-world/models/aws_robomaker_residential_LightC_01/meshes) by extensions ['colcon_pkg']
[0.727s] Level 1:colcon.colcon_core.package_identification:_identify(aws-robomaker-small-house-world/models/aws_robomaker_residential_LightC_01/meshes) by extension 'colcon_pkg'
[0.727s] Level 1:colcon.colcon_core.package_identification:_identify(aws-robomaker-small-house-world/models/aws_robomaker_residential_LightC_01/meshes) by extensions ['colcon_meta']
[0.727s] Level 1:colcon.colcon_core.package_identification:_identify(aws-robomaker-small-house-world/models/aws_robomaker_residential_LightC_01/meshes) by extension 'colcon_meta'
[0.727s] Level 1:colcon.colcon_core.package_identification:_identify(aws-robomaker-small-house-world/models/aws_robomaker_residential_LightC_01/meshes) by extensions ['ros']
[0.727s] Level 1:colcon.colcon_core.package_identification:_identify(aws-robomaker-small-house-world/models/aws_robomaker_residential_LightC_01/meshes) by extension 'ros'
[0.727s] Level 1:colcon.colcon_core.package_identification:_identify(aws-robomaker-small-house-world/models/aws_robomaker_residential_LightC_01/meshes) by extensions ['cmake', 'python']
[0.727s] Level 1:colcon.colcon_core.package_identification:_identify(aws-robomaker-small-house-world/models/aws_robomaker_residential_LightC_01/meshes) by extension 'cmake'
[0.727s] Level 1:colcon.colcon_core.package_identification:_identify(aws-robomaker-small-house-world/models/aws_robomaker_residential_LightC_01/meshes) by extension 'python'
[0.727s] Level 1:colcon.colcon_core.package_identification:_identify(aws-robomaker-small-house-world/models/aws_robomaker_residential_LightC_01/meshes) by extensions ['python_setup_py']
[0.727s] Level 1:colcon.colcon_core.package_identification:_identify(aws-robomaker-small-house-world/models/aws_robomaker_residential_LightC_01/meshes) by extension 'python_setup_py'
[0.727s] Level 1:colcon.colcon_core.package_identification:_identify(aws-robomaker-small-house-world/models/aws_robomaker_residential_NightStand_01) by extensions ['ignore', 'ignore_ament_install']
[0.727s] Level 1:colcon.colcon_core.package_identification:_identify(aws-robomaker-small-house-world/models/aws_robomaker_residential_NightStand_01) by extension 'ignore'
[0.728s] Level 1:colcon.colcon_core.package_identification:_identify(aws-robomaker-small-house-world/models/aws_robomaker_residential_NightStand_01) by extension 'ignore_ament_install'
[0.728s] Level 1:colcon.colcon_core.package_identification:_identify(aws-robomaker-small-house-world/models/aws_robomaker_residential_NightStand_01) by extensions ['colcon_pkg']
[0.728s] Level 1:colcon.colcon_core.package_identification:_identify(aws-robomaker-small-house-world/models/aws_robomaker_residential_NightStand_01) by extension 'colcon_pkg'
[0.728s] Level 1:colcon.colcon_core.package_identification:_identify(aws-robomaker-small-house-world/models/aws_robomaker_residential_NightStand_01) by extensions ['colcon_meta']
[0.728s] Level 1:colcon.colcon_core.package_identification:_identify(aws-robomaker-small-house-world/models/aws_robomaker_residential_NightStand_01) by extension 'colcon_meta'
[0.728s] Level 1:colcon.colcon_core.package_identification:_identify(aws-robomaker-small-house-world/models/aws_robomaker_residential_NightStand_01) by extensions ['ros']
[0.728s] Level 1:colcon.colcon_core.package_identification:_identify(aws-robomaker-small-house-world/models/aws_robomaker_residential_NightStand_01) by extension 'ros'
[0.728s] Level 1:colcon.colcon_core.package_identification:_identify(aws-robomaker-small-house-world/models/aws_robomaker_residential_NightStand_01) by extensions ['cmake', 'python']
[0.728s] Level 1:colcon.colcon_core.package_identification:_identify(aws-robomaker-small-house-world/models/aws_robomaker_residential_NightStand_01) by extension 'cmake'
[0.728s] Level 1:colcon.colcon_core.package_identification:_identify(aws-robomaker-small-house-world/models/aws_robomaker_residential_NightStand_01) by extension 'python'
[0.728s] Level 1:colcon.colcon_core.package_identification:_identify(aws-robomaker-small-house-world/models/aws_robomaker_residential_NightStand_01) by extensions ['python_setup_py']
[0.728s] Level 1:colcon.colcon_core.package_identification:_identify(aws-robomaker-small-house-world/models/aws_robomaker_residential_NightStand_01) by extension 'python_setup_py'
[0.728s] Level 1:colcon.colcon_core.package_identification:_identify(aws-robomaker-small-house-world/models/aws_robomaker_residential_NightStand_01/materials) by extensions ['ignore', 'ignore_ament_install']
[0.728s] Level 1:colcon.colcon_core.package_identification:_identify(aws-robomaker-small-house-world/models/aws_robomaker_residential_NightStand_01/materials) by extension 'ignore'
[0.728s] Level 1:colcon.colcon_core.package_identification:_identify(aws-robomaker-small-house-world/models/aws_robomaker_residential_NightStand_01/materials) by extension 'ignore_ament_install'
[0.728s] Level 1:colcon.colcon_core.package_identification:_identify(aws-robomaker-small-house-world/models/aws_robomaker_residential_NightStand_01/materials) by extensions ['colcon_pkg']
[0.728s] Level 1:colcon.colcon_core.package_identification:_identify(aws-robomaker-small-house-world/models/aws_robomaker_residential_NightStand_01/materials) by extension 'colcon_pkg'
[0.728s] Level 1:colcon.colcon_core.package_identification:_identify(aws-robomaker-small-house-world/models/aws_robomaker_residential_NightStand_01/materials) by extensions ['colcon_meta']
[0.728s] Level 1:colcon.colcon_core.package_identification:_identify(aws-robomaker-small-house-world/models/aws_robomaker_residential_NightStand_01/materials) by extension 'colcon_meta'
[0.728s] Level 1:colcon.colcon_core.package_identification:_identify(aws-robomaker-small-house-world/models/aws_robomaker_residential_NightStand_01/materials) by extensions ['ros']
[0.728s] Level 1:colcon.colcon_core.package_identification:_identify(aws-robomaker-small-house-world/models/aws_robomaker_residential_NightStand_01/materials) by extension 'ros'
[0.728s] Level 1:colcon.colcon_core.package_identification:_identify(aws-robomaker-small-house-world/models/aws_robomaker_residential_NightStand_01/materials) by extensions ['cmake', 'python']
[0.728s] Level 1:colcon.colcon_core.package_identification:_identify(aws-robomaker-small-house-world/models/aws_robomaker_residential_NightStand_01/materials) by extension 'cmake'
[0.728s] Level 1:colcon.colcon_core.package_identification:_identify(aws-robomaker-small-house-world/models/aws_robomaker_residential_NightStand_01/materials) by extension 'python'
[0.728s] Level 1:colcon.colcon_core.package_identification:_identify(aws-robomaker-small-house-world/models/aws_robomaker_residential_NightStand_01/materials) by extensions ['python_setup_py']
[0.728s] Level 1:colcon.colcon_core.package_identification:_identify(aws-robomaker-small-house-world/models/aws_robomaker_residential_NightStand_01/materials) by extension 'python_setup_py'
[0.729s] Level 1:colcon.colcon_core.package_identification:_identify(aws-robomaker-small-house-world/models/aws_robomaker_residential_NightStand_01/materials/textures) by extensions ['ignore', 'ignore_ament_install']
[0.729s] Level 1:colcon.colcon_core.package_identification:_identify(aws-robomaker-small-house-world/models/aws_robomaker_residential_NightStand_01/materials/textures) by extension 'ignore'
[0.729s] Level 1:colcon.colcon_core.package_identification:_identify(aws-robomaker-small-house-world/models/aws_robomaker_residential_NightStand_01/materials/textures) by extension 'ignore_ament_install'
[0.729s] Level 1:colcon.colcon_core.package_identification:_identify(aws-robomaker-small-house-world/models/aws_robomaker_residential_NightStand_01/materials/textures) by extensions ['colcon_pkg']
[0.729s] Level 1:colcon.colcon_core.package_identification:_identify(aws-robomaker-small-house-world/models/aws_robomaker_residential_NightStand_01/materials/textures) by extension 'colcon_pkg'
[0.729s] Level 1:colcon.colcon_core.package_identification:_identify(aws-robomaker-small-house-world/models/aws_robomaker_residential_NightStand_01/materials/textures) by extensions ['colcon_meta']
[0.729s] Level 1:colcon.colcon_core.package_identification:_identify(aws-robomaker-small-house-world/models/aws_robomaker_residential_NightStand_01/materials/textures) by extension 'colcon_meta'
[0.729s] Level 1:colcon.colcon_core.package_identification:_identify(aws-robomaker-small-house-world/models/aws_robomaker_residential_NightStand_01/materials/textures) by extensions ['ros']
[0.729s] Level 1:colcon.colcon_core.package_identification:_identify(aws-robomaker-small-house-world/models/aws_robomaker_residential_NightStand_01/materials/textures) by extension 'ros'
[0.729s] Level 1:colcon.colcon_core.package_identification:_identify(aws-robomaker-small-house-world/models/aws_robomaker_residential_NightStand_01/materials/textures) by extensions ['cmake', 'python']
[0.729s] Level 1:colcon.colcon_core.package_identification:_identify(aws-robomaker-small-house-world/models/aws_robomaker_residential_NightStand_01/materials/textures) by extension 'cmake'
[0.729s] Level 1:colcon.colcon_core.package_identification:_identify(aws-robomaker-small-house-world/models/aws_robomaker_residential_NightStand_01/materials/textures) by extension 'python'
[0.729s] Level 1:colcon.colcon_core.package_identification:_identify(aws-robomaker-small-house-world/models/aws_robomaker_residential_NightStand_01/materials/textures) by extensions ['python_setup_py']
[0.729s] Level 1:colcon.colcon_core.package_identification:_identify(aws-robomaker-small-house-world/models/aws_robomaker_residential_NightStand_01/materials/textures) by extension 'python_setup_py'
[0.729s] Level 1:colcon.colcon_core.package_identification:_identify(aws-robomaker-small-house-world/models/aws_robomaker_residential_NightStand_01/meshes) by extensions ['ignore', 'ignore_ament_install']
[0.729s] Level 1:colcon.colcon_core.package_identification:_identify(aws-robomaker-small-house-world/models/aws_robomaker_residential_NightStand_01/meshes) by extension 'ignore'
[0.729s] Level 1:colcon.colcon_core.package_identification:_identify(aws-robomaker-small-house-world/models/aws_robomaker_residential_NightStand_01/meshes) by extension 'ignore_ament_install'
[0.729s] Level 1:colcon.colcon_core.package_identification:_identify(aws-robomaker-small-house-world/models/aws_robomaker_residential_NightStand_01/meshes) by extensions ['colcon_pkg']
[0.729s] Level 1:colcon.colcon_core.package_identification:_identify(aws-robomaker-small-house-world/models/aws_robomaker_residential_NightStand_01/meshes) by extension 'colcon_pkg'
[0.729s] Level 1:colcon.colcon_core.package_identification:_identify(aws-robomaker-small-house-world/models/aws_robomaker_residential_NightStand_01/meshes) by extensions ['colcon_meta']
[0.729s] Level 1:colcon.colcon_core.package_identification:_identify(aws-robomaker-small-house-world/models/aws_robomaker_residential_NightStand_01/meshes) by extension 'colcon_meta'
[0.729s] Level 1:colcon.colcon_core.package_identification:_identify(aws-robomaker-small-house-world/models/aws_robomaker_residential_NightStand_01/meshes) by extensions ['ros']
[0.729s] Level 1:colcon.colcon_core.package_identification:_identify(aws-robomaker-small-house-world/models/aws_robomaker_residential_NightStand_01/meshes) by extension 'ros'
[0.729s] Level 1:colcon.colcon_core.package_identification:_identify(aws-robomaker-small-house-world/models/aws_robomaker_residential_NightStand_01/meshes) by extensions ['cmake', 'python']
[0.729s] Level 1:colcon.colcon_core.package_identification:_identify(aws-robomaker-small-house-world/models/aws_robomaker_residential_NightStand_01/meshes) by extension 'cmake'
[0.729s] Level 1:colcon.colcon_core.package_identification:_identify(aws-robomaker-small-house-world/models/aws_robomaker_residential_NightStand_01/meshes) by extension 'python'
[0.729s] Level 1:colcon.colcon_core.package_identification:_identify(aws-robomaker-small-house-world/models/aws_robomaker_residential_NightStand_01/meshes) by extensions ['python_setup_py']
[0.730s] Level 1:colcon.colcon_core.package_identification:_identify(aws-robomaker-small-house-world/models/aws_robomaker_residential_NightStand_01/meshes) by extension 'python_setup_py'
[0.730s] Level 1:colcon.colcon_core.package_identification:_identify(aws-robomaker-small-house-world/models/aws_robomaker_residential_Pillow_01) by extensions ['ignore', 'ignore_ament_install']
[0.730s] Level 1:colcon.colcon_core.package_identification:_identify(aws-robomaker-small-house-world/models/aws_robomaker_residential_Pillow_01) by extension 'ignore'
[0.730s] Level 1:colcon.colcon_core.package_identification:_identify(aws-robomaker-small-house-world/models/aws_robomaker_residential_Pillow_01) by extension 'ignore_ament_install'
[0.730s] Level 1:colcon.colcon_core.package_identification:_identify(aws-robomaker-small-house-world/models/aws_robomaker_residential_Pillow_01) by extensions ['colcon_pkg']
[0.730s] Level 1:colcon.colcon_core.package_identification:_identify(aws-robomaker-small-house-world/models/aws_robomaker_residential_Pillow_01) by extension 'colcon_pkg'
[0.730s] Level 1:colcon.colcon_core.package_identification:_identify(aws-robomaker-small-house-world/models/aws_robomaker_residential_Pillow_01) by extensions ['colcon_meta']
[0.730s] Level 1:colcon.colcon_core.package_identification:_identify(aws-robomaker-small-house-world/models/aws_robomaker_residential_Pillow_01) by extension 'colcon_meta'
[0.730s] Level 1:colcon.colcon_core.package_identification:_identify(aws-robomaker-small-house-world/models/aws_robomaker_residential_Pillow_01) by extensions ['ros']
[0.730s] Level 1:colcon.colcon_core.package_identification:_identify(aws-robomaker-small-house-world/models/aws_robomaker_residential_Pillow_01) by extension 'ros'
[0.730s] Level 1:colcon.colcon_core.package_identification:_identify(aws-robomaker-small-house-world/models/aws_robomaker_residential_Pillow_01) by extensions ['cmake', 'python']
[0.730s] Level 1:colcon.colcon_core.package_identification:_identify(aws-robomaker-small-house-world/models/aws_robomaker_residential_Pillow_01) by extension 'cmake'
[0.730s] Level 1:colcon.colcon_core.package_identification:_identify(aws-robomaker-small-house-world/models/aws_robomaker_residential_Pillow_01) by extension 'python'
[0.730s] Level 1:colcon.colcon_core.package_identification:_identify(aws-robomaker-small-house-world/models/aws_robomaker_residential_Pillow_01) by extensions ['python_setup_py']
[0.730s] Level 1:colcon.colcon_core.package_identification:_identify(aws-robomaker-small-house-world/models/aws_robomaker_residential_Pillow_01) by extension 'python_setup_py'
[0.730s] Level 1:colcon.colcon_core.package_identification:_identify(aws-robomaker-small-house-world/models/aws_robomaker_residential_Pillow_01/materials) by extensions ['ignore', 'ignore_ament_install']
[0.730s] Level 1:colcon.colcon_core.package_identification:_identify(aws-robomaker-small-house-world/models/aws_robomaker_residential_Pillow_01/materials) by extension 'ignore'
[0.730s] Level 1:colcon.colcon_core.package_identification:_identify(aws-robomaker-small-house-world/models/aws_robomaker_residential_Pillow_01/materials) by extension 'ignore_ament_install'
[0.730s] Level 1:colcon.colcon_core.package_identification:_identify(aws-robomaker-small-house-world/models/aws_robomaker_residential_Pillow_01/materials) by extensions ['colcon_pkg']
[0.730s] Level 1:colcon.colcon_core.package_identification:_identify(aws-robomaker-small-house-world/models/aws_robomaker_residential_Pillow_01/materials) by extension 'colcon_pkg'
[0.730s] Level 1:colcon.colcon_core.package_identification:_identify(aws-robomaker-small-house-world/models/aws_robomaker_residential_Pillow_01/materials) by extensions ['colcon_meta']
[0.730s] Level 1:colcon.colcon_core.package_identification:_identify(aws-robomaker-small-house-world/models/aws_robomaker_residential_Pillow_01/materials) by extension 'colcon_meta'
[0.730s] Level 1:colcon.colcon_core.package_identification:_identify(aws-robomaker-small-house-world/models/aws_robomaker_residential_Pillow_01/materials) by extensions ['ros']
[0.730s] Level 1:colcon.colcon_core.package_identification:_identify(aws-robomaker-small-house-world/models/aws_robomaker_residential_Pillow_01/materials) by extension 'ros'
[0.730s] Level 1:colcon.colcon_core.package_identification:_identify(aws-robomaker-small-house-world/models/aws_robomaker_residential_Pillow_01/materials) by extensions ['cmake', 'python']
[0.730s] Level 1:colcon.colcon_core.package_identification:_identify(aws-robomaker-small-house-world/models/aws_robomaker_residential_Pillow_01/materials) by extension 'cmake'
[0.731s] Level 1:colcon.colcon_core.package_identification:_identify(aws-robomaker-small-house-world/models/aws_robomaker_residential_Pillow_01/materials) by extension 'python'
[0.731s] Level 1:colcon.colcon_core.package_identification:_identify(aws-robomaker-small-house-world/models/aws_robomaker_residential_Pillow_01/materials) by extensions ['python_setup_py']
[0.731s] Level 1:colcon.colcon_core.package_identification:_identify(aws-robomaker-small-house-world/models/aws_robomaker_residential_Pillow_01/materials) by extension 'python_setup_py'
[0.731s] Level 1:colcon.colcon_core.package_identification:_identify(aws-robomaker-small-house-world/models/aws_robomaker_residential_Pillow_01/materials/textures) by extensions ['ignore', 'ignore_ament_install']
[0.731s] Level 1:colcon.colcon_core.package_identification:_identify(aws-robomaker-small-house-world/models/aws_robomaker_residential_Pillow_01/materials/textures) by extension 'ignore'
[0.731s] Level 1:colcon.colcon_core.package_identification:_identify(aws-robomaker-small-house-world/models/aws_robomaker_residential_Pillow_01/materials/textures) by extension 'ignore_ament_install'
[0.731s] Level 1:colcon.colcon_core.package_identification:_identify(aws-robomaker-small-house-world/models/aws_robomaker_residential_Pillow_01/materials/textures) by extensions ['colcon_pkg']
[0.731s] Level 1:colcon.colcon_core.package_identification:_identify(aws-robomaker-small-house-world/models/aws_robomaker_residential_Pillow_01/materials/textures) by extension 'colcon_pkg'
[0.731s] Level 1:colcon.colcon_core.package_identification:_identify(aws-robomaker-small-house-world/models/aws_robomaker_residential_Pillow_01/materials/textures) by extensions ['colcon_meta']
[0.731s] Level 1:colcon.colcon_core.package_identification:_identify(aws-robomaker-small-house-world/models/aws_robomaker_residential_Pillow_01/materials/textures) by extension 'colcon_meta'
[0.731s] Level 1:colcon.colcon_core.package_identification:_identify(aws-robomaker-small-house-world/models/aws_robomaker_residential_Pillow_01/materials/textures) by extensions ['ros']
[0.731s] Level 1:colcon.colcon_core.package_identification:_identify(aws-robomaker-small-house-world/models/aws_robomaker_residential_Pillow_01/materials/textures) by extension 'ros'
[0.731s] Level 1:colcon.colcon_core.package_identification:_identify(aws-robomaker-small-house-world/models/aws_robomaker_residential_Pillow_01/materials/textures) by extensions ['cmake', 'python']
[0.731s] Level 1:colcon.colcon_core.package_identification:_identify(aws-robomaker-small-house-world/models/aws_robomaker_residential_Pillow_01/materials/textures) by extension 'cmake'
[0.731s] Level 1:colcon.colcon_core.package_identification:_identify(aws-robomaker-small-house-world/models/aws_robomaker_residential_Pillow_01/materials/textures) by extension 'python'
[0.731s] Level 1:colcon.colcon_core.package_identification:_identify(aws-robomaker-small-house-world/models/aws_robomaker_residential_Pillow_01/materials/textures) by extensions ['python_setup_py']
[0.731s] Level 1:colcon.colcon_core.package_identification:_identify(aws-robomaker-small-house-world/models/aws_robomaker_residential_Pillow_01/materials/textures) by extension 'python_setup_py'
[0.731s] Level 1:colcon.colcon_core.package_identification:_identify(aws-robomaker-small-house-world/models/aws_robomaker_residential_Pillow_01/meshes) by extensions ['ignore', 'ignore_ament_install']
[0.731s] Level 1:colcon.colcon_core.package_identification:_identify(aws-robomaker-small-house-world/models/aws_robomaker_residential_Pillow_01/meshes) by extension 'ignore'
[0.731s] Level 1:colcon.colcon_core.package_identification:_identify(aws-robomaker-small-house-world/models/aws_robomaker_residential_Pillow_01/meshes) by extension 'ignore_ament_install'
[0.731s] Level 1:colcon.colcon_core.package_identification:_identify(aws-robomaker-small-house-world/models/aws_robomaker_residential_Pillow_01/meshes) by extensions ['colcon_pkg']
[0.731s] Level 1:colcon.colcon_core.package_identification:_identify(aws-robomaker-small-house-world/models/aws_robomaker_residential_Pillow_01/meshes) by extension 'colcon_pkg'
[0.731s] Level 1:colcon.colcon_core.package_identification:_identify(aws-robomaker-small-house-world/models/aws_robomaker_residential_Pillow_01/meshes) by extensions ['colcon_meta']
[0.731s] Level 1:colcon.colcon_core.package_identification:_identify(aws-robomaker-small-house-world/models/aws_robomaker_residential_Pillow_01/meshes) by extension 'colcon_meta'
[0.731s] Level 1:colcon.colcon_core.package_identification:_identify(aws-robomaker-small-house-world/models/aws_robomaker_residential_Pillow_01/meshes) by extensions ['ros']
[0.731s] Level 1:colcon.colcon_core.package_identification:_identify(aws-robomaker-small-house-world/models/aws_robomaker_residential_Pillow_01/meshes) by extension 'ros'
[0.732s] Level 1:colcon.colcon_core.package_identification:_identify(aws-robomaker-small-house-world/models/aws_robomaker_residential_Pillow_01/meshes) by extensions ['cmake', 'python']
[0.732s] Level 1:colcon.colcon_core.package_identification:_identify(aws-robomaker-small-house-world/models/aws_robomaker_residential_Pillow_01/meshes) by extension 'cmake'
[0.732s] Level 1:colcon.colcon_core.package_identification:_identify(aws-robomaker-small-house-world/models/aws_robomaker_residential_Pillow_01/meshes) by extension 'python'
[0.732s] Level 1:colcon.colcon_core.package_identification:_identify(aws-robomaker-small-house-world/models/aws_robomaker_residential_Pillow_01/meshes) by extensions ['python_setup_py']
[0.732s] Level 1:colcon.colcon_core.package_identification:_identify(aws-robomaker-small-house-world/models/aws_robomaker_residential_Pillow_01/meshes) by extension 'python_setup_py'
[0.732s] Level 1:colcon.colcon_core.package_identification:_identify(aws-robomaker-small-house-world/models/aws_robomaker_residential_PortraitA_01) by extensions ['ignore', 'ignore_ament_install']
[0.732s] Level 1:colcon.colcon_core.package_identification:_identify(aws-robomaker-small-house-world/models/aws_robomaker_residential_PortraitA_01) by extension 'ignore'
[0.732s] Level 1:colcon.colcon_core.package_identification:_identify(aws-robomaker-small-house-world/models/aws_robomaker_residential_PortraitA_01) by extension 'ignore_ament_install'
[0.732s] Level 1:colcon.colcon_core.package_identification:_identify(aws-robomaker-small-house-world/models/aws_robomaker_residential_PortraitA_01) by extensions ['colcon_pkg']
[0.732s] Level 1:colcon.colcon_core.package_identification:_identify(aws-robomaker-small-house-world/models/aws_robomaker_residential_PortraitA_01) by extension 'colcon_pkg'
[0.732s] Level 1:colcon.colcon_core.package_identification:_identify(aws-robomaker-small-house-world/models/aws_robomaker_residential_PortraitA_01) by extensions ['colcon_meta']
[0.732s] Level 1:colcon.colcon_core.package_identification:_identify(aws-robomaker-small-house-world/models/aws_robomaker_residential_PortraitA_01) by extension 'colcon_meta'
[0.732s] Level 1:colcon.colcon_core.package_identification:_identify(aws-robomaker-small-house-world/models/aws_robomaker_residential_PortraitA_01) by extensions ['ros']
[0.732s] Level 1:colcon.colcon_core.package_identification:_identify(aws-robomaker-small-house-world/models/aws_robomaker_residential_PortraitA_01) by extension 'ros'
[0.732s] Level 1:colcon.colcon_core.package_identification:_identify(aws-robomaker-small-house-world/models/aws_robomaker_residential_PortraitA_01) by extensions ['cmake', 'python']
[0.732s] Level 1:colcon.colcon_core.package_identification:_identify(aws-robomaker-small-house-world/models/aws_robomaker_residential_PortraitA_01) by extension 'cmake'
[0.732s] Level 1:colcon.colcon_core.package_identification:_identify(aws-robomaker-small-house-world/models/aws_robomaker_residential_PortraitA_01) by extension 'python'
[0.732s] Level 1:colcon.colcon_core.package_identification:_identify(aws-robomaker-small-house-world/models/aws_robomaker_residential_PortraitA_01) by extensions ['python_setup_py']
[0.732s] Level 1:colcon.colcon_core.package_identification:_identify(aws-robomaker-small-house-world/models/aws_robomaker_residential_PortraitA_01) by extension 'python_setup_py'
[0.732s] Level 1:colcon.colcon_core.package_identification:_identify(aws-robomaker-small-house-world/models/aws_robomaker_residential_PortraitA_01/materials) by extensions ['ignore', 'ignore_ament_install']
[0.732s] Level 1:colcon.colcon_core.package_identification:_identify(aws-robomaker-small-house-world/models/aws_robomaker_residential_PortraitA_01/materials) by extension 'ignore'
[0.732s] Level 1:colcon.colcon_core.package_identification:_identify(aws-robomaker-small-house-world/models/aws_robomaker_residential_PortraitA_01/materials) by extension 'ignore_ament_install'
[0.733s] Level 1:colcon.colcon_core.package_identification:_identify(aws-robomaker-small-house-world/models/aws_robomaker_residential_PortraitA_01/materials) by extensions ['colcon_pkg']
[0.733s] Level 1:colcon.colcon_core.package_identification:_identify(aws-robomaker-small-house-world/models/aws_robomaker_residential_PortraitA_01/materials) by extension 'colcon_pkg'
[0.733s] Level 1:colcon.colcon_core.package_identification:_identify(aws-robomaker-small-house-world/models/aws_robomaker_residential_PortraitA_01/materials) by extensions ['colcon_meta']
[0.733s] Level 1:colcon.colcon_core.package_identification:_identify(aws-robomaker-small-house-world/models/aws_robomaker_residential_PortraitA_01/materials) by extension 'colcon_meta'
[0.733s] Level 1:colcon.colcon_core.package_identification:_identify(aws-robomaker-small-house-world/models/aws_robomaker_residential_PortraitA_01/materials) by extensions ['ros']
[0.733s] Level 1:colcon.colcon_core.package_identification:_identify(aws-robomaker-small-house-world/models/aws_robomaker_residential_PortraitA_01/materials) by extension 'ros'
[0.733s] Level 1:colcon.colcon_core.package_identification:_identify(aws-robomaker-small-house-world/models/aws_robomaker_residential_PortraitA_01/materials) by extensions ['cmake', 'python']
[0.733s] Level 1:colcon.colcon_core.package_identification:_identify(aws-robomaker-small-house-world/models/aws_robomaker_residential_PortraitA_01/materials) by extension 'cmake'
[0.733s] Level 1:colcon.colcon_core.package_identification:_identify(aws-robomaker-small-house-world/models/aws_robomaker_residential_PortraitA_01/materials) by extension 'python'
[0.733s] Level 1:colcon.colcon_core.package_identification:_identify(aws-robomaker-small-house-world/models/aws_robomaker_residential_PortraitA_01/materials) by extensions ['python_setup_py']
[0.733s] Level 1:colcon.colcon_core.package_identification:_identify(aws-robomaker-small-house-world/models/aws_robomaker_residential_PortraitA_01/materials) by extension 'python_setup_py'
[0.733s] Level 1:colcon.colcon_core.package_identification:_identify(aws-robomaker-small-house-world/models/aws_robomaker_residential_PortraitA_01/materials/textures) by extensions ['ignore', 'ignore_ament_install']
[0.733s] Level 1:colcon.colcon_core.package_identification:_identify(aws-robomaker-small-house-world/models/aws_robomaker_residential_PortraitA_01/materials/textures) by extension 'ignore'
[0.733s] Level 1:colcon.colcon_core.package_identification:_identify(aws-robomaker-small-house-world/models/aws_robomaker_residential_PortraitA_01/materials/textures) by extension 'ignore_ament_install'
[0.733s] Level 1:colcon.colcon_core.package_identification:_identify(aws-robomaker-small-house-world/models/aws_robomaker_residential_PortraitA_01/materials/textures) by extensions ['colcon_pkg']
[0.733s] Level 1:colcon.colcon_core.package_identification:_identify(aws-robomaker-small-house-world/models/aws_robomaker_residential_PortraitA_01/materials/textures) by extension 'colcon_pkg'
[0.733s] Level 1:colcon.colcon_core.package_identification:_identify(aws-robomaker-small-house-world/models/aws_robomaker_residential_PortraitA_01/materials/textures) by extensions ['colcon_meta']
[0.733s] Level 1:colcon.colcon_core.package_identification:_identify(aws-robomaker-small-house-world/models/aws_robomaker_residential_PortraitA_01/materials/textures) by extension 'colcon_meta'
[0.733s] Level 1:colcon.colcon_core.package_identification:_identify(aws-robomaker-small-house-world/models/aws_robomaker_residential_PortraitA_01/materials/textures) by extensions ['ros']
[0.733s] Level 1:colcon.colcon_core.package_identification:_identify(aws-robomaker-small-house-world/models/aws_robomaker_residential_PortraitA_01/materials/textures) by extension 'ros'
[0.733s] Level 1:colcon.colcon_core.package_identification:_identify(aws-robomaker-small-house-world/models/aws_robomaker_residential_PortraitA_01/materials/textures) by extensions ['cmake', 'python']
[0.734s] Level 1:colcon.colcon_core.package_identification:_identify(aws-robomaker-small-house-world/models/aws_robomaker_residential_PortraitA_01/materials/textures) by extension 'cmake'
[0.734s] Level 1:colcon.colcon_core.package_identification:_identify(aws-robomaker-small-house-world/models/aws_robomaker_residential_PortraitA_01/materials/textures) by extension 'python'
[0.734s] Level 1:colcon.colcon_core.package_identification:_identify(aws-robomaker-small-house-world/models/aws_robomaker_residential_PortraitA_01/materials/textures) by extensions ['python_setup_py']
[0.734s] Level 1:colcon.colcon_core.package_identification:_identify(aws-robomaker-small-house-world/models/aws_robomaker_residential_PortraitA_01/materials/textures) by extension 'python_setup_py'
[0.734s] Level 1:colcon.colcon_core.package_identification:_identify(aws-robomaker-small-house-world/models/aws_robomaker_residential_PortraitA_01/meshes) by extensions ['ignore', 'ignore_ament_install']
[0.734s] Level 1:colcon.colcon_core.package_identification:_identify(aws-robomaker-small-house-world/models/aws_robomaker_residential_PortraitA_01/meshes) by extension 'ignore'
[0.734s] Level 1:colcon.colcon_core.package_identification:_identify(aws-robomaker-small-house-world/models/aws_robomaker_residential_PortraitA_01/meshes) by extension 'ignore_ament_install'
[0.734s] Level 1:colcon.colcon_core.package_identification:_identify(aws-robomaker-small-house-world/models/aws_robomaker_residential_PortraitA_01/meshes) by extensions ['colcon_pkg']
[0.734s] Level 1:colcon.colcon_core.package_identification:_identify(aws-robomaker-small-house-world/models/aws_robomaker_residential_PortraitA_01/meshes) by extension 'colcon_pkg'
[0.734s] Level 1:colcon.colcon_core.package_identification:_identify(aws-robomaker-small-house-world/models/aws_robomaker_residential_PortraitA_01/meshes) by extensions ['colcon_meta']
[0.734s] Level 1:colcon.colcon_core.package_identification:_identify(aws-robomaker-small-house-world/models/aws_robomaker_residential_PortraitA_01/meshes) by extension 'colcon_meta'
[0.734s] Level 1:colcon.colcon_core.package_identification:_identify(aws-robomaker-small-house-world/models/aws_robomaker_residential_PortraitA_01/meshes) by extensions ['ros']
[0.734s] Level 1:colcon.colcon_core.package_identification:_identify(aws-robomaker-small-house-world/models/aws_robomaker_residential_PortraitA_01/meshes) by extension 'ros'
[0.734s] Level 1:colcon.colcon_core.package_identification:_identify(aws-robomaker-small-house-world/models/aws_robomaker_residential_PortraitA_01/meshes) by extensions ['cmake', 'python']
[0.734s] Level 1:colcon.colcon_core.package_identification:_identify(aws-robomaker-small-house-world/models/aws_robomaker_residential_PortraitA_01/meshes) by extension 'cmake'
[0.734s] Level 1:colcon.colcon_core.package_identification:_identify(aws-robomaker-small-house-world/models/aws_robomaker_residential_PortraitA_01/meshes) by extension 'python'
[0.734s] Level 1:colcon.colcon_core.package_identification:_identify(aws-robomaker-small-house-world/models/aws_robomaker_residential_PortraitA_01/meshes) by extensions ['python_setup_py']
[0.734s] Level 1:colcon.colcon_core.package_identification:_identify(aws-robomaker-small-house-world/models/aws_robomaker_residential_PortraitA_01/meshes) by extension 'python_setup_py'
[0.734s] Level 1:colcon.colcon_core.package_identification:_identify(aws-robomaker-small-house-world/models/aws_robomaker_residential_PortraitA_02) by extensions ['ignore', 'ignore_ament_install']
[0.734s] Level 1:colcon.colcon_core.package_identification:_identify(aws-robomaker-small-house-world/models/aws_robomaker_residential_PortraitA_02) by extension 'ignore'
[0.734s] Level 1:colcon.colcon_core.package_identification:_identify(aws-robomaker-small-house-world/models/aws_robomaker_residential_PortraitA_02) by extension 'ignore_ament_install'
[0.734s] Level 1:colcon.colcon_core.package_identification:_identify(aws-robomaker-small-house-world/models/aws_robomaker_residential_PortraitA_02) by extensions ['colcon_pkg']
[0.734s] Level 1:colcon.colcon_core.package_identification:_identify(aws-robomaker-small-house-world/models/aws_robomaker_residential_PortraitA_02) by extension 'colcon_pkg'
[0.734s] Level 1:colcon.colcon_core.package_identification:_identify(aws-robomaker-small-house-world/models/aws_robomaker_residential_PortraitA_02) by extensions ['colcon_meta']
[0.734s] Level 1:colcon.colcon_core.package_identification:_identify(aws-robomaker-small-house-world/models/aws_robomaker_residential_PortraitA_02) by extension 'colcon_meta'
[0.734s] Level 1:colcon.colcon_core.package_identification:_identify(aws-robomaker-small-house-world/models/aws_robomaker_residential_PortraitA_02) by extensions ['ros']
[0.735s] Level 1:colcon.colcon_core.package_identification:_identify(aws-robomaker-small-house-world/models/aws_robomaker_residential_PortraitA_02) by extension 'ros'
[0.735s] Level 1:colcon.colcon_core.package_identification:_identify(aws-robomaker-small-house-world/models/aws_robomaker_residential_PortraitA_02) by extensions ['cmake', 'python']
[0.735s] Level 1:colcon.colcon_core.package_identification:_identify(aws-robomaker-small-house-world/models/aws_robomaker_residential_PortraitA_02) by extension 'cmake'
[0.735s] Level 1:colcon.colcon_core.package_identification:_identify(aws-robomaker-small-house-world/models/aws_robomaker_residential_PortraitA_02) by extension 'python'
[0.735s] Level 1:colcon.colcon_core.package_identification:_identify(aws-robomaker-small-house-world/models/aws_robomaker_residential_PortraitA_02) by extensions ['python_setup_py']
[0.735s] Level 1:colcon.colcon_core.package_identification:_identify(aws-robomaker-small-house-world/models/aws_robomaker_residential_PortraitA_02) by extension 'python_setup_py'
[0.735s] Level 1:colcon.colcon_core.package_identification:_identify(aws-robomaker-small-house-world/models/aws_robomaker_residential_PortraitA_02/materials) by extensions ['ignore', 'ignore_ament_install']
[0.735s] Level 1:colcon.colcon_core.package_identification:_identify(aws-robomaker-small-house-world/models/aws_robomaker_residential_PortraitA_02/materials) by extension 'ignore'
[0.735s] Level 1:colcon.colcon_core.package_identification:_identify(aws-robomaker-small-house-world/models/aws_robomaker_residential_PortraitA_02/materials) by extension 'ignore_ament_install'
[0.735s] Level 1:colcon.colcon_core.package_identification:_identify(aws-robomaker-small-house-world/models/aws_robomaker_residential_PortraitA_02/materials) by extensions ['colcon_pkg']
[0.735s] Level 1:colcon.colcon_core.package_identification:_identify(aws-robomaker-small-house-world/models/aws_robomaker_residential_PortraitA_02/materials) by extension 'colcon_pkg'
[0.735s] Level 1:colcon.colcon_core.package_identification:_identify(aws-robomaker-small-house-world/models/aws_robomaker_residential_PortraitA_02/materials) by extensions ['colcon_meta']
[0.735s] Level 1:colcon.colcon_core.package_identification:_identify(aws-robomaker-small-house-world/models/aws_robomaker_residential_PortraitA_02/materials) by extension 'colcon_meta'
[0.735s] Level 1:colcon.colcon_core.package_identification:_identify(aws-robomaker-small-house-world/models/aws_robomaker_residential_PortraitA_02/materials) by extensions ['ros']
[0.735s] Level 1:colcon.colcon_core.package_identification:_identify(aws-robomaker-small-house-world/models/aws_robomaker_residential_PortraitA_02/materials) by extension 'ros'
[0.735s] Level 1:colcon.colcon_core.package_identification:_identify(aws-robomaker-small-house-world/models/aws_robomaker_residential_PortraitA_02/materials) by extensions ['cmake', 'python']
[0.735s] Level 1:colcon.colcon_core.package_identification:_identify(aws-robomaker-small-house-world/models/aws_robomaker_residential_PortraitA_02/materials) by extension 'cmake'
[0.735s] Level 1:colcon.colcon_core.package_identification:_identify(aws-robomaker-small-house-world/models/aws_robomaker_residential_PortraitA_02/materials) by extension 'python'
[0.735s] Level 1:colcon.colcon_core.package_identification:_identify(aws-robomaker-small-house-world/models/aws_robomaker_residential_PortraitA_02/materials) by extensions ['python_setup_py']
[0.735s] Level 1:colcon.colcon_core.package_identification:_identify(aws-robomaker-small-house-world/models/aws_robomaker_residential_PortraitA_02/materials) by extension 'python_setup_py'
[0.736s] Level 1:colcon.colcon_core.package_identification:_identify(aws-robomaker-small-house-world/models/aws_robomaker_residential_PortraitA_02/materials/textures) by extensions ['ignore', 'ignore_ament_install']
[0.736s] Level 1:colcon.colcon_core.package_identification:_identify(aws-robomaker-small-house-world/models/aws_robomaker_residential_PortraitA_02/materials/textures) by extension 'ignore'
[0.736s] Level 1:colcon.colcon_core.package_identification:_identify(aws-robomaker-small-house-world/models/aws_robomaker_residential_PortraitA_02/materials/textures) by extension 'ignore_ament_install'
[0.736s] Level 1:colcon.colcon_core.package_identification:_identify(aws-robomaker-small-house-world/models/aws_robomaker_residential_PortraitA_02/materials/textures) by extensions ['colcon_pkg']
[0.736s] Level 1:colcon.colcon_core.package_identification:_identify(aws-robomaker-small-house-world/models/aws_robomaker_residential_PortraitA_02/materials/textures) by extension 'colcon_pkg'
[0.736s] Level 1:colcon.colcon_core.package_identification:_identify(aws-robomaker-small-house-world/models/aws_robomaker_residential_PortraitA_02/materials/textures) by extensions ['colcon_meta']
[0.736s] Level 1:colcon.colcon_core.package_identification:_identify(aws-robomaker-small-house-world/models/aws_robomaker_residential_PortraitA_02/materials/textures) by extension 'colcon_meta'
[0.736s] Level 1:colcon.colcon_core.package_identification:_identify(aws-robomaker-small-house-world/models/aws_robomaker_residential_PortraitA_02/materials/textures) by extensions ['ros']
[0.736s] Level 1:colcon.colcon_core.package_identification:_identify(aws-robomaker-small-house-world/models/aws_robomaker_residential_PortraitA_02/materials/textures) by extension 'ros'
[0.736s] Level 1:colcon.colcon_core.package_identification:_identify(aws-robomaker-small-house-world/models/aws_robomaker_residential_PortraitA_02/materials/textures) by extensions ['cmake', 'python']
[0.736s] Level 1:colcon.colcon_core.package_identification:_identify(aws-robomaker-small-house-world/models/aws_robomaker_residential_PortraitA_02/materials/textures) by extension 'cmake'
[0.736s] Level 1:colcon.colcon_core.package_identification:_identify(aws-robomaker-small-house-world/models/aws_robomaker_residential_PortraitA_02/materials/textures) by extension 'python'
[0.736s] Level 1:colcon.colcon_core.package_identification:_identify(aws-robomaker-small-house-world/models/aws_robomaker_residential_PortraitA_02/materials/textures) by extensions ['python_setup_py']
[0.736s] Level 1:colcon.colcon_core.package_identification:_identify(aws-robomaker-small-house-world/models/aws_robomaker_residential_PortraitA_02/materials/textures) by extension 'python_setup_py'
[0.736s] Level 1:colcon.colcon_core.package_identification:_identify(aws-robomaker-small-house-world/models/aws_robomaker_residential_PortraitA_02/meshes) by extensions ['ignore', 'ignore_ament_install']
[0.736s] Level 1:colcon.colcon_core.package_identification:_identify(aws-robomaker-small-house-world/models/aws_robomaker_residential_PortraitA_02/meshes) by extension 'ignore'
[0.736s] Level 1:colcon.colcon_core.package_identification:_identify(aws-robomaker-small-house-world/models/aws_robomaker_residential_PortraitA_02/meshes) by extension 'ignore_ament_install'
[0.736s] Level 1:colcon.colcon_core.package_identification:_identify(aws-robomaker-small-house-world/models/aws_robomaker_residential_PortraitA_02/meshes) by extensions ['colcon_pkg']
[0.736s] Level 1:colcon.colcon_core.package_identification:_identify(aws-robomaker-small-house-world/models/aws_robomaker_residential_PortraitA_02/meshes) by extension 'colcon_pkg'
[0.736s] Level 1:colcon.colcon_core.package_identification:_identify(aws-robomaker-small-house-world/models/aws_robomaker_residential_PortraitA_02/meshes) by extensions ['colcon_meta']
[0.736s] Level 1:colcon.colcon_core.package_identification:_identify(aws-robomaker-small-house-world/models/aws_robomaker_residential_PortraitA_02/meshes) by extension 'colcon_meta'
[0.736s] Level 1:colcon.colcon_core.package_identification:_identify(aws-robomaker-small-house-world/models/aws_robomaker_residential_PortraitA_02/meshes) by extensions ['ros']
[0.737s] Level 1:colcon.colcon_core.package_identification:_identify(aws-robomaker-small-house-world/models/aws_robomaker_residential_PortraitA_02/meshes) by extension 'ros'
[0.737s] Level 1:colcon.colcon_core.package_identification:_identify(aws-robomaker-small-house-world/models/aws_robomaker_residential_PortraitA_02/meshes) by extensions ['cmake', 'python']
[0.737s] Level 1:colcon.colcon_core.package_identification:_identify(aws-robomaker-small-house-world/models/aws_robomaker_residential_PortraitA_02/meshes) by extension 'cmake'
[0.737s] Level 1:colcon.colcon_core.package_identification:_identify(aws-robomaker-small-house-world/models/aws_robomaker_residential_PortraitA_02/meshes) by extension 'python'
[0.737s] Level 1:colcon.colcon_core.package_identification:_identify(aws-robomaker-small-house-world/models/aws_robomaker_residential_PortraitA_02/meshes) by extensions ['python_setup_py']
[0.737s] Level 1:colcon.colcon_core.package_identification:_identify(aws-robomaker-small-house-world/models/aws_robomaker_residential_PortraitA_02/meshes) by extension 'python_setup_py'
[0.737s] Level 1:colcon.colcon_core.package_identification:_identify(aws-robomaker-small-house-world/models/aws_robomaker_residential_PortraitB_01) by extensions ['ignore', 'ignore_ament_install']
[0.737s] Level 1:colcon.colcon_core.package_identification:_identify(aws-robomaker-small-house-world/models/aws_robomaker_residential_PortraitB_01) by extension 'ignore'
[0.737s] Level 1:colcon.colcon_core.package_identification:_identify(aws-robomaker-small-house-world/models/aws_robomaker_residential_PortraitB_01) by extension 'ignore_ament_install'
[0.737s] Level 1:colcon.colcon_core.package_identification:_identify(aws-robomaker-small-house-world/models/aws_robomaker_residential_PortraitB_01) by extensions ['colcon_pkg']
[0.737s] Level 1:colcon.colcon_core.package_identification:_identify(aws-robomaker-small-house-world/models/aws_robomaker_residential_PortraitB_01) by extension 'colcon_pkg'
[0.737s] Level 1:colcon.colcon_core.package_identification:_identify(aws-robomaker-small-house-world/models/aws_robomaker_residential_PortraitB_01) by extensions ['colcon_meta']
[0.737s] Level 1:colcon.colcon_core.package_identification:_identify(aws-robomaker-small-house-world/models/aws_robomaker_residential_PortraitB_01) by extension 'colcon_meta'
[0.737s] Level 1:colcon.colcon_core.package_identification:_identify(aws-robomaker-small-house-world/models/aws_robomaker_residential_PortraitB_01) by extensions ['ros']
[0.737s] Level 1:colcon.colcon_core.package_identification:_identify(aws-robomaker-small-house-world/models/aws_robomaker_residential_PortraitB_01) by extension 'ros'
[0.737s] Level 1:colcon.colcon_core.package_identification:_identify(aws-robomaker-small-house-world/models/aws_robomaker_residential_PortraitB_01) by extensions ['cmake', 'python']
[0.737s] Level 1:colcon.colcon_core.package_identification:_identify(aws-robomaker-small-house-world/models/aws_robomaker_residential_PortraitB_01) by extension 'cmake'
[0.737s] Level 1:colcon.colcon_core.package_identification:_identify(aws-robomaker-small-house-world/models/aws_robomaker_residential_PortraitB_01) by extension 'python'
[0.737s] Level 1:colcon.colcon_core.package_identification:_identify(aws-robomaker-small-house-world/models/aws_robomaker_residential_PortraitB_01) by extensions ['python_setup_py']
[0.737s] Level 1:colcon.colcon_core.package_identification:_identify(aws-robomaker-small-house-world/models/aws_robomaker_residential_PortraitB_01) by extension 'python_setup_py'
[0.737s] Level 1:colcon.colcon_core.package_identification:_identify(aws-robomaker-small-house-world/models/aws_robomaker_residential_PortraitB_01/materials) by extensions ['ignore', 'ignore_ament_install']
[0.737s] Level 1:colcon.colcon_core.package_identification:_identify(aws-robomaker-small-house-world/models/aws_robomaker_residential_PortraitB_01/materials) by extension 'ignore'
[0.738s] Level 1:colcon.colcon_core.package_identification:_identify(aws-robomaker-small-house-world/models/aws_robomaker_residential_PortraitB_01/materials) by extension 'ignore_ament_install'
[0.738s] Level 1:colcon.colcon_core.package_identification:_identify(aws-robomaker-small-house-world/models/aws_robomaker_residential_PortraitB_01/materials) by extensions ['colcon_pkg']
[0.738s] Level 1:colcon.colcon_core.package_identification:_identify(aws-robomaker-small-house-world/models/aws_robomaker_residential_PortraitB_01/materials) by extension 'colcon_pkg'
[0.738s] Level 1:colcon.colcon_core.package_identification:_identify(aws-robomaker-small-house-world/models/aws_robomaker_residential_PortraitB_01/materials) by extensions ['colcon_meta']
[0.738s] Level 1:colcon.colcon_core.package_identification:_identify(aws-robomaker-small-house-world/models/aws_robomaker_residential_PortraitB_01/materials) by extension 'colcon_meta'
[0.738s] Level 1:colcon.colcon_core.package_identification:_identify(aws-robomaker-small-house-world/models/aws_robomaker_residential_PortraitB_01/materials) by extensions ['ros']
[0.738s] Level 1:colcon.colcon_core.package_identification:_identify(aws-robomaker-small-house-world/models/aws_robomaker_residential_PortraitB_01/materials) by extension 'ros'
[0.738s] Level 1:colcon.colcon_core.package_identification:_identify(aws-robomaker-small-house-world/models/aws_robomaker_residential_PortraitB_01/materials) by extensions ['cmake', 'python']
[0.738s] Level 1:colcon.colcon_core.package_identification:_identify(aws-robomaker-small-house-world/models/aws_robomaker_residential_PortraitB_01/materials) by extension 'cmake'
[0.738s] Level 1:colcon.colcon_core.package_identification:_identify(aws-robomaker-small-house-world/models/aws_robomaker_residential_PortraitB_01/materials) by extension 'python'
[0.738s] Level 1:colcon.colcon_core.package_identification:_identify(aws-robomaker-small-house-world/models/aws_robomaker_residential_PortraitB_01/materials) by extensions ['python_setup_py']
[0.738s] Level 1:colcon.colcon_core.package_identification:_identify(aws-robomaker-small-house-world/models/aws_robomaker_residential_PortraitB_01/materials) by extension 'python_setup_py'
[0.738s] Level 1:colcon.colcon_core.package_identification:_identify(aws-robomaker-small-house-world/models/aws_robomaker_residential_PortraitB_01/materials/textures) by extensions ['ignore', 'ignore_ament_install']
[0.738s] Level 1:colcon.colcon_core.package_identification:_identify(aws-robomaker-small-house-world/models/aws_robomaker_residential_PortraitB_01/materials/textures) by extension 'ignore'
[0.738s] Level 1:colcon.colcon_core.package_identification:_identify(aws-robomaker-small-house-world/models/aws_robomaker_residential_PortraitB_01/materials/textures) by extension 'ignore_ament_install'
[0.738s] Level 1:colcon.colcon_core.package_identification:_identify(aws-robomaker-small-house-world/models/aws_robomaker_residential_PortraitB_01/materials/textures) by extensions ['colcon_pkg']
[0.738s] Level 1:colcon.colcon_core.package_identification:_identify(aws-robomaker-small-house-world/models/aws_robomaker_residential_PortraitB_01/materials/textures) by extension 'colcon_pkg'
[0.738s] Level 1:colcon.colcon_core.package_identification:_identify(aws-robomaker-small-house-world/models/aws_robomaker_residential_PortraitB_01/materials/textures) by extensions ['colcon_meta']
[0.738s] Level 1:colcon.colcon_core.package_identification:_identify(aws-robomaker-small-house-world/models/aws_robomaker_residential_PortraitB_01/materials/textures) by extension 'colcon_meta'
[0.738s] Level 1:colcon.colcon_core.package_identification:_identify(aws-robomaker-small-house-world/models/aws_robomaker_residential_PortraitB_01/materials/textures) by extensions ['ros']
[0.738s] Level 1:colcon.colcon_core.package_identification:_identify(aws-robomaker-small-house-world/models/aws_robomaker_residential_PortraitB_01/materials/textures) by extension 'ros'
[0.738s] Level 1:colcon.colcon_core.package_identification:_identify(aws-robomaker-small-house-world/models/aws_robomaker_residential_PortraitB_01/materials/textures) by extensions ['cmake', 'python']
[0.738s] Level 1:colcon.colcon_core.package_identification:_identify(aws-robomaker-small-house-world/models/aws_robomaker_residential_PortraitB_01/materials/textures) by extension 'cmake'
[0.739s] Level 1:colcon.colcon_core.package_identification:_identify(aws-robomaker-small-house-world/models/aws_robomaker_residential_PortraitB_01/materials/textures) by extension 'python'
[0.739s] Level 1:colcon.colcon_core.package_identification:_identify(aws-robomaker-small-house-world/models/aws_robomaker_residential_PortraitB_01/materials/textures) by extensions ['python_setup_py']
[0.739s] Level 1:colcon.colcon_core.package_identification:_identify(aws-robomaker-small-house-world/models/aws_robomaker_residential_PortraitB_01/materials/textures) by extension 'python_setup_py'
[0.739s] Level 1:colcon.colcon_core.package_identification:_identify(aws-robomaker-small-house-world/models/aws_robomaker_residential_PortraitB_01/meshes) by extensions ['ignore', 'ignore_ament_install']
[0.739s] Level 1:colcon.colcon_core.package_identification:_identify(aws-robomaker-small-house-world/models/aws_robomaker_residential_PortraitB_01/meshes) by extension 'ignore'
[0.739s] Level 1:colcon.colcon_core.package_identification:_identify(aws-robomaker-small-house-world/models/aws_robomaker_residential_PortraitB_01/meshes) by extension 'ignore_ament_install'
[0.739s] Level 1:colcon.colcon_core.package_identification:_identify(aws-robomaker-small-house-world/models/aws_robomaker_residential_PortraitB_01/meshes) by extensions ['colcon_pkg']
[0.739s] Level 1:colcon.colcon_core.package_identification:_identify(aws-robomaker-small-house-world/models/aws_robomaker_residential_PortraitB_01/meshes) by extension 'colcon_pkg'
[0.739s] Level 1:colcon.colcon_core.package_identification:_identify(aws-robomaker-small-house-world/models/aws_robomaker_residential_PortraitB_01/meshes) by extensions ['colcon_meta']
[0.739s] Level 1:colcon.colcon_core.package_identification:_identify(aws-robomaker-small-house-world/models/aws_robomaker_residential_PortraitB_01/meshes) by extension 'colcon_meta'
[0.739s] Level 1:colcon.colcon_core.package_identification:_identify(aws-robomaker-small-house-world/models/aws_robomaker_residential_PortraitB_01/meshes) by extensions ['ros']
[0.739s] Level 1:colcon.colcon_core.package_identification:_identify(aws-robomaker-small-house-world/models/aws_robomaker_residential_PortraitB_01/meshes) by extension 'ros'
[0.739s] Level 1:colcon.colcon_core.package_identification:_identify(aws-robomaker-small-house-world/models/aws_robomaker_residential_PortraitB_01/meshes) by extensions ['cmake', 'python']
[0.739s] Level 1:colcon.colcon_core.package_identification:_identify(aws-robomaker-small-house-world/models/aws_robomaker_residential_PortraitB_01/meshes) by extension 'cmake'
[0.739s] Level 1:colcon.colcon_core.package_identification:_identify(aws-robomaker-small-house-world/models/aws_robomaker_residential_PortraitB_01/meshes) by extension 'python'
[0.739s] Level 1:colcon.colcon_core.package_identification:_identify(aws-robomaker-small-house-world/models/aws_robomaker_residential_PortraitB_01/meshes) by extensions ['python_setup_py']
[0.739s] Level 1:colcon.colcon_core.package_identification:_identify(aws-robomaker-small-house-world/models/aws_robomaker_residential_PortraitB_01/meshes) by extension 'python_setup_py'
[0.739s] Level 1:colcon.colcon_core.package_identification:_identify(aws-robomaker-small-house-world/models/aws_robomaker_residential_PortraitB_02) by extensions ['ignore', 'ignore_ament_install']
[0.739s] Level 1:colcon.colcon_core.package_identification:_identify(aws-robomaker-small-house-world/models/aws_robomaker_residential_PortraitB_02) by extension 'ignore'
[0.739s] Level 1:colcon.colcon_core.package_identification:_identify(aws-robomaker-small-house-world/models/aws_robomaker_residential_PortraitB_02) by extension 'ignore_ament_install'
[0.739s] Level 1:colcon.colcon_core.package_identification:_identify(aws-robomaker-small-house-world/models/aws_robomaker_residential_PortraitB_02) by extensions ['colcon_pkg']
[0.739s] Level 1:colcon.colcon_core.package_identification:_identify(aws-robomaker-small-house-world/models/aws_robomaker_residential_PortraitB_02) by extension 'colcon_pkg'
[0.739s] Level 1:colcon.colcon_core.package_identification:_identify(aws-robomaker-small-house-world/models/aws_robomaker_residential_PortraitB_02) by extensions ['colcon_meta']
[0.739s] Level 1:colcon.colcon_core.package_identification:_identify(aws-robomaker-small-house-world/models/aws_robomaker_residential_PortraitB_02) by extension 'colcon_meta'
[0.739s] Level 1:colcon.colcon_core.package_identification:_identify(aws-robomaker-small-house-world/models/aws_robomaker_residential_PortraitB_02) by extensions ['ros']
[0.739s] Level 1:colcon.colcon_core.package_identification:_identify(aws-robomaker-small-house-world/models/aws_robomaker_residential_PortraitB_02) by extension 'ros'
[0.740s] Level 1:colcon.colcon_core.package_identification:_identify(aws-robomaker-small-house-world/models/aws_robomaker_residential_PortraitB_02) by extensions ['cmake', 'python']
[0.740s] Level 1:colcon.colcon_core.package_identification:_identify(aws-robomaker-small-house-world/models/aws_robomaker_residential_PortraitB_02) by extension 'cmake'
[0.740s] Level 1:colcon.colcon_core.package_identification:_identify(aws-robomaker-small-house-world/models/aws_robomaker_residential_PortraitB_02) by extension 'python'
[0.740s] Level 1:colcon.colcon_core.package_identification:_identify(aws-robomaker-small-house-world/models/aws_robomaker_residential_PortraitB_02) by extensions ['python_setup_py']
[0.740s] Level 1:colcon.colcon_core.package_identification:_identify(aws-robomaker-small-house-world/models/aws_robomaker_residential_PortraitB_02) by extension 'python_setup_py'
[0.740s] Level 1:colcon.colcon_core.package_identification:_identify(aws-robomaker-small-house-world/models/aws_robomaker_residential_PortraitB_02/materials) by extensions ['ignore', 'ignore_ament_install']
[0.740s] Level 1:colcon.colcon_core.package_identification:_identify(aws-robomaker-small-house-world/models/aws_robomaker_residential_PortraitB_02/materials) by extension 'ignore'
[0.740s] Level 1:colcon.colcon_core.package_identification:_identify(aws-robomaker-small-house-world/models/aws_robomaker_residential_PortraitB_02/materials) by extension 'ignore_ament_install'
[0.740s] Level 1:colcon.colcon_core.package_identification:_identify(aws-robomaker-small-house-world/models/aws_robomaker_residential_PortraitB_02/materials) by extensions ['colcon_pkg']
[0.740s] Level 1:colcon.colcon_core.package_identification:_identify(aws-robomaker-small-house-world/models/aws_robomaker_residential_PortraitB_02/materials) by extension 'colcon_pkg'
[0.740s] Level 1:colcon.colcon_core.package_identification:_identify(aws-robomaker-small-house-world/models/aws_robomaker_residential_PortraitB_02/materials) by extensions ['colcon_meta']
[0.740s] Level 1:colcon.colcon_core.package_identification:_identify(aws-robomaker-small-house-world/models/aws_robomaker_residential_PortraitB_02/materials) by extension 'colcon_meta'
[0.740s] Level 1:colcon.colcon_core.package_identification:_identify(aws-robomaker-small-house-world/models/aws_robomaker_residential_PortraitB_02/materials) by extensions ['ros']
[0.740s] Level 1:colcon.colcon_core.package_identification:_identify(aws-robomaker-small-house-world/models/aws_robomaker_residential_PortraitB_02/materials) by extension 'ros'
[0.740s] Level 1:colcon.colcon_core.package_identification:_identify(aws-robomaker-small-house-world/models/aws_robomaker_residential_PortraitB_02/materials) by extensions ['cmake', 'python']
[0.740s] Level 1:colcon.colcon_core.package_identification:_identify(aws-robomaker-small-house-world/models/aws_robomaker_residential_PortraitB_02/materials) by extension 'cmake'
[0.740s] Level 1:colcon.colcon_core.package_identification:_identify(aws-robomaker-small-house-world/models/aws_robomaker_residential_PortraitB_02/materials) by extension 'python'
[0.740s] Level 1:colcon.colcon_core.package_identification:_identify(aws-robomaker-small-house-world/models/aws_robomaker_residential_PortraitB_02/materials) by extensions ['python_setup_py']
[0.740s] Level 1:colcon.colcon_core.package_identification:_identify(aws-robomaker-small-house-world/models/aws_robomaker_residential_PortraitB_02/materials) by extension 'python_setup_py'
[0.740s] Level 1:colcon.colcon_core.package_identification:_identify(aws-robomaker-small-house-world/models/aws_robomaker_residential_PortraitB_02/materials/textures) by extensions ['ignore', 'ignore_ament_install']
[0.741s] Level 1:colcon.colcon_core.package_identification:_identify(aws-robomaker-small-house-world/models/aws_robomaker_residential_PortraitB_02/materials/textures) by extension 'ignore'
[0.741s] Level 1:colcon.colcon_core.package_identification:_identify(aws-robomaker-small-house-world/models/aws_robomaker_residential_PortraitB_02/materials/textures) by extension 'ignore_ament_install'
[0.741s] Level 1:colcon.colcon_core.package_identification:_identify(aws-robomaker-small-house-world/models/aws_robomaker_residential_PortraitB_02/materials/textures) by extensions ['colcon_pkg']
[0.741s] Level 1:colcon.colcon_core.package_identification:_identify(aws-robomaker-small-house-world/models/aws_robomaker_residential_PortraitB_02/materials/textures) by extension 'colcon_pkg'
[0.741s] Level 1:colcon.colcon_core.package_identification:_identify(aws-robomaker-small-house-world/models/aws_robomaker_residential_PortraitB_02/materials/textures) by extensions ['colcon_meta']
[0.741s] Level 1:colcon.colcon_core.package_identification:_identify(aws-robomaker-small-house-world/models/aws_robomaker_residential_PortraitB_02/materials/textures) by extension 'colcon_meta'
[0.741s] Level 1:colcon.colcon_core.package_identification:_identify(aws-robomaker-small-house-world/models/aws_robomaker_residential_PortraitB_02/materials/textures) by extensions ['ros']
[0.741s] Level 1:colcon.colcon_core.package_identification:_identify(aws-robomaker-small-house-world/models/aws_robomaker_residential_PortraitB_02/materials/textures) by extension 'ros'
[0.741s] Level 1:colcon.colcon_core.package_identification:_identify(aws-robomaker-small-house-world/models/aws_robomaker_residential_PortraitB_02/materials/textures) by extensions ['cmake', 'python']
[0.741s] Level 1:colcon.colcon_core.package_identification:_identify(aws-robomaker-small-house-world/models/aws_robomaker_residential_PortraitB_02/materials/textures) by extension 'cmake'
[0.741s] Level 1:colcon.colcon_core.package_identification:_identify(aws-robomaker-small-house-world/models/aws_robomaker_residential_PortraitB_02/materials/textures) by extension 'python'
[0.741s] Level 1:colcon.colcon_core.package_identification:_identify(aws-robomaker-small-house-world/models/aws_robomaker_residential_PortraitB_02/materials/textures) by extensions ['python_setup_py']
[0.741s] Level 1:colcon.colcon_core.package_identification:_identify(aws-robomaker-small-house-world/models/aws_robomaker_residential_PortraitB_02/materials/textures) by extension 'python_setup_py'
[0.741s] Level 1:colcon.colcon_core.package_identification:_identify(aws-robomaker-small-house-world/models/aws_robomaker_residential_PortraitB_02/meshes) by extensions ['ignore', 'ignore_ament_install']
[0.741s] Level 1:colcon.colcon_core.package_identification:_identify(aws-robomaker-small-house-world/models/aws_robomaker_residential_PortraitB_02/meshes) by extension 'ignore'
[0.741s] Level 1:colcon.colcon_core.package_identification:_identify(aws-robomaker-small-house-world/models/aws_robomaker_residential_PortraitB_02/meshes) by extension 'ignore_ament_install'
[0.741s] Level 1:colcon.colcon_core.package_identification:_identify(aws-robomaker-small-house-world/models/aws_robomaker_residential_PortraitB_02/meshes) by extensions ['colcon_pkg']
[0.741s] Level 1:colcon.colcon_core.package_identification:_identify(aws-robomaker-small-house-world/models/aws_robomaker_residential_PortraitB_02/meshes) by extension 'colcon_pkg'
[0.741s] Level 1:colcon.colcon_core.package_identification:_identify(aws-robomaker-small-house-world/models/aws_robomaker_residential_PortraitB_02/meshes) by extensions ['colcon_meta']
[0.741s] Level 1:colcon.colcon_core.package_identification:_identify(aws-robomaker-small-house-world/models/aws_robomaker_residential_PortraitB_02/meshes) by extension 'colcon_meta'
[0.741s] Level 1:colcon.colcon_core.package_identification:_identify(aws-robomaker-small-house-world/models/aws_robomaker_residential_PortraitB_02/meshes) by extensions ['ros']
[0.741s] Level 1:colcon.colcon_core.package_identification:_identify(aws-robomaker-small-house-world/models/aws_robomaker_residential_PortraitB_02/meshes) by extension 'ros'
[0.741s] Level 1:colcon.colcon_core.package_identification:_identify(aws-robomaker-small-house-world/models/aws_robomaker_residential_PortraitB_02/meshes) by extensions ['cmake', 'python']
[0.741s] Level 1:colcon.colcon_core.package_identification:_identify(aws-robomaker-small-house-world/models/aws_robomaker_residential_PortraitB_02/meshes) by extension 'cmake'
[0.741s] Level 1:colcon.colcon_core.package_identification:_identify(aws-robomaker-small-house-world/models/aws_robomaker_residential_PortraitB_02/meshes) by extension 'python'
[0.741s] Level 1:colcon.colcon_core.package_identification:_identify(aws-robomaker-small-house-world/models/aws_robomaker_residential_PortraitB_02/meshes) by extensions ['python_setup_py']
[0.742s] Level 1:colcon.colcon_core.package_identification:_identify(aws-robomaker-small-house-world/models/aws_robomaker_residential_PortraitB_02/meshes) by extension 'python_setup_py'
[0.742s] Level 1:colcon.colcon_core.package_identification:_identify(aws-robomaker-small-house-world/models/aws_robomaker_residential_PortraitB_03) by extensions ['ignore', 'ignore_ament_install']
[0.742s] Level 1:colcon.colcon_core.package_identification:_identify(aws-robomaker-small-house-world/models/aws_robomaker_residential_PortraitB_03) by extension 'ignore'
[0.742s] Level 1:colcon.colcon_core.package_identification:_identify(aws-robomaker-small-house-world/models/aws_robomaker_residential_PortraitB_03) by extension 'ignore_ament_install'
[0.742s] Level 1:colcon.colcon_core.package_identification:_identify(aws-robomaker-small-house-world/models/aws_robomaker_residential_PortraitB_03) by extensions ['colcon_pkg']
[0.742s] Level 1:colcon.colcon_core.package_identification:_identify(aws-robomaker-small-house-world/models/aws_robomaker_residential_PortraitB_03) by extension 'colcon_pkg'
[0.742s] Level 1:colcon.colcon_core.package_identification:_identify(aws-robomaker-small-house-world/models/aws_robomaker_residential_PortraitB_03) by extensions ['colcon_meta']
[0.742s] Level 1:colcon.colcon_core.package_identification:_identify(aws-robomaker-small-house-world/models/aws_robomaker_residential_PortraitB_03) by extension 'colcon_meta'
[0.742s] Level 1:colcon.colcon_core.package_identification:_identify(aws-robomaker-small-house-world/models/aws_robomaker_residential_PortraitB_03) by extensions ['ros']
[0.742s] Level 1:colcon.colcon_core.package_identification:_identify(aws-robomaker-small-house-world/models/aws_robomaker_residential_PortraitB_03) by extension 'ros'
[0.742s] Level 1:colcon.colcon_core.package_identification:_identify(aws-robomaker-small-house-world/models/aws_robomaker_residential_PortraitB_03) by extensions ['cmake', 'python']
[0.742s] Level 1:colcon.colcon_core.package_identification:_identify(aws-robomaker-small-house-world/models/aws_robomaker_residential_PortraitB_03) by extension 'cmake'
[0.742s] Level 1:colcon.colcon_core.package_identification:_identify(aws-robomaker-small-house-world/models/aws_robomaker_residential_PortraitB_03) by extension 'python'
[0.742s] Level 1:colcon.colcon_core.package_identification:_identify(aws-robomaker-small-house-world/models/aws_robomaker_residential_PortraitB_03) by extensions ['python_setup_py']
[0.742s] Level 1:colcon.colcon_core.package_identification:_identify(aws-robomaker-small-house-world/models/aws_robomaker_residential_PortraitB_03) by extension 'python_setup_py'
[0.742s] Level 1:colcon.colcon_core.package_identification:_identify(aws-robomaker-small-house-world/models/aws_robomaker_residential_PortraitB_03/materials) by extensions ['ignore', 'ignore_ament_install']
[0.742s] Level 1:colcon.colcon_core.package_identification:_identify(aws-robomaker-small-house-world/models/aws_robomaker_residential_PortraitB_03/materials) by extension 'ignore'
[0.742s] Level 1:colcon.colcon_core.package_identification:_identify(aws-robomaker-small-house-world/models/aws_robomaker_residential_PortraitB_03/materials) by extension 'ignore_ament_install'
[0.743s] Level 1:colcon.colcon_core.package_identification:_identify(aws-robomaker-small-house-world/models/aws_robomaker_residential_PortraitB_03/materials) by extensions ['colcon_pkg']
[0.743s] Level 1:colcon.colcon_core.package_identification:_identify(aws-robomaker-small-house-world/models/aws_robomaker_residential_PortraitB_03/materials) by extension 'colcon_pkg'
[0.743s] Level 1:colcon.colcon_core.package_identification:_identify(aws-robomaker-small-house-world/models/aws_robomaker_residential_PortraitB_03/materials) by extensions ['colcon_meta']
[0.743s] Level 1:colcon.colcon_core.package_identification:_identify(aws-robomaker-small-house-world/models/aws_robomaker_residential_PortraitB_03/materials) by extension 'colcon_meta'
[0.743s] Level 1:colcon.colcon_core.package_identification:_identify(aws-robomaker-small-house-world/models/aws_robomaker_residential_PortraitB_03/materials) by extensions ['ros']
[0.743s] Level 1:colcon.colcon_core.package_identification:_identify(aws-robomaker-small-house-world/models/aws_robomaker_residential_PortraitB_03/materials) by extension 'ros'
[0.743s] Level 1:colcon.colcon_core.package_identification:_identify(aws-robomaker-small-house-world/models/aws_robomaker_residential_PortraitB_03/materials) by extensions ['cmake', 'python']
[0.743s] Level 1:colcon.colcon_core.package_identification:_identify(aws-robomaker-small-house-world/models/aws_robomaker_residential_PortraitB_03/materials) by extension 'cmake'
[0.743s] Level 1:colcon.colcon_core.package_identification:_identify(aws-robomaker-small-house-world/models/aws_robomaker_residential_PortraitB_03/materials) by extension 'python'
[0.743s] Level 1:colcon.colcon_core.package_identification:_identify(aws-robomaker-small-house-world/models/aws_robomaker_residential_PortraitB_03/materials) by extensions ['python_setup_py']
[0.743s] Level 1:colcon.colcon_core.package_identification:_identify(aws-robomaker-small-house-world/models/aws_robomaker_residential_PortraitB_03/materials) by extension 'python_setup_py'
[0.743s] Level 1:colcon.colcon_core.package_identification:_identify(aws-robomaker-small-house-world/models/aws_robomaker_residential_PortraitB_03/materials/textures) by extensions ['ignore', 'ignore_ament_install']
[0.743s] Level 1:colcon.colcon_core.package_identification:_identify(aws-robomaker-small-house-world/models/aws_robomaker_residential_PortraitB_03/materials/textures) by extension 'ignore'
[0.743s] Level 1:colcon.colcon_core.package_identification:_identify(aws-robomaker-small-house-world/models/aws_robomaker_residential_PortraitB_03/materials/textures) by extension 'ignore_ament_install'
[0.743s] Level 1:colcon.colcon_core.package_identification:_identify(aws-robomaker-small-house-world/models/aws_robomaker_residential_PortraitB_03/materials/textures) by extensions ['colcon_pkg']
[0.743s] Level 1:colcon.colcon_core.package_identification:_identify(aws-robomaker-small-house-world/models/aws_robomaker_residential_PortraitB_03/materials/textures) by extension 'colcon_pkg'
[0.743s] Level 1:colcon.colcon_core.package_identification:_identify(aws-robomaker-small-house-world/models/aws_robomaker_residential_PortraitB_03/materials/textures) by extensions ['colcon_meta']
[0.744s] Level 1:colcon.colcon_core.package_identification:_identify(aws-robomaker-small-house-world/models/aws_robomaker_residential_PortraitB_03/materials/textures) by extension 'colcon_meta'
[0.744s] Level 1:colcon.colcon_core.package_identification:_identify(aws-robomaker-small-house-world/models/aws_robomaker_residential_PortraitB_03/materials/textures) by extensions ['ros']
[0.744s] Level 1:colcon.colcon_core.package_identification:_identify(aws-robomaker-small-house-world/models/aws_robomaker_residential_PortraitB_03/materials/textures) by extension 'ros'
[0.744s] Level 1:colcon.colcon_core.package_identification:_identify(aws-robomaker-small-house-world/models/aws_robomaker_residential_PortraitB_03/materials/textures) by extensions ['cmake', 'python']
[0.744s] Level 1:colcon.colcon_core.package_identification:_identify(aws-robomaker-small-house-world/models/aws_robomaker_residential_PortraitB_03/materials/textures) by extension 'cmake'
[0.744s] Level 1:colcon.colcon_core.package_identification:_identify(aws-robomaker-small-house-world/models/aws_robomaker_residential_PortraitB_03/materials/textures) by extension 'python'
[0.744s] Level 1:colcon.colcon_core.package_identification:_identify(aws-robomaker-small-house-world/models/aws_robomaker_residential_PortraitB_03/materials/textures) by extensions ['python_setup_py']
[0.744s] Level 1:colcon.colcon_core.package_identification:_identify(aws-robomaker-small-house-world/models/aws_robomaker_residential_PortraitB_03/materials/textures) by extension 'python_setup_py'
[0.744s] Level 1:colcon.colcon_core.package_identification:_identify(aws-robomaker-small-house-world/models/aws_robomaker_residential_PortraitB_03/meshes) by extensions ['ignore', 'ignore_ament_install']
[0.744s] Level 1:colcon.colcon_core.package_identification:_identify(aws-robomaker-small-house-world/models/aws_robomaker_residential_PortraitB_03/meshes) by extension 'ignore'
[0.744s] Level 1:colcon.colcon_core.package_identification:_identify(aws-robomaker-small-house-world/models/aws_robomaker_residential_PortraitB_03/meshes) by extension 'ignore_ament_install'
[0.744s] Level 1:colcon.colcon_core.package_identification:_identify(aws-robomaker-small-house-world/models/aws_robomaker_residential_PortraitB_03/meshes) by extensions ['colcon_pkg']
[0.744s] Level 1:colcon.colcon_core.package_identification:_identify(aws-robomaker-small-house-world/models/aws_robomaker_residential_PortraitB_03/meshes) by extension 'colcon_pkg'
[0.744s] Level 1:colcon.colcon_core.package_identification:_identify(aws-robomaker-small-house-world/models/aws_robomaker_residential_PortraitB_03/meshes) by extensions ['colcon_meta']
[0.744s] Level 1:colcon.colcon_core.package_identification:_identify(aws-robomaker-small-house-world/models/aws_robomaker_residential_PortraitB_03/meshes) by extension 'colcon_meta'
[0.744s] Level 1:colcon.colcon_core.package_identification:_identify(aws-robomaker-small-house-world/models/aws_robomaker_residential_PortraitB_03/meshes) by extensions ['ros']
[0.744s] Level 1:colcon.colcon_core.package_identification:_identify(aws-robomaker-small-house-world/models/aws_robomaker_residential_PortraitB_03/meshes) by extension 'ros'
[0.744s] Level 1:colcon.colcon_core.package_identification:_identify(aws-robomaker-small-house-world/models/aws_robomaker_residential_PortraitB_03/meshes) by extensions ['cmake', 'python']
[0.744s] Level 1:colcon.colcon_core.package_identification:_identify(aws-robomaker-small-house-world/models/aws_robomaker_residential_PortraitB_03/meshes) by extension 'cmake'
[0.744s] Level 1:colcon.colcon_core.package_identification:_identify(aws-robomaker-small-house-world/models/aws_robomaker_residential_PortraitB_03/meshes) by extension 'python'
[0.744s] Level 1:colcon.colcon_core.package_identification:_identify(aws-robomaker-small-house-world/models/aws_robomaker_residential_PortraitB_03/meshes) by extensions ['python_setup_py']
[0.744s] Level 1:colcon.colcon_core.package_identification:_identify(aws-robomaker-small-house-world/models/aws_robomaker_residential_PortraitB_03/meshes) by extension 'python_setup_py'
[0.745s] Level 1:colcon.colcon_core.package_identification:_identify(aws-robomaker-small-house-world/models/aws_robomaker_residential_PortraitC_01) by extensions ['ignore', 'ignore_ament_install']
[0.745s] Level 1:colcon.colcon_core.package_identification:_identify(aws-robomaker-small-house-world/models/aws_robomaker_residential_PortraitC_01) by extension 'ignore'
[0.745s] Level 1:colcon.colcon_core.package_identification:_identify(aws-robomaker-small-house-world/models/aws_robomaker_residential_PortraitC_01) by extension 'ignore_ament_install'
[0.745s] Level 1:colcon.colcon_core.package_identification:_identify(aws-robomaker-small-house-world/models/aws_robomaker_residential_PortraitC_01) by extensions ['colcon_pkg']
[0.745s] Level 1:colcon.colcon_core.package_identification:_identify(aws-robomaker-small-house-world/models/aws_robomaker_residential_PortraitC_01) by extension 'colcon_pkg'
[0.745s] Level 1:colcon.colcon_core.package_identification:_identify(aws-robomaker-small-house-world/models/aws_robomaker_residential_PortraitC_01) by extensions ['colcon_meta']
[0.745s] Level 1:colcon.colcon_core.package_identification:_identify(aws-robomaker-small-house-world/models/aws_robomaker_residential_PortraitC_01) by extension 'colcon_meta'
[0.745s] Level 1:colcon.colcon_core.package_identification:_identify(aws-robomaker-small-house-world/models/aws_robomaker_residential_PortraitC_01) by extensions ['ros']
[0.745s] Level 1:colcon.colcon_core.package_identification:_identify(aws-robomaker-small-house-world/models/aws_robomaker_residential_PortraitC_01) by extension 'ros'
[0.745s] Level 1:colcon.colcon_core.package_identification:_identify(aws-robomaker-small-house-world/models/aws_robomaker_residential_PortraitC_01) by extensions ['cmake', 'python']
[0.745s] Level 1:colcon.colcon_core.package_identification:_identify(aws-robomaker-small-house-world/models/aws_robomaker_residential_PortraitC_01) by extension 'cmake'
[0.745s] Level 1:colcon.colcon_core.package_identification:_identify(aws-robomaker-small-house-world/models/aws_robomaker_residential_PortraitC_01) by extension 'python'
[0.745s] Level 1:colcon.colcon_core.package_identification:_identify(aws-robomaker-small-house-world/models/aws_robomaker_residential_PortraitC_01) by extensions ['python_setup_py']
[0.745s] Level 1:colcon.colcon_core.package_identification:_identify(aws-robomaker-small-house-world/models/aws_robomaker_residential_PortraitC_01) by extension 'python_setup_py'
[0.745s] Level 1:colcon.colcon_core.package_identification:_identify(aws-robomaker-small-house-world/models/aws_robomaker_residential_PortraitC_01/materials) by extensions ['ignore', 'ignore_ament_install']
[0.745s] Level 1:colcon.colcon_core.package_identification:_identify(aws-robomaker-small-house-world/models/aws_robomaker_residential_PortraitC_01/materials) by extension 'ignore'
[0.745s] Level 1:colcon.colcon_core.package_identification:_identify(aws-robomaker-small-house-world/models/aws_robomaker_residential_PortraitC_01/materials) by extension 'ignore_ament_install'
[0.745s] Level 1:colcon.colcon_core.package_identification:_identify(aws-robomaker-small-house-world/models/aws_robomaker_residential_PortraitC_01/materials) by extensions ['colcon_pkg']
[0.745s] Level 1:colcon.colcon_core.package_identification:_identify(aws-robomaker-small-house-world/models/aws_robomaker_residential_PortraitC_01/materials) by extension 'colcon_pkg'
[0.745s] Level 1:colcon.colcon_core.package_identification:_identify(aws-robomaker-small-house-world/models/aws_robomaker_residential_PortraitC_01/materials) by extensions ['colcon_meta']
[0.745s] Level 1:colcon.colcon_core.package_identification:_identify(aws-robomaker-small-house-world/models/aws_robomaker_residential_PortraitC_01/materials) by extension 'colcon_meta'
[0.745s] Level 1:colcon.colcon_core.package_identification:_identify(aws-robomaker-small-house-world/models/aws_robomaker_residential_PortraitC_01/materials) by extensions ['ros']
[0.746s] Level 1:colcon.colcon_core.package_identification:_identify(aws-robomaker-small-house-world/models/aws_robomaker_residential_PortraitC_01/materials) by extension 'ros'
[0.746s] Level 1:colcon.colcon_core.package_identification:_identify(aws-robomaker-small-house-world/models/aws_robomaker_residential_PortraitC_01/materials) by extensions ['cmake', 'python']
[0.746s] Level 1:colcon.colcon_core.package_identification:_identify(aws-robomaker-small-house-world/models/aws_robomaker_residential_PortraitC_01/materials) by extension 'cmake'
[0.746s] Level 1:colcon.colcon_core.package_identification:_identify(aws-robomaker-small-house-world/models/aws_robomaker_residential_PortraitC_01/materials) by extension 'python'
[0.746s] Level 1:colcon.colcon_core.package_identification:_identify(aws-robomaker-small-house-world/models/aws_robomaker_residential_PortraitC_01/materials) by extensions ['python_setup_py']
[0.746s] Level 1:colcon.colcon_core.package_identification:_identify(aws-robomaker-small-house-world/models/aws_robomaker_residential_PortraitC_01/materials) by extension 'python_setup_py'
[0.746s] Level 1:colcon.colcon_core.package_identification:_identify(aws-robomaker-small-house-world/models/aws_robomaker_residential_PortraitC_01/materials/textures) by extensions ['ignore', 'ignore_ament_install']
[0.746s] Level 1:colcon.colcon_core.package_identification:_identify(aws-robomaker-small-house-world/models/aws_robomaker_residential_PortraitC_01/materials/textures) by extension 'ignore'
[0.746s] Level 1:colcon.colcon_core.package_identification:_identify(aws-robomaker-small-house-world/models/aws_robomaker_residential_PortraitC_01/materials/textures) by extension 'ignore_ament_install'
[0.746s] Level 1:colcon.colcon_core.package_identification:_identify(aws-robomaker-small-house-world/models/aws_robomaker_residential_PortraitC_01/materials/textures) by extensions ['colcon_pkg']
[0.746s] Level 1:colcon.colcon_core.package_identification:_identify(aws-robomaker-small-house-world/models/aws_robomaker_residential_PortraitC_01/materials/textures) by extension 'colcon_pkg'
[0.746s] Level 1:colcon.colcon_core.package_identification:_identify(aws-robomaker-small-house-world/models/aws_robomaker_residential_PortraitC_01/materials/textures) by extensions ['colcon_meta']
[0.746s] Level 1:colcon.colcon_core.package_identification:_identify(aws-robomaker-small-house-world/models/aws_robomaker_residential_PortraitC_01/materials/textures) by extension 'colcon_meta'
[0.746s] Level 1:colcon.colcon_core.package_identification:_identify(aws-robomaker-small-house-world/models/aws_robomaker_residential_PortraitC_01/materials/textures) by extensions ['ros']
[0.746s] Level 1:colcon.colcon_core.package_identification:_identify(aws-robomaker-small-house-world/models/aws_robomaker_residential_PortraitC_01/materials/textures) by extension 'ros'
[0.746s] Level 1:colcon.colcon_core.package_identification:_identify(aws-robomaker-small-house-world/models/aws_robomaker_residential_PortraitC_01/materials/textures) by extensions ['cmake', 'python']
[0.746s] Level 1:colcon.colcon_core.package_identification:_identify(aws-robomaker-small-house-world/models/aws_robomaker_residential_PortraitC_01/materials/textures) by extension 'cmake'
[0.746s] Level 1:colcon.colcon_core.package_identification:_identify(aws-robomaker-small-house-world/models/aws_robomaker_residential_PortraitC_01/materials/textures) by extension 'python'
[0.746s] Level 1:colcon.colcon_core.package_identification:_identify(aws-robomaker-small-house-world/models/aws_robomaker_residential_PortraitC_01/materials/textures) by extensions ['python_setup_py']
[0.746s] Level 1:colcon.colcon_core.package_identification:_identify(aws-robomaker-small-house-world/models/aws_robomaker_residential_PortraitC_01/materials/textures) by extension 'python_setup_py'
[0.746s] Level 1:colcon.colcon_core.package_identification:_identify(aws-robomaker-small-house-world/models/aws_robomaker_residential_PortraitC_01/meshes) by extensions ['ignore', 'ignore_ament_install']
[0.746s] Level 1:colcon.colcon_core.package_identification:_identify(aws-robomaker-small-house-world/models/aws_robomaker_residential_PortraitC_01/meshes) by extension 'ignore'
[0.747s] Level 1:colcon.colcon_core.package_identification:_identify(aws-robomaker-small-house-world/models/aws_robomaker_residential_PortraitC_01/meshes) by extension 'ignore_ament_install'
[0.747s] Level 1:colcon.colcon_core.package_identification:_identify(aws-robomaker-small-house-world/models/aws_robomaker_residential_PortraitC_01/meshes) by extensions ['colcon_pkg']
[0.747s] Level 1:colcon.colcon_core.package_identification:_identify(aws-robomaker-small-house-world/models/aws_robomaker_residential_PortraitC_01/meshes) by extension 'colcon_pkg'
[0.747s] Level 1:colcon.colcon_core.package_identification:_identify(aws-robomaker-small-house-world/models/aws_robomaker_residential_PortraitC_01/meshes) by extensions ['colcon_meta']
[0.747s] Level 1:colcon.colcon_core.package_identification:_identify(aws-robomaker-small-house-world/models/aws_robomaker_residential_PortraitC_01/meshes) by extension 'colcon_meta'
[0.747s] Level 1:colcon.colcon_core.package_identification:_identify(aws-robomaker-small-house-world/models/aws_robomaker_residential_PortraitC_01/meshes) by extensions ['ros']
[0.747s] Level 1:colcon.colcon_core.package_identification:_identify(aws-robomaker-small-house-world/models/aws_robomaker_residential_PortraitC_01/meshes) by extension 'ros'
[0.747s] Level 1:colcon.colcon_core.package_identification:_identify(aws-robomaker-small-house-world/models/aws_robomaker_residential_PortraitC_01/meshes) by extensions ['cmake', 'python']
[0.747s] Level 1:colcon.colcon_core.package_identification:_identify(aws-robomaker-small-house-world/models/aws_robomaker_residential_PortraitC_01/meshes) by extension 'cmake'
[0.747s] Level 1:colcon.colcon_core.package_identification:_identify(aws-robomaker-small-house-world/models/aws_robomaker_residential_PortraitC_01/meshes) by extension 'python'
[0.747s] Level 1:colcon.colcon_core.package_identification:_identify(aws-robomaker-small-house-world/models/aws_robomaker_residential_PortraitC_01/meshes) by extensions ['python_setup_py']
[0.747s] Level 1:colcon.colcon_core.package_identification:_identify(aws-robomaker-small-house-world/models/aws_robomaker_residential_PortraitC_01/meshes) by extension 'python_setup_py'
[0.747s] Level 1:colcon.colcon_core.package_identification:_identify(aws-robomaker-small-house-world/models/aws_robomaker_residential_PortraitD_01) by extensions ['ignore', 'ignore_ament_install']
[0.747s] Level 1:colcon.colcon_core.package_identification:_identify(aws-robomaker-small-house-world/models/aws_robomaker_residential_PortraitD_01) by extension 'ignore'
[0.747s] Level 1:colcon.colcon_core.package_identification:_identify(aws-robomaker-small-house-world/models/aws_robomaker_residential_PortraitD_01) by extension 'ignore_ament_install'
[0.747s] Level 1:colcon.colcon_core.package_identification:_identify(aws-robomaker-small-house-world/models/aws_robomaker_residential_PortraitD_01) by extensions ['colcon_pkg']
[0.747s] Level 1:colcon.colcon_core.package_identification:_identify(aws-robomaker-small-house-world/models/aws_robomaker_residential_PortraitD_01) by extension 'colcon_pkg'
[0.747s] Level 1:colcon.colcon_core.package_identification:_identify(aws-robomaker-small-house-world/models/aws_robomaker_residential_PortraitD_01) by extensions ['colcon_meta']
[0.747s] Level 1:colcon.colcon_core.package_identification:_identify(aws-robomaker-small-house-world/models/aws_robomaker_residential_PortraitD_01) by extension 'colcon_meta'
[0.747s] Level 1:colcon.colcon_core.package_identification:_identify(aws-robomaker-small-house-world/models/aws_robomaker_residential_PortraitD_01) by extensions ['ros']
[0.747s] Level 1:colcon.colcon_core.package_identification:_identify(aws-robomaker-small-house-world/models/aws_robomaker_residential_PortraitD_01) by extension 'ros'
[0.747s] Level 1:colcon.colcon_core.package_identification:_identify(aws-robomaker-small-house-world/models/aws_robomaker_residential_PortraitD_01) by extensions ['cmake', 'python']
[0.747s] Level 1:colcon.colcon_core.package_identification:_identify(aws-robomaker-small-house-world/models/aws_robomaker_residential_PortraitD_01) by extension 'cmake'
[0.747s] Level 1:colcon.colcon_core.package_identification:_identify(aws-robomaker-small-house-world/models/aws_robomaker_residential_PortraitD_01) by extension 'python'
[0.748s] Level 1:colcon.colcon_core.package_identification:_identify(aws-robomaker-small-house-world/models/aws_robomaker_residential_PortraitD_01) by extensions ['python_setup_py']
[0.748s] Level 1:colcon.colcon_core.package_identification:_identify(aws-robomaker-small-house-world/models/aws_robomaker_residential_PortraitD_01) by extension 'python_setup_py'
[0.748s] Level 1:colcon.colcon_core.package_identification:_identify(aws-robomaker-small-house-world/models/aws_robomaker_residential_PortraitD_01/materials) by extensions ['ignore', 'ignore_ament_install']
[0.748s] Level 1:colcon.colcon_core.package_identification:_identify(aws-robomaker-small-house-world/models/aws_robomaker_residential_PortraitD_01/materials) by extension 'ignore'
[0.748s] Level 1:colcon.colcon_core.package_identification:_identify(aws-robomaker-small-house-world/models/aws_robomaker_residential_PortraitD_01/materials) by extension 'ignore_ament_install'
[0.748s] Level 1:colcon.colcon_core.package_identification:_identify(aws-robomaker-small-house-world/models/aws_robomaker_residential_PortraitD_01/materials) by extensions ['colcon_pkg']
[0.748s] Level 1:colcon.colcon_core.package_identification:_identify(aws-robomaker-small-house-world/models/aws_robomaker_residential_PortraitD_01/materials) by extension 'colcon_pkg'
[0.748s] Level 1:colcon.colcon_core.package_identification:_identify(aws-robomaker-small-house-world/models/aws_robomaker_residential_PortraitD_01/materials) by extensions ['colcon_meta']
[0.748s] Level 1:colcon.colcon_core.package_identification:_identify(aws-robomaker-small-house-world/models/aws_robomaker_residential_PortraitD_01/materials) by extension 'colcon_meta'
[0.748s] Level 1:colcon.colcon_core.package_identification:_identify(aws-robomaker-small-house-world/models/aws_robomaker_residential_PortraitD_01/materials) by extensions ['ros']
[0.748s] Level 1:colcon.colcon_core.package_identification:_identify(aws-robomaker-small-house-world/models/aws_robomaker_residential_PortraitD_01/materials) by extension 'ros'
[0.748s] Level 1:colcon.colcon_core.package_identification:_identify(aws-robomaker-small-house-world/models/aws_robomaker_residential_PortraitD_01/materials) by extensions ['cmake', 'python']
[0.748s] Level 1:colcon.colcon_core.package_identification:_identify(aws-robomaker-small-house-world/models/aws_robomaker_residential_PortraitD_01/materials) by extension 'cmake'
[0.748s] Level 1:colcon.colcon_core.package_identification:_identify(aws-robomaker-small-house-world/models/aws_robomaker_residential_PortraitD_01/materials) by extension 'python'
[0.748s] Level 1:colcon.colcon_core.package_identification:_identify(aws-robomaker-small-house-world/models/aws_robomaker_residential_PortraitD_01/materials) by extensions ['python_setup_py']
[0.748s] Level 1:colcon.colcon_core.package_identification:_identify(aws-robomaker-small-house-world/models/aws_robomaker_residential_PortraitD_01/materials) by extension 'python_setup_py'
[0.748s] Level 1:colcon.colcon_core.package_identification:_identify(aws-robomaker-small-house-world/models/aws_robomaker_residential_PortraitD_01/materials/textures) by extensions ['ignore', 'ignore_ament_install']
[0.748s] Level 1:colcon.colcon_core.package_identification:_identify(aws-robomaker-small-house-world/models/aws_robomaker_residential_PortraitD_01/materials/textures) by extension 'ignore'
[0.748s] Level 1:colcon.colcon_core.package_identification:_identify(aws-robomaker-small-house-world/models/aws_robomaker_residential_PortraitD_01/materials/textures) by extension 'ignore_ament_install'
[0.748s] Level 1:colcon.colcon_core.package_identification:_identify(aws-robomaker-small-house-world/models/aws_robomaker_residential_PortraitD_01/materials/textures) by extensions ['colcon_pkg']
[0.748s] Level 1:colcon.colcon_core.package_identification:_identify(aws-robomaker-small-house-world/models/aws_robomaker_residential_PortraitD_01/materials/textures) by extension 'colcon_pkg'
[0.748s] Level 1:colcon.colcon_core.package_identification:_identify(aws-robomaker-small-house-world/models/aws_robomaker_residential_PortraitD_01/materials/textures) by extensions ['colcon_meta']
[0.748s] Level 1:colcon.colcon_core.package_identification:_identify(aws-robomaker-small-house-world/models/aws_robomaker_residential_PortraitD_01/materials/textures) by extension 'colcon_meta'
[0.749s] Level 1:colcon.colcon_core.package_identification:_identify(aws-robomaker-small-house-world/models/aws_robomaker_residential_PortraitD_01/materials/textures) by extensions ['ros']
[0.749s] Level 1:colcon.colcon_core.package_identification:_identify(aws-robomaker-small-house-world/models/aws_robomaker_residential_PortraitD_01/materials/textures) by extension 'ros'
[0.749s] Level 1:colcon.colcon_core.package_identification:_identify(aws-robomaker-small-house-world/models/aws_robomaker_residential_PortraitD_01/materials/textures) by extensions ['cmake', 'python']
[0.749s] Level 1:colcon.colcon_core.package_identification:_identify(aws-robomaker-small-house-world/models/aws_robomaker_residential_PortraitD_01/materials/textures) by extension 'cmake'
[0.749s] Level 1:colcon.colcon_core.package_identification:_identify(aws-robomaker-small-house-world/models/aws_robomaker_residential_PortraitD_01/materials/textures) by extension 'python'
[0.749s] Level 1:colcon.colcon_core.package_identification:_identify(aws-robomaker-small-house-world/models/aws_robomaker_residential_PortraitD_01/materials/textures) by extensions ['python_setup_py']
[0.749s] Level 1:colcon.colcon_core.package_identification:_identify(aws-robomaker-small-house-world/models/aws_robomaker_residential_PortraitD_01/materials/textures) by extension 'python_setup_py'
[0.749s] Level 1:colcon.colcon_core.package_identification:_identify(aws-robomaker-small-house-world/models/aws_robomaker_residential_PortraitD_01/meshes) by extensions ['ignore', 'ignore_ament_install']
[0.749s] Level 1:colcon.colcon_core.package_identification:_identify(aws-robomaker-small-house-world/models/aws_robomaker_residential_PortraitD_01/meshes) by extension 'ignore'
[0.749s] Level 1:colcon.colcon_core.package_identification:_identify(aws-robomaker-small-house-world/models/aws_robomaker_residential_PortraitD_01/meshes) by extension 'ignore_ament_install'
[0.749s] Level 1:colcon.colcon_core.package_identification:_identify(aws-robomaker-small-house-world/models/aws_robomaker_residential_PortraitD_01/meshes) by extensions ['colcon_pkg']
[0.749s] Level 1:colcon.colcon_core.package_identification:_identify(aws-robomaker-small-house-world/models/aws_robomaker_residential_PortraitD_01/meshes) by extension 'colcon_pkg'
[0.749s] Level 1:colcon.colcon_core.package_identification:_identify(aws-robomaker-small-house-world/models/aws_robomaker_residential_PortraitD_01/meshes) by extensions ['colcon_meta']
[0.749s] Level 1:colcon.colcon_core.package_identification:_identify(aws-robomaker-small-house-world/models/aws_robomaker_residential_PortraitD_01/meshes) by extension 'colcon_meta'
[0.749s] Level 1:colcon.colcon_core.package_identification:_identify(aws-robomaker-small-house-world/models/aws_robomaker_residential_PortraitD_01/meshes) by extensions ['ros']
[0.749s] Level 1:colcon.colcon_core.package_identification:_identify(aws-robomaker-small-house-world/models/aws_robomaker_residential_PortraitD_01/meshes) by extension 'ros'
[0.749s] Level 1:colcon.colcon_core.package_identification:_identify(aws-robomaker-small-house-world/models/aws_robomaker_residential_PortraitD_01/meshes) by extensions ['cmake', 'python']
[0.749s] Level 1:colcon.colcon_core.package_identification:_identify(aws-robomaker-small-house-world/models/aws_robomaker_residential_PortraitD_01/meshes) by extension 'cmake'
[0.749s] Level 1:colcon.colcon_core.package_identification:_identify(aws-robomaker-small-house-world/models/aws_robomaker_residential_PortraitD_01/meshes) by extension 'python'
[0.749s] Level 1:colcon.colcon_core.package_identification:_identify(aws-robomaker-small-house-world/models/aws_robomaker_residential_PortraitD_01/meshes) by extensions ['python_setup_py']
[0.749s] Level 1:colcon.colcon_core.package_identification:_identify(aws-robomaker-small-house-world/models/aws_robomaker_residential_PortraitD_01/meshes) by extension 'python_setup_py'
[0.749s] Level 1:colcon.colcon_core.package_identification:_identify(aws-robomaker-small-house-world/models/aws_robomaker_residential_PortraitD_02) by extensions ['ignore', 'ignore_ament_install']
[0.749s] Level 1:colcon.colcon_core.package_identification:_identify(aws-robomaker-small-house-world/models/aws_robomaker_residential_PortraitD_02) by extension 'ignore'
[0.750s] Level 1:colcon.colcon_core.package_identification:_identify(aws-robomaker-small-house-world/models/aws_robomaker_residential_PortraitD_02) by extension 'ignore_ament_install'
[0.750s] Level 1:colcon.colcon_core.package_identification:_identify(aws-robomaker-small-house-world/models/aws_robomaker_residential_PortraitD_02) by extensions ['colcon_pkg']
[0.750s] Level 1:colcon.colcon_core.package_identification:_identify(aws-robomaker-small-house-world/models/aws_robomaker_residential_PortraitD_02) by extension 'colcon_pkg'
[0.750s] Level 1:colcon.colcon_core.package_identification:_identify(aws-robomaker-small-house-world/models/aws_robomaker_residential_PortraitD_02) by extensions ['colcon_meta']
[0.750s] Level 1:colcon.colcon_core.package_identification:_identify(aws-robomaker-small-house-world/models/aws_robomaker_residential_PortraitD_02) by extension 'colcon_meta'
[0.750s] Level 1:colcon.colcon_core.package_identification:_identify(aws-robomaker-small-house-world/models/aws_robomaker_residential_PortraitD_02) by extensions ['ros']
[0.750s] Level 1:colcon.colcon_core.package_identification:_identify(aws-robomaker-small-house-world/models/aws_robomaker_residential_PortraitD_02) by extension 'ros'
[0.750s] Level 1:colcon.colcon_core.package_identification:_identify(aws-robomaker-small-house-world/models/aws_robomaker_residential_PortraitD_02) by extensions ['cmake', 'python']
[0.750s] Level 1:colcon.colcon_core.package_identification:_identify(aws-robomaker-small-house-world/models/aws_robomaker_residential_PortraitD_02) by extension 'cmake'
[0.750s] Level 1:colcon.colcon_core.package_identification:_identify(aws-robomaker-small-house-world/models/aws_robomaker_residential_PortraitD_02) by extension 'python'
[0.750s] Level 1:colcon.colcon_core.package_identification:_identify(aws-robomaker-small-house-world/models/aws_robomaker_residential_PortraitD_02) by extensions ['python_setup_py']
[0.750s] Level 1:colcon.colcon_core.package_identification:_identify(aws-robomaker-small-house-world/models/aws_robomaker_residential_PortraitD_02) by extension 'python_setup_py'
[0.750s] Level 1:colcon.colcon_core.package_identification:_identify(aws-robomaker-small-house-world/models/aws_robomaker_residential_PortraitD_02/materials) by extensions ['ignore', 'ignore_ament_install']
[0.750s] Level 1:colcon.colcon_core.package_identification:_identify(aws-robomaker-small-house-world/models/aws_robomaker_residential_PortraitD_02/materials) by extension 'ignore'
[0.750s] Level 1:colcon.colcon_core.package_identification:_identify(aws-robomaker-small-house-world/models/aws_robomaker_residential_PortraitD_02/materials) by extension 'ignore_ament_install'
[0.750s] Level 1:colcon.colcon_core.package_identification:_identify(aws-robomaker-small-house-world/models/aws_robomaker_residential_PortraitD_02/materials) by extensions ['colcon_pkg']
[0.750s] Level 1:colcon.colcon_core.package_identification:_identify(aws-robomaker-small-house-world/models/aws_robomaker_residential_PortraitD_02/materials) by extension 'colcon_pkg'
[0.750s] Level 1:colcon.colcon_core.package_identification:_identify(aws-robomaker-small-house-world/models/aws_robomaker_residential_PortraitD_02/materials) by extensions ['colcon_meta']
[0.750s] Level 1:colcon.colcon_core.package_identification:_identify(aws-robomaker-small-house-world/models/aws_robomaker_residential_PortraitD_02/materials) by extension 'colcon_meta'
[0.750s] Level 1:colcon.colcon_core.package_identification:_identify(aws-robomaker-small-house-world/models/aws_robomaker_residential_PortraitD_02/materials) by extensions ['ros']
[0.751s] Level 1:colcon.colcon_core.package_identification:_identify(aws-robomaker-small-house-world/models/aws_robomaker_residential_PortraitD_02/materials) by extension 'ros'
[0.751s] Level 1:colcon.colcon_core.package_identification:_identify(aws-robomaker-small-house-world/models/aws_robomaker_residential_PortraitD_02/materials) by extensions ['cmake', 'python']
[0.751s] Level 1:colcon.colcon_core.package_identification:_identify(aws-robomaker-small-house-world/models/aws_robomaker_residential_PortraitD_02/materials) by extension 'cmake'
[0.751s] Level 1:colcon.colcon_core.package_identification:_identify(aws-robomaker-small-house-world/models/aws_robomaker_residential_PortraitD_02/materials) by extension 'python'
[0.751s] Level 1:colcon.colcon_core.package_identification:_identify(aws-robomaker-small-house-world/models/aws_robomaker_residential_PortraitD_02/materials) by extensions ['python_setup_py']
[0.751s] Level 1:colcon.colcon_core.package_identification:_identify(aws-robomaker-small-house-world/models/aws_robomaker_residential_PortraitD_02/materials) by extension 'python_setup_py'
[0.751s] Level 1:colcon.colcon_core.package_identification:_identify(aws-robomaker-small-house-world/models/aws_robomaker_residential_PortraitD_02/materials/textures) by extensions ['ignore', 'ignore_ament_install']
[0.751s] Level 1:colcon.colcon_core.package_identification:_identify(aws-robomaker-small-house-world/models/aws_robomaker_residential_PortraitD_02/materials/textures) by extension 'ignore'
[0.751s] Level 1:colcon.colcon_core.package_identification:_identify(aws-robomaker-small-house-world/models/aws_robomaker_residential_PortraitD_02/materials/textures) by extension 'ignore_ament_install'
[0.751s] Level 1:colcon.colcon_core.package_identification:_identify(aws-robomaker-small-house-world/models/aws_robomaker_residential_PortraitD_02/materials/textures) by extensions ['colcon_pkg']
[0.751s] Level 1:colcon.colcon_core.package_identification:_identify(aws-robomaker-small-house-world/models/aws_robomaker_residential_PortraitD_02/materials/textures) by extension 'colcon_pkg'
[0.751s] Level 1:colcon.colcon_core.package_identification:_identify(aws-robomaker-small-house-world/models/aws_robomaker_residential_PortraitD_02/materials/textures) by extensions ['colcon_meta']
[0.751s] Level 1:colcon.colcon_core.package_identification:_identify(aws-robomaker-small-house-world/models/aws_robomaker_residential_PortraitD_02/materials/textures) by extension 'colcon_meta'
[0.751s] Level 1:colcon.colcon_core.package_identification:_identify(aws-robomaker-small-house-world/models/aws_robomaker_residential_PortraitD_02/materials/textures) by extensions ['ros']
[0.751s] Level 1:colcon.colcon_core.package_identification:_identify(aws-robomaker-small-house-world/models/aws_robomaker_residential_PortraitD_02/materials/textures) by extension 'ros'
[0.751s] Level 1:colcon.colcon_core.package_identification:_identify(aws-robomaker-small-house-world/models/aws_robomaker_residential_PortraitD_02/materials/textures) by extensions ['cmake', 'python']
[0.751s] Level 1:colcon.colcon_core.package_identification:_identify(aws-robomaker-small-house-world/models/aws_robomaker_residential_PortraitD_02/materials/textures) by extension 'cmake'
[0.751s] Level 1:colcon.colcon_core.package_identification:_identify(aws-robomaker-small-house-world/models/aws_robomaker_residential_PortraitD_02/materials/textures) by extension 'python'
[0.751s] Level 1:colcon.colcon_core.package_identification:_identify(aws-robomaker-small-house-world/models/aws_robomaker_residential_PortraitD_02/materials/textures) by extensions ['python_setup_py']
[0.751s] Level 1:colcon.colcon_core.package_identification:_identify(aws-robomaker-small-house-world/models/aws_robomaker_residential_PortraitD_02/materials/textures) by extension 'python_setup_py'
[0.752s] Level 1:colcon.colcon_core.package_identification:_identify(aws-robomaker-small-house-world/models/aws_robomaker_residential_PortraitD_02/meshes) by extensions ['ignore', 'ignore_ament_install']
[0.752s] Level 1:colcon.colcon_core.package_identification:_identify(aws-robomaker-small-house-world/models/aws_robomaker_residential_PortraitD_02/meshes) by extension 'ignore'
[0.752s] Level 1:colcon.colcon_core.package_identification:_identify(aws-robomaker-small-house-world/models/aws_robomaker_residential_PortraitD_02/meshes) by extension 'ignore_ament_install'
[0.752s] Level 1:colcon.colcon_core.package_identification:_identify(aws-robomaker-small-house-world/models/aws_robomaker_residential_PortraitD_02/meshes) by extensions ['colcon_pkg']
[0.752s] Level 1:colcon.colcon_core.package_identification:_identify(aws-robomaker-small-house-world/models/aws_robomaker_residential_PortraitD_02/meshes) by extension 'colcon_pkg'
[0.752s] Level 1:colcon.colcon_core.package_identification:_identify(aws-robomaker-small-house-world/models/aws_robomaker_residential_PortraitD_02/meshes) by extensions ['colcon_meta']
[0.752s] Level 1:colcon.colcon_core.package_identification:_identify(aws-robomaker-small-house-world/models/aws_robomaker_residential_PortraitD_02/meshes) by extension 'colcon_meta'
[0.752s] Level 1:colcon.colcon_core.package_identification:_identify(aws-robomaker-small-house-world/models/aws_robomaker_residential_PortraitD_02/meshes) by extensions ['ros']
[0.752s] Level 1:colcon.colcon_core.package_identification:_identify(aws-robomaker-small-house-world/models/aws_robomaker_residential_PortraitD_02/meshes) by extension 'ros'
[0.752s] Level 1:colcon.colcon_core.package_identification:_identify(aws-robomaker-small-house-world/models/aws_robomaker_residential_PortraitD_02/meshes) by extensions ['cmake', 'python']
[0.752s] Level 1:colcon.colcon_core.package_identification:_identify(aws-robomaker-small-house-world/models/aws_robomaker_residential_PortraitD_02/meshes) by extension 'cmake'
[0.752s] Level 1:colcon.colcon_core.package_identification:_identify(aws-robomaker-small-house-world/models/aws_robomaker_residential_PortraitD_02/meshes) by extension 'python'
[0.752s] Level 1:colcon.colcon_core.package_identification:_identify(aws-robomaker-small-house-world/models/aws_robomaker_residential_PortraitD_02/meshes) by extensions ['python_setup_py']
[0.752s] Level 1:colcon.colcon_core.package_identification:_identify(aws-robomaker-small-house-world/models/aws_robomaker_residential_PortraitD_02/meshes) by extension 'python_setup_py'
[0.752s] Level 1:colcon.colcon_core.package_identification:_identify(aws-robomaker-small-house-world/models/aws_robomaker_residential_PortraitE_01) by extensions ['ignore', 'ignore_ament_install']
[0.752s] Level 1:colcon.colcon_core.package_identification:_identify(aws-robomaker-small-house-world/models/aws_robomaker_residential_PortraitE_01) by extension 'ignore'
[0.752s] Level 1:colcon.colcon_core.package_identification:_identify(aws-robomaker-small-house-world/models/aws_robomaker_residential_PortraitE_01) by extension 'ignore_ament_install'
[0.752s] Level 1:colcon.colcon_core.package_identification:_identify(aws-robomaker-small-house-world/models/aws_robomaker_residential_PortraitE_01) by extensions ['colcon_pkg']
[0.752s] Level 1:colcon.colcon_core.package_identification:_identify(aws-robomaker-small-house-world/models/aws_robomaker_residential_PortraitE_01) by extension 'colcon_pkg'
[0.752s] Level 1:colcon.colcon_core.package_identification:_identify(aws-robomaker-small-house-world/models/aws_robomaker_residential_PortraitE_01) by extensions ['colcon_meta']
[0.752s] Level 1:colcon.colcon_core.package_identification:_identify(aws-robomaker-small-house-world/models/aws_robomaker_residential_PortraitE_01) by extension 'colcon_meta'
[0.752s] Level 1:colcon.colcon_core.package_identification:_identify(aws-robomaker-small-house-world/models/aws_robomaker_residential_PortraitE_01) by extensions ['ros']
[0.752s] Level 1:colcon.colcon_core.package_identification:_identify(aws-robomaker-small-house-world/models/aws_robomaker_residential_PortraitE_01) by extension 'ros'
[0.752s] Level 1:colcon.colcon_core.package_identification:_identify(aws-robomaker-small-house-world/models/aws_robomaker_residential_PortraitE_01) by extensions ['cmake', 'python']
[0.753s] Level 1:colcon.colcon_core.package_identification:_identify(aws-robomaker-small-house-world/models/aws_robomaker_residential_PortraitE_01) by extension 'cmake'
[0.753s] Level 1:colcon.colcon_core.package_identification:_identify(aws-robomaker-small-house-world/models/aws_robomaker_residential_PortraitE_01) by extension 'python'
[0.753s] Level 1:colcon.colcon_core.package_identification:_identify(aws-robomaker-small-house-world/models/aws_robomaker_residential_PortraitE_01) by extensions ['python_setup_py']
[0.753s] Level 1:colcon.colcon_core.package_identification:_identify(aws-robomaker-small-house-world/models/aws_robomaker_residential_PortraitE_01) by extension 'python_setup_py'
[0.753s] Level 1:colcon.colcon_core.package_identification:_identify(aws-robomaker-small-house-world/models/aws_robomaker_residential_PortraitE_01/materials) by extensions ['ignore', 'ignore_ament_install']
[0.753s] Level 1:colcon.colcon_core.package_identification:_identify(aws-robomaker-small-house-world/models/aws_robomaker_residential_PortraitE_01/materials) by extension 'ignore'
[0.753s] Level 1:colcon.colcon_core.package_identification:_identify(aws-robomaker-small-house-world/models/aws_robomaker_residential_PortraitE_01/materials) by extension 'ignore_ament_install'
[0.753s] Level 1:colcon.colcon_core.package_identification:_identify(aws-robomaker-small-house-world/models/aws_robomaker_residential_PortraitE_01/materials) by extensions ['colcon_pkg']
[0.753s] Level 1:colcon.colcon_core.package_identification:_identify(aws-robomaker-small-house-world/models/aws_robomaker_residential_PortraitE_01/materials) by extension 'colcon_pkg'
[0.753s] Level 1:colcon.colcon_core.package_identification:_identify(aws-robomaker-small-house-world/models/aws_robomaker_residential_PortraitE_01/materials) by extensions ['colcon_meta']
[0.753s] Level 1:colcon.colcon_core.package_identification:_identify(aws-robomaker-small-house-world/models/aws_robomaker_residential_PortraitE_01/materials) by extension 'colcon_meta'
[0.753s] Level 1:colcon.colcon_core.package_identification:_identify(aws-robomaker-small-house-world/models/aws_robomaker_residential_PortraitE_01/materials) by extensions ['ros']
[0.753s] Level 1:colcon.colcon_core.package_identification:_identify(aws-robomaker-small-house-world/models/aws_robomaker_residential_PortraitE_01/materials) by extension 'ros'
[0.753s] Level 1:colcon.colcon_core.package_identification:_identify(aws-robomaker-small-house-world/models/aws_robomaker_residential_PortraitE_01/materials) by extensions ['cmake', 'python']
[0.753s] Level 1:colcon.colcon_core.package_identification:_identify(aws-robomaker-small-house-world/models/aws_robomaker_residential_PortraitE_01/materials) by extension 'cmake'
[0.753s] Level 1:colcon.colcon_core.package_identification:_identify(aws-robomaker-small-house-world/models/aws_robomaker_residential_PortraitE_01/materials) by extension 'python'
[0.753s] Level 1:colcon.colcon_core.package_identification:_identify(aws-robomaker-small-house-world/models/aws_robomaker_residential_PortraitE_01/materials) by extensions ['python_setup_py']
[0.753s] Level 1:colcon.colcon_core.package_identification:_identify(aws-robomaker-small-house-world/models/aws_robomaker_residential_PortraitE_01/materials) by extension 'python_setup_py'
[0.753s] Level 1:colcon.colcon_core.package_identification:_identify(aws-robomaker-small-house-world/models/aws_robomaker_residential_PortraitE_01/materials/textures) by extensions ['ignore', 'ignore_ament_install']
[0.753s] Level 1:colcon.colcon_core.package_identification:_identify(aws-robomaker-small-house-world/models/aws_robomaker_residential_PortraitE_01/materials/textures) by extension 'ignore'
[0.753s] Level 1:colcon.colcon_core.package_identification:_identify(aws-robomaker-small-house-world/models/aws_robomaker_residential_PortraitE_01/materials/textures) by extension 'ignore_ament_install'
[0.754s] Level 1:colcon.colcon_core.package_identification:_identify(aws-robomaker-small-house-world/models/aws_robomaker_residential_PortraitE_01/materials/textures) by extensions ['colcon_pkg']
[0.754s] Level 1:colcon.colcon_core.package_identification:_identify(aws-robomaker-small-house-world/models/aws_robomaker_residential_PortraitE_01/materials/textures) by extension 'colcon_pkg'
[0.754s] Level 1:colcon.colcon_core.package_identification:_identify(aws-robomaker-small-house-world/models/aws_robomaker_residential_PortraitE_01/materials/textures) by extensions ['colcon_meta']
[0.754s] Level 1:colcon.colcon_core.package_identification:_identify(aws-robomaker-small-house-world/models/aws_robomaker_residential_PortraitE_01/materials/textures) by extension 'colcon_meta'
[0.754s] Level 1:colcon.colcon_core.package_identification:_identify(aws-robomaker-small-house-world/models/aws_robomaker_residential_PortraitE_01/materials/textures) by extensions ['ros']
[0.754s] Level 1:colcon.colcon_core.package_identification:_identify(aws-robomaker-small-house-world/models/aws_robomaker_residential_PortraitE_01/materials/textures) by extension 'ros'
[0.754s] Level 1:colcon.colcon_core.package_identification:_identify(aws-robomaker-small-house-world/models/aws_robomaker_residential_PortraitE_01/materials/textures) by extensions ['cmake', 'python']
[0.754s] Level 1:colcon.colcon_core.package_identification:_identify(aws-robomaker-small-house-world/models/aws_robomaker_residential_PortraitE_01/materials/textures) by extension 'cmake'
[0.754s] Level 1:colcon.colcon_core.package_identification:_identify(aws-robomaker-small-house-world/models/aws_robomaker_residential_PortraitE_01/materials/textures) by extension 'python'
[0.754s] Level 1:colcon.colcon_core.package_identification:_identify(aws-robomaker-small-house-world/models/aws_robomaker_residential_PortraitE_01/materials/textures) by extensions ['python_setup_py']
[0.754s] Level 1:colcon.colcon_core.package_identification:_identify(aws-robomaker-small-house-world/models/aws_robomaker_residential_PortraitE_01/materials/textures) by extension 'python_setup_py'
[0.754s] Level 1:colcon.colcon_core.package_identification:_identify(aws-robomaker-small-house-world/models/aws_robomaker_residential_PortraitE_01/meshes) by extensions ['ignore', 'ignore_ament_install']
[0.754s] Level 1:colcon.colcon_core.package_identification:_identify(aws-robomaker-small-house-world/models/aws_robomaker_residential_PortraitE_01/meshes) by extension 'ignore'
[0.754s] Level 1:colcon.colcon_core.package_identification:_identify(aws-robomaker-small-house-world/models/aws_robomaker_residential_PortraitE_01/meshes) by extension 'ignore_ament_install'
[0.754s] Level 1:colcon.colcon_core.package_identification:_identify(aws-robomaker-small-house-world/models/aws_robomaker_residential_PortraitE_01/meshes) by extensions ['colcon_pkg']
[0.754s] Level 1:colcon.colcon_core.package_identification:_identify(aws-robomaker-small-house-world/models/aws_robomaker_residential_PortraitE_01/meshes) by extension 'colcon_pkg'
[0.754s] Level 1:colcon.colcon_core.package_identification:_identify(aws-robomaker-small-house-world/models/aws_robomaker_residential_PortraitE_01/meshes) by extensions ['colcon_meta']
[0.754s] Level 1:colcon.colcon_core.package_identification:_identify(aws-robomaker-small-house-world/models/aws_robomaker_residential_PortraitE_01/meshes) by extension 'colcon_meta'
[0.754s] Level 1:colcon.colcon_core.package_identification:_identify(aws-robomaker-small-house-world/models/aws_robomaker_residential_PortraitE_01/meshes) by extensions ['ros']
[0.754s] Level 1:colcon.colcon_core.package_identification:_identify(aws-robomaker-small-house-world/models/aws_robomaker_residential_PortraitE_01/meshes) by extension 'ros'
[0.754s] Level 1:colcon.colcon_core.package_identification:_identify(aws-robomaker-small-house-world/models/aws_robomaker_residential_PortraitE_01/meshes) by extensions ['cmake', 'python']
[0.754s] Level 1:colcon.colcon_core.package_identification:_identify(aws-robomaker-small-house-world/models/aws_robomaker_residential_PortraitE_01/meshes) by extension 'cmake'
[0.754s] Level 1:colcon.colcon_core.package_identification:_identify(aws-robomaker-small-house-world/models/aws_robomaker_residential_PortraitE_01/meshes) by extension 'python'
[0.754s] Level 1:colcon.colcon_core.package_identification:_identify(aws-robomaker-small-house-world/models/aws_robomaker_residential_PortraitE_01/meshes) by extensions ['python_setup_py']
[0.754s] Level 1:colcon.colcon_core.package_identification:_identify(aws-robomaker-small-house-world/models/aws_robomaker_residential_PortraitE_01/meshes) by extension 'python_setup_py'
[0.755s] Level 1:colcon.colcon_core.package_identification:_identify(aws-robomaker-small-house-world/models/aws_robomaker_residential_PortraitE_02) by extensions ['ignore', 'ignore_ament_install']
[0.755s] Level 1:colcon.colcon_core.package_identification:_identify(aws-robomaker-small-house-world/models/aws_robomaker_residential_PortraitE_02) by extension 'ignore'
[0.755s] Level 1:colcon.colcon_core.package_identification:_identify(aws-robomaker-small-house-world/models/aws_robomaker_residential_PortraitE_02) by extension 'ignore_ament_install'
[0.755s] Level 1:colcon.colcon_core.package_identification:_identify(aws-robomaker-small-house-world/models/aws_robomaker_residential_PortraitE_02) by extensions ['colcon_pkg']
[0.755s] Level 1:colcon.colcon_core.package_identification:_identify(aws-robomaker-small-house-world/models/aws_robomaker_residential_PortraitE_02) by extension 'colcon_pkg'
[0.755s] Level 1:colcon.colcon_core.package_identification:_identify(aws-robomaker-small-house-world/models/aws_robomaker_residential_PortraitE_02) by extensions ['colcon_meta']
[0.755s] Level 1:colcon.colcon_core.package_identification:_identify(aws-robomaker-small-house-world/models/aws_robomaker_residential_PortraitE_02) by extension 'colcon_meta'
[0.755s] Level 1:colcon.colcon_core.package_identification:_identify(aws-robomaker-small-house-world/models/aws_robomaker_residential_PortraitE_02) by extensions ['ros']
[0.755s] Level 1:colcon.colcon_core.package_identification:_identify(aws-robomaker-small-house-world/models/aws_robomaker_residential_PortraitE_02) by extension 'ros'
[0.755s] Level 1:colcon.colcon_core.package_identification:_identify(aws-robomaker-small-house-world/models/aws_robomaker_residential_PortraitE_02) by extensions ['cmake', 'python']
[0.755s] Level 1:colcon.colcon_core.package_identification:_identify(aws-robomaker-small-house-world/models/aws_robomaker_residential_PortraitE_02) by extension 'cmake'
[0.755s] Level 1:colcon.colcon_core.package_identification:_identify(aws-robomaker-small-house-world/models/aws_robomaker_residential_PortraitE_02) by extension 'python'
[0.755s] Level 1:colcon.colcon_core.package_identification:_identify(aws-robomaker-small-house-world/models/aws_robomaker_residential_PortraitE_02) by extensions ['python_setup_py']
[0.755s] Level 1:colcon.colcon_core.package_identification:_identify(aws-robomaker-small-house-world/models/aws_robomaker_residential_PortraitE_02) by extension 'python_setup_py'
[0.755s] Level 1:colcon.colcon_core.package_identification:_identify(aws-robomaker-small-house-world/models/aws_robomaker_residential_PortraitE_02/materials) by extensions ['ignore', 'ignore_ament_install']
[0.755s] Level 1:colcon.colcon_core.package_identification:_identify(aws-robomaker-small-house-world/models/aws_robomaker_residential_PortraitE_02/materials) by extension 'ignore'
[0.755s] Level 1:colcon.colcon_core.package_identification:_identify(aws-robomaker-small-house-world/models/aws_robomaker_residential_PortraitE_02/materials) by extension 'ignore_ament_install'
[0.755s] Level 1:colcon.colcon_core.package_identification:_identify(aws-robomaker-small-house-world/models/aws_robomaker_residential_PortraitE_02/materials) by extensions ['colcon_pkg']
[0.755s] Level 1:colcon.colcon_core.package_identification:_identify(aws-robomaker-small-house-world/models/aws_robomaker_residential_PortraitE_02/materials) by extension 'colcon_pkg'
[0.755s] Level 1:colcon.colcon_core.package_identification:_identify(aws-robomaker-small-house-world/models/aws_robomaker_residential_PortraitE_02/materials) by extensions ['colcon_meta']
[0.755s] Level 1:colcon.colcon_core.package_identification:_identify(aws-robomaker-small-house-world/models/aws_robomaker_residential_PortraitE_02/materials) by extension 'colcon_meta'
[0.755s] Level 1:colcon.colcon_core.package_identification:_identify(aws-robomaker-small-house-world/models/aws_robomaker_residential_PortraitE_02/materials) by extensions ['ros']
[0.755s] Level 1:colcon.colcon_core.package_identification:_identify(aws-robomaker-small-house-world/models/aws_robomaker_residential_PortraitE_02/materials) by extension 'ros'
[0.756s] Level 1:colcon.colcon_core.package_identification:_identify(aws-robomaker-small-house-world/models/aws_robomaker_residential_PortraitE_02/materials) by extensions ['cmake', 'python']
[0.756s] Level 1:colcon.colcon_core.package_identification:_identify(aws-robomaker-small-house-world/models/aws_robomaker_residential_PortraitE_02/materials) by extension 'cmake'
[0.756s] Level 1:colcon.colcon_core.package_identification:_identify(aws-robomaker-small-house-world/models/aws_robomaker_residential_PortraitE_02/materials) by extension 'python'
[0.756s] Level 1:colcon.colcon_core.package_identification:_identify(aws-robomaker-small-house-world/models/aws_robomaker_residential_PortraitE_02/materials) by extensions ['python_setup_py']
[0.756s] Level 1:colcon.colcon_core.package_identification:_identify(aws-robomaker-small-house-world/models/aws_robomaker_residential_PortraitE_02/materials) by extension 'python_setup_py'
[0.756s] Level 1:colcon.colcon_core.package_identification:_identify(aws-robomaker-small-house-world/models/aws_robomaker_residential_PortraitE_02/materials/textures) by extensions ['ignore', 'ignore_ament_install']
[0.756s] Level 1:colcon.colcon_core.package_identification:_identify(aws-robomaker-small-house-world/models/aws_robomaker_residential_PortraitE_02/materials/textures) by extension 'ignore'
[0.756s] Level 1:colcon.colcon_core.package_identification:_identify(aws-robomaker-small-house-world/models/aws_robomaker_residential_PortraitE_02/materials/textures) by extension 'ignore_ament_install'
[0.756s] Level 1:colcon.colcon_core.package_identification:_identify(aws-robomaker-small-house-world/models/aws_robomaker_residential_PortraitE_02/materials/textures) by extensions ['colcon_pkg']
[0.756s] Level 1:colcon.colcon_core.package_identification:_identify(aws-robomaker-small-house-world/models/aws_robomaker_residential_PortraitE_02/materials/textures) by extension 'colcon_pkg'
[0.756s] Level 1:colcon.colcon_core.package_identification:_identify(aws-robomaker-small-house-world/models/aws_robomaker_residential_PortraitE_02/materials/textures) by extensions ['colcon_meta']
[0.756s] Level 1:colcon.colcon_core.package_identification:_identify(aws-robomaker-small-house-world/models/aws_robomaker_residential_PortraitE_02/materials/textures) by extension 'colcon_meta'
[0.756s] Level 1:colcon.colcon_core.package_identification:_identify(aws-robomaker-small-house-world/models/aws_robomaker_residential_PortraitE_02/materials/textures) by extensions ['ros']
[0.756s] Level 1:colcon.colcon_core.package_identification:_identify(aws-robomaker-small-house-world/models/aws_robomaker_residential_PortraitE_02/materials/textures) by extension 'ros'
[0.756s] Level 1:colcon.colcon_core.package_identification:_identify(aws-robomaker-small-house-world/models/aws_robomaker_residential_PortraitE_02/materials/textures) by extensions ['cmake', 'python']
[0.756s] Level 1:colcon.colcon_core.package_identification:_identify(aws-robomaker-small-house-world/models/aws_robomaker_residential_PortraitE_02/materials/textures) by extension 'cmake'
[0.756s] Level 1:colcon.colcon_core.package_identification:_identify(aws-robomaker-small-house-world/models/aws_robomaker_residential_PortraitE_02/materials/textures) by extension 'python'
[0.756s] Level 1:colcon.colcon_core.package_identification:_identify(aws-robomaker-small-house-world/models/aws_robomaker_residential_PortraitE_02/materials/textures) by extensions ['python_setup_py']
[0.756s] Level 1:colcon.colcon_core.package_identification:_identify(aws-robomaker-small-house-world/models/aws_robomaker_residential_PortraitE_02/materials/textures) by extension 'python_setup_py'
[0.756s] Level 1:colcon.colcon_core.package_identification:_identify(aws-robomaker-small-house-world/models/aws_robomaker_residential_PortraitE_02/meshes) by extensions ['ignore', 'ignore_ament_install']
[0.756s] Level 1:colcon.colcon_core.package_identification:_identify(aws-robomaker-small-house-world/models/aws_robomaker_residential_PortraitE_02/meshes) by extension 'ignore'
[0.756s] Level 1:colcon.colcon_core.package_identification:_identify(aws-robomaker-small-house-world/models/aws_robomaker_residential_PortraitE_02/meshes) by extension 'ignore_ament_install'
[0.757s] Level 1:colcon.colcon_core.package_identification:_identify(aws-robomaker-small-house-world/models/aws_robomaker_residential_PortraitE_02/meshes) by extensions ['colcon_pkg']
[0.757s] Level 1:colcon.colcon_core.package_identification:_identify(aws-robomaker-small-house-world/models/aws_robomaker_residential_PortraitE_02/meshes) by extension 'colcon_pkg'
[0.757s] Level 1:colcon.colcon_core.package_identification:_identify(aws-robomaker-small-house-world/models/aws_robomaker_residential_PortraitE_02/meshes) by extensions ['colcon_meta']
[0.757s] Level 1:colcon.colcon_core.package_identification:_identify(aws-robomaker-small-house-world/models/aws_robomaker_residential_PortraitE_02/meshes) by extension 'colcon_meta'
[0.757s] Level 1:colcon.colcon_core.package_identification:_identify(aws-robomaker-small-house-world/models/aws_robomaker_residential_PortraitE_02/meshes) by extensions ['ros']
[0.757s] Level 1:colcon.colcon_core.package_identification:_identify(aws-robomaker-small-house-world/models/aws_robomaker_residential_PortraitE_02/meshes) by extension 'ros'
[0.757s] Level 1:colcon.colcon_core.package_identification:_identify(aws-robomaker-small-house-world/models/aws_robomaker_residential_PortraitE_02/meshes) by extensions ['cmake', 'python']
[0.757s] Level 1:colcon.colcon_core.package_identification:_identify(aws-robomaker-small-house-world/models/aws_robomaker_residential_PortraitE_02/meshes) by extension 'cmake'
[0.757s] Level 1:colcon.colcon_core.package_identification:_identify(aws-robomaker-small-house-world/models/aws_robomaker_residential_PortraitE_02/meshes) by extension 'python'
[0.757s] Level 1:colcon.colcon_core.package_identification:_identify(aws-robomaker-small-house-world/models/aws_robomaker_residential_PortraitE_02/meshes) by extensions ['python_setup_py']
[0.757s] Level 1:colcon.colcon_core.package_identification:_identify(aws-robomaker-small-house-world/models/aws_robomaker_residential_PortraitE_02/meshes) by extension 'python_setup_py'
[0.757s] Level 1:colcon.colcon_core.package_identification:_identify(aws-robomaker-small-house-world/models/aws_robomaker_residential_Quilt_01) by extensions ['ignore', 'ignore_ament_install']
[0.757s] Level 1:colcon.colcon_core.package_identification:_identify(aws-robomaker-small-house-world/models/aws_robomaker_residential_Quilt_01) by extension 'ignore'
[0.757s] Level 1:colcon.colcon_core.package_identification:_identify(aws-robomaker-small-house-world/models/aws_robomaker_residential_Quilt_01) by extension 'ignore_ament_install'
[0.757s] Level 1:colcon.colcon_core.package_identification:_identify(aws-robomaker-small-house-world/models/aws_robomaker_residential_Quilt_01) by extensions ['colcon_pkg']
[0.757s] Level 1:colcon.colcon_core.package_identification:_identify(aws-robomaker-small-house-world/models/aws_robomaker_residential_Quilt_01) by extension 'colcon_pkg'
[0.757s] Level 1:colcon.colcon_core.package_identification:_identify(aws-robomaker-small-house-world/models/aws_robomaker_residential_Quilt_01) by extensions ['colcon_meta']
[0.757s] Level 1:colcon.colcon_core.package_identification:_identify(aws-robomaker-small-house-world/models/aws_robomaker_residential_Quilt_01) by extension 'colcon_meta'
[0.757s] Level 1:colcon.colcon_core.package_identification:_identify(aws-robomaker-small-house-world/models/aws_robomaker_residential_Quilt_01) by extensions ['ros']
[0.757s] Level 1:colcon.colcon_core.package_identification:_identify(aws-robomaker-small-house-world/models/aws_robomaker_residential_Quilt_01) by extension 'ros'
[0.757s] Level 1:colcon.colcon_core.package_identification:_identify(aws-robomaker-small-house-world/models/aws_robomaker_residential_Quilt_01) by extensions ['cmake', 'python']
[0.757s] Level 1:colcon.colcon_core.package_identification:_identify(aws-robomaker-small-house-world/models/aws_robomaker_residential_Quilt_01) by extension 'cmake'
[0.757s] Level 1:colcon.colcon_core.package_identification:_identify(aws-robomaker-small-house-world/models/aws_robomaker_residential_Quilt_01) by extension 'python'
[0.757s] Level 1:colcon.colcon_core.package_identification:_identify(aws-robomaker-small-house-world/models/aws_robomaker_residential_Quilt_01) by extensions ['python_setup_py']
[0.757s] Level 1:colcon.colcon_core.package_identification:_identify(aws-robomaker-small-house-world/models/aws_robomaker_residential_Quilt_01) by extension 'python_setup_py'
[0.758s] Level 1:colcon.colcon_core.package_identification:_identify(aws-robomaker-small-house-world/models/aws_robomaker_residential_Quilt_01/materials) by extensions ['ignore', 'ignore_ament_install']
[0.758s] Level 1:colcon.colcon_core.package_identification:_identify(aws-robomaker-small-house-world/models/aws_robomaker_residential_Quilt_01/materials) by extension 'ignore'
[0.758s] Level 1:colcon.colcon_core.package_identification:_identify(aws-robomaker-small-house-world/models/aws_robomaker_residential_Quilt_01/materials) by extension 'ignore_ament_install'
[0.758s] Level 1:colcon.colcon_core.package_identification:_identify(aws-robomaker-small-house-world/models/aws_robomaker_residential_Quilt_01/materials) by extensions ['colcon_pkg']
[0.758s] Level 1:colcon.colcon_core.package_identification:_identify(aws-robomaker-small-house-world/models/aws_robomaker_residential_Quilt_01/materials) by extension 'colcon_pkg'
[0.758s] Level 1:colcon.colcon_core.package_identification:_identify(aws-robomaker-small-house-world/models/aws_robomaker_residential_Quilt_01/materials) by extensions ['colcon_meta']
[0.758s] Level 1:colcon.colcon_core.package_identification:_identify(aws-robomaker-small-house-world/models/aws_robomaker_residential_Quilt_01/materials) by extension 'colcon_meta'
[0.758s] Level 1:colcon.colcon_core.package_identification:_identify(aws-robomaker-small-house-world/models/aws_robomaker_residential_Quilt_01/materials) by extensions ['ros']
[0.758s] Level 1:colcon.colcon_core.package_identification:_identify(aws-robomaker-small-house-world/models/aws_robomaker_residential_Quilt_01/materials) by extension 'ros'
[0.758s] Level 1:colcon.colcon_core.package_identification:_identify(aws-robomaker-small-house-world/models/aws_robomaker_residential_Quilt_01/materials) by extensions ['cmake', 'python']
[0.758s] Level 1:colcon.colcon_core.package_identification:_identify(aws-robomaker-small-house-world/models/aws_robomaker_residential_Quilt_01/materials) by extension 'cmake'
[0.758s] Level 1:colcon.colcon_core.package_identification:_identify(aws-robomaker-small-house-world/models/aws_robomaker_residential_Quilt_01/materials) by extension 'python'
[0.758s] Level 1:colcon.colcon_core.package_identification:_identify(aws-robomaker-small-house-world/models/aws_robomaker_residential_Quilt_01/materials) by extensions ['python_setup_py']
[0.758s] Level 1:colcon.colcon_core.package_identification:_identify(aws-robomaker-small-house-world/models/aws_robomaker_residential_Quilt_01/materials) by extension 'python_setup_py'
[0.758s] Level 1:colcon.colcon_core.package_identification:_identify(aws-robomaker-small-house-world/models/aws_robomaker_residential_Quilt_01/materials/textures) by extensions ['ignore', 'ignore_ament_install']
[0.758s] Level 1:colcon.colcon_core.package_identification:_identify(aws-robomaker-small-house-world/models/aws_robomaker_residential_Quilt_01/materials/textures) by extension 'ignore'
[0.758s] Level 1:colcon.colcon_core.package_identification:_identify(aws-robomaker-small-house-world/models/aws_robomaker_residential_Quilt_01/materials/textures) by extension 'ignore_ament_install'
[0.758s] Level 1:colcon.colcon_core.package_identification:_identify(aws-robomaker-small-house-world/models/aws_robomaker_residential_Quilt_01/materials/textures) by extensions ['colcon_pkg']
[0.758s] Level 1:colcon.colcon_core.package_identification:_identify(aws-robomaker-small-house-world/models/aws_robomaker_residential_Quilt_01/materials/textures) by extension 'colcon_pkg'
[0.758s] Level 1:colcon.colcon_core.package_identification:_identify(aws-robomaker-small-house-world/models/aws_robomaker_residential_Quilt_01/materials/textures) by extensions ['colcon_meta']
[0.758s] Level 1:colcon.colcon_core.package_identification:_identify(aws-robomaker-small-house-world/models/aws_robomaker_residential_Quilt_01/materials/textures) by extension 'colcon_meta'
[0.758s] Level 1:colcon.colcon_core.package_identification:_identify(aws-robomaker-small-house-world/models/aws_robomaker_residential_Quilt_01/materials/textures) by extensions ['ros']
[0.758s] Level 1:colcon.colcon_core.package_identification:_identify(aws-robomaker-small-house-world/models/aws_robomaker_residential_Quilt_01/materials/textures) by extension 'ros'
[0.759s] Level 1:colcon.colcon_core.package_identification:_identify(aws-robomaker-small-house-world/models/aws_robomaker_residential_Quilt_01/materials/textures) by extensions ['cmake', 'python']
[0.759s] Level 1:colcon.colcon_core.package_identification:_identify(aws-robomaker-small-house-world/models/aws_robomaker_residential_Quilt_01/materials/textures) by extension 'cmake'
[0.759s] Level 1:colcon.colcon_core.package_identification:_identify(aws-robomaker-small-house-world/models/aws_robomaker_residential_Quilt_01/materials/textures) by extension 'python'
[0.759s] Level 1:colcon.colcon_core.package_identification:_identify(aws-robomaker-small-house-world/models/aws_robomaker_residential_Quilt_01/materials/textures) by extensions ['python_setup_py']
[0.759s] Level 1:colcon.colcon_core.package_identification:_identify(aws-robomaker-small-house-world/models/aws_robomaker_residential_Quilt_01/materials/textures) by extension 'python_setup_py'
[0.759s] Level 1:colcon.colcon_core.package_identification:_identify(aws-robomaker-small-house-world/models/aws_robomaker_residential_Quilt_01/meshes) by extensions ['ignore', 'ignore_ament_install']
[0.759s] Level 1:colcon.colcon_core.package_identification:_identify(aws-robomaker-small-house-world/models/aws_robomaker_residential_Quilt_01/meshes) by extension 'ignore'
[0.759s] Level 1:colcon.colcon_core.package_identification:_identify(aws-robomaker-small-house-world/models/aws_robomaker_residential_Quilt_01/meshes) by extension 'ignore_ament_install'
[0.759s] Level 1:colcon.colcon_core.package_identification:_identify(aws-robomaker-small-house-world/models/aws_robomaker_residential_Quilt_01/meshes) by extensions ['colcon_pkg']
[0.759s] Level 1:colcon.colcon_core.package_identification:_identify(aws-robomaker-small-house-world/models/aws_robomaker_residential_Quilt_01/meshes) by extension 'colcon_pkg'
[0.759s] Level 1:colcon.colcon_core.package_identification:_identify(aws-robomaker-small-house-world/models/aws_robomaker_residential_Quilt_01/meshes) by extensions ['colcon_meta']
[0.759s] Level 1:colcon.colcon_core.package_identification:_identify(aws-robomaker-small-house-world/models/aws_robomaker_residential_Quilt_01/meshes) by extension 'colcon_meta'
[0.759s] Level 1:colcon.colcon_core.package_identification:_identify(aws-robomaker-small-house-world/models/aws_robomaker_residential_Quilt_01/meshes) by extensions ['ros']
[0.759s] Level 1:colcon.colcon_core.package_identification:_identify(aws-robomaker-small-house-world/models/aws_robomaker_residential_Quilt_01/meshes) by extension 'ros'
[0.759s] Level 1:colcon.colcon_core.package_identification:_identify(aws-robomaker-small-house-world/models/aws_robomaker_residential_Quilt_01/meshes) by extensions ['cmake', 'python']
[0.759s] Level 1:colcon.colcon_core.package_identification:_identify(aws-robomaker-small-house-world/models/aws_robomaker_residential_Quilt_01/meshes) by extension 'cmake'
[0.759s] Level 1:colcon.colcon_core.package_identification:_identify(aws-robomaker-small-house-world/models/aws_robomaker_residential_Quilt_01/meshes) by extension 'python'
[0.759s] Level 1:colcon.colcon_core.package_identification:_identify(aws-robomaker-small-house-world/models/aws_robomaker_residential_Quilt_01/meshes) by extensions ['python_setup_py']
[0.759s] Level 1:colcon.colcon_core.package_identification:_identify(aws-robomaker-small-house-world/models/aws_robomaker_residential_Quilt_01/meshes) by extension 'python_setup_py'
[0.759s] Level 1:colcon.colcon_core.package_identification:_identify(aws-robomaker-small-house-world/models/aws_robomaker_residential_Rangehood_01) by extensions ['ignore', 'ignore_ament_install']
[0.759s] Level 1:colcon.colcon_core.package_identification:_identify(aws-robomaker-small-house-world/models/aws_robomaker_residential_Rangehood_01) by extension 'ignore'
[0.759s] Level 1:colcon.colcon_core.package_identification:_identify(aws-robomaker-small-house-world/models/aws_robomaker_residential_Rangehood_01) by extension 'ignore_ament_install'
[0.760s] Level 1:colcon.colcon_core.package_identification:_identify(aws-robomaker-small-house-world/models/aws_robomaker_residential_Rangehood_01) by extensions ['colcon_pkg']
[0.760s] Level 1:colcon.colcon_core.package_identification:_identify(aws-robomaker-small-house-world/models/aws_robomaker_residential_Rangehood_01) by extension 'colcon_pkg'
[0.760s] Level 1:colcon.colcon_core.package_identification:_identify(aws-robomaker-small-house-world/models/aws_robomaker_residential_Rangehood_01) by extensions ['colcon_meta']
[0.760s] Level 1:colcon.colcon_core.package_identification:_identify(aws-robomaker-small-house-world/models/aws_robomaker_residential_Rangehood_01) by extension 'colcon_meta'
[0.760s] Level 1:colcon.colcon_core.package_identification:_identify(aws-robomaker-small-house-world/models/aws_robomaker_residential_Rangehood_01) by extensions ['ros']
[0.760s] Level 1:colcon.colcon_core.package_identification:_identify(aws-robomaker-small-house-world/models/aws_robomaker_residential_Rangehood_01) by extension 'ros'
[0.760s] Level 1:colcon.colcon_core.package_identification:_identify(aws-robomaker-small-house-world/models/aws_robomaker_residential_Rangehood_01) by extensions ['cmake', 'python']
[0.760s] Level 1:colcon.colcon_core.package_identification:_identify(aws-robomaker-small-house-world/models/aws_robomaker_residential_Rangehood_01) by extension 'cmake'
[0.760s] Level 1:colcon.colcon_core.package_identification:_identify(aws-robomaker-small-house-world/models/aws_robomaker_residential_Rangehood_01) by extension 'python'
[0.760s] Level 1:colcon.colcon_core.package_identification:_identify(aws-robomaker-small-house-world/models/aws_robomaker_residential_Rangehood_01) by extensions ['python_setup_py']
[0.760s] Level 1:colcon.colcon_core.package_identification:_identify(aws-robomaker-small-house-world/models/aws_robomaker_residential_Rangehood_01) by extension 'python_setup_py'
[0.760s] Level 1:colcon.colcon_core.package_identification:_identify(aws-robomaker-small-house-world/models/aws_robomaker_residential_Rangehood_01/materials) by extensions ['ignore', 'ignore_ament_install']
[0.760s] Level 1:colcon.colcon_core.package_identification:_identify(aws-robomaker-small-house-world/models/aws_robomaker_residential_Rangehood_01/materials) by extension 'ignore'
[0.760s] Level 1:colcon.colcon_core.package_identification:_identify(aws-robomaker-small-house-world/models/aws_robomaker_residential_Rangehood_01/materials) by extension 'ignore_ament_install'
[0.760s] Level 1:colcon.colcon_core.package_identification:_identify(aws-robomaker-small-house-world/models/aws_robomaker_residential_Rangehood_01/materials) by extensions ['colcon_pkg']
[0.760s] Level 1:colcon.colcon_core.package_identification:_identify(aws-robomaker-small-house-world/models/aws_robomaker_residential_Rangehood_01/materials) by extension 'colcon_pkg'
[0.760s] Level 1:colcon.colcon_core.package_identification:_identify(aws-robomaker-small-house-world/models/aws_robomaker_residential_Rangehood_01/materials) by extensions ['colcon_meta']
[0.760s] Level 1:colcon.colcon_core.package_identification:_identify(aws-robomaker-small-house-world/models/aws_robomaker_residential_Rangehood_01/materials) by extension 'colcon_meta'
[0.760s] Level 1:colcon.colcon_core.package_identification:_identify(aws-robomaker-small-house-world/models/aws_robomaker_residential_Rangehood_01/materials) by extensions ['ros']
[0.760s] Level 1:colcon.colcon_core.package_identification:_identify(aws-robomaker-small-house-world/models/aws_robomaker_residential_Rangehood_01/materials) by extension 'ros'
[0.761s] Level 1:colcon.colcon_core.package_identification:_identify(aws-robomaker-small-house-world/models/aws_robomaker_residential_Rangehood_01/materials) by extensions ['cmake', 'python']
[0.761s] Level 1:colcon.colcon_core.package_identification:_identify(aws-robomaker-small-house-world/models/aws_robomaker_residential_Rangehood_01/materials) by extension 'cmake'
[0.761s] Level 1:colcon.colcon_core.package_identification:_identify(aws-robomaker-small-house-world/models/aws_robomaker_residential_Rangehood_01/materials) by extension 'python'
[0.761s] Level 1:colcon.colcon_core.package_identification:_identify(aws-robomaker-small-house-world/models/aws_robomaker_residential_Rangehood_01/materials) by extensions ['python_setup_py']
[0.761s] Level 1:colcon.colcon_core.package_identification:_identify(aws-robomaker-small-house-world/models/aws_robomaker_residential_Rangehood_01/materials) by extension 'python_setup_py'
[0.761s] Level 1:colcon.colcon_core.package_identification:_identify(aws-robomaker-small-house-world/models/aws_robomaker_residential_Rangehood_01/materials/textures) by extensions ['ignore', 'ignore_ament_install']
[0.761s] Level 1:colcon.colcon_core.package_identification:_identify(aws-robomaker-small-house-world/models/aws_robomaker_residential_Rangehood_01/materials/textures) by extension 'ignore'
[0.761s] Level 1:colcon.colcon_core.package_identification:_identify(aws-robomaker-small-house-world/models/aws_robomaker_residential_Rangehood_01/materials/textures) by extension 'ignore_ament_install'
[0.761s] Level 1:colcon.colcon_core.package_identification:_identify(aws-robomaker-small-house-world/models/aws_robomaker_residential_Rangehood_01/materials/textures) by extensions ['colcon_pkg']
[0.761s] Level 1:colcon.colcon_core.package_identification:_identify(aws-robomaker-small-house-world/models/aws_robomaker_residential_Rangehood_01/materials/textures) by extension 'colcon_pkg'
[0.761s] Level 1:colcon.colcon_core.package_identification:_identify(aws-robomaker-small-house-world/models/aws_robomaker_residential_Rangehood_01/materials/textures) by extensions ['colcon_meta']
[0.761s] Level 1:colcon.colcon_core.package_identification:_identify(aws-robomaker-small-house-world/models/aws_robomaker_residential_Rangehood_01/materials/textures) by extension 'colcon_meta'
[0.761s] Level 1:colcon.colcon_core.package_identification:_identify(aws-robomaker-small-house-world/models/aws_robomaker_residential_Rangehood_01/materials/textures) by extensions ['ros']
[0.761s] Level 1:colcon.colcon_core.package_identification:_identify(aws-robomaker-small-house-world/models/aws_robomaker_residential_Rangehood_01/materials/textures) by extension 'ros'
[0.761s] Level 1:colcon.colcon_core.package_identification:_identify(aws-robomaker-small-house-world/models/aws_robomaker_residential_Rangehood_01/materials/textures) by extensions ['cmake', 'python']
[0.761s] Level 1:colcon.colcon_core.package_identification:_identify(aws-robomaker-small-house-world/models/aws_robomaker_residential_Rangehood_01/materials/textures) by extension 'cmake'
[0.761s] Level 1:colcon.colcon_core.package_identification:_identify(aws-robomaker-small-house-world/models/aws_robomaker_residential_Rangehood_01/materials/textures) by extension 'python'
[0.761s] Level 1:colcon.colcon_core.package_identification:_identify(aws-robomaker-small-house-world/models/aws_robomaker_residential_Rangehood_01/materials/textures) by extensions ['python_setup_py']
[0.761s] Level 1:colcon.colcon_core.package_identification:_identify(aws-robomaker-small-house-world/models/aws_robomaker_residential_Rangehood_01/materials/textures) by extension 'python_setup_py'
[0.762s] Level 1:colcon.colcon_core.package_identification:_identify(aws-robomaker-small-house-world/models/aws_robomaker_residential_Rangehood_01/meshes) by extensions ['ignore', 'ignore_ament_install']
[0.762s] Level 1:colcon.colcon_core.package_identification:_identify(aws-robomaker-small-house-world/models/aws_robomaker_residential_Rangehood_01/meshes) by extension 'ignore'
[0.762s] Level 1:colcon.colcon_core.package_identification:_identify(aws-robomaker-small-house-world/models/aws_robomaker_residential_Rangehood_01/meshes) by extension 'ignore_ament_install'
[0.762s] Level 1:colcon.colcon_core.package_identification:_identify(aws-robomaker-small-house-world/models/aws_robomaker_residential_Rangehood_01/meshes) by extensions ['colcon_pkg']
[0.762s] Level 1:colcon.colcon_core.package_identification:_identify(aws-robomaker-small-house-world/models/aws_robomaker_residential_Rangehood_01/meshes) by extension 'colcon_pkg'
[0.762s] Level 1:colcon.colcon_core.package_identification:_identify(aws-robomaker-small-house-world/models/aws_robomaker_residential_Rangehood_01/meshes) by extensions ['colcon_meta']
[0.762s] Level 1:colcon.colcon_core.package_identification:_identify(aws-robomaker-small-house-world/models/aws_robomaker_residential_Rangehood_01/meshes) by extension 'colcon_meta'
[0.762s] Level 1:colcon.colcon_core.package_identification:_identify(aws-robomaker-small-house-world/models/aws_robomaker_residential_Rangehood_01/meshes) by extensions ['ros']
[0.762s] Level 1:colcon.colcon_core.package_identification:_identify(aws-robomaker-small-house-world/models/aws_robomaker_residential_Rangehood_01/meshes) by extension 'ros'
[0.762s] Level 1:colcon.colcon_core.package_identification:_identify(aws-robomaker-small-house-world/models/aws_robomaker_residential_Rangehood_01/meshes) by extensions ['cmake', 'python']
[0.762s] Level 1:colcon.colcon_core.package_identification:_identify(aws-robomaker-small-house-world/models/aws_robomaker_residential_Rangehood_01/meshes) by extension 'cmake'
[0.762s] Level 1:colcon.colcon_core.package_identification:_identify(aws-robomaker-small-house-world/models/aws_robomaker_residential_Rangehood_01/meshes) by extension 'python'
[0.762s] Level 1:colcon.colcon_core.package_identification:_identify(aws-robomaker-small-house-world/models/aws_robomaker_residential_Rangehood_01/meshes) by extensions ['python_setup_py']
[0.762s] Level 1:colcon.colcon_core.package_identification:_identify(aws-robomaker-small-house-world/models/aws_robomaker_residential_Rangehood_01/meshes) by extension 'python_setup_py'
[0.762s] Level 1:colcon.colcon_core.package_identification:_identify(aws-robomaker-small-house-world/models/aws_robomaker_residential_ReadingDesk_01) by extensions ['ignore', 'ignore_ament_install']
[0.762s] Level 1:colcon.colcon_core.package_identification:_identify(aws-robomaker-small-house-world/models/aws_robomaker_residential_ReadingDesk_01) by extension 'ignore'
[0.762s] Level 1:colcon.colcon_core.package_identification:_identify(aws-robomaker-small-house-world/models/aws_robomaker_residential_ReadingDesk_01) by extension 'ignore_ament_install'
[0.762s] Level 1:colcon.colcon_core.package_identification:_identify(aws-robomaker-small-house-world/models/aws_robomaker_residential_ReadingDesk_01) by extensions ['colcon_pkg']
[0.762s] Level 1:colcon.colcon_core.package_identification:_identify(aws-robomaker-small-house-world/models/aws_robomaker_residential_ReadingDesk_01) by extension 'colcon_pkg'
[0.762s] Level 1:colcon.colcon_core.package_identification:_identify(aws-robomaker-small-house-world/models/aws_robomaker_residential_ReadingDesk_01) by extensions ['colcon_meta']
[0.762s] Level 1:colcon.colcon_core.package_identification:_identify(aws-robomaker-small-house-world/models/aws_robomaker_residential_ReadingDesk_01) by extension 'colcon_meta'
[0.762s] Level 1:colcon.colcon_core.package_identification:_identify(aws-robomaker-small-house-world/models/aws_robomaker_residential_ReadingDesk_01) by extensions ['ros']
[0.762s] Level 1:colcon.colcon_core.package_identification:_identify(aws-robomaker-small-house-world/models/aws_robomaker_residential_ReadingDesk_01) by extension 'ros'
[0.763s] Level 1:colcon.colcon_core.package_identification:_identify(aws-robomaker-small-house-world/models/aws_robomaker_residential_ReadingDesk_01) by extensions ['cmake', 'python']
[0.763s] Level 1:colcon.colcon_core.package_identification:_identify(aws-robomaker-small-house-world/models/aws_robomaker_residential_ReadingDesk_01) by extension 'cmake'
[0.763s] Level 1:colcon.colcon_core.package_identification:_identify(aws-robomaker-small-house-world/models/aws_robomaker_residential_ReadingDesk_01) by extension 'python'
[0.763s] Level 1:colcon.colcon_core.package_identification:_identify(aws-robomaker-small-house-world/models/aws_robomaker_residential_ReadingDesk_01) by extensions ['python_setup_py']
[0.763s] Level 1:colcon.colcon_core.package_identification:_identify(aws-robomaker-small-house-world/models/aws_robomaker_residential_ReadingDesk_01) by extension 'python_setup_py'
[0.763s] Level 1:colcon.colcon_core.package_identification:_identify(aws-robomaker-small-house-world/models/aws_robomaker_residential_ReadingDesk_01/materials) by extensions ['ignore', 'ignore_ament_install']
[0.763s] Level 1:colcon.colcon_core.package_identification:_identify(aws-robomaker-small-house-world/models/aws_robomaker_residential_ReadingDesk_01/materials) by extension 'ignore'
[0.763s] Level 1:colcon.colcon_core.package_identification:_identify(aws-robomaker-small-house-world/models/aws_robomaker_residential_ReadingDesk_01/materials) by extension 'ignore_ament_install'
[0.763s] Level 1:colcon.colcon_core.package_identification:_identify(aws-robomaker-small-house-world/models/aws_robomaker_residential_ReadingDesk_01/materials) by extensions ['colcon_pkg']
[0.763s] Level 1:colcon.colcon_core.package_identification:_identify(aws-robomaker-small-house-world/models/aws_robomaker_residential_ReadingDesk_01/materials) by extension 'colcon_pkg'
[0.763s] Level 1:colcon.colcon_core.package_identification:_identify(aws-robomaker-small-house-world/models/aws_robomaker_residential_ReadingDesk_01/materials) by extensions ['colcon_meta']
[0.763s] Level 1:colcon.colcon_core.package_identification:_identify(aws-robomaker-small-house-world/models/aws_robomaker_residential_ReadingDesk_01/materials) by extension 'colcon_meta'
[0.763s] Level 1:colcon.colcon_core.package_identification:_identify(aws-robomaker-small-house-world/models/aws_robomaker_residential_ReadingDesk_01/materials) by extensions ['ros']
[0.763s] Level 1:colcon.colcon_core.package_identification:_identify(aws-robomaker-small-house-world/models/aws_robomaker_residential_ReadingDesk_01/materials) by extension 'ros'
[0.763s] Level 1:colcon.colcon_core.package_identification:_identify(aws-robomaker-small-house-world/models/aws_robomaker_residential_ReadingDesk_01/materials) by extensions ['cmake', 'python']
[0.763s] Level 1:colcon.colcon_core.package_identification:_identify(aws-robomaker-small-house-world/models/aws_robomaker_residential_ReadingDesk_01/materials) by extension 'cmake'
[0.763s] Level 1:colcon.colcon_core.package_identification:_identify(aws-robomaker-small-house-world/models/aws_robomaker_residential_ReadingDesk_01/materials) by extension 'python'
[0.763s] Level 1:colcon.colcon_core.package_identification:_identify(aws-robomaker-small-house-world/models/aws_robomaker_residential_ReadingDesk_01/materials) by extensions ['python_setup_py']
[0.763s] Level 1:colcon.colcon_core.package_identification:_identify(aws-robomaker-small-house-world/models/aws_robomaker_residential_ReadingDesk_01/materials) by extension 'python_setup_py'
[0.763s] Level 1:colcon.colcon_core.package_identification:_identify(aws-robomaker-small-house-world/models/aws_robomaker_residential_ReadingDesk_01/materials/textures) by extensions ['ignore', 'ignore_ament_install']
[0.764s] Level 1:colcon.colcon_core.package_identification:_identify(aws-robomaker-small-house-world/models/aws_robomaker_residential_ReadingDesk_01/materials/textures) by extension 'ignore'
[0.764s] Level 1:colcon.colcon_core.package_identification:_identify(aws-robomaker-small-house-world/models/aws_robomaker_residential_ReadingDesk_01/materials/textures) by extension 'ignore_ament_install'
[0.764s] Level 1:colcon.colcon_core.package_identification:_identify(aws-robomaker-small-house-world/models/aws_robomaker_residential_ReadingDesk_01/materials/textures) by extensions ['colcon_pkg']
[0.764s] Level 1:colcon.colcon_core.package_identification:_identify(aws-robomaker-small-house-world/models/aws_robomaker_residential_ReadingDesk_01/materials/textures) by extension 'colcon_pkg'
[0.764s] Level 1:colcon.colcon_core.package_identification:_identify(aws-robomaker-small-house-world/models/aws_robomaker_residential_ReadingDesk_01/materials/textures) by extensions ['colcon_meta']
[0.764s] Level 1:colcon.colcon_core.package_identification:_identify(aws-robomaker-small-house-world/models/aws_robomaker_residential_ReadingDesk_01/materials/textures) by extension 'colcon_meta'
[0.764s] Level 1:colcon.colcon_core.package_identification:_identify(aws-robomaker-small-house-world/models/aws_robomaker_residential_ReadingDesk_01/materials/textures) by extensions ['ros']
[0.764s] Level 1:colcon.colcon_core.package_identification:_identify(aws-robomaker-small-house-world/models/aws_robomaker_residential_ReadingDesk_01/materials/textures) by extension 'ros'
[0.764s] Level 1:colcon.colcon_core.package_identification:_identify(aws-robomaker-small-house-world/models/aws_robomaker_residential_ReadingDesk_01/materials/textures) by extensions ['cmake', 'python']
[0.764s] Level 1:colcon.colcon_core.package_identification:_identify(aws-robomaker-small-house-world/models/aws_robomaker_residential_ReadingDesk_01/materials/textures) by extension 'cmake'
[0.764s] Level 1:colcon.colcon_core.package_identification:_identify(aws-robomaker-small-house-world/models/aws_robomaker_residential_ReadingDesk_01/materials/textures) by extension 'python'
[0.764s] Level 1:colcon.colcon_core.package_identification:_identify(aws-robomaker-small-house-world/models/aws_robomaker_residential_ReadingDesk_01/materials/textures) by extensions ['python_setup_py']
[0.764s] Level 1:colcon.colcon_core.package_identification:_identify(aws-robomaker-small-house-world/models/aws_robomaker_residential_ReadingDesk_01/materials/textures) by extension 'python_setup_py'
[0.764s] Level 1:colcon.colcon_core.package_identification:_identify(aws-robomaker-small-house-world/models/aws_robomaker_residential_ReadingDesk_01/meshes) by extensions ['ignore', 'ignore_ament_install']
[0.764s] Level 1:colcon.colcon_core.package_identification:_identify(aws-robomaker-small-house-world/models/aws_robomaker_residential_ReadingDesk_01/meshes) by extension 'ignore'
[0.764s] Level 1:colcon.colcon_core.package_identification:_identify(aws-robomaker-small-house-world/models/aws_robomaker_residential_ReadingDesk_01/meshes) by extension 'ignore_ament_install'
[0.764s] Level 1:colcon.colcon_core.package_identification:_identify(aws-robomaker-small-house-world/models/aws_robomaker_residential_ReadingDesk_01/meshes) by extensions ['colcon_pkg']
[0.764s] Level 1:colcon.colcon_core.package_identification:_identify(aws-robomaker-small-house-world/models/aws_robomaker_residential_ReadingDesk_01/meshes) by extension 'colcon_pkg'
[0.764s] Level 1:colcon.colcon_core.package_identification:_identify(aws-robomaker-small-house-world/models/aws_robomaker_residential_ReadingDesk_01/meshes) by extensions ['colcon_meta']
[0.764s] Level 1:colcon.colcon_core.package_identification:_identify(aws-robomaker-small-house-world/models/aws_robomaker_residential_ReadingDesk_01/meshes) by extension 'colcon_meta'
[0.764s] Level 1:colcon.colcon_core.package_identification:_identify(aws-robomaker-small-house-world/models/aws_robomaker_residential_ReadingDesk_01/meshes) by extensions ['ros']
[0.764s] Level 1:colcon.colcon_core.package_identification:_identify(aws-robomaker-small-house-world/models/aws_robomaker_residential_ReadingDesk_01/meshes) by extension 'ros'
[0.764s] Level 1:colcon.colcon_core.package_identification:_identify(aws-robomaker-small-house-world/models/aws_robomaker_residential_ReadingDesk_01/meshes) by extensions ['cmake', 'python']
[0.765s] Level 1:colcon.colcon_core.package_identification:_identify(aws-robomaker-small-house-world/models/aws_robomaker_residential_ReadingDesk_01/meshes) by extension 'cmake'
[0.765s] Level 1:colcon.colcon_core.package_identification:_identify(aws-robomaker-small-house-world/models/aws_robomaker_residential_ReadingDesk_01/meshes) by extension 'python'
[0.765s] Level 1:colcon.colcon_core.package_identification:_identify(aws-robomaker-small-house-world/models/aws_robomaker_residential_ReadingDesk_01/meshes) by extensions ['python_setup_py']
[0.765s] Level 1:colcon.colcon_core.package_identification:_identify(aws-robomaker-small-house-world/models/aws_robomaker_residential_ReadingDesk_01/meshes) by extension 'python_setup_py'
[0.765s] Level 1:colcon.colcon_core.package_identification:_identify(aws-robomaker-small-house-world/models/aws_robomaker_residential_Refrigerator_01) by extensions ['ignore', 'ignore_ament_install']
[0.765s] Level 1:colcon.colcon_core.package_identification:_identify(aws-robomaker-small-house-world/models/aws_robomaker_residential_Refrigerator_01) by extension 'ignore'
[0.765s] Level 1:colcon.colcon_core.package_identification:_identify(aws-robomaker-small-house-world/models/aws_robomaker_residential_Refrigerator_01) by extension 'ignore_ament_install'
[0.765s] Level 1:colcon.colcon_core.package_identification:_identify(aws-robomaker-small-house-world/models/aws_robomaker_residential_Refrigerator_01) by extensions ['colcon_pkg']
[0.765s] Level 1:colcon.colcon_core.package_identification:_identify(aws-robomaker-small-house-world/models/aws_robomaker_residential_Refrigerator_01) by extension 'colcon_pkg'
[0.765s] Level 1:colcon.colcon_core.package_identification:_identify(aws-robomaker-small-house-world/models/aws_robomaker_residential_Refrigerator_01) by extensions ['colcon_meta']
[0.765s] Level 1:colcon.colcon_core.package_identification:_identify(aws-robomaker-small-house-world/models/aws_robomaker_residential_Refrigerator_01) by extension 'colcon_meta'
[0.765s] Level 1:colcon.colcon_core.package_identification:_identify(aws-robomaker-small-house-world/models/aws_robomaker_residential_Refrigerator_01) by extensions ['ros']
[0.765s] Level 1:colcon.colcon_core.package_identification:_identify(aws-robomaker-small-house-world/models/aws_robomaker_residential_Refrigerator_01) by extension 'ros'
[0.765s] Level 1:colcon.colcon_core.package_identification:_identify(aws-robomaker-small-house-world/models/aws_robomaker_residential_Refrigerator_01) by extensions ['cmake', 'python']
[0.765s] Level 1:colcon.colcon_core.package_identification:_identify(aws-robomaker-small-house-world/models/aws_robomaker_residential_Refrigerator_01) by extension 'cmake'
[0.765s] Level 1:colcon.colcon_core.package_identification:_identify(aws-robomaker-small-house-world/models/aws_robomaker_residential_Refrigerator_01) by extension 'python'
[0.765s] Level 1:colcon.colcon_core.package_identification:_identify(aws-robomaker-small-house-world/models/aws_robomaker_residential_Refrigerator_01) by extensions ['python_setup_py']
[0.765s] Level 1:colcon.colcon_core.package_identification:_identify(aws-robomaker-small-house-world/models/aws_robomaker_residential_Refrigerator_01) by extension 'python_setup_py'
[0.766s] Level 1:colcon.colcon_core.package_identification:_identify(aws-robomaker-small-house-world/models/aws_robomaker_residential_Refrigerator_01/materials) by extensions ['ignore', 'ignore_ament_install']
[0.766s] Level 1:colcon.colcon_core.package_identification:_identify(aws-robomaker-small-house-world/models/aws_robomaker_residential_Refrigerator_01/materials) by extension 'ignore'
[0.766s] Level 1:colcon.colcon_core.package_identification:_identify(aws-robomaker-small-house-world/models/aws_robomaker_residential_Refrigerator_01/materials) by extension 'ignore_ament_install'
[0.766s] Level 1:colcon.colcon_core.package_identification:_identify(aws-robomaker-small-house-world/models/aws_robomaker_residential_Refrigerator_01/materials) by extensions ['colcon_pkg']
[0.766s] Level 1:colcon.colcon_core.package_identification:_identify(aws-robomaker-small-house-world/models/aws_robomaker_residential_Refrigerator_01/materials) by extension 'colcon_pkg'
[0.766s] Level 1:colcon.colcon_core.package_identification:_identify(aws-robomaker-small-house-world/models/aws_robomaker_residential_Refrigerator_01/materials) by extensions ['colcon_meta']
[0.766s] Level 1:colcon.colcon_core.package_identification:_identify(aws-robomaker-small-house-world/models/aws_robomaker_residential_Refrigerator_01/materials) by extension 'colcon_meta'
[0.766s] Level 1:colcon.colcon_core.package_identification:_identify(aws-robomaker-small-house-world/models/aws_robomaker_residential_Refrigerator_01/materials) by extensions ['ros']
[0.766s] Level 1:colcon.colcon_core.package_identification:_identify(aws-robomaker-small-house-world/models/aws_robomaker_residential_Refrigerator_01/materials) by extension 'ros'
[0.766s] Level 1:colcon.colcon_core.package_identification:_identify(aws-robomaker-small-house-world/models/aws_robomaker_residential_Refrigerator_01/materials) by extensions ['cmake', 'python']
[0.766s] Level 1:colcon.colcon_core.package_identification:_identify(aws-robomaker-small-house-world/models/aws_robomaker_residential_Refrigerator_01/materials) by extension 'cmake'
[0.766s] Level 1:colcon.colcon_core.package_identification:_identify(aws-robomaker-small-house-world/models/aws_robomaker_residential_Refrigerator_01/materials) by extension 'python'
[0.766s] Level 1:colcon.colcon_core.package_identification:_identify(aws-robomaker-small-house-world/models/aws_robomaker_residential_Refrigerator_01/materials) by extensions ['python_setup_py']
[0.766s] Level 1:colcon.colcon_core.package_identification:_identify(aws-robomaker-small-house-world/models/aws_robomaker_residential_Refrigerator_01/materials) by extension 'python_setup_py'
[0.766s] Level 1:colcon.colcon_core.package_identification:_identify(aws-robomaker-small-house-world/models/aws_robomaker_residential_Refrigerator_01/materials/textures) by extensions ['ignore', 'ignore_ament_install']
[0.766s] Level 1:colcon.colcon_core.package_identification:_identify(aws-robomaker-small-house-world/models/aws_robomaker_residential_Refrigerator_01/materials/textures) by extension 'ignore'
[0.766s] Level 1:colcon.colcon_core.package_identification:_identify(aws-robomaker-small-house-world/models/aws_robomaker_residential_Refrigerator_01/materials/textures) by extension 'ignore_ament_install'
[0.766s] Level 1:colcon.colcon_core.package_identification:_identify(aws-robomaker-small-house-world/models/aws_robomaker_residential_Refrigerator_01/materials/textures) by extensions ['colcon_pkg']
[0.767s] Level 1:colcon.colcon_core.package_identification:_identify(aws-robomaker-small-house-world/models/aws_robomaker_residential_Refrigerator_01/materials/textures) by extension 'colcon_pkg'
[0.767s] Level 1:colcon.colcon_core.package_identification:_identify(aws-robomaker-small-house-world/models/aws_robomaker_residential_Refrigerator_01/materials/textures) by extensions ['colcon_meta']
[0.767s] Level 1:colcon.colcon_core.package_identification:_identify(aws-robomaker-small-house-world/models/aws_robomaker_residential_Refrigerator_01/materials/textures) by extension 'colcon_meta'
[0.767s] Level 1:colcon.colcon_core.package_identification:_identify(aws-robomaker-small-house-world/models/aws_robomaker_residential_Refrigerator_01/materials/textures) by extensions ['ros']
[0.767s] Level 1:colcon.colcon_core.package_identification:_identify(aws-robomaker-small-house-world/models/aws_robomaker_residential_Refrigerator_01/materials/textures) by extension 'ros'
[0.767s] Level 1:colcon.colcon_core.package_identification:_identify(aws-robomaker-small-house-world/models/aws_robomaker_residential_Refrigerator_01/materials/textures) by extensions ['cmake', 'python']
[0.767s] Level 1:colcon.colcon_core.package_identification:_identify(aws-robomaker-small-house-world/models/aws_robomaker_residential_Refrigerator_01/materials/textures) by extension 'cmake'
[0.767s] Level 1:colcon.colcon_core.package_identification:_identify(aws-robomaker-small-house-world/models/aws_robomaker_residential_Refrigerator_01/materials/textures) by extension 'python'
[0.767s] Level 1:colcon.colcon_core.package_identification:_identify(aws-robomaker-small-house-world/models/aws_robomaker_residential_Refrigerator_01/materials/textures) by extensions ['python_setup_py']
[0.767s] Level 1:colcon.colcon_core.package_identification:_identify(aws-robomaker-small-house-world/models/aws_robomaker_residential_Refrigerator_01/materials/textures) by extension 'python_setup_py'
[0.767s] Level 1:colcon.colcon_core.package_identification:_identify(aws-robomaker-small-house-world/models/aws_robomaker_residential_Refrigerator_01/meshes) by extensions ['ignore', 'ignore_ament_install']
[0.767s] Level 1:colcon.colcon_core.package_identification:_identify(aws-robomaker-small-house-world/models/aws_robomaker_residential_Refrigerator_01/meshes) by extension 'ignore'
[0.767s] Level 1:colcon.colcon_core.package_identification:_identify(aws-robomaker-small-house-world/models/aws_robomaker_residential_Refrigerator_01/meshes) by extension 'ignore_ament_install'
[0.767s] Level 1:colcon.colcon_core.package_identification:_identify(aws-robomaker-small-house-world/models/aws_robomaker_residential_Refrigerator_01/meshes) by extensions ['colcon_pkg']
[0.767s] Level 1:colcon.colcon_core.package_identification:_identify(aws-robomaker-small-house-world/models/aws_robomaker_residential_Refrigerator_01/meshes) by extension 'colcon_pkg'
[0.767s] Level 1:colcon.colcon_core.package_identification:_identify(aws-robomaker-small-house-world/models/aws_robomaker_residential_Refrigerator_01/meshes) by extensions ['colcon_meta']
[0.767s] Level 1:colcon.colcon_core.package_identification:_identify(aws-robomaker-small-house-world/models/aws_robomaker_residential_Refrigerator_01/meshes) by extension 'colcon_meta'
[0.767s] Level 1:colcon.colcon_core.package_identification:_identify(aws-robomaker-small-house-world/models/aws_robomaker_residential_Refrigerator_01/meshes) by extensions ['ros']
[0.767s] Level 1:colcon.colcon_core.package_identification:_identify(aws-robomaker-small-house-world/models/aws_robomaker_residential_Refrigerator_01/meshes) by extension 'ros'
[0.767s] Level 1:colcon.colcon_core.package_identification:_identify(aws-robomaker-small-house-world/models/aws_robomaker_residential_Refrigerator_01/meshes) by extensions ['cmake', 'python']
[0.767s] Level 1:colcon.colcon_core.package_identification:_identify(aws-robomaker-small-house-world/models/aws_robomaker_residential_Refrigerator_01/meshes) by extension 'cmake'
[0.767s] Level 1:colcon.colcon_core.package_identification:_identify(aws-robomaker-small-house-world/models/aws_robomaker_residential_Refrigerator_01/meshes) by extension 'python'
[0.767s] Level 1:colcon.colcon_core.package_identification:_identify(aws-robomaker-small-house-world/models/aws_robomaker_residential_Refrigerator_01/meshes) by extensions ['python_setup_py']
[0.768s] Level 1:colcon.colcon_core.package_identification:_identify(aws-robomaker-small-house-world/models/aws_robomaker_residential_Refrigerator_01/meshes) by extension 'python_setup_py'
[0.768s] Level 1:colcon.colcon_core.package_identification:_identify(aws-robomaker-small-house-world/models/aws_robomaker_residential_RoomCeiling_01) by extensions ['ignore', 'ignore_ament_install']
[0.768s] Level 1:colcon.colcon_core.package_identification:_identify(aws-robomaker-small-house-world/models/aws_robomaker_residential_RoomCeiling_01) by extension 'ignore'
[0.768s] Level 1:colcon.colcon_core.package_identification:_identify(aws-robomaker-small-house-world/models/aws_robomaker_residential_RoomCeiling_01) by extension 'ignore_ament_install'
[0.768s] Level 1:colcon.colcon_core.package_identification:_identify(aws-robomaker-small-house-world/models/aws_robomaker_residential_RoomCeiling_01) by extensions ['colcon_pkg']
[0.768s] Level 1:colcon.colcon_core.package_identification:_identify(aws-robomaker-small-house-world/models/aws_robomaker_residential_RoomCeiling_01) by extension 'colcon_pkg'
[0.768s] Level 1:colcon.colcon_core.package_identification:_identify(aws-robomaker-small-house-world/models/aws_robomaker_residential_RoomCeiling_01) by extensions ['colcon_meta']
[0.768s] Level 1:colcon.colcon_core.package_identification:_identify(aws-robomaker-small-house-world/models/aws_robomaker_residential_RoomCeiling_01) by extension 'colcon_meta'
[0.768s] Level 1:colcon.colcon_core.package_identification:_identify(aws-robomaker-small-house-world/models/aws_robomaker_residential_RoomCeiling_01) by extensions ['ros']
[0.768s] Level 1:colcon.colcon_core.package_identification:_identify(aws-robomaker-small-house-world/models/aws_robomaker_residential_RoomCeiling_01) by extension 'ros'
[0.768s] Level 1:colcon.colcon_core.package_identification:_identify(aws-robomaker-small-house-world/models/aws_robomaker_residential_RoomCeiling_01) by extensions ['cmake', 'python']
[0.768s] Level 1:colcon.colcon_core.package_identification:_identify(aws-robomaker-small-house-world/models/aws_robomaker_residential_RoomCeiling_01) by extension 'cmake'
[0.768s] Level 1:colcon.colcon_core.package_identification:_identify(aws-robomaker-small-house-world/models/aws_robomaker_residential_RoomCeiling_01) by extension 'python'
[0.768s] Level 1:colcon.colcon_core.package_identification:_identify(aws-robomaker-small-house-world/models/aws_robomaker_residential_RoomCeiling_01) by extensions ['python_setup_py']
[0.768s] Level 1:colcon.colcon_core.package_identification:_identify(aws-robomaker-small-house-world/models/aws_robomaker_residential_RoomCeiling_01) by extension 'python_setup_py'
[0.768s] Level 1:colcon.colcon_core.package_identification:_identify(aws-robomaker-small-house-world/models/aws_robomaker_residential_RoomCeiling_01/materials) by extensions ['ignore', 'ignore_ament_install']
[0.768s] Level 1:colcon.colcon_core.package_identification:_identify(aws-robomaker-small-house-world/models/aws_robomaker_residential_RoomCeiling_01/materials) by extension 'ignore'
[0.768s] Level 1:colcon.colcon_core.package_identification:_identify(aws-robomaker-small-house-world/models/aws_robomaker_residential_RoomCeiling_01/materials) by extension 'ignore_ament_install'
[0.768s] Level 1:colcon.colcon_core.package_identification:_identify(aws-robomaker-small-house-world/models/aws_robomaker_residential_RoomCeiling_01/materials) by extensions ['colcon_pkg']
[0.768s] Level 1:colcon.colcon_core.package_identification:_identify(aws-robomaker-small-house-world/models/aws_robomaker_residential_RoomCeiling_01/materials) by extension 'colcon_pkg'
[0.768s] Level 1:colcon.colcon_core.package_identification:_identify(aws-robomaker-small-house-world/models/aws_robomaker_residential_RoomCeiling_01/materials) by extensions ['colcon_meta']
[0.768s] Level 1:colcon.colcon_core.package_identification:_identify(aws-robomaker-small-house-world/models/aws_robomaker_residential_RoomCeiling_01/materials) by extension 'colcon_meta'
[0.769s] Level 1:colcon.colcon_core.package_identification:_identify(aws-robomaker-small-house-world/models/aws_robomaker_residential_RoomCeiling_01/materials) by extensions ['ros']
[0.769s] Level 1:colcon.colcon_core.package_identification:_identify(aws-robomaker-small-house-world/models/aws_robomaker_residential_RoomCeiling_01/materials) by extension 'ros'
[0.769s] Level 1:colcon.colcon_core.package_identification:_identify(aws-robomaker-small-house-world/models/aws_robomaker_residential_RoomCeiling_01/materials) by extensions ['cmake', 'python']
[0.769s] Level 1:colcon.colcon_core.package_identification:_identify(aws-robomaker-small-house-world/models/aws_robomaker_residential_RoomCeiling_01/materials) by extension 'cmake'
[0.769s] Level 1:colcon.colcon_core.package_identification:_identify(aws-robomaker-small-house-world/models/aws_robomaker_residential_RoomCeiling_01/materials) by extension 'python'
[0.769s] Level 1:colcon.colcon_core.package_identification:_identify(aws-robomaker-small-house-world/models/aws_robomaker_residential_RoomCeiling_01/materials) by extensions ['python_setup_py']
[0.769s] Level 1:colcon.colcon_core.package_identification:_identify(aws-robomaker-small-house-world/models/aws_robomaker_residential_RoomCeiling_01/materials) by extension 'python_setup_py'
[0.769s] Level 1:colcon.colcon_core.package_identification:_identify(aws-robomaker-small-house-world/models/aws_robomaker_residential_RoomCeiling_01/materials/textures) by extensions ['ignore', 'ignore_ament_install']
[0.769s] Level 1:colcon.colcon_core.package_identification:_identify(aws-robomaker-small-house-world/models/aws_robomaker_residential_RoomCeiling_01/materials/textures) by extension 'ignore'
[0.769s] Level 1:colcon.colcon_core.package_identification:_identify(aws-robomaker-small-house-world/models/aws_robomaker_residential_RoomCeiling_01/materials/textures) by extension 'ignore_ament_install'
[0.769s] Level 1:colcon.colcon_core.package_identification:_identify(aws-robomaker-small-house-world/models/aws_robomaker_residential_RoomCeiling_01/materials/textures) by extensions ['colcon_pkg']
[0.769s] Level 1:colcon.colcon_core.package_identification:_identify(aws-robomaker-small-house-world/models/aws_robomaker_residential_RoomCeiling_01/materials/textures) by extension 'colcon_pkg'
[0.769s] Level 1:colcon.colcon_core.package_identification:_identify(aws-robomaker-small-house-world/models/aws_robomaker_residential_RoomCeiling_01/materials/textures) by extensions ['colcon_meta']
[0.769s] Level 1:colcon.colcon_core.package_identification:_identify(aws-robomaker-small-house-world/models/aws_robomaker_residential_RoomCeiling_01/materials/textures) by extension 'colcon_meta'
[0.769s] Level 1:colcon.colcon_core.package_identification:_identify(aws-robomaker-small-house-world/models/aws_robomaker_residential_RoomCeiling_01/materials/textures) by extensions ['ros']
[0.769s] Level 1:colcon.colcon_core.package_identification:_identify(aws-robomaker-small-house-world/models/aws_robomaker_residential_RoomCeiling_01/materials/textures) by extension 'ros'
[0.769s] Level 1:colcon.colcon_core.package_identification:_identify(aws-robomaker-small-house-world/models/aws_robomaker_residential_RoomCeiling_01/materials/textures) by extensions ['cmake', 'python']
[0.769s] Level 1:colcon.colcon_core.package_identification:_identify(aws-robomaker-small-house-world/models/aws_robomaker_residential_RoomCeiling_01/materials/textures) by extension 'cmake'
[0.769s] Level 1:colcon.colcon_core.package_identification:_identify(aws-robomaker-small-house-world/models/aws_robomaker_residential_RoomCeiling_01/materials/textures) by extension 'python'
[0.769s] Level 1:colcon.colcon_core.package_identification:_identify(aws-robomaker-small-house-world/models/aws_robomaker_residential_RoomCeiling_01/materials/textures) by extensions ['python_setup_py']
[0.769s] Level 1:colcon.colcon_core.package_identification:_identify(aws-robomaker-small-house-world/models/aws_robomaker_residential_RoomCeiling_01/materials/textures) by extension 'python_setup_py'
[0.769s] Level 1:colcon.colcon_core.package_identification:_identify(aws-robomaker-small-house-world/models/aws_robomaker_residential_RoomCeiling_01/meshes) by extensions ['ignore', 'ignore_ament_install']
[0.770s] Level 1:colcon.colcon_core.package_identification:_identify(aws-robomaker-small-house-world/models/aws_robomaker_residential_RoomCeiling_01/meshes) by extension 'ignore'
[0.770s] Level 1:colcon.colcon_core.package_identification:_identify(aws-robomaker-small-house-world/models/aws_robomaker_residential_RoomCeiling_01/meshes) by extension 'ignore_ament_install'
[0.770s] Level 1:colcon.colcon_core.package_identification:_identify(aws-robomaker-small-house-world/models/aws_robomaker_residential_RoomCeiling_01/meshes) by extensions ['colcon_pkg']
[0.770s] Level 1:colcon.colcon_core.package_identification:_identify(aws-robomaker-small-house-world/models/aws_robomaker_residential_RoomCeiling_01/meshes) by extension 'colcon_pkg'
[0.770s] Level 1:colcon.colcon_core.package_identification:_identify(aws-robomaker-small-house-world/models/aws_robomaker_residential_RoomCeiling_01/meshes) by extensions ['colcon_meta']
[0.770s] Level 1:colcon.colcon_core.package_identification:_identify(aws-robomaker-small-house-world/models/aws_robomaker_residential_RoomCeiling_01/meshes) by extension 'colcon_meta'
[0.770s] Level 1:colcon.colcon_core.package_identification:_identify(aws-robomaker-small-house-world/models/aws_robomaker_residential_RoomCeiling_01/meshes) by extensions ['ros']
[0.770s] Level 1:colcon.colcon_core.package_identification:_identify(aws-robomaker-small-house-world/models/aws_robomaker_residential_RoomCeiling_01/meshes) by extension 'ros'
[0.770s] Level 1:colcon.colcon_core.package_identification:_identify(aws-robomaker-small-house-world/models/aws_robomaker_residential_RoomCeiling_01/meshes) by extensions ['cmake', 'python']
[0.770s] Level 1:colcon.colcon_core.package_identification:_identify(aws-robomaker-small-house-world/models/aws_robomaker_residential_RoomCeiling_01/meshes) by extension 'cmake'
[0.770s] Level 1:colcon.colcon_core.package_identification:_identify(aws-robomaker-small-house-world/models/aws_robomaker_residential_RoomCeiling_01/meshes) by extension 'python'
[0.770s] Level 1:colcon.colcon_core.package_identification:_identify(aws-robomaker-small-house-world/models/aws_robomaker_residential_RoomCeiling_01/meshes) by extensions ['python_setup_py']
[0.770s] Level 1:colcon.colcon_core.package_identification:_identify(aws-robomaker-small-house-world/models/aws_robomaker_residential_RoomCeiling_01/meshes) by extension 'python_setup_py'
[0.770s] Level 1:colcon.colcon_core.package_identification:_identify(aws-robomaker-small-house-world/models/aws_robomaker_residential_RoomWall_01) by extensions ['ignore', 'ignore_ament_install']
[0.770s] Level 1:colcon.colcon_core.package_identification:_identify(aws-robomaker-small-house-world/models/aws_robomaker_residential_RoomWall_01) by extension 'ignore'
[0.770s] Level 1:colcon.colcon_core.package_identification:_identify(aws-robomaker-small-house-world/models/aws_robomaker_residential_RoomWall_01) by extension 'ignore_ament_install'
[0.770s] Level 1:colcon.colcon_core.package_identification:_identify(aws-robomaker-small-house-world/models/aws_robomaker_residential_RoomWall_01) by extensions ['colcon_pkg']
[0.770s] Level 1:colcon.colcon_core.package_identification:_identify(aws-robomaker-small-house-world/models/aws_robomaker_residential_RoomWall_01) by extension 'colcon_pkg'
[0.770s] Level 1:colcon.colcon_core.package_identification:_identify(aws-robomaker-small-house-world/models/aws_robomaker_residential_RoomWall_01) by extensions ['colcon_meta']
[0.770s] Level 1:colcon.colcon_core.package_identification:_identify(aws-robomaker-small-house-world/models/aws_robomaker_residential_RoomWall_01) by extension 'colcon_meta'
[0.770s] Level 1:colcon.colcon_core.package_identification:_identify(aws-robomaker-small-house-world/models/aws_robomaker_residential_RoomWall_01) by extensions ['ros']
[0.770s] Level 1:colcon.colcon_core.package_identification:_identify(aws-robomaker-small-house-world/models/aws_robomaker_residential_RoomWall_01) by extension 'ros'
[0.770s] Level 1:colcon.colcon_core.package_identification:_identify(aws-robomaker-small-house-world/models/aws_robomaker_residential_RoomWall_01) by extensions ['cmake', 'python']
[0.770s] Level 1:colcon.colcon_core.package_identification:_identify(aws-robomaker-small-house-world/models/aws_robomaker_residential_RoomWall_01) by extension 'cmake'
[0.771s] Level 1:colcon.colcon_core.package_identification:_identify(aws-robomaker-small-house-world/models/aws_robomaker_residential_RoomWall_01) by extension 'python'
[0.771s] Level 1:colcon.colcon_core.package_identification:_identify(aws-robomaker-small-house-world/models/aws_robomaker_residential_RoomWall_01) by extensions ['python_setup_py']
[0.771s] Level 1:colcon.colcon_core.package_identification:_identify(aws-robomaker-small-house-world/models/aws_robomaker_residential_RoomWall_01) by extension 'python_setup_py'
[0.771s] Level 1:colcon.colcon_core.package_identification:_identify(aws-robomaker-small-house-world/models/aws_robomaker_residential_RoomWall_01/materials) by extensions ['ignore', 'ignore_ament_install']
[0.771s] Level 1:colcon.colcon_core.package_identification:_identify(aws-robomaker-small-house-world/models/aws_robomaker_residential_RoomWall_01/materials) by extension 'ignore'
[0.771s] Level 1:colcon.colcon_core.package_identification:_identify(aws-robomaker-small-house-world/models/aws_robomaker_residential_RoomWall_01/materials) by extension 'ignore_ament_install'
[0.771s] Level 1:colcon.colcon_core.package_identification:_identify(aws-robomaker-small-house-world/models/aws_robomaker_residential_RoomWall_01/materials) by extensions ['colcon_pkg']
[0.771s] Level 1:colcon.colcon_core.package_identification:_identify(aws-robomaker-small-house-world/models/aws_robomaker_residential_RoomWall_01/materials) by extension 'colcon_pkg'
[0.771s] Level 1:colcon.colcon_core.package_identification:_identify(aws-robomaker-small-house-world/models/aws_robomaker_residential_RoomWall_01/materials) by extensions ['colcon_meta']
[0.771s] Level 1:colcon.colcon_core.package_identification:_identify(aws-robomaker-small-house-world/models/aws_robomaker_residential_RoomWall_01/materials) by extension 'colcon_meta'
[0.771s] Level 1:colcon.colcon_core.package_identification:_identify(aws-robomaker-small-house-world/models/aws_robomaker_residential_RoomWall_01/materials) by extensions ['ros']
[0.771s] Level 1:colcon.colcon_core.package_identification:_identify(aws-robomaker-small-house-world/models/aws_robomaker_residential_RoomWall_01/materials) by extension 'ros'
[0.771s] Level 1:colcon.colcon_core.package_identification:_identify(aws-robomaker-small-house-world/models/aws_robomaker_residential_RoomWall_01/materials) by extensions ['cmake', 'python']
[0.771s] Level 1:colcon.colcon_core.package_identification:_identify(aws-robomaker-small-house-world/models/aws_robomaker_residential_RoomWall_01/materials) by extension 'cmake'
[0.771s] Level 1:colcon.colcon_core.package_identification:_identify(aws-robomaker-small-house-world/models/aws_robomaker_residential_RoomWall_01/materials) by extension 'python'
[0.771s] Level 1:colcon.colcon_core.package_identification:_identify(aws-robomaker-small-house-world/models/aws_robomaker_residential_RoomWall_01/materials) by extensions ['python_setup_py']
[0.771s] Level 1:colcon.colcon_core.package_identification:_identify(aws-robomaker-small-house-world/models/aws_robomaker_residential_RoomWall_01/materials) by extension 'python_setup_py'
[0.771s] Level 1:colcon.colcon_core.package_identification:_identify(aws-robomaker-small-house-world/models/aws_robomaker_residential_RoomWall_01/materials/textures) by extensions ['ignore', 'ignore_ament_install']
[0.771s] Level 1:colcon.colcon_core.package_identification:_identify(aws-robomaker-small-house-world/models/aws_robomaker_residential_RoomWall_01/materials/textures) by extension 'ignore'
[0.771s] Level 1:colcon.colcon_core.package_identification:_identify(aws-robomaker-small-house-world/models/aws_robomaker_residential_RoomWall_01/materials/textures) by extension 'ignore_ament_install'
[0.771s] Level 1:colcon.colcon_core.package_identification:_identify(aws-robomaker-small-house-world/models/aws_robomaker_residential_RoomWall_01/materials/textures) by extensions ['colcon_pkg']
[0.772s] Level 1:colcon.colcon_core.package_identification:_identify(aws-robomaker-small-house-world/models/aws_robomaker_residential_RoomWall_01/materials/textures) by extension 'colcon_pkg'
[0.772s] Level 1:colcon.colcon_core.package_identification:_identify(aws-robomaker-small-house-world/models/aws_robomaker_residential_RoomWall_01/materials/textures) by extensions ['colcon_meta']
[0.772s] Level 1:colcon.colcon_core.package_identification:_identify(aws-robomaker-small-house-world/models/aws_robomaker_residential_RoomWall_01/materials/textures) by extension 'colcon_meta'
[0.772s] Level 1:colcon.colcon_core.package_identification:_identify(aws-robomaker-small-house-world/models/aws_robomaker_residential_RoomWall_01/materials/textures) by extensions ['ros']
[0.772s] Level 1:colcon.colcon_core.package_identification:_identify(aws-robomaker-small-house-world/models/aws_robomaker_residential_RoomWall_01/materials/textures) by extension 'ros'
[0.772s] Level 1:colcon.colcon_core.package_identification:_identify(aws-robomaker-small-house-world/models/aws_robomaker_residential_RoomWall_01/materials/textures) by extensions ['cmake', 'python']
[0.772s] Level 1:colcon.colcon_core.package_identification:_identify(aws-robomaker-small-house-world/models/aws_robomaker_residential_RoomWall_01/materials/textures) by extension 'cmake'
[0.772s] Level 1:colcon.colcon_core.package_identification:_identify(aws-robomaker-small-house-world/models/aws_robomaker_residential_RoomWall_01/materials/textures) by extension 'python'
[0.772s] Level 1:colcon.colcon_core.package_identification:_identify(aws-robomaker-small-house-world/models/aws_robomaker_residential_RoomWall_01/materials/textures) by extensions ['python_setup_py']
[0.772s] Level 1:colcon.colcon_core.package_identification:_identify(aws-robomaker-small-house-world/models/aws_robomaker_residential_RoomWall_01/materials/textures) by extension 'python_setup_py'
[0.772s] Level 1:colcon.colcon_core.package_identification:_identify(aws-robomaker-small-house-world/models/aws_robomaker_residential_RoomWall_01/meshes) by extensions ['ignore', 'ignore_ament_install']
[0.772s] Level 1:colcon.colcon_core.package_identification:_identify(aws-robomaker-small-house-world/models/aws_robomaker_residential_RoomWall_01/meshes) by extension 'ignore'
[0.772s] Level 1:colcon.colcon_core.package_identification:_identify(aws-robomaker-small-house-world/models/aws_robomaker_residential_RoomWall_01/meshes) by extension 'ignore_ament_install'
[0.772s] Level 1:colcon.colcon_core.package_identification:_identify(aws-robomaker-small-house-world/models/aws_robomaker_residential_RoomWall_01/meshes) by extensions ['colcon_pkg']
[0.772s] Level 1:colcon.colcon_core.package_identification:_identify(aws-robomaker-small-house-world/models/aws_robomaker_residential_RoomWall_01/meshes) by extension 'colcon_pkg'
[0.772s] Level 1:colcon.colcon_core.package_identification:_identify(aws-robomaker-small-house-world/models/aws_robomaker_residential_RoomWall_01/meshes) by extensions ['colcon_meta']
[0.772s] Level 1:colcon.colcon_core.package_identification:_identify(aws-robomaker-small-house-world/models/aws_robomaker_residential_RoomWall_01/meshes) by extension 'colcon_meta'
[0.772s] Level 1:colcon.colcon_core.package_identification:_identify(aws-robomaker-small-house-world/models/aws_robomaker_residential_RoomWall_01/meshes) by extensions ['ros']
[0.772s] Level 1:colcon.colcon_core.package_identification:_identify(aws-robomaker-small-house-world/models/aws_robomaker_residential_RoomWall_01/meshes) by extension 'ros'
[0.772s] Level 1:colcon.colcon_core.package_identification:_identify(aws-robomaker-small-house-world/models/aws_robomaker_residential_RoomWall_01/meshes) by extensions ['cmake', 'python']
[0.772s] Level 1:colcon.colcon_core.package_identification:_identify(aws-robomaker-small-house-world/models/aws_robomaker_residential_RoomWall_01/meshes) by extension 'cmake'
[0.772s] Level 1:colcon.colcon_core.package_identification:_identify(aws-robomaker-small-house-world/models/aws_robomaker_residential_RoomWall_01/meshes) by extension 'python'
[0.772s] Level 1:colcon.colcon_core.package_identification:_identify(aws-robomaker-small-house-world/models/aws_robomaker_residential_RoomWall_01/meshes) by extensions ['python_setup_py']
[0.772s] Level 1:colcon.colcon_core.package_identification:_identify(aws-robomaker-small-house-world/models/aws_robomaker_residential_RoomWall_01/meshes) by extension 'python_setup_py'
[0.773s] Level 1:colcon.colcon_core.package_identification:_identify(aws-robomaker-small-house-world/models/aws_robomaker_residential_RoomWindow_01) by extensions ['ignore', 'ignore_ament_install']
[0.773s] Level 1:colcon.colcon_core.package_identification:_identify(aws-robomaker-small-house-world/models/aws_robomaker_residential_RoomWindow_01) by extension 'ignore'
[0.773s] Level 1:colcon.colcon_core.package_identification:_identify(aws-robomaker-small-house-world/models/aws_robomaker_residential_RoomWindow_01) by extension 'ignore_ament_install'
[0.773s] Level 1:colcon.colcon_core.package_identification:_identify(aws-robomaker-small-house-world/models/aws_robomaker_residential_RoomWindow_01) by extensions ['colcon_pkg']
[0.773s] Level 1:colcon.colcon_core.package_identification:_identify(aws-robomaker-small-house-world/models/aws_robomaker_residential_RoomWindow_01) by extension 'colcon_pkg'
[0.773s] Level 1:colcon.colcon_core.package_identification:_identify(aws-robomaker-small-house-world/models/aws_robomaker_residential_RoomWindow_01) by extensions ['colcon_meta']
[0.773s] Level 1:colcon.colcon_core.package_identification:_identify(aws-robomaker-small-house-world/models/aws_robomaker_residential_RoomWindow_01) by extension 'colcon_meta'
[0.773s] Level 1:colcon.colcon_core.package_identification:_identify(aws-robomaker-small-house-world/models/aws_robomaker_residential_RoomWindow_01) by extensions ['ros']
[0.773s] Level 1:colcon.colcon_core.package_identification:_identify(aws-robomaker-small-house-world/models/aws_robomaker_residential_RoomWindow_01) by extension 'ros'
[0.773s] Level 1:colcon.colcon_core.package_identification:_identify(aws-robomaker-small-house-world/models/aws_robomaker_residential_RoomWindow_01) by extensions ['cmake', 'python']
[0.773s] Level 1:colcon.colcon_core.package_identification:_identify(aws-robomaker-small-house-world/models/aws_robomaker_residential_RoomWindow_01) by extension 'cmake'
[0.773s] Level 1:colcon.colcon_core.package_identification:_identify(aws-robomaker-small-house-world/models/aws_robomaker_residential_RoomWindow_01) by extension 'python'
[0.773s] Level 1:colcon.colcon_core.package_identification:_identify(aws-robomaker-small-house-world/models/aws_robomaker_residential_RoomWindow_01) by extensions ['python_setup_py']
[0.773s] Level 1:colcon.colcon_core.package_identification:_identify(aws-robomaker-small-house-world/models/aws_robomaker_residential_RoomWindow_01) by extension 'python_setup_py'
[0.773s] Level 1:colcon.colcon_core.package_identification:_identify(aws-robomaker-small-house-world/models/aws_robomaker_residential_RoomWindow_01/materials) by extensions ['ignore', 'ignore_ament_install']
[0.773s] Level 1:colcon.colcon_core.package_identification:_identify(aws-robomaker-small-house-world/models/aws_robomaker_residential_RoomWindow_01/materials) by extension 'ignore'
[0.773s] Level 1:colcon.colcon_core.package_identification:_identify(aws-robomaker-small-house-world/models/aws_robomaker_residential_RoomWindow_01/materials) by extension 'ignore_ament_install'
[0.773s] Level 1:colcon.colcon_core.package_identification:_identify(aws-robomaker-small-house-world/models/aws_robomaker_residential_RoomWindow_01/materials) by extensions ['colcon_pkg']
[0.773s] Level 1:colcon.colcon_core.package_identification:_identify(aws-robomaker-small-house-world/models/aws_robomaker_residential_RoomWindow_01/materials) by extension 'colcon_pkg'
[0.773s] Level 1:colcon.colcon_core.package_identification:_identify(aws-robomaker-small-house-world/models/aws_robomaker_residential_RoomWindow_01/materials) by extensions ['colcon_meta']
[0.773s] Level 1:colcon.colcon_core.package_identification:_identify(aws-robomaker-small-house-world/models/aws_robomaker_residential_RoomWindow_01/materials) by extension 'colcon_meta'
[0.773s] Level 1:colcon.colcon_core.package_identification:_identify(aws-robomaker-small-house-world/models/aws_robomaker_residential_RoomWindow_01/materials) by extensions ['ros']
[0.773s] Level 1:colcon.colcon_core.package_identification:_identify(aws-robomaker-small-house-world/models/aws_robomaker_residential_RoomWindow_01/materials) by extension 'ros'
[0.773s] Level 1:colcon.colcon_core.package_identification:_identify(aws-robomaker-small-house-world/models/aws_robomaker_residential_RoomWindow_01/materials) by extensions ['cmake', 'python']
[0.774s] Level 1:colcon.colcon_core.package_identification:_identify(aws-robomaker-small-house-world/models/aws_robomaker_residential_RoomWindow_01/materials) by extension 'cmake'
[0.774s] Level 1:colcon.colcon_core.package_identification:_identify(aws-robomaker-small-house-world/models/aws_robomaker_residential_RoomWindow_01/materials) by extension 'python'
[0.774s] Level 1:colcon.colcon_core.package_identification:_identify(aws-robomaker-small-house-world/models/aws_robomaker_residential_RoomWindow_01/materials) by extensions ['python_setup_py']
[0.774s] Level 1:colcon.colcon_core.package_identification:_identify(aws-robomaker-small-house-world/models/aws_robomaker_residential_RoomWindow_01/materials) by extension 'python_setup_py'
[0.774s] Level 1:colcon.colcon_core.package_identification:_identify(aws-robomaker-small-house-world/models/aws_robomaker_residential_RoomWindow_01/materials/textures) by extensions ['ignore', 'ignore_ament_install']
[0.774s] Level 1:colcon.colcon_core.package_identification:_identify(aws-robomaker-small-house-world/models/aws_robomaker_residential_RoomWindow_01/materials/textures) by extension 'ignore'
[0.774s] Level 1:colcon.colcon_core.package_identification:_identify(aws-robomaker-small-house-world/models/aws_robomaker_residential_RoomWindow_01/materials/textures) by extension 'ignore_ament_install'
[0.774s] Level 1:colcon.colcon_core.package_identification:_identify(aws-robomaker-small-house-world/models/aws_robomaker_residential_RoomWindow_01/materials/textures) by extensions ['colcon_pkg']
[0.774s] Level 1:colcon.colcon_core.package_identification:_identify(aws-robomaker-small-house-world/models/aws_robomaker_residential_RoomWindow_01/materials/textures) by extension 'colcon_pkg'
[0.774s] Level 1:colcon.colcon_core.package_identification:_identify(aws-robomaker-small-house-world/models/aws_robomaker_residential_RoomWindow_01/materials/textures) by extensions ['colcon_meta']
[0.774s] Level 1:colcon.colcon_core.package_identification:_identify(aws-robomaker-small-house-world/models/aws_robomaker_residential_RoomWindow_01/materials/textures) by extension 'colcon_meta'
[0.774s] Level 1:colcon.colcon_core.package_identification:_identify(aws-robomaker-small-house-world/models/aws_robomaker_residential_RoomWindow_01/materials/textures) by extensions ['ros']
[0.774s] Level 1:colcon.colcon_core.package_identification:_identify(aws-robomaker-small-house-world/models/aws_robomaker_residential_RoomWindow_01/materials/textures) by extension 'ros'
[0.774s] Level 1:colcon.colcon_core.package_identification:_identify(aws-robomaker-small-house-world/models/aws_robomaker_residential_RoomWindow_01/materials/textures) by extensions ['cmake', 'python']
[0.774s] Level 1:colcon.colcon_core.package_identification:_identify(aws-robomaker-small-house-world/models/aws_robomaker_residential_RoomWindow_01/materials/textures) by extension 'cmake'
[0.774s] Level 1:colcon.colcon_core.package_identification:_identify(aws-robomaker-small-house-world/models/aws_robomaker_residential_RoomWindow_01/materials/textures) by extension 'python'
[0.774s] Level 1:colcon.colcon_core.package_identification:_identify(aws-robomaker-small-house-world/models/aws_robomaker_residential_RoomWindow_01/materials/textures) by extensions ['python_setup_py']
[0.774s] Level 1:colcon.colcon_core.package_identification:_identify(aws-robomaker-small-house-world/models/aws_robomaker_residential_RoomWindow_01/materials/textures) by extension 'python_setup_py'
[0.774s] Level 1:colcon.colcon_core.package_identification:_identify(aws-robomaker-small-house-world/models/aws_robomaker_residential_RoomWindow_01/meshes) by extensions ['ignore', 'ignore_ament_install']
[0.774s] Level 1:colcon.colcon_core.package_identification:_identify(aws-robomaker-small-house-world/models/aws_robomaker_residential_RoomWindow_01/meshes) by extension 'ignore'
[0.774s] Level 1:colcon.colcon_core.package_identification:_identify(aws-robomaker-small-house-world/models/aws_robomaker_residential_RoomWindow_01/meshes) by extension 'ignore_ament_install'
[0.774s] Level 1:colcon.colcon_core.package_identification:_identify(aws-robomaker-small-house-world/models/aws_robomaker_residential_RoomWindow_01/meshes) by extensions ['colcon_pkg']
[0.774s] Level 1:colcon.colcon_core.package_identification:_identify(aws-robomaker-small-house-world/models/aws_robomaker_residential_RoomWindow_01/meshes) by extension 'colcon_pkg'
[0.775s] Level 1:colcon.colcon_core.package_identification:_identify(aws-robomaker-small-house-world/models/aws_robomaker_residential_RoomWindow_01/meshes) by extensions ['colcon_meta']
[0.775s] Level 1:colcon.colcon_core.package_identification:_identify(aws-robomaker-small-house-world/models/aws_robomaker_residential_RoomWindow_01/meshes) by extension 'colcon_meta'
[0.775s] Level 1:colcon.colcon_core.package_identification:_identify(aws-robomaker-small-house-world/models/aws_robomaker_residential_RoomWindow_01/meshes) by extensions ['ros']
[0.775s] Level 1:colcon.colcon_core.package_identification:_identify(aws-robomaker-small-house-world/models/aws_robomaker_residential_RoomWindow_01/meshes) by extension 'ros'
[0.775s] Level 1:colcon.colcon_core.package_identification:_identify(aws-robomaker-small-house-world/models/aws_robomaker_residential_RoomWindow_01/meshes) by extensions ['cmake', 'python']
[0.775s] Level 1:colcon.colcon_core.package_identification:_identify(aws-robomaker-small-house-world/models/aws_robomaker_residential_RoomWindow_01/meshes) by extension 'cmake'
[0.775s] Level 1:colcon.colcon_core.package_identification:_identify(aws-robomaker-small-house-world/models/aws_robomaker_residential_RoomWindow_01/meshes) by extension 'python'
[0.775s] Level 1:colcon.colcon_core.package_identification:_identify(aws-robomaker-small-house-world/models/aws_robomaker_residential_RoomWindow_01/meshes) by extensions ['python_setup_py']
[0.775s] Level 1:colcon.colcon_core.package_identification:_identify(aws-robomaker-small-house-world/models/aws_robomaker_residential_RoomWindow_01/meshes) by extension 'python_setup_py'
[0.775s] Level 1:colcon.colcon_core.package_identification:_identify(aws-robomaker-small-house-world/models/aws_robomaker_residential_SeasoningBox_01) by extensions ['ignore', 'ignore_ament_install']
[0.775s] Level 1:colcon.colcon_core.package_identification:_identify(aws-robomaker-small-house-world/models/aws_robomaker_residential_SeasoningBox_01) by extension 'ignore'
[0.775s] Level 1:colcon.colcon_core.package_identification:_identify(aws-robomaker-small-house-world/models/aws_robomaker_residential_SeasoningBox_01) by extension 'ignore_ament_install'
[0.775s] Level 1:colcon.colcon_core.package_identification:_identify(aws-robomaker-small-house-world/models/aws_robomaker_residential_SeasoningBox_01) by extensions ['colcon_pkg']
[0.775s] Level 1:colcon.colcon_core.package_identification:_identify(aws-robomaker-small-house-world/models/aws_robomaker_residential_SeasoningBox_01) by extension 'colcon_pkg'
[0.775s] Level 1:colcon.colcon_core.package_identification:_identify(aws-robomaker-small-house-world/models/aws_robomaker_residential_SeasoningBox_01) by extensions ['colcon_meta']
[0.775s] Level 1:colcon.colcon_core.package_identification:_identify(aws-robomaker-small-house-world/models/aws_robomaker_residential_SeasoningBox_01) by extension 'colcon_meta'
[0.775s] Level 1:colcon.colcon_core.package_identification:_identify(aws-robomaker-small-house-world/models/aws_robomaker_residential_SeasoningBox_01) by extensions ['ros']
[0.775s] Level 1:colcon.colcon_core.package_identification:_identify(aws-robomaker-small-house-world/models/aws_robomaker_residential_SeasoningBox_01) by extension 'ros'
[0.775s] Level 1:colcon.colcon_core.package_identification:_identify(aws-robomaker-small-house-world/models/aws_robomaker_residential_SeasoningBox_01) by extensions ['cmake', 'python']
[0.775s] Level 1:colcon.colcon_core.package_identification:_identify(aws-robomaker-small-house-world/models/aws_robomaker_residential_SeasoningBox_01) by extension 'cmake'
[0.775s] Level 1:colcon.colcon_core.package_identification:_identify(aws-robomaker-small-house-world/models/aws_robomaker_residential_SeasoningBox_01) by extension 'python'
[0.775s] Level 1:colcon.colcon_core.package_identification:_identify(aws-robomaker-small-house-world/models/aws_robomaker_residential_SeasoningBox_01) by extensions ['python_setup_py']
[0.775s] Level 1:colcon.colcon_core.package_identification:_identify(aws-robomaker-small-house-world/models/aws_robomaker_residential_SeasoningBox_01) by extension 'python_setup_py'
[0.775s] Level 1:colcon.colcon_core.package_identification:_identify(aws-robomaker-small-house-world/models/aws_robomaker_residential_SeasoningBox_01/materials) by extensions ['ignore', 'ignore_ament_install']
[0.776s] Level 1:colcon.colcon_core.package_identification:_identify(aws-robomaker-small-house-world/models/aws_robomaker_residential_SeasoningBox_01/materials) by extension 'ignore'
[0.776s] Level 1:colcon.colcon_core.package_identification:_identify(aws-robomaker-small-house-world/models/aws_robomaker_residential_SeasoningBox_01/materials) by extension 'ignore_ament_install'
[0.776s] Level 1:colcon.colcon_core.package_identification:_identify(aws-robomaker-small-house-world/models/aws_robomaker_residential_SeasoningBox_01/materials) by extensions ['colcon_pkg']
[0.776s] Level 1:colcon.colcon_core.package_identification:_identify(aws-robomaker-small-house-world/models/aws_robomaker_residential_SeasoningBox_01/materials) by extension 'colcon_pkg'
[0.776s] Level 1:colcon.colcon_core.package_identification:_identify(aws-robomaker-small-house-world/models/aws_robomaker_residential_SeasoningBox_01/materials) by extensions ['colcon_meta']
[0.776s] Level 1:colcon.colcon_core.package_identification:_identify(aws-robomaker-small-house-world/models/aws_robomaker_residential_SeasoningBox_01/materials) by extension 'colcon_meta'
[0.776s] Level 1:colcon.colcon_core.package_identification:_identify(aws-robomaker-small-house-world/models/aws_robomaker_residential_SeasoningBox_01/materials) by extensions ['ros']
[0.776s] Level 1:colcon.colcon_core.package_identification:_identify(aws-robomaker-small-house-world/models/aws_robomaker_residential_SeasoningBox_01/materials) by extension 'ros'
[0.776s] Level 1:colcon.colcon_core.package_identification:_identify(aws-robomaker-small-house-world/models/aws_robomaker_residential_SeasoningBox_01/materials) by extensions ['cmake', 'python']
[0.776s] Level 1:colcon.colcon_core.package_identification:_identify(aws-robomaker-small-house-world/models/aws_robomaker_residential_SeasoningBox_01/materials) by extension 'cmake'
[0.776s] Level 1:colcon.colcon_core.package_identification:_identify(aws-robomaker-small-house-world/models/aws_robomaker_residential_SeasoningBox_01/materials) by extension 'python'
[0.776s] Level 1:colcon.colcon_core.package_identification:_identify(aws-robomaker-small-house-world/models/aws_robomaker_residential_SeasoningBox_01/materials) by extensions ['python_setup_py']
[0.776s] Level 1:colcon.colcon_core.package_identification:_identify(aws-robomaker-small-house-world/models/aws_robomaker_residential_SeasoningBox_01/materials) by extension 'python_setup_py'
[0.776s] Level 1:colcon.colcon_core.package_identification:_identify(aws-robomaker-small-house-world/models/aws_robomaker_residential_SeasoningBox_01/materials/textures) by extensions ['ignore', 'ignore_ament_install']
[0.776s] Level 1:colcon.colcon_core.package_identification:_identify(aws-robomaker-small-house-world/models/aws_robomaker_residential_SeasoningBox_01/materials/textures) by extension 'ignore'
[0.776s] Level 1:colcon.colcon_core.package_identification:_identify(aws-robomaker-small-house-world/models/aws_robomaker_residential_SeasoningBox_01/materials/textures) by extension 'ignore_ament_install'
[0.776s] Level 1:colcon.colcon_core.package_identification:_identify(aws-robomaker-small-house-world/models/aws_robomaker_residential_SeasoningBox_01/materials/textures) by extensions ['colcon_pkg']
[0.776s] Level 1:colcon.colcon_core.package_identification:_identify(aws-robomaker-small-house-world/models/aws_robomaker_residential_SeasoningBox_01/materials/textures) by extension 'colcon_pkg'
[0.776s] Level 1:colcon.colcon_core.package_identification:_identify(aws-robomaker-small-house-world/models/aws_robomaker_residential_SeasoningBox_01/materials/textures) by extensions ['colcon_meta']
[0.776s] Level 1:colcon.colcon_core.package_identification:_identify(aws-robomaker-small-house-world/models/aws_robomaker_residential_SeasoningBox_01/materials/textures) by extension 'colcon_meta'
[0.776s] Level 1:colcon.colcon_core.package_identification:_identify(aws-robomaker-small-house-world/models/aws_robomaker_residential_SeasoningBox_01/materials/textures) by extensions ['ros']
[0.776s] Level 1:colcon.colcon_core.package_identification:_identify(aws-robomaker-small-house-world/models/aws_robomaker_residential_SeasoningBox_01/materials/textures) by extension 'ros'
[0.776s] Level 1:colcon.colcon_core.package_identification:_identify(aws-robomaker-small-house-world/models/aws_robomaker_residential_SeasoningBox_01/materials/textures) by extensions ['cmake', 'python']
[0.777s] Level 1:colcon.colcon_core.package_identification:_identify(aws-robomaker-small-house-world/models/aws_robomaker_residential_SeasoningBox_01/materials/textures) by extension 'cmake'
[0.777s] Level 1:colcon.colcon_core.package_identification:_identify(aws-robomaker-small-house-world/models/aws_robomaker_residential_SeasoningBox_01/materials/textures) by extension 'python'
[0.777s] Level 1:colcon.colcon_core.package_identification:_identify(aws-robomaker-small-house-world/models/aws_robomaker_residential_SeasoningBox_01/materials/textures) by extensions ['python_setup_py']
[0.777s] Level 1:colcon.colcon_core.package_identification:_identify(aws-robomaker-small-house-world/models/aws_robomaker_residential_SeasoningBox_01/materials/textures) by extension 'python_setup_py'
[0.777s] Level 1:colcon.colcon_core.package_identification:_identify(aws-robomaker-small-house-world/models/aws_robomaker_residential_SeasoningBox_01/meshes) by extensions ['ignore', 'ignore_ament_install']
[0.777s] Level 1:colcon.colcon_core.package_identification:_identify(aws-robomaker-small-house-world/models/aws_robomaker_residential_SeasoningBox_01/meshes) by extension 'ignore'
[0.777s] Level 1:colcon.colcon_core.package_identification:_identify(aws-robomaker-small-house-world/models/aws_robomaker_residential_SeasoningBox_01/meshes) by extension 'ignore_ament_install'
[0.777s] Level 1:colcon.colcon_core.package_identification:_identify(aws-robomaker-small-house-world/models/aws_robomaker_residential_SeasoningBox_01/meshes) by extensions ['colcon_pkg']
[0.777s] Level 1:colcon.colcon_core.package_identification:_identify(aws-robomaker-small-house-world/models/aws_robomaker_residential_SeasoningBox_01/meshes) by extension 'colcon_pkg'
[0.777s] Level 1:colcon.colcon_core.package_identification:_identify(aws-robomaker-small-house-world/models/aws_robomaker_residential_SeasoningBox_01/meshes) by extensions ['colcon_meta']
[0.777s] Level 1:colcon.colcon_core.package_identification:_identify(aws-robomaker-small-house-world/models/aws_robomaker_residential_SeasoningBox_01/meshes) by extension 'colcon_meta'
[0.777s] Level 1:colcon.colcon_core.package_identification:_identify(aws-robomaker-small-house-world/models/aws_robomaker_residential_SeasoningBox_01/meshes) by extensions ['ros']
[0.777s] Level 1:colcon.colcon_core.package_identification:_identify(aws-robomaker-small-house-world/models/aws_robomaker_residential_SeasoningBox_01/meshes) by extension 'ros'
[0.777s] Level 1:colcon.colcon_core.package_identification:_identify(aws-robomaker-small-house-world/models/aws_robomaker_residential_SeasoningBox_01/meshes) by extensions ['cmake', 'python']
[0.777s] Level 1:colcon.colcon_core.package_identification:_identify(aws-robomaker-small-house-world/models/aws_robomaker_residential_SeasoningBox_01/meshes) by extension 'cmake'
[0.777s] Level 1:colcon.colcon_core.package_identification:_identify(aws-robomaker-small-house-world/models/aws_robomaker_residential_SeasoningBox_01/meshes) by extension 'python'
[0.777s] Level 1:colcon.colcon_core.package_identification:_identify(aws-robomaker-small-house-world/models/aws_robomaker_residential_SeasoningBox_01/meshes) by extensions ['python_setup_py']
[0.777s] Level 1:colcon.colcon_core.package_identification:_identify(aws-robomaker-small-house-world/models/aws_robomaker_residential_SeasoningBox_01/meshes) by extension 'python_setup_py'
[0.777s] Level 1:colcon.colcon_core.package_identification:_identify(aws-robomaker-small-house-world/models/aws_robomaker_residential_SecurityCamera_01) by extensions ['ignore', 'ignore_ament_install']
[0.777s] Level 1:colcon.colcon_core.package_identification:_identify(aws-robomaker-small-house-world/models/aws_robomaker_residential_SecurityCamera_01) by extension 'ignore'
[0.777s] Level 1:colcon.colcon_core.package_identification:_identify(aws-robomaker-small-house-world/models/aws_robomaker_residential_SecurityCamera_01) by extension 'ignore_ament_install'
[0.777s] Level 1:colcon.colcon_core.package_identification:_identify(aws-robomaker-small-house-world/models/aws_robomaker_residential_SecurityCamera_01) by extensions ['colcon_pkg']
[0.777s] Level 1:colcon.colcon_core.package_identification:_identify(aws-robomaker-small-house-world/models/aws_robomaker_residential_SecurityCamera_01) by extension 'colcon_pkg'
[0.778s] Level 1:colcon.colcon_core.package_identification:_identify(aws-robomaker-small-house-world/models/aws_robomaker_residential_SecurityCamera_01) by extensions ['colcon_meta']
[0.778s] Level 1:colcon.colcon_core.package_identification:_identify(aws-robomaker-small-house-world/models/aws_robomaker_residential_SecurityCamera_01) by extension 'colcon_meta'
[0.778s] Level 1:colcon.colcon_core.package_identification:_identify(aws-robomaker-small-house-world/models/aws_robomaker_residential_SecurityCamera_01) by extensions ['ros']
[0.778s] Level 1:colcon.colcon_core.package_identification:_identify(aws-robomaker-small-house-world/models/aws_robomaker_residential_SecurityCamera_01) by extension 'ros'
[0.778s] Level 1:colcon.colcon_core.package_identification:_identify(aws-robomaker-small-house-world/models/aws_robomaker_residential_SecurityCamera_01) by extensions ['cmake', 'python']
[0.778s] Level 1:colcon.colcon_core.package_identification:_identify(aws-robomaker-small-house-world/models/aws_robomaker_residential_SecurityCamera_01) by extension 'cmake'
[0.778s] Level 1:colcon.colcon_core.package_identification:_identify(aws-robomaker-small-house-world/models/aws_robomaker_residential_SecurityCamera_01) by extension 'python'
[0.778s] Level 1:colcon.colcon_core.package_identification:_identify(aws-robomaker-small-house-world/models/aws_robomaker_residential_SecurityCamera_01) by extensions ['python_setup_py']
[0.778s] Level 1:colcon.colcon_core.package_identification:_identify(aws-robomaker-small-house-world/models/aws_robomaker_residential_SecurityCamera_01) by extension 'python_setup_py'
[0.778s] Level 1:colcon.colcon_core.package_identification:_identify(aws-robomaker-small-house-world/models/aws_robomaker_residential_SecurityCamera_01/materials) by extensions ['ignore', 'ignore_ament_install']
[0.778s] Level 1:colcon.colcon_core.package_identification:_identify(aws-robomaker-small-house-world/models/aws_robomaker_residential_SecurityCamera_01/materials) by extension 'ignore'
[0.778s] Level 1:colcon.colcon_core.package_identification:_identify(aws-robomaker-small-house-world/models/aws_robomaker_residential_SecurityCamera_01/materials) by extension 'ignore_ament_install'
[0.778s] Level 1:colcon.colcon_core.package_identification:_identify(aws-robomaker-small-house-world/models/aws_robomaker_residential_SecurityCamera_01/materials) by extensions ['colcon_pkg']
[0.778s] Level 1:colcon.colcon_core.package_identification:_identify(aws-robomaker-small-house-world/models/aws_robomaker_residential_SecurityCamera_01/materials) by extension 'colcon_pkg'
[0.778s] Level 1:colcon.colcon_core.package_identification:_identify(aws-robomaker-small-house-world/models/aws_robomaker_residential_SecurityCamera_01/materials) by extensions ['colcon_meta']
[0.778s] Level 1:colcon.colcon_core.package_identification:_identify(aws-robomaker-small-house-world/models/aws_robomaker_residential_SecurityCamera_01/materials) by extension 'colcon_meta'
[0.778s] Level 1:colcon.colcon_core.package_identification:_identify(aws-robomaker-small-house-world/models/aws_robomaker_residential_SecurityCamera_01/materials) by extensions ['ros']
[0.778s] Level 1:colcon.colcon_core.package_identification:_identify(aws-robomaker-small-house-world/models/aws_robomaker_residential_SecurityCamera_01/materials) by extension 'ros'
[0.778s] Level 1:colcon.colcon_core.package_identification:_identify(aws-robomaker-small-house-world/models/aws_robomaker_residential_SecurityCamera_01/materials) by extensions ['cmake', 'python']
[0.778s] Level 1:colcon.colcon_core.package_identification:_identify(aws-robomaker-small-house-world/models/aws_robomaker_residential_SecurityCamera_01/materials) by extension 'cmake'
[0.778s] Level 1:colcon.colcon_core.package_identification:_identify(aws-robomaker-small-house-world/models/aws_robomaker_residential_SecurityCamera_01/materials) by extension 'python'
[0.778s] Level 1:colcon.colcon_core.package_identification:_identify(aws-robomaker-small-house-world/models/aws_robomaker_residential_SecurityCamera_01/materials) by extensions ['python_setup_py']
[0.778s] Level 1:colcon.colcon_core.package_identification:_identify(aws-robomaker-small-house-world/models/aws_robomaker_residential_SecurityCamera_01/materials) by extension 'python_setup_py'
[0.779s] Level 1:colcon.colcon_core.package_identification:_identify(aws-robomaker-small-house-world/models/aws_robomaker_residential_SecurityCamera_01/materials/textures) by extensions ['ignore', 'ignore_ament_install']
[0.779s] Level 1:colcon.colcon_core.package_identification:_identify(aws-robomaker-small-house-world/models/aws_robomaker_residential_SecurityCamera_01/materials/textures) by extension 'ignore'
[0.779s] Level 1:colcon.colcon_core.package_identification:_identify(aws-robomaker-small-house-world/models/aws_robomaker_residential_SecurityCamera_01/materials/textures) by extension 'ignore_ament_install'
[0.779s] Level 1:colcon.colcon_core.package_identification:_identify(aws-robomaker-small-house-world/models/aws_robomaker_residential_SecurityCamera_01/materials/textures) by extensions ['colcon_pkg']
[0.779s] Level 1:colcon.colcon_core.package_identification:_identify(aws-robomaker-small-house-world/models/aws_robomaker_residential_SecurityCamera_01/materials/textures) by extension 'colcon_pkg'
[0.779s] Level 1:colcon.colcon_core.package_identification:_identify(aws-robomaker-small-house-world/models/aws_robomaker_residential_SecurityCamera_01/materials/textures) by extensions ['colcon_meta']
[0.779s] Level 1:colcon.colcon_core.package_identification:_identify(aws-robomaker-small-house-world/models/aws_robomaker_residential_SecurityCamera_01/materials/textures) by extension 'colcon_meta'
[0.779s] Level 1:colcon.colcon_core.package_identification:_identify(aws-robomaker-small-house-world/models/aws_robomaker_residential_SecurityCamera_01/materials/textures) by extensions ['ros']
[0.779s] Level 1:colcon.colcon_core.package_identification:_identify(aws-robomaker-small-house-world/models/aws_robomaker_residential_SecurityCamera_01/materials/textures) by extension 'ros'
[0.779s] Level 1:colcon.colcon_core.package_identification:_identify(aws-robomaker-small-house-world/models/aws_robomaker_residential_SecurityCamera_01/materials/textures) by extensions ['cmake', 'python']
[0.779s] Level 1:colcon.colcon_core.package_identification:_identify(aws-robomaker-small-house-world/models/aws_robomaker_residential_SecurityCamera_01/materials/textures) by extension 'cmake'
[0.779s] Level 1:colcon.colcon_core.package_identification:_identify(aws-robomaker-small-house-world/models/aws_robomaker_residential_SecurityCamera_01/materials/textures) by extension 'python'
[0.779s] Level 1:colcon.colcon_core.package_identification:_identify(aws-robomaker-small-house-world/models/aws_robomaker_residential_SecurityCamera_01/materials/textures) by extensions ['python_setup_py']
[0.779s] Level 1:colcon.colcon_core.package_identification:_identify(aws-robomaker-small-house-world/models/aws_robomaker_residential_SecurityCamera_01/materials/textures) by extension 'python_setup_py'
[0.779s] Level 1:colcon.colcon_core.package_identification:_identify(aws-robomaker-small-house-world/models/aws_robomaker_residential_SecurityCamera_01/meshes) by extensions ['ignore', 'ignore_ament_install']
[0.779s] Level 1:colcon.colcon_core.package_identification:_identify(aws-robomaker-small-house-world/models/aws_robomaker_residential_SecurityCamera_01/meshes) by extension 'ignore'
[0.779s] Level 1:colcon.colcon_core.package_identification:_identify(aws-robomaker-small-house-world/models/aws_robomaker_residential_SecurityCamera_01/meshes) by extension 'ignore_ament_install'
[0.779s] Level 1:colcon.colcon_core.package_identification:_identify(aws-robomaker-small-house-world/models/aws_robomaker_residential_SecurityCamera_01/meshes) by extensions ['colcon_pkg']
[0.779s] Level 1:colcon.colcon_core.package_identification:_identify(aws-robomaker-small-house-world/models/aws_robomaker_residential_SecurityCamera_01/meshes) by extension 'colcon_pkg'
[0.779s] Level 1:colcon.colcon_core.package_identification:_identify(aws-robomaker-small-house-world/models/aws_robomaker_residential_SecurityCamera_01/meshes) by extensions ['colcon_meta']
[0.779s] Level 1:colcon.colcon_core.package_identification:_identify(aws-robomaker-small-house-world/models/aws_robomaker_residential_SecurityCamera_01/meshes) by extension 'colcon_meta'
[0.779s] Level 1:colcon.colcon_core.package_identification:_identify(aws-robomaker-small-house-world/models/aws_robomaker_residential_SecurityCamera_01/meshes) by extensions ['ros']
[0.779s] Level 1:colcon.colcon_core.package_identification:_identify(aws-robomaker-small-house-world/models/aws_robomaker_residential_SecurityCamera_01/meshes) by extension 'ros'
[0.779s] Level 1:colcon.colcon_core.package_identification:_identify(aws-robomaker-small-house-world/models/aws_robomaker_residential_SecurityCamera_01/meshes) by extensions ['cmake', 'python']
[0.780s] Level 1:colcon.colcon_core.package_identification:_identify(aws-robomaker-small-house-world/models/aws_robomaker_residential_SecurityCamera_01/meshes) by extension 'cmake'
[0.780s] Level 1:colcon.colcon_core.package_identification:_identify(aws-robomaker-small-house-world/models/aws_robomaker_residential_SecurityCamera_01/meshes) by extension 'python'
[0.780s] Level 1:colcon.colcon_core.package_identification:_identify(aws-robomaker-small-house-world/models/aws_robomaker_residential_SecurityCamera_01/meshes) by extensions ['python_setup_py']
[0.780s] Level 1:colcon.colcon_core.package_identification:_identify(aws-robomaker-small-house-world/models/aws_robomaker_residential_SecurityCamera_01/meshes) by extension 'python_setup_py'
[0.780s] Level 1:colcon.colcon_core.package_identification:_identify(aws-robomaker-small-house-world/models/aws_robomaker_residential_ShoeRack_01) by extensions ['ignore', 'ignore_ament_install']
[0.780s] Level 1:colcon.colcon_core.package_identification:_identify(aws-robomaker-small-house-world/models/aws_robomaker_residential_ShoeRack_01) by extension 'ignore'
[0.780s] Level 1:colcon.colcon_core.package_identification:_identify(aws-robomaker-small-house-world/models/aws_robomaker_residential_ShoeRack_01) by extension 'ignore_ament_install'
[0.780s] Level 1:colcon.colcon_core.package_identification:_identify(aws-robomaker-small-house-world/models/aws_robomaker_residential_ShoeRack_01) by extensions ['colcon_pkg']
[0.780s] Level 1:colcon.colcon_core.package_identification:_identify(aws-robomaker-small-house-world/models/aws_robomaker_residential_ShoeRack_01) by extension 'colcon_pkg'
[0.780s] Level 1:colcon.colcon_core.package_identification:_identify(aws-robomaker-small-house-world/models/aws_robomaker_residential_ShoeRack_01) by extensions ['colcon_meta']
[0.780s] Level 1:colcon.colcon_core.package_identification:_identify(aws-robomaker-small-house-world/models/aws_robomaker_residential_ShoeRack_01) by extension 'colcon_meta'
[0.780s] Level 1:colcon.colcon_core.package_identification:_identify(aws-robomaker-small-house-world/models/aws_robomaker_residential_ShoeRack_01) by extensions ['ros']
[0.780s] Level 1:colcon.colcon_core.package_identification:_identify(aws-robomaker-small-house-world/models/aws_robomaker_residential_ShoeRack_01) by extension 'ros'
[0.780s] Level 1:colcon.colcon_core.package_identification:_identify(aws-robomaker-small-house-world/models/aws_robomaker_residential_ShoeRack_01) by extensions ['cmake', 'python']
[0.780s] Level 1:colcon.colcon_core.package_identification:_identify(aws-robomaker-small-house-world/models/aws_robomaker_residential_ShoeRack_01) by extension 'cmake'
[0.780s] Level 1:colcon.colcon_core.package_identification:_identify(aws-robomaker-small-house-world/models/aws_robomaker_residential_ShoeRack_01) by extension 'python'
[0.780s] Level 1:colcon.colcon_core.package_identification:_identify(aws-robomaker-small-house-world/models/aws_robomaker_residential_ShoeRack_01) by extensions ['python_setup_py']
[0.780s] Level 1:colcon.colcon_core.package_identification:_identify(aws-robomaker-small-house-world/models/aws_robomaker_residential_ShoeRack_01) by extension 'python_setup_py'
[0.780s] Level 1:colcon.colcon_core.package_identification:_identify(aws-robomaker-small-house-world/models/aws_robomaker_residential_ShoeRack_01/materials) by extensions ['ignore', 'ignore_ament_install']
[0.780s] Level 1:colcon.colcon_core.package_identification:_identify(aws-robomaker-small-house-world/models/aws_robomaker_residential_ShoeRack_01/materials) by extension 'ignore'
[0.780s] Level 1:colcon.colcon_core.package_identification:_identify(aws-robomaker-small-house-world/models/aws_robomaker_residential_ShoeRack_01/materials) by extension 'ignore_ament_install'
[0.780s] Level 1:colcon.colcon_core.package_identification:_identify(aws-robomaker-small-house-world/models/aws_robomaker_residential_ShoeRack_01/materials) by extensions ['colcon_pkg']
[0.780s] Level 1:colcon.colcon_core.package_identification:_identify(aws-robomaker-small-house-world/models/aws_robomaker_residential_ShoeRack_01/materials) by extension 'colcon_pkg'
[0.781s] Level 1:colcon.colcon_core.package_identification:_identify(aws-robomaker-small-house-world/models/aws_robomaker_residential_ShoeRack_01/materials) by extensions ['colcon_meta']
[0.781s] Level 1:colcon.colcon_core.package_identification:_identify(aws-robomaker-small-house-world/models/aws_robomaker_residential_ShoeRack_01/materials) by extension 'colcon_meta'
[0.781s] Level 1:colcon.colcon_core.package_identification:_identify(aws-robomaker-small-house-world/models/aws_robomaker_residential_ShoeRack_01/materials) by extensions ['ros']
[0.781s] Level 1:colcon.colcon_core.package_identification:_identify(aws-robomaker-small-house-world/models/aws_robomaker_residential_ShoeRack_01/materials) by extension 'ros'
[0.781s] Level 1:colcon.colcon_core.package_identification:_identify(aws-robomaker-small-house-world/models/aws_robomaker_residential_ShoeRack_01/materials) by extensions ['cmake', 'python']
[0.781s] Level 1:colcon.colcon_core.package_identification:_identify(aws-robomaker-small-house-world/models/aws_robomaker_residential_ShoeRack_01/materials) by extension 'cmake'
[0.781s] Level 1:colcon.colcon_core.package_identification:_identify(aws-robomaker-small-house-world/models/aws_robomaker_residential_ShoeRack_01/materials) by extension 'python'
[0.781s] Level 1:colcon.colcon_core.package_identification:_identify(aws-robomaker-small-house-world/models/aws_robomaker_residential_ShoeRack_01/materials) by extensions ['python_setup_py']
[0.781s] Level 1:colcon.colcon_core.package_identification:_identify(aws-robomaker-small-house-world/models/aws_robomaker_residential_ShoeRack_01/materials) by extension 'python_setup_py'
[0.781s] Level 1:colcon.colcon_core.package_identification:_identify(aws-robomaker-small-house-world/models/aws_robomaker_residential_ShoeRack_01/materials/textures) by extensions ['ignore', 'ignore_ament_install']
[0.781s] Level 1:colcon.colcon_core.package_identification:_identify(aws-robomaker-small-house-world/models/aws_robomaker_residential_ShoeRack_01/materials/textures) by extension 'ignore'
[0.781s] Level 1:colcon.colcon_core.package_identification:_identify(aws-robomaker-small-house-world/models/aws_robomaker_residential_ShoeRack_01/materials/textures) by extension 'ignore_ament_install'
[0.781s] Level 1:colcon.colcon_core.package_identification:_identify(aws-robomaker-small-house-world/models/aws_robomaker_residential_ShoeRack_01/materials/textures) by extensions ['colcon_pkg']
[0.781s] Level 1:colcon.colcon_core.package_identification:_identify(aws-robomaker-small-house-world/models/aws_robomaker_residential_ShoeRack_01/materials/textures) by extension 'colcon_pkg'
[0.781s] Level 1:colcon.colcon_core.package_identification:_identify(aws-robomaker-small-house-world/models/aws_robomaker_residential_ShoeRack_01/materials/textures) by extensions ['colcon_meta']
[0.781s] Level 1:colcon.colcon_core.package_identification:_identify(aws-robomaker-small-house-world/models/aws_robomaker_residential_ShoeRack_01/materials/textures) by extension 'colcon_meta'
[0.781s] Level 1:colcon.colcon_core.package_identification:_identify(aws-robomaker-small-house-world/models/aws_robomaker_residential_ShoeRack_01/materials/textures) by extensions ['ros']
[0.781s] Level 1:colcon.colcon_core.package_identification:_identify(aws-robomaker-small-house-world/models/aws_robomaker_residential_ShoeRack_01/materials/textures) by extension 'ros'
[0.781s] Level 1:colcon.colcon_core.package_identification:_identify(aws-robomaker-small-house-world/models/aws_robomaker_residential_ShoeRack_01/materials/textures) by extensions ['cmake', 'python']
[0.781s] Level 1:colcon.colcon_core.package_identification:_identify(aws-robomaker-small-house-world/models/aws_robomaker_residential_ShoeRack_01/materials/textures) by extension 'cmake'
[0.781s] Level 1:colcon.colcon_core.package_identification:_identify(aws-robomaker-small-house-world/models/aws_robomaker_residential_ShoeRack_01/materials/textures) by extension 'python'
[0.781s] Level 1:colcon.colcon_core.package_identification:_identify(aws-robomaker-small-house-world/models/aws_robomaker_residential_ShoeRack_01/materials/textures) by extensions ['python_setup_py']
[0.781s] Level 1:colcon.colcon_core.package_identification:_identify(aws-robomaker-small-house-world/models/aws_robomaker_residential_ShoeRack_01/materials/textures) by extension 'python_setup_py'
[0.782s] Level 1:colcon.colcon_core.package_identification:_identify(aws-robomaker-small-house-world/models/aws_robomaker_residential_ShoeRack_01/meshes) by extensions ['ignore', 'ignore_ament_install']
[0.782s] Level 1:colcon.colcon_core.package_identification:_identify(aws-robomaker-small-house-world/models/aws_robomaker_residential_ShoeRack_01/meshes) by extension 'ignore'
[0.782s] Level 1:colcon.colcon_core.package_identification:_identify(aws-robomaker-small-house-world/models/aws_robomaker_residential_ShoeRack_01/meshes) by extension 'ignore_ament_install'
[0.782s] Level 1:colcon.colcon_core.package_identification:_identify(aws-robomaker-small-house-world/models/aws_robomaker_residential_ShoeRack_01/meshes) by extensions ['colcon_pkg']
[0.782s] Level 1:colcon.colcon_core.package_identification:_identify(aws-robomaker-small-house-world/models/aws_robomaker_residential_ShoeRack_01/meshes) by extension 'colcon_pkg'
[0.782s] Level 1:colcon.colcon_core.package_identification:_identify(aws-robomaker-small-house-world/models/aws_robomaker_residential_ShoeRack_01/meshes) by extensions ['colcon_meta']
[0.782s] Level 1:colcon.colcon_core.package_identification:_identify(aws-robomaker-small-house-world/models/aws_robomaker_residential_ShoeRack_01/meshes) by extension 'colcon_meta'
[0.782s] Level 1:colcon.colcon_core.package_identification:_identify(aws-robomaker-small-house-world/models/aws_robomaker_residential_ShoeRack_01/meshes) by extensions ['ros']
[0.782s] Level 1:colcon.colcon_core.package_identification:_identify(aws-robomaker-small-house-world/models/aws_robomaker_residential_ShoeRack_01/meshes) by extension 'ros'
[0.782s] Level 1:colcon.colcon_core.package_identification:_identify(aws-robomaker-small-house-world/models/aws_robomaker_residential_ShoeRack_01/meshes) by extensions ['cmake', 'python']
[0.782s] Level 1:colcon.colcon_core.package_identification:_identify(aws-robomaker-small-house-world/models/aws_robomaker_residential_ShoeRack_01/meshes) by extension 'cmake'
[0.782s] Level 1:colcon.colcon_core.package_identification:_identify(aws-robomaker-small-house-world/models/aws_robomaker_residential_ShoeRack_01/meshes) by extension 'python'
[0.782s] Level 1:colcon.colcon_core.package_identification:_identify(aws-robomaker-small-house-world/models/aws_robomaker_residential_ShoeRack_01/meshes) by extensions ['python_setup_py']
[0.782s] Level 1:colcon.colcon_core.package_identification:_identify(aws-robomaker-small-house-world/models/aws_robomaker_residential_ShoeRack_01/meshes) by extension 'python_setup_py'
[0.782s] Level 1:colcon.colcon_core.package_identification:_identify(aws-robomaker-small-house-world/models/aws_robomaker_residential_SofaB_01) by extensions ['ignore', 'ignore_ament_install']
[0.782s] Level 1:colcon.colcon_core.package_identification:_identify(aws-robomaker-small-house-world/models/aws_robomaker_residential_SofaB_01) by extension 'ignore'
[0.782s] Level 1:colcon.colcon_core.package_identification:_identify(aws-robomaker-small-house-world/models/aws_robomaker_residential_SofaB_01) by extension 'ignore_ament_install'
[0.782s] Level 1:colcon.colcon_core.package_identification:_identify(aws-robomaker-small-house-world/models/aws_robomaker_residential_SofaB_01) by extensions ['colcon_pkg']
[0.782s] Level 1:colcon.colcon_core.package_identification:_identify(aws-robomaker-small-house-world/models/aws_robomaker_residential_SofaB_01) by extension 'colcon_pkg'
[0.782s] Level 1:colcon.colcon_core.package_identification:_identify(aws-robomaker-small-house-world/models/aws_robomaker_residential_SofaB_01) by extensions ['colcon_meta']
[0.782s] Level 1:colcon.colcon_core.package_identification:_identify(aws-robomaker-small-house-world/models/aws_robomaker_residential_SofaB_01) by extension 'colcon_meta'
[0.782s] Level 1:colcon.colcon_core.package_identification:_identify(aws-robomaker-small-house-world/models/aws_robomaker_residential_SofaB_01) by extensions ['ros']
[0.782s] Level 1:colcon.colcon_core.package_identification:_identify(aws-robomaker-small-house-world/models/aws_robomaker_residential_SofaB_01) by extension 'ros'
[0.783s] Level 1:colcon.colcon_core.package_identification:_identify(aws-robomaker-small-house-world/models/aws_robomaker_residential_SofaB_01) by extensions ['cmake', 'python']
[0.783s] Level 1:colcon.colcon_core.package_identification:_identify(aws-robomaker-small-house-world/models/aws_robomaker_residential_SofaB_01) by extension 'cmake'
[0.783s] Level 1:colcon.colcon_core.package_identification:_identify(aws-robomaker-small-house-world/models/aws_robomaker_residential_SofaB_01) by extension 'python'
[0.783s] Level 1:colcon.colcon_core.package_identification:_identify(aws-robomaker-small-house-world/models/aws_robomaker_residential_SofaB_01) by extensions ['python_setup_py']
[0.783s] Level 1:colcon.colcon_core.package_identification:_identify(aws-robomaker-small-house-world/models/aws_robomaker_residential_SofaB_01) by extension 'python_setup_py'
[0.783s] Level 1:colcon.colcon_core.package_identification:_identify(aws-robomaker-small-house-world/models/aws_robomaker_residential_SofaB_01/materials) by extensions ['ignore', 'ignore_ament_install']
[0.783s] Level 1:colcon.colcon_core.package_identification:_identify(aws-robomaker-small-house-world/models/aws_robomaker_residential_SofaB_01/materials) by extension 'ignore'
[0.783s] Level 1:colcon.colcon_core.package_identification:_identify(aws-robomaker-small-house-world/models/aws_robomaker_residential_SofaB_01/materials) by extension 'ignore_ament_install'
[0.783s] Level 1:colcon.colcon_core.package_identification:_identify(aws-robomaker-small-house-world/models/aws_robomaker_residential_SofaB_01/materials) by extensions ['colcon_pkg']
[0.783s] Level 1:colcon.colcon_core.package_identification:_identify(aws-robomaker-small-house-world/models/aws_robomaker_residential_SofaB_01/materials) by extension 'colcon_pkg'
[0.783s] Level 1:colcon.colcon_core.package_identification:_identify(aws-robomaker-small-house-world/models/aws_robomaker_residential_SofaB_01/materials) by extensions ['colcon_meta']
[0.783s] Level 1:colcon.colcon_core.package_identification:_identify(aws-robomaker-small-house-world/models/aws_robomaker_residential_SofaB_01/materials) by extension 'colcon_meta'
[0.783s] Level 1:colcon.colcon_core.package_identification:_identify(aws-robomaker-small-house-world/models/aws_robomaker_residential_SofaB_01/materials) by extensions ['ros']
[0.783s] Level 1:colcon.colcon_core.package_identification:_identify(aws-robomaker-small-house-world/models/aws_robomaker_residential_SofaB_01/materials) by extension 'ros'
[0.783s] Level 1:colcon.colcon_core.package_identification:_identify(aws-robomaker-small-house-world/models/aws_robomaker_residential_SofaB_01/materials) by extensions ['cmake', 'python']
[0.783s] Level 1:colcon.colcon_core.package_identification:_identify(aws-robomaker-small-house-world/models/aws_robomaker_residential_SofaB_01/materials) by extension 'cmake'
[0.783s] Level 1:colcon.colcon_core.package_identification:_identify(aws-robomaker-small-house-world/models/aws_robomaker_residential_SofaB_01/materials) by extension 'python'
[0.783s] Level 1:colcon.colcon_core.package_identification:_identify(aws-robomaker-small-house-world/models/aws_robomaker_residential_SofaB_01/materials) by extensions ['python_setup_py']
[0.783s] Level 1:colcon.colcon_core.package_identification:_identify(aws-robomaker-small-house-world/models/aws_robomaker_residential_SofaB_01/materials) by extension 'python_setup_py'
[0.783s] Level 1:colcon.colcon_core.package_identification:_identify(aws-robomaker-small-house-world/models/aws_robomaker_residential_SofaB_01/materials/textures) by extensions ['ignore', 'ignore_ament_install']
[0.783s] Level 1:colcon.colcon_core.package_identification:_identify(aws-robomaker-small-house-world/models/aws_robomaker_residential_SofaB_01/materials/textures) by extension 'ignore'
[0.783s] Level 1:colcon.colcon_core.package_identification:_identify(aws-robomaker-small-house-world/models/aws_robomaker_residential_SofaB_01/materials/textures) by extension 'ignore_ament_install'
[0.783s] Level 1:colcon.colcon_core.package_identification:_identify(aws-robomaker-small-house-world/models/aws_robomaker_residential_SofaB_01/materials/textures) by extensions ['colcon_pkg']
[0.784s] Level 1:colcon.colcon_core.package_identification:_identify(aws-robomaker-small-house-world/models/aws_robomaker_residential_SofaB_01/materials/textures) by extension 'colcon_pkg'
[0.784s] Level 1:colcon.colcon_core.package_identification:_identify(aws-robomaker-small-house-world/models/aws_robomaker_residential_SofaB_01/materials/textures) by extensions ['colcon_meta']
[0.784s] Level 1:colcon.colcon_core.package_identification:_identify(aws-robomaker-small-house-world/models/aws_robomaker_residential_SofaB_01/materials/textures) by extension 'colcon_meta'
[0.784s] Level 1:colcon.colcon_core.package_identification:_identify(aws-robomaker-small-house-world/models/aws_robomaker_residential_SofaB_01/materials/textures) by extensions ['ros']
[0.784s] Level 1:colcon.colcon_core.package_identification:_identify(aws-robomaker-small-house-world/models/aws_robomaker_residential_SofaB_01/materials/textures) by extension 'ros'
[0.784s] Level 1:colcon.colcon_core.package_identification:_identify(aws-robomaker-small-house-world/models/aws_robomaker_residential_SofaB_01/materials/textures) by extensions ['cmake', 'python']
[0.784s] Level 1:colcon.colcon_core.package_identification:_identify(aws-robomaker-small-house-world/models/aws_robomaker_residential_SofaB_01/materials/textures) by extension 'cmake'
[0.784s] Level 1:colcon.colcon_core.package_identification:_identify(aws-robomaker-small-house-world/models/aws_robomaker_residential_SofaB_01/materials/textures) by extension 'python'
[0.784s] Level 1:colcon.colcon_core.package_identification:_identify(aws-robomaker-small-house-world/models/aws_robomaker_residential_SofaB_01/materials/textures) by extensions ['python_setup_py']
[0.784s] Level 1:colcon.colcon_core.package_identification:_identify(aws-robomaker-small-house-world/models/aws_robomaker_residential_SofaB_01/materials/textures) by extension 'python_setup_py'
[0.784s] Level 1:colcon.colcon_core.package_identification:_identify(aws-robomaker-small-house-world/models/aws_robomaker_residential_SofaB_01/meshes) by extensions ['ignore', 'ignore_ament_install']
[0.784s] Level 1:colcon.colcon_core.package_identification:_identify(aws-robomaker-small-house-world/models/aws_robomaker_residential_SofaB_01/meshes) by extension 'ignore'
[0.784s] Level 1:colcon.colcon_core.package_identification:_identify(aws-robomaker-small-house-world/models/aws_robomaker_residential_SofaB_01/meshes) by extension 'ignore_ament_install'
[0.784s] Level 1:colcon.colcon_core.package_identification:_identify(aws-robomaker-small-house-world/models/aws_robomaker_residential_SofaB_01/meshes) by extensions ['colcon_pkg']
[0.784s] Level 1:colcon.colcon_core.package_identification:_identify(aws-robomaker-small-house-world/models/aws_robomaker_residential_SofaB_01/meshes) by extension 'colcon_pkg'
[0.784s] Level 1:colcon.colcon_core.package_identification:_identify(aws-robomaker-small-house-world/models/aws_robomaker_residential_SofaB_01/meshes) by extensions ['colcon_meta']
[0.784s] Level 1:colcon.colcon_core.package_identification:_identify(aws-robomaker-small-house-world/models/aws_robomaker_residential_SofaB_01/meshes) by extension 'colcon_meta'
[0.784s] Level 1:colcon.colcon_core.package_identification:_identify(aws-robomaker-small-house-world/models/aws_robomaker_residential_SofaB_01/meshes) by extensions ['ros']
[0.784s] Level 1:colcon.colcon_core.package_identification:_identify(aws-robomaker-small-house-world/models/aws_robomaker_residential_SofaB_01/meshes) by extension 'ros'
[0.784s] Level 1:colcon.colcon_core.package_identification:_identify(aws-robomaker-small-house-world/models/aws_robomaker_residential_SofaB_01/meshes) by extensions ['cmake', 'python']
[0.784s] Level 1:colcon.colcon_core.package_identification:_identify(aws-robomaker-small-house-world/models/aws_robomaker_residential_SofaB_01/meshes) by extension 'cmake'
[0.784s] Level 1:colcon.colcon_core.package_identification:_identify(aws-robomaker-small-house-world/models/aws_robomaker_residential_SofaB_01/meshes) by extension 'python'
[0.784s] Level 1:colcon.colcon_core.package_identification:_identify(aws-robomaker-small-house-world/models/aws_robomaker_residential_SofaB_01/meshes) by extensions ['python_setup_py']
[0.784s] Level 1:colcon.colcon_core.package_identification:_identify(aws-robomaker-small-house-world/models/aws_robomaker_residential_SofaB_01/meshes) by extension 'python_setup_py'
[0.784s] Level 1:colcon.colcon_core.package_identification:_identify(aws-robomaker-small-house-world/models/aws_robomaker_residential_SofaC_01) by extensions ['ignore', 'ignore_ament_install']
[0.785s] Level 1:colcon.colcon_core.package_identification:_identify(aws-robomaker-small-house-world/models/aws_robomaker_residential_SofaC_01) by extension 'ignore'
[0.785s] Level 1:colcon.colcon_core.package_identification:_identify(aws-robomaker-small-house-world/models/aws_robomaker_residential_SofaC_01) by extension 'ignore_ament_install'
[0.785s] Level 1:colcon.colcon_core.package_identification:_identify(aws-robomaker-small-house-world/models/aws_robomaker_residential_SofaC_01) by extensions ['colcon_pkg']
[0.785s] Level 1:colcon.colcon_core.package_identification:_identify(aws-robomaker-small-house-world/models/aws_robomaker_residential_SofaC_01) by extension 'colcon_pkg'
[0.785s] Level 1:colcon.colcon_core.package_identification:_identify(aws-robomaker-small-house-world/models/aws_robomaker_residential_SofaC_01) by extensions ['colcon_meta']
[0.785s] Level 1:colcon.colcon_core.package_identification:_identify(aws-robomaker-small-house-world/models/aws_robomaker_residential_SofaC_01) by extension 'colcon_meta'
[0.785s] Level 1:colcon.colcon_core.package_identification:_identify(aws-robomaker-small-house-world/models/aws_robomaker_residential_SofaC_01) by extensions ['ros']
[0.785s] Level 1:colcon.colcon_core.package_identification:_identify(aws-robomaker-small-house-world/models/aws_robomaker_residential_SofaC_01) by extension 'ros'
[0.785s] Level 1:colcon.colcon_core.package_identification:_identify(aws-robomaker-small-house-world/models/aws_robomaker_residential_SofaC_01) by extensions ['cmake', 'python']
[0.785s] Level 1:colcon.colcon_core.package_identification:_identify(aws-robomaker-small-house-world/models/aws_robomaker_residential_SofaC_01) by extension 'cmake'
[0.785s] Level 1:colcon.colcon_core.package_identification:_identify(aws-robomaker-small-house-world/models/aws_robomaker_residential_SofaC_01) by extension 'python'
[0.785s] Level 1:colcon.colcon_core.package_identification:_identify(aws-robomaker-small-house-world/models/aws_robomaker_residential_SofaC_01) by extensions ['python_setup_py']
[0.785s] Level 1:colcon.colcon_core.package_identification:_identify(aws-robomaker-small-house-world/models/aws_robomaker_residential_SofaC_01) by extension 'python_setup_py'
[0.785s] Level 1:colcon.colcon_core.package_identification:_identify(aws-robomaker-small-house-world/models/aws_robomaker_residential_SofaC_01/materials) by extensions ['ignore', 'ignore_ament_install']
[0.785s] Level 1:colcon.colcon_core.package_identification:_identify(aws-robomaker-small-house-world/models/aws_robomaker_residential_SofaC_01/materials) by extension 'ignore'
[0.785s] Level 1:colcon.colcon_core.package_identification:_identify(aws-robomaker-small-house-world/models/aws_robomaker_residential_SofaC_01/materials) by extension 'ignore_ament_install'
[0.785s] Level 1:colcon.colcon_core.package_identification:_identify(aws-robomaker-small-house-world/models/aws_robomaker_residential_SofaC_01/materials) by extensions ['colcon_pkg']
[0.785s] Level 1:colcon.colcon_core.package_identification:_identify(aws-robomaker-small-house-world/models/aws_robomaker_residential_SofaC_01/materials) by extension 'colcon_pkg'
[0.785s] Level 1:colcon.colcon_core.package_identification:_identify(aws-robomaker-small-house-world/models/aws_robomaker_residential_SofaC_01/materials) by extensions ['colcon_meta']
[0.785s] Level 1:colcon.colcon_core.package_identification:_identify(aws-robomaker-small-house-world/models/aws_robomaker_residential_SofaC_01/materials) by extension 'colcon_meta'
[0.785s] Level 1:colcon.colcon_core.package_identification:_identify(aws-robomaker-small-house-world/models/aws_robomaker_residential_SofaC_01/materials) by extensions ['ros']
[0.785s] Level 1:colcon.colcon_core.package_identification:_identify(aws-robomaker-small-house-world/models/aws_robomaker_residential_SofaC_01/materials) by extension 'ros'
[0.786s] Level 1:colcon.colcon_core.package_identification:_identify(aws-robomaker-small-house-world/models/aws_robomaker_residential_SofaC_01/materials) by extensions ['cmake', 'python']
[0.786s] Level 1:colcon.colcon_core.package_identification:_identify(aws-robomaker-small-house-world/models/aws_robomaker_residential_SofaC_01/materials) by extension 'cmake'
[0.786s] Level 1:colcon.colcon_core.package_identification:_identify(aws-robomaker-small-house-world/models/aws_robomaker_residential_SofaC_01/materials) by extension 'python'
[0.786s] Level 1:colcon.colcon_core.package_identification:_identify(aws-robomaker-small-house-world/models/aws_robomaker_residential_SofaC_01/materials) by extensions ['python_setup_py']
[0.786s] Level 1:colcon.colcon_core.package_identification:_identify(aws-robomaker-small-house-world/models/aws_robomaker_residential_SofaC_01/materials) by extension 'python_setup_py'
[0.786s] Level 1:colcon.colcon_core.package_identification:_identify(aws-robomaker-small-house-world/models/aws_robomaker_residential_SofaC_01/materials/textures) by extensions ['ignore', 'ignore_ament_install']
[0.786s] Level 1:colcon.colcon_core.package_identification:_identify(aws-robomaker-small-house-world/models/aws_robomaker_residential_SofaC_01/materials/textures) by extension 'ignore'
[0.786s] Level 1:colcon.colcon_core.package_identification:_identify(aws-robomaker-small-house-world/models/aws_robomaker_residential_SofaC_01/materials/textures) by extension 'ignore_ament_install'
[0.786s] Level 1:colcon.colcon_core.package_identification:_identify(aws-robomaker-small-house-world/models/aws_robomaker_residential_SofaC_01/materials/textures) by extensions ['colcon_pkg']
[0.786s] Level 1:colcon.colcon_core.package_identification:_identify(aws-robomaker-small-house-world/models/aws_robomaker_residential_SofaC_01/materials/textures) by extension 'colcon_pkg'
[0.786s] Level 1:colcon.colcon_core.package_identification:_identify(aws-robomaker-small-house-world/models/aws_robomaker_residential_SofaC_01/materials/textures) by extensions ['colcon_meta']
[0.786s] Level 1:colcon.colcon_core.package_identification:_identify(aws-robomaker-small-house-world/models/aws_robomaker_residential_SofaC_01/materials/textures) by extension 'colcon_meta'
[0.786s] Level 1:colcon.colcon_core.package_identification:_identify(aws-robomaker-small-house-world/models/aws_robomaker_residential_SofaC_01/materials/textures) by extensions ['ros']
[0.786s] Level 1:colcon.colcon_core.package_identification:_identify(aws-robomaker-small-house-world/models/aws_robomaker_residential_SofaC_01/materials/textures) by extension 'ros'
[0.786s] Level 1:colcon.colcon_core.package_identification:_identify(aws-robomaker-small-house-world/models/aws_robomaker_residential_SofaC_01/materials/textures) by extensions ['cmake', 'python']
[0.786s] Level 1:colcon.colcon_core.package_identification:_identify(aws-robomaker-small-house-world/models/aws_robomaker_residential_SofaC_01/materials/textures) by extension 'cmake'
[0.786s] Level 1:colcon.colcon_core.package_identification:_identify(aws-robomaker-small-house-world/models/aws_robomaker_residential_SofaC_01/materials/textures) by extension 'python'
[0.786s] Level 1:colcon.colcon_core.package_identification:_identify(aws-robomaker-small-house-world/models/aws_robomaker_residential_SofaC_01/materials/textures) by extensions ['python_setup_py']
[0.786s] Level 1:colcon.colcon_core.package_identification:_identify(aws-robomaker-small-house-world/models/aws_robomaker_residential_SofaC_01/materials/textures) by extension 'python_setup_py'
[0.786s] Level 1:colcon.colcon_core.package_identification:_identify(aws-robomaker-small-house-world/models/aws_robomaker_residential_SofaC_01/meshes) by extensions ['ignore', 'ignore_ament_install']
[0.786s] Level 1:colcon.colcon_core.package_identification:_identify(aws-robomaker-small-house-world/models/aws_robomaker_residential_SofaC_01/meshes) by extension 'ignore'
[0.786s] Level 1:colcon.colcon_core.package_identification:_identify(aws-robomaker-small-house-world/models/aws_robomaker_residential_SofaC_01/meshes) by extension 'ignore_ament_install'
[0.787s] Level 1:colcon.colcon_core.package_identification:_identify(aws-robomaker-small-house-world/models/aws_robomaker_residential_SofaC_01/meshes) by extensions ['colcon_pkg']
[0.787s] Level 1:colcon.colcon_core.package_identification:_identify(aws-robomaker-small-house-world/models/aws_robomaker_residential_SofaC_01/meshes) by extension 'colcon_pkg'
[0.787s] Level 1:colcon.colcon_core.package_identification:_identify(aws-robomaker-small-house-world/models/aws_robomaker_residential_SofaC_01/meshes) by extensions ['colcon_meta']
[0.787s] Level 1:colcon.colcon_core.package_identification:_identify(aws-robomaker-small-house-world/models/aws_robomaker_residential_SofaC_01/meshes) by extension 'colcon_meta'
[0.787s] Level 1:colcon.colcon_core.package_identification:_identify(aws-robomaker-small-house-world/models/aws_robomaker_residential_SofaC_01/meshes) by extensions ['ros']
[0.787s] Level 1:colcon.colcon_core.package_identification:_identify(aws-robomaker-small-house-world/models/aws_robomaker_residential_SofaC_01/meshes) by extension 'ros'
[0.787s] Level 1:colcon.colcon_core.package_identification:_identify(aws-robomaker-small-house-world/models/aws_robomaker_residential_SofaC_01/meshes) by extensions ['cmake', 'python']
[0.787s] Level 1:colcon.colcon_core.package_identification:_identify(aws-robomaker-small-house-world/models/aws_robomaker_residential_SofaC_01/meshes) by extension 'cmake'
[0.787s] Level 1:colcon.colcon_core.package_identification:_identify(aws-robomaker-small-house-world/models/aws_robomaker_residential_SofaC_01/meshes) by extension 'python'
[0.787s] Level 1:colcon.colcon_core.package_identification:_identify(aws-robomaker-small-house-world/models/aws_robomaker_residential_SofaC_01/meshes) by extensions ['python_setup_py']
[0.787s] Level 1:colcon.colcon_core.package_identification:_identify(aws-robomaker-small-house-world/models/aws_robomaker_residential_SofaC_01/meshes) by extension 'python_setup_py'
[0.787s] Level 1:colcon.colcon_core.package_identification:_identify(aws-robomaker-small-house-world/models/aws_robomaker_residential_Sofa_01) by extensions ['ignore', 'ignore_ament_install']
[0.787s] Level 1:colcon.colcon_core.package_identification:_identify(aws-robomaker-small-house-world/models/aws_robomaker_residential_Sofa_01) by extension 'ignore'
[0.787s] Level 1:colcon.colcon_core.package_identification:_identify(aws-robomaker-small-house-world/models/aws_robomaker_residential_Sofa_01) by extension 'ignore_ament_install'
[0.787s] Level 1:colcon.colcon_core.package_identification:_identify(aws-robomaker-small-house-world/models/aws_robomaker_residential_Sofa_01) by extensions ['colcon_pkg']
[0.787s] Level 1:colcon.colcon_core.package_identification:_identify(aws-robomaker-small-house-world/models/aws_robomaker_residential_Sofa_01) by extension 'colcon_pkg'
[0.787s] Level 1:colcon.colcon_core.package_identification:_identify(aws-robomaker-small-house-world/models/aws_robomaker_residential_Sofa_01) by extensions ['colcon_meta']
[0.787s] Level 1:colcon.colcon_core.package_identification:_identify(aws-robomaker-small-house-world/models/aws_robomaker_residential_Sofa_01) by extension 'colcon_meta'
[0.787s] Level 1:colcon.colcon_core.package_identification:_identify(aws-robomaker-small-house-world/models/aws_robomaker_residential_Sofa_01) by extensions ['ros']
[0.787s] Level 1:colcon.colcon_core.package_identification:_identify(aws-robomaker-small-house-world/models/aws_robomaker_residential_Sofa_01) by extension 'ros'
[0.787s] Level 1:colcon.colcon_core.package_identification:_identify(aws-robomaker-small-house-world/models/aws_robomaker_residential_Sofa_01) by extensions ['cmake', 'python']
[0.787s] Level 1:colcon.colcon_core.package_identification:_identify(aws-robomaker-small-house-world/models/aws_robomaker_residential_Sofa_01) by extension 'cmake'
[0.787s] Level 1:colcon.colcon_core.package_identification:_identify(aws-robomaker-small-house-world/models/aws_robomaker_residential_Sofa_01) by extension 'python'
[0.787s] Level 1:colcon.colcon_core.package_identification:_identify(aws-robomaker-small-house-world/models/aws_robomaker_residential_Sofa_01) by extensions ['python_setup_py']
[0.787s] Level 1:colcon.colcon_core.package_identification:_identify(aws-robomaker-small-house-world/models/aws_robomaker_residential_Sofa_01) by extension 'python_setup_py'
[0.788s] Level 1:colcon.colcon_core.package_identification:_identify(aws-robomaker-small-house-world/models/aws_robomaker_residential_Sofa_01/materials) by extensions ['ignore', 'ignore_ament_install']
[0.788s] Level 1:colcon.colcon_core.package_identification:_identify(aws-robomaker-small-house-world/models/aws_robomaker_residential_Sofa_01/materials) by extension 'ignore'
[0.788s] Level 1:colcon.colcon_core.package_identification:_identify(aws-robomaker-small-house-world/models/aws_robomaker_residential_Sofa_01/materials) by extension 'ignore_ament_install'
[0.788s] Level 1:colcon.colcon_core.package_identification:_identify(aws-robomaker-small-house-world/models/aws_robomaker_residential_Sofa_01/materials) by extensions ['colcon_pkg']
[0.788s] Level 1:colcon.colcon_core.package_identification:_identify(aws-robomaker-small-house-world/models/aws_robomaker_residential_Sofa_01/materials) by extension 'colcon_pkg'
[0.788s] Level 1:colcon.colcon_core.package_identification:_identify(aws-robomaker-small-house-world/models/aws_robomaker_residential_Sofa_01/materials) by extensions ['colcon_meta']
[0.788s] Level 1:colcon.colcon_core.package_identification:_identify(aws-robomaker-small-house-world/models/aws_robomaker_residential_Sofa_01/materials) by extension 'colcon_meta'
[0.788s] Level 1:colcon.colcon_core.package_identification:_identify(aws-robomaker-small-house-world/models/aws_robomaker_residential_Sofa_01/materials) by extensions ['ros']
[0.788s] Level 1:colcon.colcon_core.package_identification:_identify(aws-robomaker-small-house-world/models/aws_robomaker_residential_Sofa_01/materials) by extension 'ros'
[0.788s] Level 1:colcon.colcon_core.package_identification:_identify(aws-robomaker-small-house-world/models/aws_robomaker_residential_Sofa_01/materials) by extensions ['cmake', 'python']
[0.788s] Level 1:colcon.colcon_core.package_identification:_identify(aws-robomaker-small-house-world/models/aws_robomaker_residential_Sofa_01/materials) by extension 'cmake'
[0.788s] Level 1:colcon.colcon_core.package_identification:_identify(aws-robomaker-small-house-world/models/aws_robomaker_residential_Sofa_01/materials) by extension 'python'
[0.788s] Level 1:colcon.colcon_core.package_identification:_identify(aws-robomaker-small-house-world/models/aws_robomaker_residential_Sofa_01/materials) by extensions ['python_setup_py']
[0.788s] Level 1:colcon.colcon_core.package_identification:_identify(aws-robomaker-small-house-world/models/aws_robomaker_residential_Sofa_01/materials) by extension 'python_setup_py'
[0.788s] Level 1:colcon.colcon_core.package_identification:_identify(aws-robomaker-small-house-world/models/aws_robomaker_residential_Sofa_01/materials/textures) by extensions ['ignore', 'ignore_ament_install']
[0.788s] Level 1:colcon.colcon_core.package_identification:_identify(aws-robomaker-small-house-world/models/aws_robomaker_residential_Sofa_01/materials/textures) by extension 'ignore'
[0.788s] Level 1:colcon.colcon_core.package_identification:_identify(aws-robomaker-small-house-world/models/aws_robomaker_residential_Sofa_01/materials/textures) by extension 'ignore_ament_install'
[0.788s] Level 1:colcon.colcon_core.package_identification:_identify(aws-robomaker-small-house-world/models/aws_robomaker_residential_Sofa_01/materials/textures) by extensions ['colcon_pkg']
[0.788s] Level 1:colcon.colcon_core.package_identification:_identify(aws-robomaker-small-house-world/models/aws_robomaker_residential_Sofa_01/materials/textures) by extension 'colcon_pkg'
[0.788s] Level 1:colcon.colcon_core.package_identification:_identify(aws-robomaker-small-house-world/models/aws_robomaker_residential_Sofa_01/materials/textures) by extensions ['colcon_meta']
[0.788s] Level 1:colcon.colcon_core.package_identification:_identify(aws-robomaker-small-house-world/models/aws_robomaker_residential_Sofa_01/materials/textures) by extension 'colcon_meta'
[0.788s] Level 1:colcon.colcon_core.package_identification:_identify(aws-robomaker-small-house-world/models/aws_robomaker_residential_Sofa_01/materials/textures) by extensions ['ros']
[0.788s] Level 1:colcon.colcon_core.package_identification:_identify(aws-robomaker-small-house-world/models/aws_robomaker_residential_Sofa_01/materials/textures) by extension 'ros'
[0.789s] Level 1:colcon.colcon_core.package_identification:_identify(aws-robomaker-small-house-world/models/aws_robomaker_residential_Sofa_01/materials/textures) by extensions ['cmake', 'python']
[0.789s] Level 1:colcon.colcon_core.package_identification:_identify(aws-robomaker-small-house-world/models/aws_robomaker_residential_Sofa_01/materials/textures) by extension 'cmake'
[0.789s] Level 1:colcon.colcon_core.package_identification:_identify(aws-robomaker-small-house-world/models/aws_robomaker_residential_Sofa_01/materials/textures) by extension 'python'
[0.789s] Level 1:colcon.colcon_core.package_identification:_identify(aws-robomaker-small-house-world/models/aws_robomaker_residential_Sofa_01/materials/textures) by extensions ['python_setup_py']
[0.789s] Level 1:colcon.colcon_core.package_identification:_identify(aws-robomaker-small-house-world/models/aws_robomaker_residential_Sofa_01/materials/textures) by extension 'python_setup_py'
[0.789s] Level 1:colcon.colcon_core.package_identification:_identify(aws-robomaker-small-house-world/models/aws_robomaker_residential_Sofa_01/meshes) by extensions ['ignore', 'ignore_ament_install']
[0.789s] Level 1:colcon.colcon_core.package_identification:_identify(aws-robomaker-small-house-world/models/aws_robomaker_residential_Sofa_01/meshes) by extension 'ignore'
[0.789s] Level 1:colcon.colcon_core.package_identification:_identify(aws-robomaker-small-house-world/models/aws_robomaker_residential_Sofa_01/meshes) by extension 'ignore_ament_install'
[0.789s] Level 1:colcon.colcon_core.package_identification:_identify(aws-robomaker-small-house-world/models/aws_robomaker_residential_Sofa_01/meshes) by extensions ['colcon_pkg']
[0.789s] Level 1:colcon.colcon_core.package_identification:_identify(aws-robomaker-small-house-world/models/aws_robomaker_residential_Sofa_01/meshes) by extension 'colcon_pkg'
[0.789s] Level 1:colcon.colcon_core.package_identification:_identify(aws-robomaker-small-house-world/models/aws_robomaker_residential_Sofa_01/meshes) by extensions ['colcon_meta']
[0.789s] Level 1:colcon.colcon_core.package_identification:_identify(aws-robomaker-small-house-world/models/aws_robomaker_residential_Sofa_01/meshes) by extension 'colcon_meta'
[0.789s] Level 1:colcon.colcon_core.package_identification:_identify(aws-robomaker-small-house-world/models/aws_robomaker_residential_Sofa_01/meshes) by extensions ['ros']
[0.789s] Level 1:colcon.colcon_core.package_identification:_identify(aws-robomaker-small-house-world/models/aws_robomaker_residential_Sofa_01/meshes) by extension 'ros'
[0.789s] Level 1:colcon.colcon_core.package_identification:_identify(aws-robomaker-small-house-world/models/aws_robomaker_residential_Sofa_01/meshes) by extensions ['cmake', 'python']
[0.789s] Level 1:colcon.colcon_core.package_identification:_identify(aws-robomaker-small-house-world/models/aws_robomaker_residential_Sofa_01/meshes) by extension 'cmake'
[0.789s] Level 1:colcon.colcon_core.package_identification:_identify(aws-robomaker-small-house-world/models/aws_robomaker_residential_Sofa_01/meshes) by extension 'python'
[0.789s] Level 1:colcon.colcon_core.package_identification:_identify(aws-robomaker-small-house-world/models/aws_robomaker_residential_Sofa_01/meshes) by extensions ['python_setup_py']
[0.789s] Level 1:colcon.colcon_core.package_identification:_identify(aws-robomaker-small-house-world/models/aws_robomaker_residential_Sofa_01/meshes) by extension 'python_setup_py'
[0.789s] Level 1:colcon.colcon_core.package_identification:_identify(aws-robomaker-small-house-world/models/aws_robomaker_residential_TVCabinet_01) by extensions ['ignore', 'ignore_ament_install']
[0.789s] Level 1:colcon.colcon_core.package_identification:_identify(aws-robomaker-small-house-world/models/aws_robomaker_residential_TVCabinet_01) by extension 'ignore'
[0.789s] Level 1:colcon.colcon_core.package_identification:_identify(aws-robomaker-small-house-world/models/aws_robomaker_residential_TVCabinet_01) by extension 'ignore_ament_install'
[0.789s] Level 1:colcon.colcon_core.package_identification:_identify(aws-robomaker-small-house-world/models/aws_robomaker_residential_TVCabinet_01) by extensions ['colcon_pkg']
[0.790s] Level 1:colcon.colcon_core.package_identification:_identify(aws-robomaker-small-house-world/models/aws_robomaker_residential_TVCabinet_01) by extension 'colcon_pkg'
[0.790s] Level 1:colcon.colcon_core.package_identification:_identify(aws-robomaker-small-house-world/models/aws_robomaker_residential_TVCabinet_01) by extensions ['colcon_meta']
[0.790s] Level 1:colcon.colcon_core.package_identification:_identify(aws-robomaker-small-house-world/models/aws_robomaker_residential_TVCabinet_01) by extension 'colcon_meta'
[0.790s] Level 1:colcon.colcon_core.package_identification:_identify(aws-robomaker-small-house-world/models/aws_robomaker_residential_TVCabinet_01) by extensions ['ros']
[0.790s] Level 1:colcon.colcon_core.package_identification:_identify(aws-robomaker-small-house-world/models/aws_robomaker_residential_TVCabinet_01) by extension 'ros'
[0.790s] Level 1:colcon.colcon_core.package_identification:_identify(aws-robomaker-small-house-world/models/aws_robomaker_residential_TVCabinet_01) by extensions ['cmake', 'python']
[0.790s] Level 1:colcon.colcon_core.package_identification:_identify(aws-robomaker-small-house-world/models/aws_robomaker_residential_TVCabinet_01) by extension 'cmake'
[0.790s] Level 1:colcon.colcon_core.package_identification:_identify(aws-robomaker-small-house-world/models/aws_robomaker_residential_TVCabinet_01) by extension 'python'
[0.790s] Level 1:colcon.colcon_core.package_identification:_identify(aws-robomaker-small-house-world/models/aws_robomaker_residential_TVCabinet_01) by extensions ['python_setup_py']
[0.790s] Level 1:colcon.colcon_core.package_identification:_identify(aws-robomaker-small-house-world/models/aws_robomaker_residential_TVCabinet_01) by extension 'python_setup_py'
[0.790s] Level 1:colcon.colcon_core.package_identification:_identify(aws-robomaker-small-house-world/models/aws_robomaker_residential_TVCabinet_01/materials) by extensions ['ignore', 'ignore_ament_install']
[0.790s] Level 1:colcon.colcon_core.package_identification:_identify(aws-robomaker-small-house-world/models/aws_robomaker_residential_TVCabinet_01/materials) by extension 'ignore'
[0.790s] Level 1:colcon.colcon_core.package_identification:_identify(aws-robomaker-small-house-world/models/aws_robomaker_residential_TVCabinet_01/materials) by extension 'ignore_ament_install'
[0.790s] Level 1:colcon.colcon_core.package_identification:_identify(aws-robomaker-small-house-world/models/aws_robomaker_residential_TVCabinet_01/materials) by extensions ['colcon_pkg']
[0.790s] Level 1:colcon.colcon_core.package_identification:_identify(aws-robomaker-small-house-world/models/aws_robomaker_residential_TVCabinet_01/materials) by extension 'colcon_pkg'
[0.790s] Level 1:colcon.colcon_core.package_identification:_identify(aws-robomaker-small-house-world/models/aws_robomaker_residential_TVCabinet_01/materials) by extensions ['colcon_meta']
[0.790s] Level 1:colcon.colcon_core.package_identification:_identify(aws-robomaker-small-house-world/models/aws_robomaker_residential_TVCabinet_01/materials) by extension 'colcon_meta'
[0.790s] Level 1:colcon.colcon_core.package_identification:_identify(aws-robomaker-small-house-world/models/aws_robomaker_residential_TVCabinet_01/materials) by extensions ['ros']
[0.790s] Level 1:colcon.colcon_core.package_identification:_identify(aws-robomaker-small-house-world/models/aws_robomaker_residential_TVCabinet_01/materials) by extension 'ros'
[0.790s] Level 1:colcon.colcon_core.package_identification:_identify(aws-robomaker-small-house-world/models/aws_robomaker_residential_TVCabinet_01/materials) by extensions ['cmake', 'python']
[0.790s] Level 1:colcon.colcon_core.package_identification:_identify(aws-robomaker-small-house-world/models/aws_robomaker_residential_TVCabinet_01/materials) by extension 'cmake'
[0.790s] Level 1:colcon.colcon_core.package_identification:_identify(aws-robomaker-small-house-world/models/aws_robomaker_residential_TVCabinet_01/materials) by extension 'python'
[0.790s] Level 1:colcon.colcon_core.package_identification:_identify(aws-robomaker-small-house-world/models/aws_robomaker_residential_TVCabinet_01/materials) by extensions ['python_setup_py']
[0.790s] Level 1:colcon.colcon_core.package_identification:_identify(aws-robomaker-small-house-world/models/aws_robomaker_residential_TVCabinet_01/materials) by extension 'python_setup_py'
[0.791s] Level 1:colcon.colcon_core.package_identification:_identify(aws-robomaker-small-house-world/models/aws_robomaker_residential_TVCabinet_01/materials/textures) by extensions ['ignore', 'ignore_ament_install']
[0.791s] Level 1:colcon.colcon_core.package_identification:_identify(aws-robomaker-small-house-world/models/aws_robomaker_residential_TVCabinet_01/materials/textures) by extension 'ignore'
[0.791s] Level 1:colcon.colcon_core.package_identification:_identify(aws-robomaker-small-house-world/models/aws_robomaker_residential_TVCabinet_01/materials/textures) by extension 'ignore_ament_install'
[0.791s] Level 1:colcon.colcon_core.package_identification:_identify(aws-robomaker-small-house-world/models/aws_robomaker_residential_TVCabinet_01/materials/textures) by extensions ['colcon_pkg']
[0.791s] Level 1:colcon.colcon_core.package_identification:_identify(aws-robomaker-small-house-world/models/aws_robomaker_residential_TVCabinet_01/materials/textures) by extension 'colcon_pkg'
[0.791s] Level 1:colcon.colcon_core.package_identification:_identify(aws-robomaker-small-house-world/models/aws_robomaker_residential_TVCabinet_01/materials/textures) by extensions ['colcon_meta']
[0.791s] Level 1:colcon.colcon_core.package_identification:_identify(aws-robomaker-small-house-world/models/aws_robomaker_residential_TVCabinet_01/materials/textures) by extension 'colcon_meta'
[0.791s] Level 1:colcon.colcon_core.package_identification:_identify(aws-robomaker-small-house-world/models/aws_robomaker_residential_TVCabinet_01/materials/textures) by extensions ['ros']
[0.791s] Level 1:colcon.colcon_core.package_identification:_identify(aws-robomaker-small-house-world/models/aws_robomaker_residential_TVCabinet_01/materials/textures) by extension 'ros'
[0.791s] Level 1:colcon.colcon_core.package_identification:_identify(aws-robomaker-small-house-world/models/aws_robomaker_residential_TVCabinet_01/materials/textures) by extensions ['cmake', 'python']
[0.791s] Level 1:colcon.colcon_core.package_identification:_identify(aws-robomaker-small-house-world/models/aws_robomaker_residential_TVCabinet_01/materials/textures) by extension 'cmake'
[0.791s] Level 1:colcon.colcon_core.package_identification:_identify(aws-robomaker-small-house-world/models/aws_robomaker_residential_TVCabinet_01/materials/textures) by extension 'python'
[0.791s] Level 1:colcon.colcon_core.package_identification:_identify(aws-robomaker-small-house-world/models/aws_robomaker_residential_TVCabinet_01/materials/textures) by extensions ['python_setup_py']
[0.791s] Level 1:colcon.colcon_core.package_identification:_identify(aws-robomaker-small-house-world/models/aws_robomaker_residential_TVCabinet_01/materials/textures) by extension 'python_setup_py'
[0.791s] Level 1:colcon.colcon_core.package_identification:_identify(aws-robomaker-small-house-world/models/aws_robomaker_residential_TVCabinet_01/meshes) by extensions ['ignore', 'ignore_ament_install']
[0.791s] Level 1:colcon.colcon_core.package_identification:_identify(aws-robomaker-small-house-world/models/aws_robomaker_residential_TVCabinet_01/meshes) by extension 'ignore'
[0.791s] Level 1:colcon.colcon_core.package_identification:_identify(aws-robomaker-small-house-world/models/aws_robomaker_residential_TVCabinet_01/meshes) by extension 'ignore_ament_install'
[0.791s] Level 1:colcon.colcon_core.package_identification:_identify(aws-robomaker-small-house-world/models/aws_robomaker_residential_TVCabinet_01/meshes) by extensions ['colcon_pkg']
[0.791s] Level 1:colcon.colcon_core.package_identification:_identify(aws-robomaker-small-house-world/models/aws_robomaker_residential_TVCabinet_01/meshes) by extension 'colcon_pkg'
[0.791s] Level 1:colcon.colcon_core.package_identification:_identify(aws-robomaker-small-house-world/models/aws_robomaker_residential_TVCabinet_01/meshes) by extensions ['colcon_meta']
[0.791s] Level 1:colcon.colcon_core.package_identification:_identify(aws-robomaker-small-house-world/models/aws_robomaker_residential_TVCabinet_01/meshes) by extension 'colcon_meta'
[0.791s] Level 1:colcon.colcon_core.package_identification:_identify(aws-robomaker-small-house-world/models/aws_robomaker_residential_TVCabinet_01/meshes) by extensions ['ros']
[0.791s] Level 1:colcon.colcon_core.package_identification:_identify(aws-robomaker-small-house-world/models/aws_robomaker_residential_TVCabinet_01/meshes) by extension 'ros'
[0.792s] Level 1:colcon.colcon_core.package_identification:_identify(aws-robomaker-small-house-world/models/aws_robomaker_residential_TVCabinet_01/meshes) by extensions ['cmake', 'python']
[0.792s] Level 1:colcon.colcon_core.package_identification:_identify(aws-robomaker-small-house-world/models/aws_robomaker_residential_TVCabinet_01/meshes) by extension 'cmake'
[0.792s] Level 1:colcon.colcon_core.package_identification:_identify(aws-robomaker-small-house-world/models/aws_robomaker_residential_TVCabinet_01/meshes) by extension 'python'
[0.792s] Level 1:colcon.colcon_core.package_identification:_identify(aws-robomaker-small-house-world/models/aws_robomaker_residential_TVCabinet_01/meshes) by extensions ['python_setup_py']
[0.792s] Level 1:colcon.colcon_core.package_identification:_identify(aws-robomaker-small-house-world/models/aws_robomaker_residential_TVCabinet_01/meshes) by extension 'python_setup_py'
[0.792s] Level 1:colcon.colcon_core.package_identification:_identify(aws-robomaker-small-house-world/models/aws_robomaker_residential_TV_01) by extensions ['ignore', 'ignore_ament_install']
[0.792s] Level 1:colcon.colcon_core.package_identification:_identify(aws-robomaker-small-house-world/models/aws_robomaker_residential_TV_01) by extension 'ignore'
[0.792s] Level 1:colcon.colcon_core.package_identification:_identify(aws-robomaker-small-house-world/models/aws_robomaker_residential_TV_01) by extension 'ignore_ament_install'
[0.792s] Level 1:colcon.colcon_core.package_identification:_identify(aws-robomaker-small-house-world/models/aws_robomaker_residential_TV_01) by extensions ['colcon_pkg']
[0.792s] Level 1:colcon.colcon_core.package_identification:_identify(aws-robomaker-small-house-world/models/aws_robomaker_residential_TV_01) by extension 'colcon_pkg'
[0.792s] Level 1:colcon.colcon_core.package_identification:_identify(aws-robomaker-small-house-world/models/aws_robomaker_residential_TV_01) by extensions ['colcon_meta']
[0.792s] Level 1:colcon.colcon_core.package_identification:_identify(aws-robomaker-small-house-world/models/aws_robomaker_residential_TV_01) by extension 'colcon_meta'
[0.792s] Level 1:colcon.colcon_core.package_identification:_identify(aws-robomaker-small-house-world/models/aws_robomaker_residential_TV_01) by extensions ['ros']
[0.792s] Level 1:colcon.colcon_core.package_identification:_identify(aws-robomaker-small-house-world/models/aws_robomaker_residential_TV_01) by extension 'ros'
[0.792s] Level 1:colcon.colcon_core.package_identification:_identify(aws-robomaker-small-house-world/models/aws_robomaker_residential_TV_01) by extensions ['cmake', 'python']
[0.792s] Level 1:colcon.colcon_core.package_identification:_identify(aws-robomaker-small-house-world/models/aws_robomaker_residential_TV_01) by extension 'cmake'
[0.792s] Level 1:colcon.colcon_core.package_identification:_identify(aws-robomaker-small-house-world/models/aws_robomaker_residential_TV_01) by extension 'python'
[0.792s] Level 1:colcon.colcon_core.package_identification:_identify(aws-robomaker-small-house-world/models/aws_robomaker_residential_TV_01) by extensions ['python_setup_py']
[0.792s] Level 1:colcon.colcon_core.package_identification:_identify(aws-robomaker-small-house-world/models/aws_robomaker_residential_TV_01) by extension 'python_setup_py'
[0.792s] Level 1:colcon.colcon_core.package_identification:_identify(aws-robomaker-small-house-world/models/aws_robomaker_residential_TV_01/materials) by extensions ['ignore', 'ignore_ament_install']
[0.792s] Level 1:colcon.colcon_core.package_identification:_identify(aws-robomaker-small-house-world/models/aws_robomaker_residential_TV_01/materials) by extension 'ignore'
[0.792s] Level 1:colcon.colcon_core.package_identification:_identify(aws-robomaker-small-house-world/models/aws_robomaker_residential_TV_01/materials) by extension 'ignore_ament_install'
[0.792s] Level 1:colcon.colcon_core.package_identification:_identify(aws-robomaker-small-house-world/models/aws_robomaker_residential_TV_01/materials) by extensions ['colcon_pkg']
[0.792s] Level 1:colcon.colcon_core.package_identification:_identify(aws-robomaker-small-house-world/models/aws_robomaker_residential_TV_01/materials) by extension 'colcon_pkg'
[0.793s] Level 1:colcon.colcon_core.package_identification:_identify(aws-robomaker-small-house-world/models/aws_robomaker_residential_TV_01/materials) by extensions ['colcon_meta']
[0.793s] Level 1:colcon.colcon_core.package_identification:_identify(aws-robomaker-small-house-world/models/aws_robomaker_residential_TV_01/materials) by extension 'colcon_meta'
[0.793s] Level 1:colcon.colcon_core.package_identification:_identify(aws-robomaker-small-house-world/models/aws_robomaker_residential_TV_01/materials) by extensions ['ros']
[0.793s] Level 1:colcon.colcon_core.package_identification:_identify(aws-robomaker-small-house-world/models/aws_robomaker_residential_TV_01/materials) by extension 'ros'
[0.793s] Level 1:colcon.colcon_core.package_identification:_identify(aws-robomaker-small-house-world/models/aws_robomaker_residential_TV_01/materials) by extensions ['cmake', 'python']
[0.793s] Level 1:colcon.colcon_core.package_identification:_identify(aws-robomaker-small-house-world/models/aws_robomaker_residential_TV_01/materials) by extension 'cmake'
[0.793s] Level 1:colcon.colcon_core.package_identification:_identify(aws-robomaker-small-house-world/models/aws_robomaker_residential_TV_01/materials) by extension 'python'
[0.793s] Level 1:colcon.colcon_core.package_identification:_identify(aws-robomaker-small-house-world/models/aws_robomaker_residential_TV_01/materials) by extensions ['python_setup_py']
[0.793s] Level 1:colcon.colcon_core.package_identification:_identify(aws-robomaker-small-house-world/models/aws_robomaker_residential_TV_01/materials) by extension 'python_setup_py'
[0.793s] Level 1:colcon.colcon_core.package_identification:_identify(aws-robomaker-small-house-world/models/aws_robomaker_residential_TV_01/materials/textures) by extensions ['ignore', 'ignore_ament_install']
[0.793s] Level 1:colcon.colcon_core.package_identification:_identify(aws-robomaker-small-house-world/models/aws_robomaker_residential_TV_01/materials/textures) by extension 'ignore'
[0.793s] Level 1:colcon.colcon_core.package_identification:_identify(aws-robomaker-small-house-world/models/aws_robomaker_residential_TV_01/materials/textures) by extension 'ignore_ament_install'
[0.793s] Level 1:colcon.colcon_core.package_identification:_identify(aws-robomaker-small-house-world/models/aws_robomaker_residential_TV_01/materials/textures) by extensions ['colcon_pkg']
[0.793s] Level 1:colcon.colcon_core.package_identification:_identify(aws-robomaker-small-house-world/models/aws_robomaker_residential_TV_01/materials/textures) by extension 'colcon_pkg'
[0.793s] Level 1:colcon.colcon_core.package_identification:_identify(aws-robomaker-small-house-world/models/aws_robomaker_residential_TV_01/materials/textures) by extensions ['colcon_meta']
[0.793s] Level 1:colcon.colcon_core.package_identification:_identify(aws-robomaker-small-house-world/models/aws_robomaker_residential_TV_01/materials/textures) by extension 'colcon_meta'
[0.793s] Level 1:colcon.colcon_core.package_identification:_identify(aws-robomaker-small-house-world/models/aws_robomaker_residential_TV_01/materials/textures) by extensions ['ros']
[0.793s] Level 1:colcon.colcon_core.package_identification:_identify(aws-robomaker-small-house-world/models/aws_robomaker_residential_TV_01/materials/textures) by extension 'ros'
[0.793s] Level 1:colcon.colcon_core.package_identification:_identify(aws-robomaker-small-house-world/models/aws_robomaker_residential_TV_01/materials/textures) by extensions ['cmake', 'python']
[0.793s] Level 1:colcon.colcon_core.package_identification:_identify(aws-robomaker-small-house-world/models/aws_robomaker_residential_TV_01/materials/textures) by extension 'cmake'
[0.793s] Level 1:colcon.colcon_core.package_identification:_identify(aws-robomaker-small-house-world/models/aws_robomaker_residential_TV_01/materials/textures) by extension 'python'
[0.793s] Level 1:colcon.colcon_core.package_identification:_identify(aws-robomaker-small-house-world/models/aws_robomaker_residential_TV_01/materials/textures) by extensions ['python_setup_py']
[0.793s] Level 1:colcon.colcon_core.package_identification:_identify(aws-robomaker-small-house-world/models/aws_robomaker_residential_TV_01/materials/textures) by extension 'python_setup_py'
[0.794s] Level 1:colcon.colcon_core.package_identification:_identify(aws-robomaker-small-house-world/models/aws_robomaker_residential_TV_01/meshes) by extensions ['ignore', 'ignore_ament_install']
[0.794s] Level 1:colcon.colcon_core.package_identification:_identify(aws-robomaker-small-house-world/models/aws_robomaker_residential_TV_01/meshes) by extension 'ignore'
[0.794s] Level 1:colcon.colcon_core.package_identification:_identify(aws-robomaker-small-house-world/models/aws_robomaker_residential_TV_01/meshes) by extension 'ignore_ament_install'
[0.794s] Level 1:colcon.colcon_core.package_identification:_identify(aws-robomaker-small-house-world/models/aws_robomaker_residential_TV_01/meshes) by extensions ['colcon_pkg']
[0.794s] Level 1:colcon.colcon_core.package_identification:_identify(aws-robomaker-small-house-world/models/aws_robomaker_residential_TV_01/meshes) by extension 'colcon_pkg'
[0.794s] Level 1:colcon.colcon_core.package_identification:_identify(aws-robomaker-small-house-world/models/aws_robomaker_residential_TV_01/meshes) by extensions ['colcon_meta']
[0.794s] Level 1:colcon.colcon_core.package_identification:_identify(aws-robomaker-small-house-world/models/aws_robomaker_residential_TV_01/meshes) by extension 'colcon_meta'
[0.794s] Level 1:colcon.colcon_core.package_identification:_identify(aws-robomaker-small-house-world/models/aws_robomaker_residential_TV_01/meshes) by extensions ['ros']
[0.794s] Level 1:colcon.colcon_core.package_identification:_identify(aws-robomaker-small-house-world/models/aws_robomaker_residential_TV_01/meshes) by extension 'ros'
[0.794s] Level 1:colcon.colcon_core.package_identification:_identify(aws-robomaker-small-house-world/models/aws_robomaker_residential_TV_01/meshes) by extensions ['cmake', 'python']
[0.794s] Level 1:colcon.colcon_core.package_identification:_identify(aws-robomaker-small-house-world/models/aws_robomaker_residential_TV_01/meshes) by extension 'cmake'
[0.794s] Level 1:colcon.colcon_core.package_identification:_identify(aws-robomaker-small-house-world/models/aws_robomaker_residential_TV_01/meshes) by extension 'python'
[0.794s] Level 1:colcon.colcon_core.package_identification:_identify(aws-robomaker-small-house-world/models/aws_robomaker_residential_TV_01/meshes) by extensions ['python_setup_py']
[0.794s] Level 1:colcon.colcon_core.package_identification:_identify(aws-robomaker-small-house-world/models/aws_robomaker_residential_TV_01/meshes) by extension 'python_setup_py'
[0.794s] Level 1:colcon.colcon_core.package_identification:_identify(aws-robomaker-small-house-world/models/aws_robomaker_residential_TV_02) by extensions ['ignore', 'ignore_ament_install']
[0.794s] Level 1:colcon.colcon_core.package_identification:_identify(aws-robomaker-small-house-world/models/aws_robomaker_residential_TV_02) by extension 'ignore'
[0.794s] Level 1:colcon.colcon_core.package_identification:_identify(aws-robomaker-small-house-world/models/aws_robomaker_residential_TV_02) by extension 'ignore_ament_install'
[0.794s] Level 1:colcon.colcon_core.package_identification:_identify(aws-robomaker-small-house-world/models/aws_robomaker_residential_TV_02) by extensions ['colcon_pkg']
[0.794s] Level 1:colcon.colcon_core.package_identification:_identify(aws-robomaker-small-house-world/models/aws_robomaker_residential_TV_02) by extension 'colcon_pkg'
[0.794s] Level 1:colcon.colcon_core.package_identification:_identify(aws-robomaker-small-house-world/models/aws_robomaker_residential_TV_02) by extensions ['colcon_meta']
[0.794s] Level 1:colcon.colcon_core.package_identification:_identify(aws-robomaker-small-house-world/models/aws_robomaker_residential_TV_02) by extension 'colcon_meta'
[0.794s] Level 1:colcon.colcon_core.package_identification:_identify(aws-robomaker-small-house-world/models/aws_robomaker_residential_TV_02) by extensions ['ros']
[0.794s] Level 1:colcon.colcon_core.package_identification:_identify(aws-robomaker-small-house-world/models/aws_robomaker_residential_TV_02) by extension 'ros'
[0.794s] Level 1:colcon.colcon_core.package_identification:_identify(aws-robomaker-small-house-world/models/aws_robomaker_residential_TV_02) by extensions ['cmake', 'python']
[0.795s] Level 1:colcon.colcon_core.package_identification:_identify(aws-robomaker-small-house-world/models/aws_robomaker_residential_TV_02) by extension 'cmake'
[0.795s] Level 1:colcon.colcon_core.package_identification:_identify(aws-robomaker-small-house-world/models/aws_robomaker_residential_TV_02) by extension 'python'
[0.795s] Level 1:colcon.colcon_core.package_identification:_identify(aws-robomaker-small-house-world/models/aws_robomaker_residential_TV_02) by extensions ['python_setup_py']
[0.795s] Level 1:colcon.colcon_core.package_identification:_identify(aws-robomaker-small-house-world/models/aws_robomaker_residential_TV_02) by extension 'python_setup_py'
[0.795s] Level 1:colcon.colcon_core.package_identification:_identify(aws-robomaker-small-house-world/models/aws_robomaker_residential_TV_02/materials) by extensions ['ignore', 'ignore_ament_install']
[0.795s] Level 1:colcon.colcon_core.package_identification:_identify(aws-robomaker-small-house-world/models/aws_robomaker_residential_TV_02/materials) by extension 'ignore'
[0.795s] Level 1:colcon.colcon_core.package_identification:_identify(aws-robomaker-small-house-world/models/aws_robomaker_residential_TV_02/materials) by extension 'ignore_ament_install'
[0.795s] Level 1:colcon.colcon_core.package_identification:_identify(aws-robomaker-small-house-world/models/aws_robomaker_residential_TV_02/materials) by extensions ['colcon_pkg']
[0.795s] Level 1:colcon.colcon_core.package_identification:_identify(aws-robomaker-small-house-world/models/aws_robomaker_residential_TV_02/materials) by extension 'colcon_pkg'
[0.795s] Level 1:colcon.colcon_core.package_identification:_identify(aws-robomaker-small-house-world/models/aws_robomaker_residential_TV_02/materials) by extensions ['colcon_meta']
[0.795s] Level 1:colcon.colcon_core.package_identification:_identify(aws-robomaker-small-house-world/models/aws_robomaker_residential_TV_02/materials) by extension 'colcon_meta'
[0.795s] Level 1:colcon.colcon_core.package_identification:_identify(aws-robomaker-small-house-world/models/aws_robomaker_residential_TV_02/materials) by extensions ['ros']
[0.795s] Level 1:colcon.colcon_core.package_identification:_identify(aws-robomaker-small-house-world/models/aws_robomaker_residential_TV_02/materials) by extension 'ros'
[0.795s] Level 1:colcon.colcon_core.package_identification:_identify(aws-robomaker-small-house-world/models/aws_robomaker_residential_TV_02/materials) by extensions ['cmake', 'python']
[0.795s] Level 1:colcon.colcon_core.package_identification:_identify(aws-robomaker-small-house-world/models/aws_robomaker_residential_TV_02/materials) by extension 'cmake'
[0.795s] Level 1:colcon.colcon_core.package_identification:_identify(aws-robomaker-small-house-world/models/aws_robomaker_residential_TV_02/materials) by extension 'python'
[0.795s] Level 1:colcon.colcon_core.package_identification:_identify(aws-robomaker-small-house-world/models/aws_robomaker_residential_TV_02/materials) by extensions ['python_setup_py']
[0.795s] Level 1:colcon.colcon_core.package_identification:_identify(aws-robomaker-small-house-world/models/aws_robomaker_residential_TV_02/materials) by extension 'python_setup_py'
[0.795s] Level 1:colcon.colcon_core.package_identification:_identify(aws-robomaker-small-house-world/models/aws_robomaker_residential_TV_02/materials/textures) by extensions ['ignore', 'ignore_ament_install']
[0.795s] Level 1:colcon.colcon_core.package_identification:_identify(aws-robomaker-small-house-world/models/aws_robomaker_residential_TV_02/materials/textures) by extension 'ignore'
[0.795s] Level 1:colcon.colcon_core.package_identification:_identify(aws-robomaker-small-house-world/models/aws_robomaker_residential_TV_02/materials/textures) by extension 'ignore_ament_install'
[0.796s] Level 1:colcon.colcon_core.package_identification:_identify(aws-robomaker-small-house-world/models/aws_robomaker_residential_TV_02/materials/textures) by extensions ['colcon_pkg']
[0.796s] Level 1:colcon.colcon_core.package_identification:_identify(aws-robomaker-small-house-world/models/aws_robomaker_residential_TV_02/materials/textures) by extension 'colcon_pkg'
[0.796s] Level 1:colcon.colcon_core.package_identification:_identify(aws-robomaker-small-house-world/models/aws_robomaker_residential_TV_02/materials/textures) by extensions ['colcon_meta']
[0.796s] Level 1:colcon.colcon_core.package_identification:_identify(aws-robomaker-small-house-world/models/aws_robomaker_residential_TV_02/materials/textures) by extension 'colcon_meta'
[0.796s] Level 1:colcon.colcon_core.package_identification:_identify(aws-robomaker-small-house-world/models/aws_robomaker_residential_TV_02/materials/textures) by extensions ['ros']
[0.796s] Level 1:colcon.colcon_core.package_identification:_identify(aws-robomaker-small-house-world/models/aws_robomaker_residential_TV_02/materials/textures) by extension 'ros'
[0.796s] Level 1:colcon.colcon_core.package_identification:_identify(aws-robomaker-small-house-world/models/aws_robomaker_residential_TV_02/materials/textures) by extensions ['cmake', 'python']
[0.796s] Level 1:colcon.colcon_core.package_identification:_identify(aws-robomaker-small-house-world/models/aws_robomaker_residential_TV_02/materials/textures) by extension 'cmake'
[0.796s] Level 1:colcon.colcon_core.package_identification:_identify(aws-robomaker-small-house-world/models/aws_robomaker_residential_TV_02/materials/textures) by extension 'python'
[0.796s] Level 1:colcon.colcon_core.package_identification:_identify(aws-robomaker-small-house-world/models/aws_robomaker_residential_TV_02/materials/textures) by extensions ['python_setup_py']
[0.796s] Level 1:colcon.colcon_core.package_identification:_identify(aws-robomaker-small-house-world/models/aws_robomaker_residential_TV_02/materials/textures) by extension 'python_setup_py'
[0.796s] Level 1:colcon.colcon_core.package_identification:_identify(aws-robomaker-small-house-world/models/aws_robomaker_residential_TV_02/meshes) by extensions ['ignore', 'ignore_ament_install']
[0.796s] Level 1:colcon.colcon_core.package_identification:_identify(aws-robomaker-small-house-world/models/aws_robomaker_residential_TV_02/meshes) by extension 'ignore'
[0.796s] Level 1:colcon.colcon_core.package_identification:_identify(aws-robomaker-small-house-world/models/aws_robomaker_residential_TV_02/meshes) by extension 'ignore_ament_install'
[0.796s] Level 1:colcon.colcon_core.package_identification:_identify(aws-robomaker-small-house-world/models/aws_robomaker_residential_TV_02/meshes) by extensions ['colcon_pkg']
[0.796s] Level 1:colcon.colcon_core.package_identification:_identify(aws-robomaker-small-house-world/models/aws_robomaker_residential_TV_02/meshes) by extension 'colcon_pkg'
[0.796s] Level 1:colcon.colcon_core.package_identification:_identify(aws-robomaker-small-house-world/models/aws_robomaker_residential_TV_02/meshes) by extensions ['colcon_meta']
[0.796s] Level 1:colcon.colcon_core.package_identification:_identify(aws-robomaker-small-house-world/models/aws_robomaker_residential_TV_02/meshes) by extension 'colcon_meta'
[0.796s] Level 1:colcon.colcon_core.package_identification:_identify(aws-robomaker-small-house-world/models/aws_robomaker_residential_TV_02/meshes) by extensions ['ros']
[0.796s] Level 1:colcon.colcon_core.package_identification:_identify(aws-robomaker-small-house-world/models/aws_robomaker_residential_TV_02/meshes) by extension 'ros'
[0.796s] Level 1:colcon.colcon_core.package_identification:_identify(aws-robomaker-small-house-world/models/aws_robomaker_residential_TV_02/meshes) by extensions ['cmake', 'python']
[0.796s] Level 1:colcon.colcon_core.package_identification:_identify(aws-robomaker-small-house-world/models/aws_robomaker_residential_TV_02/meshes) by extension 'cmake'
[0.796s] Level 1:colcon.colcon_core.package_identification:_identify(aws-robomaker-small-house-world/models/aws_robomaker_residential_TV_02/meshes) by extension 'python'
[0.796s] Level 1:colcon.colcon_core.package_identification:_identify(aws-robomaker-small-house-world/models/aws_robomaker_residential_TV_02/meshes) by extensions ['python_setup_py']
[0.796s] Level 1:colcon.colcon_core.package_identification:_identify(aws-robomaker-small-house-world/models/aws_robomaker_residential_TV_02/meshes) by extension 'python_setup_py'
[0.797s] Level 1:colcon.colcon_core.package_identification:_identify(aws-robomaker-small-house-world/models/aws_robomaker_residential_Tablet_01) by extensions ['ignore', 'ignore_ament_install']
[0.797s] Level 1:colcon.colcon_core.package_identification:_identify(aws-robomaker-small-house-world/models/aws_robomaker_residential_Tablet_01) by extension 'ignore'
[0.797s] Level 1:colcon.colcon_core.package_identification:_identify(aws-robomaker-small-house-world/models/aws_robomaker_residential_Tablet_01) by extension 'ignore_ament_install'
[0.797s] Level 1:colcon.colcon_core.package_identification:_identify(aws-robomaker-small-house-world/models/aws_robomaker_residential_Tablet_01) by extensions ['colcon_pkg']
[0.797s] Level 1:colcon.colcon_core.package_identification:_identify(aws-robomaker-small-house-world/models/aws_robomaker_residential_Tablet_01) by extension 'colcon_pkg'
[0.797s] Level 1:colcon.colcon_core.package_identification:_identify(aws-robomaker-small-house-world/models/aws_robomaker_residential_Tablet_01) by extensions ['colcon_meta']
[0.797s] Level 1:colcon.colcon_core.package_identification:_identify(aws-robomaker-small-house-world/models/aws_robomaker_residential_Tablet_01) by extension 'colcon_meta'
[0.797s] Level 1:colcon.colcon_core.package_identification:_identify(aws-robomaker-small-house-world/models/aws_robomaker_residential_Tablet_01) by extensions ['ros']
[0.797s] Level 1:colcon.colcon_core.package_identification:_identify(aws-robomaker-small-house-world/models/aws_robomaker_residential_Tablet_01) by extension 'ros'
[0.797s] Level 1:colcon.colcon_core.package_identification:_identify(aws-robomaker-small-house-world/models/aws_robomaker_residential_Tablet_01) by extensions ['cmake', 'python']
[0.797s] Level 1:colcon.colcon_core.package_identification:_identify(aws-robomaker-small-house-world/models/aws_robomaker_residential_Tablet_01) by extension 'cmake'
[0.797s] Level 1:colcon.colcon_core.package_identification:_identify(aws-robomaker-small-house-world/models/aws_robomaker_residential_Tablet_01) by extension 'python'
[0.797s] Level 1:colcon.colcon_core.package_identification:_identify(aws-robomaker-small-house-world/models/aws_robomaker_residential_Tablet_01) by extensions ['python_setup_py']
[0.797s] Level 1:colcon.colcon_core.package_identification:_identify(aws-robomaker-small-house-world/models/aws_robomaker_residential_Tablet_01) by extension 'python_setup_py'
[0.797s] Level 1:colcon.colcon_core.package_identification:_identify(aws-robomaker-small-house-world/models/aws_robomaker_residential_Tablet_01/materials) by extensions ['ignore', 'ignore_ament_install']
[0.798s] Level 1:colcon.colcon_core.package_identification:_identify(aws-robomaker-small-house-world/models/aws_robomaker_residential_Tablet_01/materials) by extension 'ignore'
[0.798s] Level 1:colcon.colcon_core.package_identification:_identify(aws-robomaker-small-house-world/models/aws_robomaker_residential_Tablet_01/materials) by extension 'ignore_ament_install'
[0.798s] Level 1:colcon.colcon_core.package_identification:_identify(aws-robomaker-small-house-world/models/aws_robomaker_residential_Tablet_01/materials) by extensions ['colcon_pkg']
[0.798s] Level 1:colcon.colcon_core.package_identification:_identify(aws-robomaker-small-house-world/models/aws_robomaker_residential_Tablet_01/materials) by extension 'colcon_pkg'
[0.798s] Level 1:colcon.colcon_core.package_identification:_identify(aws-robomaker-small-house-world/models/aws_robomaker_residential_Tablet_01/materials) by extensions ['colcon_meta']
[0.798s] Level 1:colcon.colcon_core.package_identification:_identify(aws-robomaker-small-house-world/models/aws_robomaker_residential_Tablet_01/materials) by extension 'colcon_meta'
[0.798s] Level 1:colcon.colcon_core.package_identification:_identify(aws-robomaker-small-house-world/models/aws_robomaker_residential_Tablet_01/materials) by extensions ['ros']
[0.798s] Level 1:colcon.colcon_core.package_identification:_identify(aws-robomaker-small-house-world/models/aws_robomaker_residential_Tablet_01/materials) by extension 'ros'
[0.798s] Level 1:colcon.colcon_core.package_identification:_identify(aws-robomaker-small-house-world/models/aws_robomaker_residential_Tablet_01/materials) by extensions ['cmake', 'python']
[0.798s] Level 1:colcon.colcon_core.package_identification:_identify(aws-robomaker-small-house-world/models/aws_robomaker_residential_Tablet_01/materials) by extension 'cmake'
[0.798s] Level 1:colcon.colcon_core.package_identification:_identify(aws-robomaker-small-house-world/models/aws_robomaker_residential_Tablet_01/materials) by extension 'python'
[0.798s] Level 1:colcon.colcon_core.package_identification:_identify(aws-robomaker-small-house-world/models/aws_robomaker_residential_Tablet_01/materials) by extensions ['python_setup_py']
[0.798s] Level 1:colcon.colcon_core.package_identification:_identify(aws-robomaker-small-house-world/models/aws_robomaker_residential_Tablet_01/materials) by extension 'python_setup_py'
[0.798s] Level 1:colcon.colcon_core.package_identification:_identify(aws-robomaker-small-house-world/models/aws_robomaker_residential_Tablet_01/materials/textures) by extensions ['ignore', 'ignore_ament_install']
[0.798s] Level 1:colcon.colcon_core.package_identification:_identify(aws-robomaker-small-house-world/models/aws_robomaker_residential_Tablet_01/materials/textures) by extension 'ignore'
[0.798s] Level 1:colcon.colcon_core.package_identification:_identify(aws-robomaker-small-house-world/models/aws_robomaker_residential_Tablet_01/materials/textures) by extension 'ignore_ament_install'
[0.798s] Level 1:colcon.colcon_core.package_identification:_identify(aws-robomaker-small-house-world/models/aws_robomaker_residential_Tablet_01/materials/textures) by extensions ['colcon_pkg']
[0.798s] Level 1:colcon.colcon_core.package_identification:_identify(aws-robomaker-small-house-world/models/aws_robomaker_residential_Tablet_01/materials/textures) by extension 'colcon_pkg'
[0.798s] Level 1:colcon.colcon_core.package_identification:_identify(aws-robomaker-small-house-world/models/aws_robomaker_residential_Tablet_01/materials/textures) by extensions ['colcon_meta']
[0.798s] Level 1:colcon.colcon_core.package_identification:_identify(aws-robomaker-small-house-world/models/aws_robomaker_residential_Tablet_01/materials/textures) by extension 'colcon_meta'
[0.798s] Level 1:colcon.colcon_core.package_identification:_identify(aws-robomaker-small-house-world/models/aws_robomaker_residential_Tablet_01/materials/textures) by extensions ['ros']
[0.798s] Level 1:colcon.colcon_core.package_identification:_identify(aws-robomaker-small-house-world/models/aws_robomaker_residential_Tablet_01/materials/textures) by extension 'ros'
[0.798s] Level 1:colcon.colcon_core.package_identification:_identify(aws-robomaker-small-house-world/models/aws_robomaker_residential_Tablet_01/materials/textures) by extensions ['cmake', 'python']
[0.798s] Level 1:colcon.colcon_core.package_identification:_identify(aws-robomaker-small-house-world/models/aws_robomaker_residential_Tablet_01/materials/textures) by extension 'cmake'
[0.799s] Level 1:colcon.colcon_core.package_identification:_identify(aws-robomaker-small-house-world/models/aws_robomaker_residential_Tablet_01/materials/textures) by extension 'python'
[0.799s] Level 1:colcon.colcon_core.package_identification:_identify(aws-robomaker-small-house-world/models/aws_robomaker_residential_Tablet_01/materials/textures) by extensions ['python_setup_py']
[0.799s] Level 1:colcon.colcon_core.package_identification:_identify(aws-robomaker-small-house-world/models/aws_robomaker_residential_Tablet_01/materials/textures) by extension 'python_setup_py'
[0.799s] Level 1:colcon.colcon_core.package_identification:_identify(aws-robomaker-small-house-world/models/aws_robomaker_residential_Tablet_01/meshes) by extensions ['ignore', 'ignore_ament_install']
[0.799s] Level 1:colcon.colcon_core.package_identification:_identify(aws-robomaker-small-house-world/models/aws_robomaker_residential_Tablet_01/meshes) by extension 'ignore'
[0.799s] Level 1:colcon.colcon_core.package_identification:_identify(aws-robomaker-small-house-world/models/aws_robomaker_residential_Tablet_01/meshes) by extension 'ignore_ament_install'
[0.799s] Level 1:colcon.colcon_core.package_identification:_identify(aws-robomaker-small-house-world/models/aws_robomaker_residential_Tablet_01/meshes) by extensions ['colcon_pkg']
[0.799s] Level 1:colcon.colcon_core.package_identification:_identify(aws-robomaker-small-house-world/models/aws_robomaker_residential_Tablet_01/meshes) by extension 'colcon_pkg'
[0.799s] Level 1:colcon.colcon_core.package_identification:_identify(aws-robomaker-small-house-world/models/aws_robomaker_residential_Tablet_01/meshes) by extensions ['colcon_meta']
[0.799s] Level 1:colcon.colcon_core.package_identification:_identify(aws-robomaker-small-house-world/models/aws_robomaker_residential_Tablet_01/meshes) by extension 'colcon_meta'
[0.799s] Level 1:colcon.colcon_core.package_identification:_identify(aws-robomaker-small-house-world/models/aws_robomaker_residential_Tablet_01/meshes) by extensions ['ros']
[0.799s] Level 1:colcon.colcon_core.package_identification:_identify(aws-robomaker-small-house-world/models/aws_robomaker_residential_Tablet_01/meshes) by extension 'ros'
[0.799s] Level 1:colcon.colcon_core.package_identification:_identify(aws-robomaker-small-house-world/models/aws_robomaker_residential_Tablet_01/meshes) by extensions ['cmake', 'python']
[0.799s] Level 1:colcon.colcon_core.package_identification:_identify(aws-robomaker-small-house-world/models/aws_robomaker_residential_Tablet_01/meshes) by extension 'cmake'
[0.799s] Level 1:colcon.colcon_core.package_identification:_identify(aws-robomaker-small-house-world/models/aws_robomaker_residential_Tablet_01/meshes) by extension 'python'
[0.799s] Level 1:colcon.colcon_core.package_identification:_identify(aws-robomaker-small-house-world/models/aws_robomaker_residential_Tablet_01/meshes) by extensions ['python_setup_py']
[0.799s] Level 1:colcon.colcon_core.package_identification:_identify(aws-robomaker-small-house-world/models/aws_robomaker_residential_Tablet_01/meshes) by extension 'python_setup_py'
[0.799s] Level 1:colcon.colcon_core.package_identification:_identify(aws-robomaker-small-house-world/models/aws_robomaker_residential_Tableware_01) by extensions ['ignore', 'ignore_ament_install']
[0.799s] Level 1:colcon.colcon_core.package_identification:_identify(aws-robomaker-small-house-world/models/aws_robomaker_residential_Tableware_01) by extension 'ignore'
[0.799s] Level 1:colcon.colcon_core.package_identification:_identify(aws-robomaker-small-house-world/models/aws_robomaker_residential_Tableware_01) by extension 'ignore_ament_install'
[0.799s] Level 1:colcon.colcon_core.package_identification:_identify(aws-robomaker-small-house-world/models/aws_robomaker_residential_Tableware_01) by extensions ['colcon_pkg']
[0.799s] Level 1:colcon.colcon_core.package_identification:_identify(aws-robomaker-small-house-world/models/aws_robomaker_residential_Tableware_01) by extension 'colcon_pkg'
[0.799s] Level 1:colcon.colcon_core.package_identification:_identify(aws-robomaker-small-house-world/models/aws_robomaker_residential_Tableware_01) by extensions ['colcon_meta']
[0.800s] Level 1:colcon.colcon_core.package_identification:_identify(aws-robomaker-small-house-world/models/aws_robomaker_residential_Tableware_01) by extension 'colcon_meta'
[0.800s] Level 1:colcon.colcon_core.package_identification:_identify(aws-robomaker-small-house-world/models/aws_robomaker_residential_Tableware_01) by extensions ['ros']
[0.800s] Level 1:colcon.colcon_core.package_identification:_identify(aws-robomaker-small-house-world/models/aws_robomaker_residential_Tableware_01) by extension 'ros'
[0.800s] Level 1:colcon.colcon_core.package_identification:_identify(aws-robomaker-small-house-world/models/aws_robomaker_residential_Tableware_01) by extensions ['cmake', 'python']
[0.800s] Level 1:colcon.colcon_core.package_identification:_identify(aws-robomaker-small-house-world/models/aws_robomaker_residential_Tableware_01) by extension 'cmake'
[0.800s] Level 1:colcon.colcon_core.package_identification:_identify(aws-robomaker-small-house-world/models/aws_robomaker_residential_Tableware_01) by extension 'python'
[0.800s] Level 1:colcon.colcon_core.package_identification:_identify(aws-robomaker-small-house-world/models/aws_robomaker_residential_Tableware_01) by extensions ['python_setup_py']
[0.800s] Level 1:colcon.colcon_core.package_identification:_identify(aws-robomaker-small-house-world/models/aws_robomaker_residential_Tableware_01) by extension 'python_setup_py'
[0.800s] Level 1:colcon.colcon_core.package_identification:_identify(aws-robomaker-small-house-world/models/aws_robomaker_residential_Tableware_01/materials) by extensions ['ignore', 'ignore_ament_install']
[0.800s] Level 1:colcon.colcon_core.package_identification:_identify(aws-robomaker-small-house-world/models/aws_robomaker_residential_Tableware_01/materials) by extension 'ignore'
[0.800s] Level 1:colcon.colcon_core.package_identification:_identify(aws-robomaker-small-house-world/models/aws_robomaker_residential_Tableware_01/materials) by extension 'ignore_ament_install'
[0.800s] Level 1:colcon.colcon_core.package_identification:_identify(aws-robomaker-small-house-world/models/aws_robomaker_residential_Tableware_01/materials) by extensions ['colcon_pkg']
[0.800s] Level 1:colcon.colcon_core.package_identification:_identify(aws-robomaker-small-house-world/models/aws_robomaker_residential_Tableware_01/materials) by extension 'colcon_pkg'
[0.800s] Level 1:colcon.colcon_core.package_identification:_identify(aws-robomaker-small-house-world/models/aws_robomaker_residential_Tableware_01/materials) by extensions ['colcon_meta']
[0.800s] Level 1:colcon.colcon_core.package_identification:_identify(aws-robomaker-small-house-world/models/aws_robomaker_residential_Tableware_01/materials) by extension 'colcon_meta'
[0.800s] Level 1:colcon.colcon_core.package_identification:_identify(aws-robomaker-small-house-world/models/aws_robomaker_residential_Tableware_01/materials) by extensions ['ros']
[0.800s] Level 1:colcon.colcon_core.package_identification:_identify(aws-robomaker-small-house-world/models/aws_robomaker_residential_Tableware_01/materials) by extension 'ros'
[0.801s] Level 1:colcon.colcon_core.package_identification:_identify(aws-robomaker-small-house-world/models/aws_robomaker_residential_Tableware_01/materials) by extensions ['cmake', 'python']
[0.801s] Level 1:colcon.colcon_core.package_identification:_identify(aws-robomaker-small-house-world/models/aws_robomaker_residential_Tableware_01/materials) by extension 'cmake'
[0.801s] Level 1:colcon.colcon_core.package_identification:_identify(aws-robomaker-small-house-world/models/aws_robomaker_residential_Tableware_01/materials) by extension 'python'
[0.801s] Level 1:colcon.colcon_core.package_identification:_identify(aws-robomaker-small-house-world/models/aws_robomaker_residential_Tableware_01/materials) by extensions ['python_setup_py']
[0.801s] Level 1:colcon.colcon_core.package_identification:_identify(aws-robomaker-small-house-world/models/aws_robomaker_residential_Tableware_01/materials) by extension 'python_setup_py'
[0.801s] Level 1:colcon.colcon_core.package_identification:_identify(aws-robomaker-small-house-world/models/aws_robomaker_residential_Tableware_01/materials/textures) by extensions ['ignore', 'ignore_ament_install']
[0.801s] Level 1:colcon.colcon_core.package_identification:_identify(aws-robomaker-small-house-world/models/aws_robomaker_residential_Tableware_01/materials/textures) by extension 'ignore'
[0.801s] Level 1:colcon.colcon_core.package_identification:_identify(aws-robomaker-small-house-world/models/aws_robomaker_residential_Tableware_01/materials/textures) by extension 'ignore_ament_install'
[0.801s] Level 1:colcon.colcon_core.package_identification:_identify(aws-robomaker-small-house-world/models/aws_robomaker_residential_Tableware_01/materials/textures) by extensions ['colcon_pkg']
[0.801s] Level 1:colcon.colcon_core.package_identification:_identify(aws-robomaker-small-house-world/models/aws_robomaker_residential_Tableware_01/materials/textures) by extension 'colcon_pkg'
[0.801s] Level 1:colcon.colcon_core.package_identification:_identify(aws-robomaker-small-house-world/models/aws_robomaker_residential_Tableware_01/materials/textures) by extensions ['colcon_meta']
[0.801s] Level 1:colcon.colcon_core.package_identification:_identify(aws-robomaker-small-house-world/models/aws_robomaker_residential_Tableware_01/materials/textures) by extension 'colcon_meta'
[0.801s] Level 1:colcon.colcon_core.package_identification:_identify(aws-robomaker-small-house-world/models/aws_robomaker_residential_Tableware_01/materials/textures) by extensions ['ros']
[0.801s] Level 1:colcon.colcon_core.package_identification:_identify(aws-robomaker-small-house-world/models/aws_robomaker_residential_Tableware_01/materials/textures) by extension 'ros'
[0.802s] Level 1:colcon.colcon_core.package_identification:_identify(aws-robomaker-small-house-world/models/aws_robomaker_residential_Tableware_01/materials/textures) by extensions ['cmake', 'python']
[0.802s] Level 1:colcon.colcon_core.package_identification:_identify(aws-robomaker-small-house-world/models/aws_robomaker_residential_Tableware_01/materials/textures) by extension 'cmake'
[0.802s] Level 1:colcon.colcon_core.package_identification:_identify(aws-robomaker-small-house-world/models/aws_robomaker_residential_Tableware_01/materials/textures) by extension 'python'
[0.802s] Level 1:colcon.colcon_core.package_identification:_identify(aws-robomaker-small-house-world/models/aws_robomaker_residential_Tableware_01/materials/textures) by extensions ['python_setup_py']
[0.802s] Level 1:colcon.colcon_core.package_identification:_identify(aws-robomaker-small-house-world/models/aws_robomaker_residential_Tableware_01/materials/textures) by extension 'python_setup_py'
[0.802s] Level 1:colcon.colcon_core.package_identification:_identify(aws-robomaker-small-house-world/models/aws_robomaker_residential_Tableware_01/meshes) by extensions ['ignore', 'ignore_ament_install']
[0.802s] Level 1:colcon.colcon_core.package_identification:_identify(aws-robomaker-small-house-world/models/aws_robomaker_residential_Tableware_01/meshes) by extension 'ignore'
[0.802s] Level 1:colcon.colcon_core.package_identification:_identify(aws-robomaker-small-house-world/models/aws_robomaker_residential_Tableware_01/meshes) by extension 'ignore_ament_install'
[0.802s] Level 1:colcon.colcon_core.package_identification:_identify(aws-robomaker-small-house-world/models/aws_robomaker_residential_Tableware_01/meshes) by extensions ['colcon_pkg']
[0.802s] Level 1:colcon.colcon_core.package_identification:_identify(aws-robomaker-small-house-world/models/aws_robomaker_residential_Tableware_01/meshes) by extension 'colcon_pkg'
[0.802s] Level 1:colcon.colcon_core.package_identification:_identify(aws-robomaker-small-house-world/models/aws_robomaker_residential_Tableware_01/meshes) by extensions ['colcon_meta']
[0.802s] Level 1:colcon.colcon_core.package_identification:_identify(aws-robomaker-small-house-world/models/aws_robomaker_residential_Tableware_01/meshes) by extension 'colcon_meta'
[0.802s] Level 1:colcon.colcon_core.package_identification:_identify(aws-robomaker-small-house-world/models/aws_robomaker_residential_Tableware_01/meshes) by extensions ['ros']
[0.802s] Level 1:colcon.colcon_core.package_identification:_identify(aws-robomaker-small-house-world/models/aws_robomaker_residential_Tableware_01/meshes) by extension 'ros'
[0.802s] Level 1:colcon.colcon_core.package_identification:_identify(aws-robomaker-small-house-world/models/aws_robomaker_residential_Tableware_01/meshes) by extensions ['cmake', 'python']
[0.802s] Level 1:colcon.colcon_core.package_identification:_identify(aws-robomaker-small-house-world/models/aws_robomaker_residential_Tableware_01/meshes) by extension 'cmake'
[0.802s] Level 1:colcon.colcon_core.package_identification:_identify(aws-robomaker-small-house-world/models/aws_robomaker_residential_Tableware_01/meshes) by extension 'python'
[0.802s] Level 1:colcon.colcon_core.package_identification:_identify(aws-robomaker-small-house-world/models/aws_robomaker_residential_Tableware_01/meshes) by extensions ['python_setup_py']
[0.802s] Level 1:colcon.colcon_core.package_identification:_identify(aws-robomaker-small-house-world/models/aws_robomaker_residential_Tableware_01/meshes) by extension 'python_setup_py'
[0.802s] Level 1:colcon.colcon_core.package_identification:_identify(aws-robomaker-small-house-world/models/aws_robomaker_residential_Trash_01) by extensions ['ignore', 'ignore_ament_install']
[0.802s] Level 1:colcon.colcon_core.package_identification:_identify(aws-robomaker-small-house-world/models/aws_robomaker_residential_Trash_01) by extension 'ignore'
[0.802s] Level 1:colcon.colcon_core.package_identification:_identify(aws-robomaker-small-house-world/models/aws_robomaker_residential_Trash_01) by extension 'ignore_ament_install'
[0.802s] Level 1:colcon.colcon_core.package_identification:_identify(aws-robomaker-small-house-world/models/aws_robomaker_residential_Trash_01) by extensions ['colcon_pkg']
[0.802s] Level 1:colcon.colcon_core.package_identification:_identify(aws-robomaker-small-house-world/models/aws_robomaker_residential_Trash_01) by extension 'colcon_pkg'
[0.803s] Level 1:colcon.colcon_core.package_identification:_identify(aws-robomaker-small-house-world/models/aws_robomaker_residential_Trash_01) by extensions ['colcon_meta']
[0.803s] Level 1:colcon.colcon_core.package_identification:_identify(aws-robomaker-small-house-world/models/aws_robomaker_residential_Trash_01) by extension 'colcon_meta'
[0.803s] Level 1:colcon.colcon_core.package_identification:_identify(aws-robomaker-small-house-world/models/aws_robomaker_residential_Trash_01) by extensions ['ros']
[0.803s] Level 1:colcon.colcon_core.package_identification:_identify(aws-robomaker-small-house-world/models/aws_robomaker_residential_Trash_01) by extension 'ros'
[0.803s] Level 1:colcon.colcon_core.package_identification:_identify(aws-robomaker-small-house-world/models/aws_robomaker_residential_Trash_01) by extensions ['cmake', 'python']
[0.803s] Level 1:colcon.colcon_core.package_identification:_identify(aws-robomaker-small-house-world/models/aws_robomaker_residential_Trash_01) by extension 'cmake'
[0.803s] Level 1:colcon.colcon_core.package_identification:_identify(aws-robomaker-small-house-world/models/aws_robomaker_residential_Trash_01) by extension 'python'
[0.803s] Level 1:colcon.colcon_core.package_identification:_identify(aws-robomaker-small-house-world/models/aws_robomaker_residential_Trash_01) by extensions ['python_setup_py']
[0.803s] Level 1:colcon.colcon_core.package_identification:_identify(aws-robomaker-small-house-world/models/aws_robomaker_residential_Trash_01) by extension 'python_setup_py'
[0.803s] Level 1:colcon.colcon_core.package_identification:_identify(aws-robomaker-small-house-world/models/aws_robomaker_residential_Trash_01/materials) by extensions ['ignore', 'ignore_ament_install']
[0.803s] Level 1:colcon.colcon_core.package_identification:_identify(aws-robomaker-small-house-world/models/aws_robomaker_residential_Trash_01/materials) by extension 'ignore'
[0.803s] Level 1:colcon.colcon_core.package_identification:_identify(aws-robomaker-small-house-world/models/aws_robomaker_residential_Trash_01/materials) by extension 'ignore_ament_install'
[0.803s] Level 1:colcon.colcon_core.package_identification:_identify(aws-robomaker-small-house-world/models/aws_robomaker_residential_Trash_01/materials) by extensions ['colcon_pkg']
[0.803s] Level 1:colcon.colcon_core.package_identification:_identify(aws-robomaker-small-house-world/models/aws_robomaker_residential_Trash_01/materials) by extension 'colcon_pkg'
[0.803s] Level 1:colcon.colcon_core.package_identification:_identify(aws-robomaker-small-house-world/models/aws_robomaker_residential_Trash_01/materials) by extensions ['colcon_meta']
[0.803s] Level 1:colcon.colcon_core.package_identification:_identify(aws-robomaker-small-house-world/models/aws_robomaker_residential_Trash_01/materials) by extension 'colcon_meta'
[0.803s] Level 1:colcon.colcon_core.package_identification:_identify(aws-robomaker-small-house-world/models/aws_robomaker_residential_Trash_01/materials) by extensions ['ros']
[0.803s] Level 1:colcon.colcon_core.package_identification:_identify(aws-robomaker-small-house-world/models/aws_robomaker_residential_Trash_01/materials) by extension 'ros'
[0.803s] Level 1:colcon.colcon_core.package_identification:_identify(aws-robomaker-small-house-world/models/aws_robomaker_residential_Trash_01/materials) by extensions ['cmake', 'python']
[0.803s] Level 1:colcon.colcon_core.package_identification:_identify(aws-robomaker-small-house-world/models/aws_robomaker_residential_Trash_01/materials) by extension 'cmake'
[0.803s] Level 1:colcon.colcon_core.package_identification:_identify(aws-robomaker-small-house-world/models/aws_robomaker_residential_Trash_01/materials) by extension 'python'
[0.803s] Level 1:colcon.colcon_core.package_identification:_identify(aws-robomaker-small-house-world/models/aws_robomaker_residential_Trash_01/materials) by extensions ['python_setup_py']
[0.803s] Level 1:colcon.colcon_core.package_identification:_identify(aws-robomaker-small-house-world/models/aws_robomaker_residential_Trash_01/materials) by extension 'python_setup_py'
[0.803s] Level 1:colcon.colcon_core.package_identification:_identify(aws-robomaker-small-house-world/models/aws_robomaker_residential_Trash_01/materials/textures) by extensions ['ignore', 'ignore_ament_install']
[0.803s] Level 1:colcon.colcon_core.package_identification:_identify(aws-robomaker-small-house-world/models/aws_robomaker_residential_Trash_01/materials/textures) by extension 'ignore'
[0.804s] Level 1:colcon.colcon_core.package_identification:_identify(aws-robomaker-small-house-world/models/aws_robomaker_residential_Trash_01/materials/textures) by extension 'ignore_ament_install'
[0.804s] Level 1:colcon.colcon_core.package_identification:_identify(aws-robomaker-small-house-world/models/aws_robomaker_residential_Trash_01/materials/textures) by extensions ['colcon_pkg']
[0.804s] Level 1:colcon.colcon_core.package_identification:_identify(aws-robomaker-small-house-world/models/aws_robomaker_residential_Trash_01/materials/textures) by extension 'colcon_pkg'
[0.804s] Level 1:colcon.colcon_core.package_identification:_identify(aws-robomaker-small-house-world/models/aws_robomaker_residential_Trash_01/materials/textures) by extensions ['colcon_meta']
[0.804s] Level 1:colcon.colcon_core.package_identification:_identify(aws-robomaker-small-house-world/models/aws_robomaker_residential_Trash_01/materials/textures) by extension 'colcon_meta'
[0.804s] Level 1:colcon.colcon_core.package_identification:_identify(aws-robomaker-small-house-world/models/aws_robomaker_residential_Trash_01/materials/textures) by extensions ['ros']
[0.804s] Level 1:colcon.colcon_core.package_identification:_identify(aws-robomaker-small-house-world/models/aws_robomaker_residential_Trash_01/materials/textures) by extension 'ros'
[0.804s] Level 1:colcon.colcon_core.package_identification:_identify(aws-robomaker-small-house-world/models/aws_robomaker_residential_Trash_01/materials/textures) by extensions ['cmake', 'python']
[0.804s] Level 1:colcon.colcon_core.package_identification:_identify(aws-robomaker-small-house-world/models/aws_robomaker_residential_Trash_01/materials/textures) by extension 'cmake'
[0.804s] Level 1:colcon.colcon_core.package_identification:_identify(aws-robomaker-small-house-world/models/aws_robomaker_residential_Trash_01/materials/textures) by extension 'python'
[0.804s] Level 1:colcon.colcon_core.package_identification:_identify(aws-robomaker-small-house-world/models/aws_robomaker_residential_Trash_01/materials/textures) by extensions ['python_setup_py']
[0.804s] Level 1:colcon.colcon_core.package_identification:_identify(aws-robomaker-small-house-world/models/aws_robomaker_residential_Trash_01/materials/textures) by extension 'python_setup_py'
[0.804s] Level 1:colcon.colcon_core.package_identification:_identify(aws-robomaker-small-house-world/models/aws_robomaker_residential_Trash_01/meshes) by extensions ['ignore', 'ignore_ament_install']
[0.804s] Level 1:colcon.colcon_core.package_identification:_identify(aws-robomaker-small-house-world/models/aws_robomaker_residential_Trash_01/meshes) by extension 'ignore'
[0.804s] Level 1:colcon.colcon_core.package_identification:_identify(aws-robomaker-small-house-world/models/aws_robomaker_residential_Trash_01/meshes) by extension 'ignore_ament_install'
[0.804s] Level 1:colcon.colcon_core.package_identification:_identify(aws-robomaker-small-house-world/models/aws_robomaker_residential_Trash_01/meshes) by extensions ['colcon_pkg']
[0.804s] Level 1:colcon.colcon_core.package_identification:_identify(aws-robomaker-small-house-world/models/aws_robomaker_residential_Trash_01/meshes) by extension 'colcon_pkg'
[0.804s] Level 1:colcon.colcon_core.package_identification:_identify(aws-robomaker-small-house-world/models/aws_robomaker_residential_Trash_01/meshes) by extensions ['colcon_meta']
[0.804s] Level 1:colcon.colcon_core.package_identification:_identify(aws-robomaker-small-house-world/models/aws_robomaker_residential_Trash_01/meshes) by extension 'colcon_meta'
[0.804s] Level 1:colcon.colcon_core.package_identification:_identify(aws-robomaker-small-house-world/models/aws_robomaker_residential_Trash_01/meshes) by extensions ['ros']
[0.804s] Level 1:colcon.colcon_core.package_identification:_identify(aws-robomaker-small-house-world/models/aws_robomaker_residential_Trash_01/meshes) by extension 'ros'
[0.804s] Level 1:colcon.colcon_core.package_identification:_identify(aws-robomaker-small-house-world/models/aws_robomaker_residential_Trash_01/meshes) by extensions ['cmake', 'python']
[0.804s] Level 1:colcon.colcon_core.package_identification:_identify(aws-robomaker-small-house-world/models/aws_robomaker_residential_Trash_01/meshes) by extension 'cmake'
[0.804s] Level 1:colcon.colcon_core.package_identification:_identify(aws-robomaker-small-house-world/models/aws_robomaker_residential_Trash_01/meshes) by extension 'python'
[0.804s] Level 1:colcon.colcon_core.package_identification:_identify(aws-robomaker-small-house-world/models/aws_robomaker_residential_Trash_01/meshes) by extensions ['python_setup_py']
[0.804s] Level 1:colcon.colcon_core.package_identification:_identify(aws-robomaker-small-house-world/models/aws_robomaker_residential_Trash_01/meshes) by extension 'python_setup_py'
[0.805s] Level 1:colcon.colcon_core.package_identification:_identify(aws-robomaker-small-house-world/models/aws_robomaker_residential_Vase_01) by extensions ['ignore', 'ignore_ament_install']
[0.805s] Level 1:colcon.colcon_core.package_identification:_identify(aws-robomaker-small-house-world/models/aws_robomaker_residential_Vase_01) by extension 'ignore'
[0.805s] Level 1:colcon.colcon_core.package_identification:_identify(aws-robomaker-small-house-world/models/aws_robomaker_residential_Vase_01) by extension 'ignore_ament_install'
[0.805s] Level 1:colcon.colcon_core.package_identification:_identify(aws-robomaker-small-house-world/models/aws_robomaker_residential_Vase_01) by extensions ['colcon_pkg']
[0.805s] Level 1:colcon.colcon_core.package_identification:_identify(aws-robomaker-small-house-world/models/aws_robomaker_residential_Vase_01) by extension 'colcon_pkg'
[0.805s] Level 1:colcon.colcon_core.package_identification:_identify(aws-robomaker-small-house-world/models/aws_robomaker_residential_Vase_01) by extensions ['colcon_meta']
[0.805s] Level 1:colcon.colcon_core.package_identification:_identify(aws-robomaker-small-house-world/models/aws_robomaker_residential_Vase_01) by extension 'colcon_meta'
[0.805s] Level 1:colcon.colcon_core.package_identification:_identify(aws-robomaker-small-house-world/models/aws_robomaker_residential_Vase_01) by extensions ['ros']
[0.805s] Level 1:colcon.colcon_core.package_identification:_identify(aws-robomaker-small-house-world/models/aws_robomaker_residential_Vase_01) by extension 'ros'
[0.805s] Level 1:colcon.colcon_core.package_identification:_identify(aws-robomaker-small-house-world/models/aws_robomaker_residential_Vase_01) by extensions ['cmake', 'python']
[0.805s] Level 1:colcon.colcon_core.package_identification:_identify(aws-robomaker-small-house-world/models/aws_robomaker_residential_Vase_01) by extension 'cmake'
[0.805s] Level 1:colcon.colcon_core.package_identification:_identify(aws-robomaker-small-house-world/models/aws_robomaker_residential_Vase_01) by extension 'python'
[0.805s] Level 1:colcon.colcon_core.package_identification:_identify(aws-robomaker-small-house-world/models/aws_robomaker_residential_Vase_01) by extensions ['python_setup_py']
[0.805s] Level 1:colcon.colcon_core.package_identification:_identify(aws-robomaker-small-house-world/models/aws_robomaker_residential_Vase_01) by extension 'python_setup_py'
[0.805s] Level 1:colcon.colcon_core.package_identification:_identify(aws-robomaker-small-house-world/models/aws_robomaker_residential_Vase_01/materials) by extensions ['ignore', 'ignore_ament_install']
[0.805s] Level 1:colcon.colcon_core.package_identification:_identify(aws-robomaker-small-house-world/models/aws_robomaker_residential_Vase_01/materials) by extension 'ignore'
[0.805s] Level 1:colcon.colcon_core.package_identification:_identify(aws-robomaker-small-house-world/models/aws_robomaker_residential_Vase_01/materials) by extension 'ignore_ament_install'
[0.805s] Level 1:colcon.colcon_core.package_identification:_identify(aws-robomaker-small-house-world/models/aws_robomaker_residential_Vase_01/materials) by extensions ['colcon_pkg']
[0.805s] Level 1:colcon.colcon_core.package_identification:_identify(aws-robomaker-small-house-world/models/aws_robomaker_residential_Vase_01/materials) by extension 'colcon_pkg'
[0.805s] Level 1:colcon.colcon_core.package_identification:_identify(aws-robomaker-small-house-world/models/aws_robomaker_residential_Vase_01/materials) by extensions ['colcon_meta']
[0.805s] Level 1:colcon.colcon_core.package_identification:_identify(aws-robomaker-small-house-world/models/aws_robomaker_residential_Vase_01/materials) by extension 'colcon_meta'
[0.805s] Level 1:colcon.colcon_core.package_identification:_identify(aws-robomaker-small-house-world/models/aws_robomaker_residential_Vase_01/materials) by extensions ['ros']
[0.805s] Level 1:colcon.colcon_core.package_identification:_identify(aws-robomaker-small-house-world/models/aws_robomaker_residential_Vase_01/materials) by extension 'ros'
[0.805s] Level 1:colcon.colcon_core.package_identification:_identify(aws-robomaker-small-house-world/models/aws_robomaker_residential_Vase_01/materials) by extensions ['cmake', 'python']
[0.805s] Level 1:colcon.colcon_core.package_identification:_identify(aws-robomaker-small-house-world/models/aws_robomaker_residential_Vase_01/materials) by extension 'cmake'
[0.806s] Level 1:colcon.colcon_core.package_identification:_identify(aws-robomaker-small-house-world/models/aws_robomaker_residential_Vase_01/materials) by extension 'python'
[0.806s] Level 1:colcon.colcon_core.package_identification:_identify(aws-robomaker-small-house-world/models/aws_robomaker_residential_Vase_01/materials) by extensions ['python_setup_py']
[0.806s] Level 1:colcon.colcon_core.package_identification:_identify(aws-robomaker-small-house-world/models/aws_robomaker_residential_Vase_01/materials) by extension 'python_setup_py'
[0.806s] Level 1:colcon.colcon_core.package_identification:_identify(aws-robomaker-small-house-world/models/aws_robomaker_residential_Vase_01/materials/textures) by extensions ['ignore', 'ignore_ament_install']
[0.806s] Level 1:colcon.colcon_core.package_identification:_identify(aws-robomaker-small-house-world/models/aws_robomaker_residential_Vase_01/materials/textures) by extension 'ignore'
[0.806s] Level 1:colcon.colcon_core.package_identification:_identify(aws-robomaker-small-house-world/models/aws_robomaker_residential_Vase_01/materials/textures) by extension 'ignore_ament_install'
[0.806s] Level 1:colcon.colcon_core.package_identification:_identify(aws-robomaker-small-house-world/models/aws_robomaker_residential_Vase_01/materials/textures) by extensions ['colcon_pkg']
[0.806s] Level 1:colcon.colcon_core.package_identification:_identify(aws-robomaker-small-house-world/models/aws_robomaker_residential_Vase_01/materials/textures) by extension 'colcon_pkg'
[0.806s] Level 1:colcon.colcon_core.package_identification:_identify(aws-robomaker-small-house-world/models/aws_robomaker_residential_Vase_01/materials/textures) by extensions ['colcon_meta']
[0.806s] Level 1:colcon.colcon_core.package_identification:_identify(aws-robomaker-small-house-world/models/aws_robomaker_residential_Vase_01/materials/textures) by extension 'colcon_meta'
[0.806s] Level 1:colcon.colcon_core.package_identification:_identify(aws-robomaker-small-house-world/models/aws_robomaker_residential_Vase_01/materials/textures) by extensions ['ros']
[0.806s] Level 1:colcon.colcon_core.package_identification:_identify(aws-robomaker-small-house-world/models/aws_robomaker_residential_Vase_01/materials/textures) by extension 'ros'
[0.806s] Level 1:colcon.colcon_core.package_identification:_identify(aws-robomaker-small-house-world/models/aws_robomaker_residential_Vase_01/materials/textures) by extensions ['cmake', 'python']
[0.806s] Level 1:colcon.colcon_core.package_identification:_identify(aws-robomaker-small-house-world/models/aws_robomaker_residential_Vase_01/materials/textures) by extension 'cmake'
[0.806s] Level 1:colcon.colcon_core.package_identification:_identify(aws-robomaker-small-house-world/models/aws_robomaker_residential_Vase_01/materials/textures) by extension 'python'
[0.806s] Level 1:colcon.colcon_core.package_identification:_identify(aws-robomaker-small-house-world/models/aws_robomaker_residential_Vase_01/materials/textures) by extensions ['python_setup_py']
[0.806s] Level 1:colcon.colcon_core.package_identification:_identify(aws-robomaker-small-house-world/models/aws_robomaker_residential_Vase_01/materials/textures) by extension 'python_setup_py'
[0.806s] Level 1:colcon.colcon_core.package_identification:_identify(aws-robomaker-small-house-world/models/aws_robomaker_residential_Vase_01/meshes) by extensions ['ignore', 'ignore_ament_install']
[0.806s] Level 1:colcon.colcon_core.package_identification:_identify(aws-robomaker-small-house-world/models/aws_robomaker_residential_Vase_01/meshes) by extension 'ignore'
[0.807s] Level 1:colcon.colcon_core.package_identification:_identify(aws-robomaker-small-house-world/models/aws_robomaker_residential_Vase_01/meshes) by extension 'ignore_ament_install'
[0.807s] Level 1:colcon.colcon_core.package_identification:_identify(aws-robomaker-small-house-world/models/aws_robomaker_residential_Vase_01/meshes) by extensions ['colcon_pkg']
[0.807s] Level 1:colcon.colcon_core.package_identification:_identify(aws-robomaker-small-house-world/models/aws_robomaker_residential_Vase_01/meshes) by extension 'colcon_pkg'
[0.807s] Level 1:colcon.colcon_core.package_identification:_identify(aws-robomaker-small-house-world/models/aws_robomaker_residential_Vase_01/meshes) by extensions ['colcon_meta']
[0.807s] Level 1:colcon.colcon_core.package_identification:_identify(aws-robomaker-small-house-world/models/aws_robomaker_residential_Vase_01/meshes) by extension 'colcon_meta'
[0.807s] Level 1:colcon.colcon_core.package_identification:_identify(aws-robomaker-small-house-world/models/aws_robomaker_residential_Vase_01/meshes) by extensions ['ros']
[0.807s] Level 1:colcon.colcon_core.package_identification:_identify(aws-robomaker-small-house-world/models/aws_robomaker_residential_Vase_01/meshes) by extension 'ros'
[0.807s] Level 1:colcon.colcon_core.package_identification:_identify(aws-robomaker-small-house-world/models/aws_robomaker_residential_Vase_01/meshes) by extensions ['cmake', 'python']
[0.807s] Level 1:colcon.colcon_core.package_identification:_identify(aws-robomaker-small-house-world/models/aws_robomaker_residential_Vase_01/meshes) by extension 'cmake'
[0.807s] Level 1:colcon.colcon_core.package_identification:_identify(aws-robomaker-small-house-world/models/aws_robomaker_residential_Vase_01/meshes) by extension 'python'
[0.807s] Level 1:colcon.colcon_core.package_identification:_identify(aws-robomaker-small-house-world/models/aws_robomaker_residential_Vase_01/meshes) by extensions ['python_setup_py']
[0.807s] Level 1:colcon.colcon_core.package_identification:_identify(aws-robomaker-small-house-world/models/aws_robomaker_residential_Vase_01/meshes) by extension 'python_setup_py'
[0.807s] Level 1:colcon.colcon_core.package_identification:_identify(aws-robomaker-small-house-world/models/aws_robomaker_residential_Wardrobe_01) by extensions ['ignore', 'ignore_ament_install']
[0.807s] Level 1:colcon.colcon_core.package_identification:_identify(aws-robomaker-small-house-world/models/aws_robomaker_residential_Wardrobe_01) by extension 'ignore'
[0.807s] Level 1:colcon.colcon_core.package_identification:_identify(aws-robomaker-small-house-world/models/aws_robomaker_residential_Wardrobe_01) by extension 'ignore_ament_install'
[0.807s] Level 1:colcon.colcon_core.package_identification:_identify(aws-robomaker-small-house-world/models/aws_robomaker_residential_Wardrobe_01) by extensions ['colcon_pkg']
[0.807s] Level 1:colcon.colcon_core.package_identification:_identify(aws-robomaker-small-house-world/models/aws_robomaker_residential_Wardrobe_01) by extension 'colcon_pkg'
[0.807s] Level 1:colcon.colcon_core.package_identification:_identify(aws-robomaker-small-house-world/models/aws_robomaker_residential_Wardrobe_01) by extensions ['colcon_meta']
[0.807s] Level 1:colcon.colcon_core.package_identification:_identify(aws-robomaker-small-house-world/models/aws_robomaker_residential_Wardrobe_01) by extension 'colcon_meta'
[0.807s] Level 1:colcon.colcon_core.package_identification:_identify(aws-robomaker-small-house-world/models/aws_robomaker_residential_Wardrobe_01) by extensions ['ros']
[0.807s] Level 1:colcon.colcon_core.package_identification:_identify(aws-robomaker-small-house-world/models/aws_robomaker_residential_Wardrobe_01) by extension 'ros'
[0.807s] Level 1:colcon.colcon_core.package_identification:_identify(aws-robomaker-small-house-world/models/aws_robomaker_residential_Wardrobe_01) by extensions ['cmake', 'python']
[0.807s] Level 1:colcon.colcon_core.package_identification:_identify(aws-robomaker-small-house-world/models/aws_robomaker_residential_Wardrobe_01) by extension 'cmake'
[0.807s] Level 1:colcon.colcon_core.package_identification:_identify(aws-robomaker-small-house-world/models/aws_robomaker_residential_Wardrobe_01) by extension 'python'
[0.807s] Level 1:colcon.colcon_core.package_identification:_identify(aws-robomaker-small-house-world/models/aws_robomaker_residential_Wardrobe_01) by extensions ['python_setup_py']
[0.807s] Level 1:colcon.colcon_core.package_identification:_identify(aws-robomaker-small-house-world/models/aws_robomaker_residential_Wardrobe_01) by extension 'python_setup_py'
[0.808s] Level 1:colcon.colcon_core.package_identification:_identify(aws-robomaker-small-house-world/models/aws_robomaker_residential_Wardrobe_01/materials) by extensions ['ignore', 'ignore_ament_install']
[0.808s] Level 1:colcon.colcon_core.package_identification:_identify(aws-robomaker-small-house-world/models/aws_robomaker_residential_Wardrobe_01/materials) by extension 'ignore'
[0.808s] Level 1:colcon.colcon_core.package_identification:_identify(aws-robomaker-small-house-world/models/aws_robomaker_residential_Wardrobe_01/materials) by extension 'ignore_ament_install'
[0.808s] Level 1:colcon.colcon_core.package_identification:_identify(aws-robomaker-small-house-world/models/aws_robomaker_residential_Wardrobe_01/materials) by extensions ['colcon_pkg']
[0.808s] Level 1:colcon.colcon_core.package_identification:_identify(aws-robomaker-small-house-world/models/aws_robomaker_residential_Wardrobe_01/materials) by extension 'colcon_pkg'
[0.808s] Level 1:colcon.colcon_core.package_identification:_identify(aws-robomaker-small-house-world/models/aws_robomaker_residential_Wardrobe_01/materials) by extensions ['colcon_meta']
[0.808s] Level 1:colcon.colcon_core.package_identification:_identify(aws-robomaker-small-house-world/models/aws_robomaker_residential_Wardrobe_01/materials) by extension 'colcon_meta'
[0.808s] Level 1:colcon.colcon_core.package_identification:_identify(aws-robomaker-small-house-world/models/aws_robomaker_residential_Wardrobe_01/materials) by extensions ['ros']
[0.808s] Level 1:colcon.colcon_core.package_identification:_identify(aws-robomaker-small-house-world/models/aws_robomaker_residential_Wardrobe_01/materials) by extension 'ros'
[0.808s] Level 1:colcon.colcon_core.package_identification:_identify(aws-robomaker-small-house-world/models/aws_robomaker_residential_Wardrobe_01/materials) by extensions ['cmake', 'python']
[0.808s] Level 1:colcon.colcon_core.package_identification:_identify(aws-robomaker-small-house-world/models/aws_robomaker_residential_Wardrobe_01/materials) by extension 'cmake'
[0.808s] Level 1:colcon.colcon_core.package_identification:_identify(aws-robomaker-small-house-world/models/aws_robomaker_residential_Wardrobe_01/materials) by extension 'python'
[0.808s] Level 1:colcon.colcon_core.package_identification:_identify(aws-robomaker-small-house-world/models/aws_robomaker_residential_Wardrobe_01/materials) by extensions ['python_setup_py']
[0.808s] Level 1:colcon.colcon_core.package_identification:_identify(aws-robomaker-small-house-world/models/aws_robomaker_residential_Wardrobe_01/materials) by extension 'python_setup_py'
[0.808s] Level 1:colcon.colcon_core.package_identification:_identify(aws-robomaker-small-house-world/models/aws_robomaker_residential_Wardrobe_01/materials/textures) by extensions ['ignore', 'ignore_ament_install']
[0.808s] Level 1:colcon.colcon_core.package_identification:_identify(aws-robomaker-small-house-world/models/aws_robomaker_residential_Wardrobe_01/materials/textures) by extension 'ignore'
[0.808s] Level 1:colcon.colcon_core.package_identification:_identify(aws-robomaker-small-house-world/models/aws_robomaker_residential_Wardrobe_01/materials/textures) by extension 'ignore_ament_install'
[0.808s] Level 1:colcon.colcon_core.package_identification:_identify(aws-robomaker-small-house-world/models/aws_robomaker_residential_Wardrobe_01/materials/textures) by extensions ['colcon_pkg']
[0.808s] Level 1:colcon.colcon_core.package_identification:_identify(aws-robomaker-small-house-world/models/aws_robomaker_residential_Wardrobe_01/materials/textures) by extension 'colcon_pkg'
[0.808s] Level 1:colcon.colcon_core.package_identification:_identify(aws-robomaker-small-house-world/models/aws_robomaker_residential_Wardrobe_01/materials/textures) by extensions ['colcon_meta']
[0.808s] Level 1:colcon.colcon_core.package_identification:_identify(aws-robomaker-small-house-world/models/aws_robomaker_residential_Wardrobe_01/materials/textures) by extension 'colcon_meta'
[0.808s] Level 1:colcon.colcon_core.package_identification:_identify(aws-robomaker-small-house-world/models/aws_robomaker_residential_Wardrobe_01/materials/textures) by extensions ['ros']
[0.808s] Level 1:colcon.colcon_core.package_identification:_identify(aws-robomaker-small-house-world/models/aws_robomaker_residential_Wardrobe_01/materials/textures) by extension 'ros'
[0.809s] Level 1:colcon.colcon_core.package_identification:_identify(aws-robomaker-small-house-world/models/aws_robomaker_residential_Wardrobe_01/materials/textures) by extensions ['cmake', 'python']
[0.809s] Level 1:colcon.colcon_core.package_identification:_identify(aws-robomaker-small-house-world/models/aws_robomaker_residential_Wardrobe_01/materials/textures) by extension 'cmake'
[0.809s] Level 1:colcon.colcon_core.package_identification:_identify(aws-robomaker-small-house-world/models/aws_robomaker_residential_Wardrobe_01/materials/textures) by extension 'python'
[0.809s] Level 1:colcon.colcon_core.package_identification:_identify(aws-robomaker-small-house-world/models/aws_robomaker_residential_Wardrobe_01/materials/textures) by extensions ['python_setup_py']
[0.809s] Level 1:colcon.colcon_core.package_identification:_identify(aws-robomaker-small-house-world/models/aws_robomaker_residential_Wardrobe_01/materials/textures) by extension 'python_setup_py'
[0.809s] Level 1:colcon.colcon_core.package_identification:_identify(aws-robomaker-small-house-world/models/aws_robomaker_residential_Wardrobe_01/meshes) by extensions ['ignore', 'ignore_ament_install']
[0.809s] Level 1:colcon.colcon_core.package_identification:_identify(aws-robomaker-small-house-world/models/aws_robomaker_residential_Wardrobe_01/meshes) by extension 'ignore'
[0.809s] Level 1:colcon.colcon_core.package_identification:_identify(aws-robomaker-small-house-world/models/aws_robomaker_residential_Wardrobe_01/meshes) by extension 'ignore_ament_install'
[0.809s] Level 1:colcon.colcon_core.package_identification:_identify(aws-robomaker-small-house-world/models/aws_robomaker_residential_Wardrobe_01/meshes) by extensions ['colcon_pkg']
[0.809s] Level 1:colcon.colcon_core.package_identification:_identify(aws-robomaker-small-house-world/models/aws_robomaker_residential_Wardrobe_01/meshes) by extension 'colcon_pkg'
[0.809s] Level 1:colcon.colcon_core.package_identification:_identify(aws-robomaker-small-house-world/models/aws_robomaker_residential_Wardrobe_01/meshes) by extensions ['colcon_meta']
[0.809s] Level 1:colcon.colcon_core.package_identification:_identify(aws-robomaker-small-house-world/models/aws_robomaker_residential_Wardrobe_01/meshes) by extension 'colcon_meta'
[0.809s] Level 1:colcon.colcon_core.package_identification:_identify(aws-robomaker-small-house-world/models/aws_robomaker_residential_Wardrobe_01/meshes) by extensions ['ros']
[0.809s] Level 1:colcon.colcon_core.package_identification:_identify(aws-robomaker-small-house-world/models/aws_robomaker_residential_Wardrobe_01/meshes) by extension 'ros'
[0.809s] Level 1:colcon.colcon_core.package_identification:_identify(aws-robomaker-small-house-world/models/aws_robomaker_residential_Wardrobe_01/meshes) by extensions ['cmake', 'python']
[0.809s] Level 1:colcon.colcon_core.package_identification:_identify(aws-robomaker-small-house-world/models/aws_robomaker_residential_Wardrobe_01/meshes) by extension 'cmake'
[0.809s] Level 1:colcon.colcon_core.package_identification:_identify(aws-robomaker-small-house-world/models/aws_robomaker_residential_Wardrobe_01/meshes) by extension 'python'
[0.809s] Level 1:colcon.colcon_core.package_identification:_identify(aws-robomaker-small-house-world/models/aws_robomaker_residential_Wardrobe_01/meshes) by extensions ['python_setup_py']
[0.809s] Level 1:colcon.colcon_core.package_identification:_identify(aws-robomaker-small-house-world/models/aws_robomaker_residential_Wardrobe_01/meshes) by extension 'python_setup_py'
[0.809s] Level 1:colcon.colcon_core.package_identification:_identify(aws-robomaker-small-house-world/photos) by extensions ['ignore', 'ignore_ament_install']
[0.809s] Level 1:colcon.colcon_core.package_identification:_identify(aws-robomaker-small-house-world/photos) by extension 'ignore'
[0.809s] Level 1:colcon.colcon_core.package_identification:_identify(aws-robomaker-small-house-world/photos) by extension 'ignore_ament_install'
[0.809s] Level 1:colcon.colcon_core.package_identification:_identify(aws-robomaker-small-house-world/photos) by extensions ['colcon_pkg']
[0.809s] Level 1:colcon.colcon_core.package_identification:_identify(aws-robomaker-small-house-world/photos) by extension 'colcon_pkg'
[0.809s] Level 1:colcon.colcon_core.package_identification:_identify(aws-robomaker-small-house-world/photos) by extensions ['colcon_meta']
[0.809s] Level 1:colcon.colcon_core.package_identification:_identify(aws-robomaker-small-house-world/photos) by extension 'colcon_meta'
[0.810s] Level 1:colcon.colcon_core.package_identification:_identify(aws-robomaker-small-house-world/photos) by extensions ['ros']
[0.810s] Level 1:colcon.colcon_core.package_identification:_identify(aws-robomaker-small-house-world/photos) by extension 'ros'
[0.810s] Level 1:colcon.colcon_core.package_identification:_identify(aws-robomaker-small-house-world/photos) by extensions ['cmake', 'python']
[0.810s] Level 1:colcon.colcon_core.package_identification:_identify(aws-robomaker-small-house-world/photos) by extension 'cmake'
[0.810s] Level 1:colcon.colcon_core.package_identification:_identify(aws-robomaker-small-house-world/photos) by extension 'python'
[0.810s] Level 1:colcon.colcon_core.package_identification:_identify(aws-robomaker-small-house-world/photos) by extensions ['python_setup_py']
[0.810s] Level 1:colcon.colcon_core.package_identification:_identify(aws-robomaker-small-house-world/photos) by extension 'python_setup_py'
[0.810s] Level 1:colcon.colcon_core.package_identification:_identify(aws-robomaker-small-house-world/routes) by extensions ['ignore', 'ignore_ament_install']
[0.810s] Level 1:colcon.colcon_core.package_identification:_identify(aws-robomaker-small-house-world/routes) by extension 'ignore'
[0.810s] Level 1:colcon.colcon_core.package_identification:_identify(aws-robomaker-small-house-world/routes) by extension 'ignore_ament_install'
[0.810s] Level 1:colcon.colcon_core.package_identification:_identify(aws-robomaker-small-house-world/routes) by extensions ['colcon_pkg']
[0.810s] Level 1:colcon.colcon_core.package_identification:_identify(aws-robomaker-small-house-world/routes) by extension 'colcon_pkg'
[0.810s] Level 1:colcon.colcon_core.package_identification:_identify(aws-robomaker-small-house-world/routes) by extensions ['colcon_meta']
[0.810s] Level 1:colcon.colcon_core.package_identification:_identify(aws-robomaker-small-house-world/routes) by extension 'colcon_meta'
[0.810s] Level 1:colcon.colcon_core.package_identification:_identify(aws-robomaker-small-house-world/routes) by extensions ['ros']
[0.810s] Level 1:colcon.colcon_core.package_identification:_identify(aws-robomaker-small-house-world/routes) by extension 'ros'
[0.810s] Level 1:colcon.colcon_core.package_identification:_identify(aws-robomaker-small-house-world/routes) by extensions ['cmake', 'python']
[0.810s] Level 1:colcon.colcon_core.package_identification:_identify(aws-robomaker-small-house-world/routes) by extension 'cmake'
[0.810s] Level 1:colcon.colcon_core.package_identification:_identify(aws-robomaker-small-house-world/routes) by extension 'python'
[0.810s] Level 1:colcon.colcon_core.package_identification:_identify(aws-robomaker-small-house-world/routes) by extensions ['python_setup_py']
[0.810s] Level 1:colcon.colcon_core.package_identification:_identify(aws-robomaker-small-house-world/routes) by extension 'python_setup_py'
[0.810s] Level 1:colcon.colcon_core.package_identification:_identify(aws-robomaker-small-house-world/worlds) by extensions ['ignore', 'ignore_ament_install']
[0.810s] Level 1:colcon.colcon_core.package_identification:_identify(aws-robomaker-small-house-world/worlds) by extension 'ignore'
[0.810s] Level 1:colcon.colcon_core.package_identification:_identify(aws-robomaker-small-house-world/worlds) by extension 'ignore_ament_install'
[0.811s] Level 1:colcon.colcon_core.package_identification:_identify(aws-robomaker-small-house-world/worlds) by extensions ['colcon_pkg']
[0.811s] Level 1:colcon.colcon_core.package_identification:_identify(aws-robomaker-small-house-world/worlds) by extension 'colcon_pkg'
[0.811s] Level 1:colcon.colcon_core.package_identification:_identify(aws-robomaker-small-house-world/worlds) by extensions ['colcon_meta']
[0.811s] Level 1:colcon.colcon_core.package_identification:_identify(aws-robomaker-small-house-world/worlds) by extension 'colcon_meta'
[0.811s] Level 1:colcon.colcon_core.package_identification:_identify(aws-robomaker-small-house-world/worlds) by extensions ['ros']
[0.811s] Level 1:colcon.colcon_core.package_identification:_identify(aws-robomaker-small-house-world/worlds) by extension 'ros'
[0.811s] Level 1:colcon.colcon_core.package_identification:_identify(aws-robomaker-small-house-world/worlds) by extensions ['cmake', 'python']
[0.811s] Level 1:colcon.colcon_core.package_identification:_identify(aws-robomaker-small-house-world/worlds) by extension 'cmake'
[0.811s] Level 1:colcon.colcon_core.package_identification:_identify(aws-robomaker-small-house-world/worlds) by extension 'python'
[0.811s] Level 1:colcon.colcon_core.package_identification:_identify(aws-robomaker-small-house-world/worlds) by extensions ['python_setup_py']
[0.811s] Level 1:colcon.colcon_core.package_identification:_identify(aws-robomaker-small-house-world/worlds) by extension 'python_setup_py'
[0.811s] Level 1:colcon.colcon_core.package_identification:_identify(build) by extensions ['ignore', 'ignore_ament_install']
[0.811s] Level 1:colcon.colcon_core.package_identification:_identify(build) by extension 'ignore'
[0.811s] Level 1:colcon.colcon_core.package_identification:_identify(build) ignored
[0.811s] Level 1:colcon.colcon_core.package_identification:_identify(install) by extensions ['ignore', 'ignore_ament_install']
[0.811s] Level 1:colcon.colcon_core.package_identification:_identify(install) by extension 'ignore'
[0.811s] Level 1:colcon.colcon_core.package_identification:_identify(install) ignored
[0.811s] Level 1:colcon.colcon_core.package_identification:_identify(log) by extensions ['ignore', 'ignore_ament_install']
[0.811s] Level 1:colcon.colcon_core.package_identification:_identify(log) by extension 'ignore'
[0.811s] Level 1:colcon.colcon_core.package_identification:_identify(log) ignored
[0.811s] Level 1:colcon.colcon_core.package_identification:_identify(map) by extensions ['ignore', 'ignore_ament_install']
[0.812s] Level 1:colcon.colcon_core.package_identification:_identify(map) by extension 'ignore'
[0.812s] Level 1:colcon.colcon_core.package_identification:_identify(map) by extension 'ignore_ament_install'
[0.812s] Level 1:colcon.colcon_core.package_identification:_identify(map) by extensions ['colcon_pkg']
[0.812s] Level 1:colcon.colcon_core.package_identification:_identify(map) by extension 'colcon_pkg'
[0.812s] Level 1:colcon.colcon_core.package_identification:_identify(map) by extensions ['colcon_meta']
[0.812s] Level 1:colcon.colcon_core.package_identification:_identify(map) by extension 'colcon_meta'
[0.812s] Level 1:colcon.colcon_core.package_identification:_identify(map) by extensions ['ros']
[0.812s] Level 1:colcon.colcon_core.package_identification:_identify(map) by extension 'ros'
[0.812s] Level 1:colcon.colcon_core.package_identification:_identify(map) by extensions ['cmake', 'python']
[0.812s] Level 1:colcon.colcon_core.package_identification:_identify(map) by extension 'cmake'
[0.812s] Level 1:colcon.colcon_core.package_identification:_identify(map) by extension 'python'
[0.812s] Level 1:colcon.colcon_core.package_identification:_identify(map) by extensions ['python_setup_py']
[0.812s] Level 1:colcon.colcon_core.package_identification:_identify(map) by extension 'python_setup_py'
[0.812s] Level 1:colcon.colcon_core.package_identification:_identify(src) by extensions ['ignore', 'ignore_ament_install']
[0.812s] Level 1:colcon.colcon_core.package_identification:_identify(src) by extension 'ignore'
[0.812s] Level 1:colcon.colcon_core.package_identification:_identify(src) by extension 'ignore_ament_install'
[0.812s] Level 1:colcon.colcon_core.package_identification:_identify(src) by extensions ['colcon_pkg']
[0.812s] Level 1:colcon.colcon_core.package_identification:_identify(src) by extension 'colcon_pkg'
[0.812s] Level 1:colcon.colcon_core.package_identification:_identify(src) by extensions ['colcon_meta']
[0.812s] Level 1:colcon.colcon_core.package_identification:_identify(src) by extension 'colcon_meta'
[0.812s] Level 1:colcon.colcon_core.package_identification:_identify(src) by extensions ['ros']
[0.812s] Level 1:colcon.colcon_core.package_identification:_identify(src) by extension 'ros'
[0.812s] Level 1:colcon.colcon_core.package_identification:_identify(src) by extensions ['cmake', 'python']
[0.812s] Level 1:colcon.colcon_core.package_identification:_identify(src) by extension 'cmake'
[0.812s] Level 1:colcon.colcon_core.package_identification:_identify(src) by extension 'python'
[0.812s] Level 1:colcon.colcon_core.package_identification:_identify(src) by extensions ['python_setup_py']
[0.812s] Level 1:colcon.colcon_core.package_identification:_identify(src) by extension 'python_setup_py'
[0.813s] Level 1:colcon.colcon_core.package_identification:_identify(src/nav_bot) by extensions ['ignore', 'ignore_ament_install']
[0.813s] Level 1:colcon.colcon_core.package_identification:_identify(src/nav_bot) by extension 'ignore'
[0.813s] Level 1:colcon.colcon_core.package_identification:_identify(src/nav_bot) by extension 'ignore_ament_install'
[0.813s] Level 1:colcon.colcon_core.package_identification:_identify(src/nav_bot) by extensions ['colcon_pkg']
[0.813s] Level 1:colcon.colcon_core.package_identification:_identify(src/nav_bot) by extension 'colcon_pkg'
[0.813s] Level 1:colcon.colcon_core.package_identification:_identify(src/nav_bot) by extensions ['colcon_meta']
[0.813s] Level 1:colcon.colcon_core.package_identification:_identify(src/nav_bot) by extension 'colcon_meta'
[0.813s] Level 1:colcon.colcon_core.package_identification:_identify(src/nav_bot) by extensions ['ros']
[0.813s] Level 1:colcon.colcon_core.package_identification:_identify(src/nav_bot) by extension 'ros'
[0.817s] DEBUG:colcon.colcon_core.package_identification:Package 'src/nav_bot' with type 'ros.ament_cmake' and name 'nav_bot'
[0.817s] Level 1:colcon.colcon_core.package_discovery:discover_packages(recursive) using defaults
[0.817s] Level 1:colcon.colcon_core.package_discovery:discover_packages(ignore) discover
[0.817s] Level 1:colcon.colcon_core.package_discovery:discover_packages(ignore) using defaults
[0.817s] Level 1:colcon.colcon_core.package_discovery:discover_packages(path) discover
[0.817s] Level 1:colcon.colcon_core.package_discovery:discover_packages(path) using defaults
[0.842s] Level 1:colcon.colcon_core.package_discovery:discover_packages(prefix_path) check parameters
[0.842s] Level 1:colcon.colcon_core.package_discovery:discover_packages(prefix_path) discover
[0.845s] DEBUG:colcon.colcon_installed_package_information.package_discovery:Found 2 installed packages in /home/rohan/cobotx/install
[0.847s] DEBUG:colcon.colcon_installed_package_information.package_discovery:Found 555 installed packages in /opt/ros/humble
[0.850s] Level 1:colcon.colcon_core.package_discovery:discover_packages(prefix_path) using defaults
[0.954s] Level 5:colcon.colcon_core.verb:set package 'nav_bot' build argument 'cmake_args' from command line to 'None'
[0.954s] Level 5:colcon.colcon_core.verb:set package 'nav_bot' build argument 'cmake_target' from command line to 'None'
[0.954s] Level 5:colcon.colcon_core.verb:set package 'nav_bot' build argument 'cmake_target_skip_unavailable' from command line to 'False'
[0.954s] Level 5:colcon.colcon_core.verb:set package 'nav_bot' build argument 'cmake_clean_cache' from command line to 'False'
[0.954s] Level 5:colcon.colcon_core.verb:set package 'nav_bot' build argument 'cmake_clean_first' from command line to 'False'
[0.954s] Level 5:colcon.colcon_core.verb:set package 'nav_bot' build argument 'cmake_force_configure' from command line to 'False'
[0.954s] Level 5:colcon.colcon_core.verb:set package 'nav_bot' build argument 'ament_cmake_args' from command line to 'None'
[0.954s] Level 5:colcon.colcon_core.verb:set package 'nav_bot' build argument 'catkin_cmake_args' from command line to 'None'
[0.954s] Level 5:colcon.colcon_core.verb:set package 'nav_bot' build argument 'catkin_skip_building_tests' from command line to 'False'
[0.954s] DEBUG:colcon.colcon_core.verb:Building package 'nav_bot' with the following arguments: {'ament_cmake_args': None, 'build_base': '/home/rohan/cobotx/build/nav_bot', 'catkin_cmake_args': None, 'catkin_skip_building_tests': False, 'cmake_args': None, 'cmake_clean_cache': False, 'cmake_clean_first': False, 'cmake_force_configure': False, 'cmake_target': None, 'cmake_target_skip_unavailable': False, 'install_base': '/home/rohan/cobotx/install/nav_bot', 'merge_install': False, 'path': '/home/rohan/cobotx/src/nav_bot', 'symlink_install': False, 'test_result_base': None}
[0.954s] INFO:colcon.colcon_core.executor:Executing jobs using 'parallel' executor
[0.955s] DEBUG:colcon.colcon_parallel_executor.executor.parallel:run_until_complete
[0.955s] INFO:colcon.colcon_ros.task.ament_cmake.build:Building ROS package in '/home/rohan/cobotx/src/nav_bot' with build type 'ament_cmake'
[0.955s] INFO:colcon.colcon_cmake.task.cmake.build:Building CMake package in '/home/rohan/cobotx/src/nav_bot'
[0.960s] INFO:colcon.colcon_core.plugin_system:Skipping extension 'colcon_core.shell.bat': Not used on non-Windows systems
[0.960s] INFO:colcon.colcon_core.shell:Skip shell extension 'powershell' for command environment: Not usable outside of PowerShell
[0.960s] DEBUG:colcon.colcon_core.shell:Skip shell extension 'dsv' for command environment
[0.970s] DEBUG:colcon.colcon_core.event_handler.log_command:Invoking command in '/home/rohan/cobotx/build/nav_bot': CMAKE_PREFIX_PATH=${CMAKE_PREFIX_PATH}:/opt/ros/humble /usr/bin/cmake --build /home/rohan/cobotx/build/nav_bot -- -j16 -l16
[1.393s] DEBUG:colcon.colcon_core.event_handler.log_command:Invoked command in '/home/rohan/cobotx/build/nav_bot' returned '0': CMAKE_PREFIX_PATH=${CMAKE_PREFIX_PATH}:/opt/ros/humble /usr/bin/cmake --build /home/rohan/cobotx/build/nav_bot -- -j16 -l16
[1.403s] DEBUG:colcon.colcon_core.event_handler.log_command:Invoking command in '/home/rohan/cobotx/build/nav_bot': CMAKE_PREFIX_PATH=${CMAKE_PREFIX_PATH}:/opt/ros/humble /usr/bin/cmake --install /home/rohan/cobotx/build/nav_bot
[1.588s] Level 1:colcon.colcon_core.environment:create_environment_scripts_only(nav_bot)
[1.589s] DEBUG:colcon.colcon_core.event_handler.log_command:Invoked command in '/home/rohan/cobotx/build/nav_bot' returned '0': CMAKE_PREFIX_PATH=${CMAKE_PREFIX_PATH}:/opt/ros/humble /usr/bin/cmake --install /home/rohan/cobotx/build/nav_bot
[1.594s] Level 1:colcon.colcon_core.environment:checking '/home/rohan/cobotx/install/nav_bot' for CMake module files
[1.595s] Level 1:colcon.colcon_core.environment:checking '/home/rohan/cobotx/install/nav_bot' for CMake config files
[1.601s] Level 1:colcon.colcon_core.shell:create_environment_hook('nav_bot', 'cmake_prefix_path')
[1.602s] INFO:colcon.colcon_core.shell:Creating environment hook '/home/rohan/cobotx/install/nav_bot/share/nav_bot/hook/cmake_prefix_path.ps1'
[1.602s] INFO:colcon.colcon_core.shell:Creating environment descriptor '/home/rohan/cobotx/install/nav_bot/share/nav_bot/hook/cmake_prefix_path.dsv'
[1.603s] INFO:colcon.colcon_core.shell:Creating environment hook '/home/rohan/cobotx/install/nav_bot/share/nav_bot/hook/cmake_prefix_path.sh'
[1.604s] Level 1:colcon.colcon_core.environment:checking '/home/rohan/cobotx/install/nav_bot/lib'
[1.604s] Level 1:colcon.colcon_core.environment:checking '/home/rohan/cobotx/install/nav_bot/bin'
[1.604s] Level 1:colcon.colcon_core.environment:checking '/home/rohan/cobotx/install/nav_bot/lib/pkgconfig/nav_bot.pc'
[1.605s] Level 1:colcon.colcon_core.environment:checking '/home/rohan/cobotx/install/nav_bot/lib/python3.10/site-packages'
[1.605s] Level 1:colcon.colcon_core.environment:checking '/home/rohan/cobotx/install/nav_bot/bin'
[1.605s] INFO:colcon.colcon_core.shell:Creating package script '/home/rohan/cobotx/install/nav_bot/share/nav_bot/package.ps1'
[1.606s] INFO:colcon.colcon_core.shell:Creating package descriptor '/home/rohan/cobotx/install/nav_bot/share/nav_bot/package.dsv'
[1.606s] INFO:colcon.colcon_core.shell:Creating package script '/home/rohan/cobotx/install/nav_bot/share/nav_bot/package.sh'
[1.607s] INFO:colcon.colcon_core.shell:Creating package script '/home/rohan/cobotx/install/nav_bot/share/nav_bot/package.bash'
[1.608s] INFO:colcon.colcon_core.shell:Creating package script '/home/rohan/cobotx/install/nav_bot/share/nav_bot/package.zsh'
[1.609s] Level 1:colcon.colcon_core.environment:create_file_with_runtime_dependencies(/home/rohan/cobotx/install/nav_bot/share/colcon-core/packages/nav_bot)
[1.609s] Level 1:colcon.colcon_core.environment:create_environment_scripts_only(nav_bot)
[1.610s] Level 1:colcon.colcon_core.environment:checking '/home/rohan/cobotx/install/nav_bot' for CMake module files
[1.610s] Level 1:colcon.colcon_core.environment:checking '/home/rohan/cobotx/install/nav_bot' for CMake config files
[1.616s] Level 1:colcon.colcon_core.shell:create_environment_hook('nav_bot', 'cmake_prefix_path')
[1.616s] INFO:colcon.colcon_core.shell:Creating environment hook '/home/rohan/cobotx/install/nav_bot/share/nav_bot/hook/cmake_prefix_path.ps1'
[1.617s] INFO:colcon.colcon_core.shell:Creating environment descriptor '/home/rohan/cobotx/install/nav_bot/share/nav_bot/hook/cmake_prefix_path.dsv'
[1.617s] INFO:colcon.colcon_core.shell:Creating environment hook '/home/rohan/cobotx/install/nav_bot/share/nav_bot/hook/cmake_prefix_path.sh'
[1.617s] Level 1:colcon.colcon_core.environment:checking '/home/rohan/cobotx/install/nav_bot/lib'
[1.617s] Level 1:colcon.colcon_core.environment:checking '/home/rohan/cobotx/install/nav_bot/bin'
[1.617s] Level 1:colcon.colcon_core.environment:checking '/home/rohan/cobotx/install/nav_bot/lib/pkgconfig/nav_bot.pc'
[1.617s] Level 1:colcon.colcon_core.environment:checking '/home/rohan/cobotx/install/nav_bot/lib/python3.10/site-packages'
[1.618s] Level 1:colcon.colcon_core.environment:checking '/home/rohan/cobotx/install/nav_bot/bin'
[1.618s] INFO:colcon.colcon_core.shell:Creating package script '/home/rohan/cobotx/install/nav_bot/share/nav_bot/package.ps1'
[1.618s] INFO:colcon.colcon_core.shell:Creating package descriptor '/home/rohan/cobotx/install/nav_bot/share/nav_bot/package.dsv'
[1.619s] INFO:colcon.colcon_core.shell:Creating package script '/home/rohan/cobotx/install/nav_bot/share/nav_bot/package.sh'
[1.619s] INFO:colcon.colcon_core.shell:Creating package script '/home/rohan/cobotx/install/nav_bot/share/nav_bot/package.bash'
[1.619s] INFO:colcon.colcon_core.shell:Creating package script '/home/rohan/cobotx/install/nav_bot/share/nav_bot/package.zsh'
[1.620s] Level 1:colcon.colcon_core.environment:create_file_with_runtime_dependencies(/home/rohan/cobotx/install/nav_bot/share/colcon-core/packages/nav_bot)
[1.620s] DEBUG:colcon.colcon_parallel_executor.executor.parallel:closing loop
[1.620s] DEBUG:colcon.colcon_parallel_executor.executor.parallel:loop closed
[1.620s] DEBUG:colcon.colcon_parallel_executor.executor.parallel:run_until_complete finished with '0'
[1.620s] DEBUG:colcon.colcon_core.event_reactor:joining thread
[1.627s] INFO:colcon.colcon_core.plugin_system:Skipping extension 'colcon_notification.desktop_notification.terminal_notifier': Not used on non-Darwin systems
[1.628s] INFO:colcon.colcon_core.plugin_system:Skipping extension 'colcon_notification.desktop_notification.win32': Not used on non-Windows systems
[1.628s] INFO:colcon.colcon_notification.desktop_notification:Sending desktop notification using 'notify2'
[1.647s] DEBUG:colcon.colcon_core.event_reactor:joined thread
[1.647s] INFO:colcon.colcon_core.shell:Creating prefix script '/home/rohan/cobotx/install/local_setup.ps1'
[1.648s] INFO:colcon.colcon_core.shell:Creating prefix util module '/home/rohan/cobotx/install/_local_setup_util_ps1.py'
[1.650s] INFO:colcon.colcon_core.shell:Creating prefix chain script '/home/rohan/cobotx/install/setup.ps1'
[1.651s] INFO:colcon.colcon_core.shell:Creating prefix script '/home/rohan/cobotx/install/local_setup.sh'
[1.651s] INFO:colcon.colcon_core.shell:Creating prefix util module '/home/rohan/cobotx/install/_local_setup_util_sh.py'
[1.652s] INFO:colcon.colcon_core.shell:Creating prefix chain script '/home/rohan/cobotx/install/setup.sh'
[1.652s] INFO:colcon.colcon_core.shell:Creating prefix script '/home/rohan/cobotx/install/local_setup.bash'
[1.653s] INFO:colcon.colcon_core.shell:Creating prefix chain script '/home/rohan/cobotx/install/setup.bash'
[1.654s] INFO:colcon.colcon_core.shell:Creating prefix script '/home/rohan/cobotx/install/local_setup.zsh'
[1.654s] INFO:colcon.colcon_core.shell:Creating prefix chain script '/home/rohan/cobotx/install/setup.zsh'
