[0.000000] (-) TimerEvent: {}
[0.000258] (nav_bot) JobQueued: {'identifier': 'nav_bot', 'dependencies': OrderedDict()}
[0.000468] (nav_bot) JobStarted: {'identifier': 'nav_bot'}
[0.013290] (nav_bot) JobProgress: {'identifier': 'nav_bot', 'progress': 'cmake'}
[0.014335] (nav_bot) JobProgress: {'identifier': 'nav_bot', 'progress': 'build'}
[0.014927] (nav_bot) Command: {'cmd': ['/usr/bin/cmake', '--build', '/home/rohan/cobotx/build/nav_bot', '--', '-j16', '-l16'], 'cwd': '/home/rohan/cobotx/build/nav_bot', 'env': OrderedDict([('GJS_DEBUG_TOPICS', 'JS ERROR;JS LOG'), ('PYTHON_BASIC_REPL', '1'), ('LESSOPEN', '| /usr/bin/lesspipe %s'), ('GZ_SIM_RESOURCE_PATH', ':/opt/ros/humble/share/ros_gz_sim_demos/models:/home/rohan/cobotx/aws-robomaker-small-house-world/models:/opt/ros/humble/share/ros_gz_sim_demos/models:/home/rohan/cobotx/aws-robomaker-small-house-world/models'), ('SVGA_VGPU10', '0'), ('LANGUAGE', 'en_IN:en'), ('USER', 'rohan'), ('XDG_SESSION_TYPE', 'wayland'), ('GIT_ASKPASS', '/usr/share/code/resources/app/extensions/git/dist/askpass.sh'), ('IGNITION_VERSION', 'fortress'), ('__GLX_VENDOR_LIBRARY_NAME', 'nvidia'), ('SHLVL', '2'), ('LD_LIBRARY_PATH', '/usr/local/lib:/usr/local/lib:/opt/ros/humble/opt/zenoh_cpp_vendor/lib:/usr/lib/x86_64-linux-gnu/gazebo-11/plugins:/opt/ros/humble/opt/rviz_ogre_vendor/lib:/opt/ros/humble/lib/x86_64-linux-gnu:/opt/ros/humble/lib:/usr/lib/x86_64-linux-gnu/gazebo-11/plugins::/usr/lib/x86_64-linux-gnu/gazebo-11/plugins:/usr/lib/x86_64-linux-gnu/gazebo-11/plugins::/usr/lib/x86_64-linux-gnu/gazebo-11/plugins:/usr/lib/x86_64-linux-gnu/gazebo-11/plugins:/usr/lib/x86_64-linux-gnu/gazebo-11/plugins::/usr/lib/x86_64-linux-gnu/gazebo-11/plugins:/usr/lib/x86_64-linux-gnu/gazebo-11/plugins:/usr/lib/x86_64-linux-gnu/gazebo-11/plugins:/usr/lib/x86_64-linux-gnu/gazebo-11/plugins:'), ('HOME', '/home/rohan'), ('CHROME_DESKTOP', 'code.desktop'), ('OLDPWD', '/home/rohan/cobotx'), ('TERM_PROGRAM_VERSION', '1.112.0'), ('DESKTOP_SESSION', 'ubuntu'), ('GIO_LAUNCHED_DESKTOP_FILE', '/usr/share/applications/terminator.desktop'), ('GAZEBO_MASTER_URI', 'http://localhost:11345'), ('ROS_PYTHON_VERSION', '3'), ('GNOME_SHELL_SESSION_MODE', 'ubuntu'), ('GTK_MODULES', 'gail:atk-bridge'), ('VSCODE_GIT_ASKPASS_MAIN', '/usr/share/code/resources/app/extensions/git/dist/askpass-main.js'), ('VSCODE_GIT_ASKPASS_NODE', '/usr/share/code/code'), ('MANAGERPID', '1834'), ('PYDEVD_DISABLE_FILE_VALIDATION', '1'), ('SYSTEMD_EXEC_PID', '2000'), ('BUNDLED_DEBUGPY_PATH', '/home/rohan/.vscode/extensions/ms-python.debugpy-2026.6.0-linux-x64/bundled/libs/debugpy'), ('VSCODE_PYTHON_AUTOACTIVATE_GUARD', '1'), ('DBUS_SESSION_BUS_ADDRESS', 'unix:path=/run/user/1000/bus'), ('COLORTERM', 'truecolor'), ('TERMINATOR_DBUS_NAME', 'net.tenshu.Terminator25ef4b219e3b005583550f2b0f9f990c3'), ('GIO_LAUNCHED_DESKTOP_FILE_PID', '5911'), ('NVM_DIR', '/home/rohan/.nvm'), ('IM_CONFIG_PHASE', '1'), ('WAYLAND_DISPLAY', 'wayland-0'), ('COLCON_PREFIX_PATH', '/home/rohan/cobotx/install'), ('ROS_DISTRO', 'humble'), ('LOGNAME', 'rohan'), ('JOURNAL_STREAM', '8:21124'), ('_', '/usr/bin/colcon'), ('ROS_VERSION', '2'), ('CLAUDE_CODE_SSE_PORT', '11044'), ('XDG_SESSION_CLASS', 'user'), ('USERNAME', 'rohan'), ('TERM', 'xterm-256color'), ('GAZEBO_MODEL_PATH', '/usr/share/gazebo-11/models:/usr/share/gazebo-11/models:/usr/share/gazebo-11/models:/usr/share/gazebo-11/models::/trial/src/my_bot/urdf/my_bot.urdf:home/rohan/gazebo11_models/models:/trial/src/my_bot/urdf/my_bot.urdf:home/rohan/gazebo11_models/models'), ('GNOME_DESKTOP_SESSION_ID', 'this-is-deprecated'), ('FC_FONTATIONS', '1'), ('ROS_LOCALHOST_ONLY', '0'), ('OGRE_RESOURCE_PATH', '/usr/lib/x86_64-linux-gnu/OGRE-1.9.0'), ('PATH', '/home/rohan/.config/Code/User/globalStorage/github.copilot-chat/debugCommand:/home/rohan/.config/Code/User/globalStorage/github.copilot-chat/copilotCli:/opt/ros/humble/bin:/home/rohan/.local/bin:/usr/local/sbin:/usr/local/bin:/usr/sbin:/usr/bin:/sbin:/bin:/usr/games:/usr/local/games:/snap/bin:/snap/bin:/opt/ros/humble/share/gazebo_dev/gz/bin:/opt/xtensa-esp-elf/bin/:/opt/xtensa-esp-elf/bin/:/home/rohan/.vscode/extensions/ms-python.debugpy-2026.6.0-linux-x64/bundled/scripts/noConfigScripts:/opt/ros/humble/share/gazebo_dev/gz/bin:/opt/xtensa-esp-elf/bin/:/opt/xtensa-esp-elf/bin/'), ('SESSION_MANAGER', 'local/rohan-IdeaPad-Gaming-3-15ACH6:@/tmp/.ICE-unix/1972,unix/rohan-IdeaPad-Gaming-3-15ACH6:/tmp/.ICE-unix/1972'), ('INVOCATION_ID', 'ee7277c3d30b4c6fa118f4fb1925fc59'), ('XDG_MENU_PREFIX', 'gnome-'), ('GNOME_SETUP_DISPLAY', ':1'), ('XDG_RUNTIME_DIR', '/run/user/1000'), ('GDK_BACKEND', 'wayland'), ('DISPLAY', ':0'), ('VSCODE_DEBUGPY_ADAPTER_ENDPOINTS', '/home/rohan/.vscode/extensions/ms-python.debugpy-2026.6.0-linux-x64/.noConfigDebugAdapterEndpoints/endpoint-cfe06c6aa85834cc.txt'), ('TERMINATOR_DBUS_PATH', '/net/tenshu/Terminator2'), ('LANG', 'en_US.UTF-8'), ('XDG_CURRENT_DESKTOP', 'ubuntu:GNOME'), ('PYTHONSTARTUP', '/home/rohan/.config/Code/User/workspaceStorage/99f73eee95fb8c5f9c1d66af55c24b55/ms-python.python/pythonrc.py'), ('IBUS_DISABLE_SNOOPER', '1'), ('__NV_PRIME_RENDER_OFFLOAD', '1'), ('RMW_IMPLEMENTATION', 'rmw_cyclonedds_cpp'), ('XMODIFIERS', '@im=ibus'), ('XDG_SESSION_DESKTOP', 'ubuntu'), ('XAUTHORITY', '/run/user/1000/.mutter-Xwaylandauth.DAEWR3'), ('LS_COLORS', 'rs=0:di=01;34:ln=01;36:mh=00:pi=40;33:so=01;35:do=01;35:bd=40;33;01:cd=40;33;01:or=40;31;01:mi=00:su=37;41:sg=30;43:ca=30;41:tw=30;42:ow=34;42:st=37;44:ex=01;32:*.tar=01;31:*.tgz=01;31:*.arc=01;31:*.arj=01;31:*.taz=01;31:*.lha=01;31:*.lz4=01;31:*.lzh=01;31:*.lzma=01;31:*.tlz=01;31:*.txz=01;31:*.tzo=01;31:*.t7z=01;31:*.zip=01;31:*.z=01;31:*.dz=01;31:*.gz=01;31:*.lrz=01;31:*.lz=01;31:*.lzo=01;31:*.xz=01;31:*.zst=01;31:*.tzst=01;31:*.bz2=01;31:*.bz=01;31:*.tbz=01;31:*.tbz2=01;31:*.tz=01;31:*.deb=01;31:*.rpm=01;31:*.jar=01;31:*.war=01;31:*.ear=01;31:*.sar=01;31:*.rar=01;31:*.alz=01;31:*.ace=01;31:*.zoo=01;31:*.cpio=01;31:*.7z=01;31:*.rz=01;31:*.cab=01;31:*.wim=01;31:*.swm=01;31:*.dwm=01;31:*.esd=01;31:*.jpg=01;35:*.jpeg=01;35:*.mjpg=01;35:*.mjpeg=01;35:*.gif=01;35:*.bmp=01;35:*.pbm=01;35:*.pgm=01;35:*.ppm=01;35:*.tga=01;35:*.xbm=01;35:*.xpm=01;35:*.tif=01;35:*.tiff=01;35:*.png=01;35:*.svg=01;35:*.svgz=01;35:*.mng=01;35:*.pcx=01;35:*.mov=01;35:*.mpg=01;35:*.mpeg=01;35:*.m2v=01;35:*.mkv=01;35:*.webm=01;35:*.webp=01;35:*.ogm=01;35:*.mp4=01;35:*.m4v=01;35:*.mp4v=01;35:*.vob=01;35:*.qt=01;35:*.nuv=01;35:*.wmv=01;35:*.asf=01;35:*.rm=01;35:*.rmvb=01;35:*.flc=01;35:*.avi=01;35:*.fli=01;35:*.flv=01;35:*.gl=01;35:*.dl=01;35:*.xcf=01;35:*.xwd=01;35:*.yuv=01;35:*.cgm=01;35:*.emf=01;35:*.ogv=01;35:*.ogx=01;35:*.aac=00;36:*.au=00;36:*.flac=00;36:*.m4a=00;36:*.mid=00;36:*.midi=00;36:*.mka=00;36:*.mp3=00;36:*.mpc=00;36:*.ogg=00;36:*.ra=00;36:*.wav=00;36:*.oga=00;36:*.opus=00;36:*.spx=00;36:*.xspf=00;36:'), ('VSCODE_GIT_IPC_HANDLE', '/run/user/1000/vscode-git-330fa3cde8.sock'), ('TERM_PROGRAM', 'vscode'), ('SSH_AGENT_LAUNCHER', 'gnome-keyring'), ('SSH_AUTH_SOCK', '/run/user/1000/keyring/ssh'), ('ROS_DOMAIN_ID', '0'), ('AMENT_PREFIX_PATH', '/home/rohan/cobotx/install/nav_bot:/opt/ros/humble'), ('SHELL', '/bin/bash'), ('TERMINATOR_UUID', 'urn:uuid:14779f22-f537-4f2e-84c7-31a73ec1c402'), ('QT_ACCESSIBILITY', '1'), ('GDMSESSION', 'ubuntu'), ('LESSCLOSE', '/usr/bin/lesspipe %s %s'), ('IGN_GAZEBO_RESOURCE_PATH', ':/home/rohan/cobotx/src/nav_bot/models:/home/rohan/cobotx/aws-robomaker-small-house-world/models:/home/rohan/cobotx/src/nav_bot/models:/home/rohan/cobotx/aws-robomaker-small-house-world/models'), ('GAZEBO_RESOURCE_PATH', '/usr/share/gazebo-11:/usr/share/gazebo-11:/usr/share/gazebo-11:/usr/share/gazebo-11::home/rohan/gazebo11_models/worlds:home/rohan/gazebo11_models/worlds'), ('GJS_DEBUG_OUTPUT', 'stderr'), ('GZ_VERSION', 'fortress'), ('GAZEBO_MODEL_DATABASE_URI', 'http://models.gazebosim.org'), ('VSCODE_GIT_ASKPASS_EXTRA_ARGS', ''), ('QT_IM_MODULE', 'ibus'), ('PWD', '/home/rohan/cobotx/build/nav_bot'), ('QT_QPA_PLATFORM', 'xcb'), ('TURTLEBOT3_MODEL', 'waffle'), ('LC_ALL', 'en_US.UTF-8'), ('XDG_CONFIG_DIRS', '/etc/xdg/xdg-ubuntu:/etc/xdg'), ('GAZEBO_PLUGIN_PATH', '/usr/lib/x86_64-linux-gnu/gazebo-11/plugins:/usr/lib/x86_64-linux-gnu/gazebo-11/plugins:/usr/lib/x86_64-linux-gnu/gazebo-11/plugins:/usr/lib/x86_64-linux-gnu/gazebo-11/plugins:'), ('NVM_CD_FLAGS', ''), ('XDG_DATA_DIRS', '/usr/share/ubuntu:/usr/local/share/:/usr/share/:/var/lib/snapd/desktop'), ('PYTHONPATH', '/home/rohan/cobotx/install/nav_bot/local/lib/python3.10/dist-packages:/opt/ros/humble/lib/python3.10/site-packages:/opt/ros/humble/local/lib/python3.10/dist-packages'), ('COLCON', '1'), ('VTE_VERSION', '6800'), ('NVM_RC_VERSION', ''), ('CMAKE_PREFIX_PATH', '/home/rohan/cobotx/install/nav_bot:/opt/ros/humble')]), 'shell': False}
[0.099840] (-) TimerEvent: {}
[0.128153] (nav_bot) StdoutLine: {'line': b'Built target ament_cmake_python_symlink_scripts\n'}
[0.199926] (-) TimerEvent: {}
[0.300183] (-) TimerEvent: {}
[0.395054] (nav_bot) StdoutLine: {'line': b'running egg_info\n'}
[0.395461] (nav_bot) StdoutLine: {'line': b'writing scripts.egg-info/PKG-INFO\n'}
[0.395641] (nav_bot) StdoutLine: {'line': b'writing dependency_links to scripts.egg-info/dependency_links.txt\n'}
[0.395848] (nav_bot) StdoutLine: {'line': b'writing top-level names to scripts.egg-info/top_level.txt\n'}
[0.398190] (nav_bot) StdoutLine: {'line': b"reading manifest file 'scripts.egg-info/SOURCES.txt'\n"}
[0.398834] (nav_bot) StdoutLine: {'line': b"writing manifest file 'scripts.egg-info/SOURCES.txt'\n"}
[0.400253] (-) TimerEvent: {}
[0.424813] (nav_bot) StdoutLine: {'line': b'Built target ament_cmake_python_build_scripts_egg\n'}
[0.435835] (nav_bot) CommandEnded: {'returncode': 0}
[0.436897] (nav_bot) JobProgress: {'identifier': 'nav_bot', 'progress': 'install'}
[0.444911] (nav_bot) Command: {'cmd': ['/usr/bin/cmake', '--install', '/home/rohan/cobotx/build/nav_bot'], 'cwd': '/home/rohan/cobotx/build/nav_bot', 'env': OrderedDict([('GJS_DEBUG_TOPICS', 'JS ERROR;JS LOG'), ('PYTHON_BASIC_REPL', '1'), ('LESSOPEN', '| /usr/bin/lesspipe %s'), ('GZ_SIM_RESOURCE_PATH', ':/opt/ros/humble/share/ros_gz_sim_demos/models:/home/rohan/cobotx/aws-robomaker-small-house-world/models:/opt/ros/humble/share/ros_gz_sim_demos/models:/home/rohan/cobotx/aws-robomaker-small-house-world/models'), ('SVGA_VGPU10', '0'), ('LANGUAGE', 'en_IN:en'), ('USER', 'rohan'), ('XDG_SESSION_TYPE', 'wayland'), ('GIT_ASKPASS', '/usr/share/code/resources/app/extensions/git/dist/askpass.sh'), ('IGNITION_VERSION', 'fortress'), ('__GLX_VENDOR_LIBRARY_NAME', 'nvidia'), ('SHLVL', '2'), ('LD_LIBRARY_PATH', '/usr/local/lib:/usr/local/lib:/opt/ros/humble/opt/zenoh_cpp_vendor/lib:/usr/lib/x86_64-linux-gnu/gazebo-11/plugins:/opt/ros/humble/opt/rviz_ogre_vendor/lib:/opt/ros/humble/lib/x86_64-linux-gnu:/opt/ros/humble/lib:/usr/lib/x86_64-linux-gnu/gazebo-11/plugins::/usr/lib/x86_64-linux-gnu/gazebo-11/plugins:/usr/lib/x86_64-linux-gnu/gazebo-11/plugins::/usr/lib/x86_64-linux-gnu/gazebo-11/plugins:/usr/lib/x86_64-linux-gnu/gazebo-11/plugins:/usr/lib/x86_64-linux-gnu/gazebo-11/plugins::/usr/lib/x86_64-linux-gnu/gazebo-11/plugins:/usr/lib/x86_64-linux-gnu/gazebo-11/plugins:/usr/lib/x86_64-linux-gnu/gazebo-11/plugins:/usr/lib/x86_64-linux-gnu/gazebo-11/plugins:'), ('HOME', '/home/rohan'), ('CHROME_DESKTOP', 'code.desktop'), ('OLDPWD', '/home/rohan/cobotx'), ('TERM_PROGRAM_VERSION', '1.112.0'), ('DESKTOP_SESSION', 'ubuntu'), ('GIO_LAUNCHED_DESKTOP_FILE', '/usr/share/applications/terminator.desktop'), ('GAZEBO_MASTER_URI', 'http://localhost:11345'), ('ROS_PYTHON_VERSION', '3'), ('GNOME_SHELL_SESSION_MODE', 'ubuntu'), ('GTK_MODULES', 'gail:atk-bridge'), ('VSCODE_GIT_ASKPASS_MAIN', '/usr/share/code/resources/app/extensions/git/dist/askpass-main.js'), ('VSCODE_GIT_ASKPASS_NODE', '/usr/share/code/code'), ('MANAGERPID', '1834'), ('PYDEVD_DISABLE_FILE_VALIDATION', '1'), ('SYSTEMD_EXEC_PID', '2000'), ('BUNDLED_DEBUGPY_PATH', '/home/rohan/.vscode/extensions/ms-python.debugpy-2026.6.0-linux-x64/bundled/libs/debugpy'), ('VSCODE_PYTHON_AUTOACTIVATE_GUARD', '1'), ('DBUS_SESSION_BUS_ADDRESS', 'unix:path=/run/user/1000/bus'), ('COLORTERM', 'truecolor'), ('TERMINATOR_DBUS_NAME', 'net.tenshu.Terminator25ef4b219e3b005583550f2b0f9f990c3'), ('GIO_LAUNCHED_DESKTOP_FILE_PID', '5911'), ('NVM_DIR', '/home/rohan/.nvm'), ('IM_CONFIG_PHASE', '1'), ('WAYLAND_DISPLAY', 'wayland-0'), ('COLCON_PREFIX_PATH', '/home/rohan/cobotx/install'), ('ROS_DISTRO', 'humble'), ('LOGNAME', 'rohan'), ('JOURNAL_STREAM', '8:21124'), ('_', '/usr/bin/colcon'), ('ROS_VERSION', '2'), ('CLAUDE_CODE_SSE_PORT', '11044'), ('XDG_SESSION_CLASS', 'user'), ('USERNAME', 'rohan'), ('TERM', 'xterm-256color'), ('GAZEBO_MODEL_PATH', '/usr/share/gazebo-11/models:/usr/share/gazebo-11/models:/usr/share/gazebo-11/models:/usr/share/gazebo-11/models::/trial/src/my_bot/urdf/my_bot.urdf:home/rohan/gazebo11_models/models:/trial/src/my_bot/urdf/my_bot.urdf:home/rohan/gazebo11_models/models'), ('GNOME_DESKTOP_SESSION_ID', 'this-is-deprecated'), ('FC_FONTATIONS', '1'), ('ROS_LOCALHOST_ONLY', '0'), ('OGRE_RESOURCE_PATH', '/usr/lib/x86_64-linux-gnu/OGRE-1.9.0'), ('PATH', '/home/rohan/.config/Code/User/globalStorage/github.copilot-chat/debugCommand:/home/rohan/.config/Code/User/globalStorage/github.copilot-chat/copilotCli:/opt/ros/humble/bin:/home/rohan/.local/bin:/usr/local/sbin:/usr/local/bin:/usr/sbin:/usr/bin:/sbin:/bin:/usr/games:/usr/local/games:/snap/bin:/snap/bin:/opt/ros/humble/share/gazebo_dev/gz/bin:/opt/xtensa-esp-elf/bin/:/opt/xtensa-esp-elf/bin/:/home/rohan/.vscode/extensions/ms-python.debugpy-2026.6.0-linux-x64/bundled/scripts/noConfigScripts:/opt/ros/humble/share/gazebo_dev/gz/bin:/opt/xtensa-esp-elf/bin/:/opt/xtensa-esp-elf/bin/'), ('SESSION_MANAGER', 'local/rohan-IdeaPad-Gaming-3-15ACH6:@/tmp/.ICE-unix/1972,unix/rohan-IdeaPad-Gaming-3-15ACH6:/tmp/.ICE-unix/1972'), ('INVOCATION_ID', 'ee7277c3d30b4c6fa118f4fb1925fc59'), ('XDG_MENU_PREFIX', 'gnome-'), ('GNOME_SETUP_DISPLAY', ':1'), ('XDG_RUNTIME_DIR', '/run/user/1000'), ('GDK_BACKEND', 'wayland'), ('DISPLAY', ':0'), ('VSCODE_DEBUGPY_ADAPTER_ENDPOINTS', '/home/rohan/.vscode/extensions/ms-python.debugpy-2026.6.0-linux-x64/.noConfigDebugAdapterEndpoints/endpoint-cfe06c6aa85834cc.txt'), ('TERMINATOR_DBUS_PATH', '/net/tenshu/Terminator2'), ('LANG', 'en_US.UTF-8'), ('XDG_CURRENT_DESKTOP', 'ubuntu:GNOME'), ('PYTHONSTARTUP', '/home/rohan/.config/Code/User/workspaceStorage/99f73eee95fb8c5f9c1d66af55c24b55/ms-python.python/pythonrc.py'), ('IBUS_DISABLE_SNOOPER', '1'), ('__NV_PRIME_RENDER_OFFLOAD', '1'), ('RMW_IMPLEMENTATION', 'rmw_cyclonedds_cpp'), ('XMODIFIERS', '@im=ibus'), ('XDG_SESSION_DESKTOP', 'ubuntu'), ('XAUTHORITY', '/run/user/1000/.mutter-Xwaylandauth.DAEWR3'), ('LS_COLORS', 'rs=0:di=01;34:ln=01;36:mh=00:pi=40;33:so=01;35:do=01;35:bd=40;33;01:cd=40;33;01:or=40;31;01:mi=00:su=37;41:sg=30;43:ca=30;41:tw=30;42:ow=34;42:st=37;44:ex=01;32:*.tar=01;31:*.tgz=01;31:*.arc=01;31:*.arj=01;31:*.taz=01;31:*.lha=01;31:*.lz4=01;31:*.lzh=01;31:*.lzma=01;31:*.tlz=01;31:*.txz=01;31:*.tzo=01;31:*.t7z=01;31:*.zip=01;31:*.z=01;31:*.dz=01;31:*.gz=01;31:*.lrz=01;31:*.lz=01;31:*.lzo=01;31:*.xz=01;31:*.zst=01;31:*.tzst=01;31:*.bz2=01;31:*.bz=01;31:*.tbz=01;31:*.tbz2=01;31:*.tz=01;31:*.deb=01;31:*.rpm=01;31:*.jar=01;31:*.war=01;31:*.ear=01;31:*.sar=01;31:*.rar=01;31:*.alz=01;31:*.ace=01;31:*.zoo=01;31:*.cpio=01;31:*.7z=01;31:*.rz=01;31:*.cab=01;31:*.wim=01;31:*.swm=01;31:*.dwm=01;31:*.esd=01;31:*.jpg=01;35:*.jpeg=01;35:*.mjpg=01;35:*.mjpeg=01;35:*.gif=01;35:*.bmp=01;35:*.pbm=01;35:*.pgm=01;35:*.ppm=01;35:*.tga=01;35:*.xbm=01;35:*.xpm=01;35:*.tif=01;35:*.tiff=01;35:*.png=01;35:*.svg=01;35:*.svgz=01;35:*.mng=01;35:*.pcx=01;35:*.mov=01;35:*.mpg=01;35:*.mpeg=01;35:*.m2v=01;35:*.mkv=01;35:*.webm=01;35:*.webp=01;35:*.ogm=01;35:*.mp4=01;35:*.m4v=01;35:*.mp4v=01;35:*.vob=01;35:*.qt=01;35:*.nuv=01;35:*.wmv=01;35:*.asf=01;35:*.rm=01;35:*.rmvb=01;35:*.flc=01;35:*.avi=01;35:*.fli=01;35:*.flv=01;35:*.gl=01;35:*.dl=01;35:*.xcf=01;35:*.xwd=01;35:*.yuv=01;35:*.cgm=01;35:*.emf=01;35:*.ogv=01;35:*.ogx=01;35:*.aac=00;36:*.au=00;36:*.flac=00;36:*.m4a=00;36:*.mid=00;36:*.midi=00;36:*.mka=00;36:*.mp3=00;36:*.mpc=00;36:*.ogg=00;36:*.ra=00;36:*.wav=00;36:*.oga=00;36:*.opus=00;36:*.spx=00;36:*.xspf=00;36:'), ('VSCODE_GIT_IPC_HANDLE', '/run/user/1000/vscode-git-330fa3cde8.sock'), ('TERM_PROGRAM', 'vscode'), ('SSH_AGENT_LAUNCHER', 'gnome-keyring'), ('SSH_AUTH_SOCK', '/run/user/1000/keyring/ssh'), ('ROS_DOMAIN_ID', '0'), ('AMENT_PREFIX_PATH', '/home/rohan/cobotx/install/nav_bot:/opt/ros/humble'), ('SHELL', '/bin/bash'), ('TERMINATOR_UUID', 'urn:uuid:14779f22-f537-4f2e-84c7-31a73ec1c402'), ('QT_ACCESSIBILITY', '1'), ('GDMSESSION', 'ubuntu'), ('LESSCLOSE', '/usr/bin/lesspipe %s %s'), ('IGN_GAZEBO_RESOURCE_PATH', ':/home/rohan/cobotx/src/nav_bot/models:/home/rohan/cobotx/aws-robomaker-small-house-world/models:/home/rohan/cobotx/src/nav_bot/models:/home/rohan/cobotx/aws-robomaker-small-house-world/models'), ('GAZEBO_RESOURCE_PATH', '/usr/share/gazebo-11:/usr/share/gazebo-11:/usr/share/gazebo-11:/usr/share/gazebo-11::home/rohan/gazebo11_models/worlds:home/rohan/gazebo11_models/worlds'), ('GJS_DEBUG_OUTPUT', 'stderr'), ('GZ_VERSION', 'fortress'), ('GAZEBO_MODEL_DATABASE_URI', 'http://models.gazebosim.org'), ('VSCODE_GIT_ASKPASS_EXTRA_ARGS', ''), ('QT_IM_MODULE', 'ibus'), ('PWD', '/home/rohan/cobotx/build/nav_bot'), ('QT_QPA_PLATFORM', 'xcb'), ('TURTLEBOT3_MODEL', 'waffle'), ('LC_ALL', 'en_US.UTF-8'), ('XDG_CONFIG_DIRS', '/etc/xdg/xdg-ubuntu:/etc/xdg'), ('GAZEBO_PLUGIN_PATH', '/usr/lib/x86_64-linux-gnu/gazebo-11/plugins:/usr/lib/x86_64-linux-gnu/gazebo-11/plugins:/usr/lib/x86_64-linux-gnu/gazebo-11/plugins:/usr/lib/x86_64-linux-gnu/gazebo-11/plugins:'), ('NVM_CD_FLAGS', ''), ('XDG_DATA_DIRS', '/usr/share/ubuntu:/usr/local/share/:/usr/share/:/var/lib/snapd/desktop'), ('PYTHONPATH', '/home/rohan/cobotx/install/nav_bot/local/lib/python3.10/dist-packages:/opt/ros/humble/lib/python3.10/site-packages:/opt/ros/humble/local/lib/python3.10/dist-packages'), ('COLCON', '1'), ('VTE_VERSION', '6800'), ('NVM_RC_VERSION', ''), ('CMAKE_PREFIX_PATH', '/home/rohan/cobotx/install/nav_bot:/opt/ros/humble')]), 'shell': False}
[0.452106] (nav_bot) StdoutLine: {'line': b'-- Install configuration: ""\n'}
[0.452756] (nav_bot) StdoutLine: {'line': b'-- Execute custom install script\n'}
[0.453461] (nav_bot) StdoutLine: {'line': b'-- Up-to-date symlink: /home/rohan/cobotx/install/nav_bot/share/nav_bot/config/config.rviz\n'}
[0.453556] (nav_bot) StdoutLine: {'line': b'-- Up-to-date symlink: /home/rohan/cobotx/install/nav_bot/share/nav_bot/config/drive_bot.rviz\n'}
[0.453647] (nav_bot) StdoutLine: {'line': b'-- Up-to-date symlink: /home/rohan/cobotx/install/nav_bot/share/nav_bot/config/gz_bridge.yaml\n'}
[0.453777] (nav_bot) StdoutLine: {'line': b'-- Up-to-date symlink: /home/rohan/cobotx/install/nav_bot/share/nav_bot/config/joystick.yaml\n'}
[0.454036] (nav_bot) StdoutLine: {'line': b'-- Up-to-date symlink: /home/rohan/cobotx/install/nav_bot/share/nav_bot/config/mapper_params_online_async.yaml\n'}
[0.454131] (nav_bot) StdoutLine: {'line': b'-- Up-to-date symlink: /home/rohan/cobotx/install/nav_bot/share/nav_bot/config/multi_bot_config.rviz\n'}
[0.454210] (nav_bot) StdoutLine: {'line': b'-- Up-to-date symlink: /home/rohan/cobotx/install/nav_bot/share/nav_bot/config/my_controllers.yaml\n'}
[0.454294] (nav_bot) StdoutLine: {'line': b'-- Up-to-date symlink: /home/rohan/cobotx/install/nav_bot/share/nav_bot/config/nav2_params.yaml\n'}
[0.454376] (nav_bot) StdoutLine: {'line': b'-- Up-to-date symlink: /home/rohan/cobotx/install/nav_bot/share/nav_bot/config/nav2_params1.yaml\n'}
[0.454457] (nav_bot) StdoutLine: {'line': b'-- Up-to-date symlink: /home/rohan/cobotx/install/nav_bot/share/nav_bot/config/robots.yaml\n'}
[0.454539] (nav_bot) StdoutLine: {'line': b'-- Up-to-date symlink: /home/rohan/cobotx/install/nav_bot/share/nav_bot/config/slam_toolbox.yaml\n'}
[0.454628] (nav_bot) StdoutLine: {'line': b'-- Up-to-date symlink: /home/rohan/cobotx/install/nav_bot/share/nav_bot/config/twist_mux.yaml\n'}
[0.455057] (nav_bot) StdoutLine: {'line': b'-- Up-to-date symlink: /home/rohan/cobotx/install/nav_bot/share/nav_bot/description/bot.urdf.xacro\n'}
[0.455144] (nav_bot) StdoutLine: {'line': b'-- Up-to-date symlink: /home/rohan/cobotx/install/nav_bot/share/nav_bot/description/bot_core.xacro\n'}
[0.455227] (nav_bot) StdoutLine: {'line': b'-- Up-to-date symlink: /home/rohan/cobotx/install/nav_bot/share/nav_bot/description/camera.xacro\n'}
[0.455488] (nav_bot) StdoutLine: {'line': b'-- Up-to-date symlink: /home/rohan/cobotx/install/nav_bot/share/nav_bot/description/depth_camera.xacro\n'}
[0.455773] (nav_bot) StdoutLine: {'line': b'-- Up-to-date symlink: /home/rohan/cobotx/install/nav_bot/share/nav_bot/description/gazebo_control.xacro\n'}
[0.455921] (nav_bot) StdoutLine: {'line': b'-- Up-to-date symlink: /home/rohan/cobotx/install/nav_bot/share/nav_bot/description/gz_control.xacro\n'}
[0.456232] (nav_bot) StdoutLine: {'line': b'-- Up-to-date symlink: /home/rohan/cobotx/install/nav_bot/share/nav_bot/description/inertial_macros.xacro\n'}
[0.456377] (nav_bot) StdoutLine: {'line': b'-- Up-to-date symlink: /home/rohan/cobotx/install/nav_bot/share/nav_bot/description/lidar.xacro\n'}
[0.456635] (nav_bot) StdoutLine: {'line': b'-- Up-to-date symlink: /home/rohan/cobotx/install/nav_bot/share/nav_bot/description/multi_camera.xacro\n'}
[0.456947] (nav_bot) StdoutLine: {'line': b'-- Up-to-date symlink: /home/rohan/cobotx/install/nav_bot/share/nav_bot/description/multi_lidar.xacro\n'}
[0.457098] (nav_bot) StdoutLine: {'line': b'-- Up-to-date symlink: /home/rohan/cobotx/install/nav_bot/share/nav_bot/description/robot.urdf.xacro\n'}
[0.457232] (nav_bot) StdoutLine: {'line': b'-- Up-to-date symlink: /home/rohan/cobotx/install/nav_bot/share/nav_bot/description/robot_core.xacro\n'}
[0.457543] (nav_bot) StdoutLine: {'line': b'-- Up-to-date symlink: /home/rohan/cobotx/install/nav_bot/share/nav_bot/description/ros2_control.xacro\n'}
[0.458026] (nav_bot) StdoutLine: {'line': b'-- Up-to-date symlink: /home/rohan/cobotx/install/nav_bot/share/nav_bot/launch/joystick.launch.py\n'}
[0.458162] (nav_bot) StdoutLine: {'line': b'-- Up-to-date symlink: /home/rohan/cobotx/install/nav_bot/share/nav_bot/launch/launch_sim.launch.py\n'}
[0.458496] (nav_bot) StdoutLine: {'line': b'-- Up-to-date symlink: /home/rohan/cobotx/install/nav_bot/share/nav_bot/launch/localization_launch.py\n'}
[0.458797] (nav_bot) StdoutLine: {'line': b'-- Up-to-date symlink: /home/rohan/cobotx/install/nav_bot/share/nav_bot/launch/multi_robot_main.launch.py\n'}
[0.458935] (nav_bot) StdoutLine: {'line': b'-- Up-to-date symlink: /home/rohan/cobotx/install/nav_bot/share/nav_bot/launch/navigation_launch.py\n'}
[0.459075] (nav_bot) StdoutLine: {'line': b'-- Up-to-date symlink: /home/rohan/cobotx/install/nav_bot/share/nav_bot/launch/rsp.launch.py\n'}
[0.459209] (nav_bot) StdoutLine: {'line': b'-- Up-to-date symlink: /home/rohan/cobotx/install/nav_bot/share/nav_bot/launch/spawn_robot.launch.py\n'}
[0.459343] (nav_bot) StdoutLine: {'line': b'-- Up-to-date symlink: /home/rohan/cobotx/install/nav_bot/share/nav_bot/launch/start.launch.py\n'}
[0.474422] (nav_bot) StdoutLine: {'line': b'-- Up-to-date symlink: /home/rohan/cobotx/install/nav_bot/share/nav_bot/worlds/empty_world.sdf\n'}
[0.475062] (nav_bot) StdoutLine: {'line': b'-- Up-to-date symlink: /home/rohan/cobotx/install/nav_bot/share/nav_bot/worlds/meshes/nxt_racks/Asphalt010_1K_Color.jpg\n'}
[0.475489] (nav_bot) StdoutLine: {'line': b'-- Up-to-date symlink: /home/rohan/cobotx/install/nav_bot/share/nav_bot/worlds/meshes/nxt_racks/BTS00068631.png\n'}
[0.475793] (nav_bot) StdoutLine: {'line': b'-- Up-to-date symlink: /home/rohan/cobotx/install/nav_bot/share/nav_bot/worlds/meshes/nxt_racks/BTS00068631.png.001.png\n'}
[0.476287] (nav_bot) StdoutLine: {'line': b'-- Up-to-date symlink: /home/rohan/cobotx/install/nav_bot/share/nav_bot/worlds/meshes/nxt_racks/BTS00068631.png.002.png\n'}
[0.476713] (nav_bot) StdoutLine: {'line': b'-- Up-to-date symlink: /home/rohan/cobotx/install/nav_bot/share/nav_bot/worlds/meshes/nxt_racks/BTS00068631.png.003.png\n'}
[0.477027] (nav_bot) StdoutLine: {'line': b'-- Up-to-date symlink: /home/rohan/cobotx/install/nav_bot/share/nav_bot/worlds/meshes/nxt_racks/BTS00068631.png.004.png\n'}
[0.477453] (nav_bot) StdoutLine: {'line': b'-- Up-to-date symlink: /home/rohan/cobotx/install/nav_bot/share/nav_bot/worlds/meshes/nxt_racks/BTS00068631.png.005.png\n'}
[0.477698] (nav_bot) StdoutLine: {'line': b'-- Up-to-date symlink: /home/rohan/cobotx/install/nav_bot/share/nav_bot/worlds/meshes/nxt_racks/BTS00068631.png.006.png\n'}
[0.478033] (nav_bot) StdoutLine: {'line': b'-- Up-to-date symlink: /home/rohan/cobotx/install/nav_bot/share/nav_bot/worlds/meshes/nxt_racks/BTS00068631.png.007.png\n'}
[0.478196] (nav_bot) StdoutLine: {'line': b'-- Up-to-date symlink: /home/rohan/cobotx/install/nav_bot/share/nav_bot/worlds/meshes/nxt_racks/BTS00068631.png.008.png\n'}
[0.478374] (nav_bot) StdoutLine: {'line': b'-- Up-to-date symlink: /home/rohan/cobotx/install/nav_bot/share/nav_bot/worlds/meshes/nxt_racks/BTS00068631.png.009.png\n'}
[0.478718] (nav_bot) StdoutLine: {'line': b'-- Up-to-date symlink: /home/rohan/cobotx/install/nav_bot/share/nav_bot/worlds/meshes/nxt_racks/BTS00068631.png.010.png\n'}
[0.478891] (nav_bot) StdoutLine: {'line': b'-- Up-to-date symlink: /home/rohan/cobotx/install/nav_bot/share/nav_bot/worlds/meshes/nxt_racks/BTS00068631.png.011.png\n'}
[0.479058] (nav_bot) StdoutLine: {'line': b'-- Up-to-date symlink: /home/rohan/cobotx/install/nav_bot/share/nav_bot/worlds/meshes/nxt_racks/BTS00068631.png.012.png\n'}
[0.479220] (nav_bot) StdoutLine: {'line': b'-- Up-to-date symlink: /home/rohan/cobotx/install/nav_bot/share/nav_bot/worlds/meshes/nxt_racks/BTS00068631.png.013.png\n'}
[0.479551] (nav_bot) StdoutLine: {'line': b'-- Up-to-date symlink: /home/rohan/cobotx/install/nav_bot/share/nav_bot/worlds/meshes/nxt_racks/BTS00068631.png.014.png\n'}
[0.479740] (nav_bot) StdoutLine: {'line': b'-- Up-to-date symlink: /home/rohan/cobotx/install/nav_bot/share/nav_bot/worlds/meshes/nxt_racks/BTS00068631.png.015.png\n'}
[0.479858] (nav_bot) StdoutLine: {'line': b'-- Up-to-date symlink: /home/rohan/cobotx/install/nav_bot/share/nav_bot/worlds/meshes/nxt_racks/BTS00068631.png.016.png\n'}
[0.480004] (nav_bot) StdoutLine: {'line': b'-- Up-to-date symlink: /home/rohan/cobotx/install/nav_bot/share/nav_bot/worlds/meshes/nxt_racks/BTS00068631.png.017.png\n'}
[0.480108] (nav_bot) StdoutLine: {'line': b'-- Up-to-date symlink: /home/rohan/cobotx/install/nav_bot/share/nav_bot/worlds/meshes/nxt_racks/BTS00068631.png.018.png\n'}
[0.480259] (nav_bot) StdoutLine: {'line': b'-- Up-to-date symlink: /home/rohan/cobotx/install/nav_bot/share/nav_bot/worlds/meshes/nxt_racks/BTS00068631.png.019.png\n'}
[0.480369] (nav_bot) StdoutLine: {'line': b'-- Up-to-date symlink: /home/rohan/cobotx/install/nav_bot/share/nav_bot/worlds/meshes/nxt_racks/BTS00068631.png.020.png\n'}
[0.480519] (nav_bot) StdoutLine: {'line': b'-- Up-to-date symlink: /home/rohan/cobotx/install/nav_bot/share/nav_bot/worlds/meshes/nxt_racks/BTS00068631.png.021.png\n'}
[0.480634] (nav_bot) StdoutLine: {'line': b'-- Up-to-date symlink: /home/rohan/cobotx/install/nav_bot/share/nav_bot/worlds/meshes/nxt_racks/BTS00068631.png.022.png\n'}
[0.480753] (nav_bot) StdoutLine: {'line': b'-- Up-to-date symlink: /home/rohan/cobotx/install/nav_bot/share/nav_bot/worlds/meshes/nxt_racks/BTS00068631.png.023.png\n'}
[0.481026] (nav_bot) StdoutLine: {'line': b'-- Up-to-date symlink: /home/rohan/cobotx/install/nav_bot/share/nav_bot/worlds/meshes/nxt_racks/BTS00068631.png.024.png\n'}
[0.481323] (nav_bot) StdoutLine: {'line': b'-- Up-to-date symlink: /home/rohan/cobotx/install/nav_bot/share/nav_bot/worlds/meshes/nxt_racks/BTS00068631.png.025.png\n'}
[0.481589] (nav_bot) StdoutLine: {'line': b'-- Up-to-date symlink: /home/rohan/cobotx/install/nav_bot/share/nav_bot/worlds/meshes/nxt_racks/BTS00068631.png.026.png\n'}
[0.481858] (nav_bot) StdoutLine: {'line': b'-- Up-to-date symlink: /home/rohan/cobotx/install/nav_bot/share/nav_bot/worlds/meshes/nxt_racks/BTS00068631.png.027.png\n'}
[0.482067] (nav_bot) StdoutLine: {'line': b'-- Up-to-date symlink: /home/rohan/cobotx/install/nav_bot/share/nav_bot/worlds/meshes/nxt_racks/BTS00068631.png.028.png\n'}
[0.482248] (nav_bot) StdoutLine: {'line': b'-- Up-to-date symlink: /home/rohan/cobotx/install/nav_bot/share/nav_bot/worlds/meshes/nxt_racks/BTS00068631.png.029.png\n'}
[0.482519] (nav_bot) StdoutLine: {'line': b'-- Up-to-date symlink: /home/rohan/cobotx/install/nav_bot/share/nav_bot/worlds/meshes/nxt_racks/BTS00068631.png.030.png\n'}
[0.482741] (nav_bot) StdoutLine: {'line': b'-- Up-to-date symlink: /home/rohan/cobotx/install/nav_bot/share/nav_bot/worlds/meshes/nxt_racks/BTS00068631.png.031.png\n'}
[0.482961] (nav_bot) StdoutLine: {'line': b'-- Up-to-date symlink: /home/rohan/cobotx/install/nav_bot/share/nav_bot/worlds/meshes/nxt_racks/BTS00068631.png.032.png\n'}
[0.483174] (nav_bot) StdoutLine: {'line': b'-- Up-to-date symlink: /home/rohan/cobotx/install/nav_bot/share/nav_bot/worlds/meshes/nxt_racks/BTS00068631.png.033.png\n'}
[0.483459] (nav_bot) StdoutLine: {'line': b'-- Up-to-date symlink: /home/rohan/cobotx/install/nav_bot/share/nav_bot/worlds/meshes/nxt_racks/BTS00068631.png.034.png\n'}
[0.483613] (nav_bot) StdoutLine: {'line': b'-- Up-to-date symlink: /home/rohan/cobotx/install/nav_bot/share/nav_bot/worlds/meshes/nxt_racks/BTS00068631.png.035.png\n'}
[0.483745] (nav_bot) StdoutLine: {'line': b'-- Up-to-date symlink: /home/rohan/cobotx/install/nav_bot/share/nav_bot/worlds/meshes/nxt_racks/BTS00068631.png.036.png\n'}
[0.483864] (nav_bot) StdoutLine: {'line': b'-- Up-to-date symlink: /home/rohan/cobotx/install/nav_bot/share/nav_bot/worlds/meshes/nxt_racks/BTS00068631.png.037.png\n'}
[0.483987] (nav_bot) StdoutLine: {'line': b'-- Up-to-date symlink: /home/rohan/cobotx/install/nav_bot/share/nav_bot/worlds/meshes/nxt_racks/BTS00068631.png.038.png\n'}
[0.484108] (nav_bot) StdoutLine: {'line': b'-- Up-to-date symlink: /home/rohan/cobotx/install/nav_bot/share/nav_bot/worlds/meshes/nxt_racks/BTS00068631.png.039.png\n'}
[0.484236] (nav_bot) StdoutLine: {'line': b'-- Up-to-date symlink: /home/rohan/cobotx/install/nav_bot/share/nav_bot/worlds/meshes/nxt_racks/BTS00068631.png.040.png\n'}
[0.484357] (nav_bot) StdoutLine: {'line': b'-- Up-to-date symlink: /home/rohan/cobotx/install/nav_bot/share/nav_bot/worlds/meshes/nxt_racks/BTS00068631.png.041.png\n'}
[0.484483] (nav_bot) StdoutLine: {'line': b'-- Up-to-date symlink: /home/rohan/cobotx/install/nav_bot/share/nav_bot/worlds/meshes/nxt_racks/BTS00068631.png.042.png\n'}
[0.484608] (nav_bot) StdoutLine: {'line': b'-- Up-to-date symlink: /home/rohan/cobotx/install/nav_bot/share/nav_bot/worlds/meshes/nxt_racks/BTS00068631.png.043.png\n'}
[0.484734] (nav_bot) StdoutLine: {'line': b'-- Up-to-date symlink: /home/rohan/cobotx/install/nav_bot/share/nav_bot/worlds/meshes/nxt_racks/BTS00068631.png.044.png\n'}
[0.484862] (nav_bot) StdoutLine: {'line': b'-- Up-to-date symlink: /home/rohan/cobotx/install/nav_bot/share/nav_bot/worlds/meshes/nxt_racks/BTS00068631.png.045.png\n'}
[0.484991] (nav_bot) StdoutLine: {'line': b'-- Up-to-date symlink: /home/rohan/cobotx/install/nav_bot/share/nav_bot/worlds/meshes/nxt_racks/BTS00068631.png.046.png\n'}
[0.485118] (nav_bot) StdoutLine: {'line': b'-- Up-to-date symlink: /home/rohan/cobotx/install/nav_bot/share/nav_bot/worlds/meshes/nxt_racks/BTS00068631.png.047.png\n'}
[0.485243] (nav_bot) StdoutLine: {'line': b'-- Up-to-date symlink: /home/rohan/cobotx/install/nav_bot/share/nav_bot/worlds/meshes/nxt_racks/BTS00068631.png.048.png\n'}
[0.485368] (nav_bot) StdoutLine: {'line': b'-- Up-to-date symlink: /home/rohan/cobotx/install/nav_bot/share/nav_bot/worlds/meshes/nxt_racks/BTS00068631.png.049.png\n'}
[0.485655] (nav_bot) StdoutLine: {'line': b'-- Up-to-date symlink: /home/rohan/cobotx/install/nav_bot/share/nav_bot/worlds/meshes/nxt_racks/BTS00068631.png.051.png\n'}
[0.485922] (nav_bot) StdoutLine: {'line': b'-- Up-to-date symlink: /home/rohan/cobotx/install/nav_bot/share/nav_bot/worlds/meshes/nxt_racks/BTS00068631.png.052.png\n'}
[0.486188] (nav_bot) StdoutLine: {'line': b'-- Up-to-date symlink: /home/rohan/cobotx/install/nav_bot/share/nav_bot/worlds/meshes/nxt_racks/BTS00068631.png.053.png\n'}
[0.486445] (nav_bot) StdoutLine: {'line': b'-- Up-to-date symlink: /home/rohan/cobotx/install/nav_bot/share/nav_bot/worlds/meshes/nxt_racks/BTS00068631.png.054.png\n'}
[0.486667] (nav_bot) StdoutLine: {'line': b'-- Up-to-date symlink: /home/rohan/cobotx/install/nav_bot/share/nav_bot/worlds/meshes/nxt_racks/BTS00068631.png.055.png\n'}
[0.486856] (nav_bot) StdoutLine: {'line': b'-- Up-to-date symlink: /home/rohan/cobotx/install/nav_bot/share/nav_bot/worlds/meshes/nxt_racks/BTS00068631.png.056.png\n'}
[0.487124] (nav_bot) StdoutLine: {'line': b'-- Up-to-date symlink: /home/rohan/cobotx/install/nav_bot/share/nav_bot/worlds/meshes/nxt_racks/BTS00068631.png.057.png\n'}
[0.487339] (nav_bot) StdoutLine: {'line': b'-- Up-to-date symlink: /home/rohan/cobotx/install/nav_bot/share/nav_bot/worlds/meshes/nxt_racks/BTS00068631.png.058.png\n'}
[0.487552] (nav_bot) StdoutLine: {'line': b'-- Up-to-date symlink: /home/rohan/cobotx/install/nav_bot/share/nav_bot/worlds/meshes/nxt_racks/BTS00068631.png.059.png\n'}
[0.487770] (nav_bot) StdoutLine: {'line': b'-- Up-to-date symlink: /home/rohan/cobotx/install/nav_bot/share/nav_bot/worlds/meshes/nxt_racks/BTS00068631.png.060.png\n'}
[0.487995] (nav_bot) StdoutLine: {'line': b'-- Up-to-date symlink: /home/rohan/cobotx/install/nav_bot/share/nav_bot/worlds/meshes/nxt_racks/BTS00068631.png.061.png\n'}
[0.488163] (nav_bot) StdoutLine: {'line': b'-- Up-to-date symlink: /home/rohan/cobotx/install/nav_bot/share/nav_bot/worlds/meshes/nxt_racks/BTS00068631.png.062.png\n'}
[0.488311] (nav_bot) StdoutLine: {'line': b'-- Up-to-date symlink: /home/rohan/cobotx/install/nav_bot/share/nav_bot/worlds/meshes/nxt_racks/BTS00068631.png.063.png\n'}
[0.488441] (nav_bot) StdoutLine: {'line': b'-- Up-to-date symlink: /home/rohan/cobotx/install/nav_bot/share/nav_bot/worlds/meshes/nxt_racks/BTS00068631.png.064.png\n'}
[0.488571] (nav_bot) StdoutLine: {'line': b'-- Up-to-date symlink: /home/rohan/cobotx/install/nav_bot/share/nav_bot/worlds/meshes/nxt_racks/BTS00068631.png.065.png\n'}
[0.488707] (nav_bot) StdoutLine: {'line': b'-- Up-to-date symlink: /home/rohan/cobotx/install/nav_bot/share/nav_bot/worlds/meshes/nxt_racks/BTS00068631.png.066.png\n'}
[0.488834] (nav_bot) StdoutLine: {'line': b'-- Up-to-date symlink: /home/rohan/cobotx/install/nav_bot/share/nav_bot/worlds/meshes/nxt_racks/BTS00068631.png.067.png\n'}
[0.488956] (nav_bot) StdoutLine: {'line': b'-- Up-to-date symlink: /home/rohan/cobotx/install/nav_bot/share/nav_bot/worlds/meshes/nxt_racks/BTS00068631.png.068.png\n'}
[0.489080] (nav_bot) StdoutLine: {'line': b'-- Up-to-date symlink: /home/rohan/cobotx/install/nav_bot/share/nav_bot/worlds/meshes/nxt_racks/BTS00068631.png.069.png\n'}
[0.489202] (nav_bot) StdoutLine: {'line': b'-- Up-to-date symlink: /home/rohan/cobotx/install/nav_bot/share/nav_bot/worlds/meshes/nxt_racks/BTS00068631.png.070.png\n'}
[0.489322] (nav_bot) StdoutLine: {'line': b'-- Up-to-date symlink: /home/rohan/cobotx/install/nav_bot/share/nav_bot/worlds/meshes/nxt_racks/BTS00068631.png.071.png\n'}
[0.489449] (nav_bot) StdoutLine: {'line': b'-- Up-to-date symlink: /home/rohan/cobotx/install/nav_bot/share/nav_bot/worlds/meshes/nxt_racks/BTS00068631.png.072.png\n'}
[0.489578] (nav_bot) StdoutLine: {'line': b'-- Up-to-date symlink: /home/rohan/cobotx/install/nav_bot/share/nav_bot/worlds/meshes/nxt_racks/BTS00068631.png.073.png\n'}
[0.489707] (nav_bot) StdoutLine: {'line': b'-- Up-to-date symlink: /home/rohan/cobotx/install/nav_bot/share/nav_bot/worlds/meshes/nxt_racks/BTS00068631.png.074.png\n'}
[0.489836] (nav_bot) StdoutLine: {'line': b'-- Up-to-date symlink: /home/rohan/cobotx/install/nav_bot/share/nav_bot/worlds/meshes/nxt_racks/BTS00068631.png.075.png\n'}
[0.489963] (nav_bot) StdoutLine: {'line': b'-- Up-to-date symlink: /home/rohan/cobotx/install/nav_bot/share/nav_bot/worlds/meshes/nxt_racks/BTS00068631.png.076.png\n'}
[0.490087] (nav_bot) StdoutLine: {'line': b'-- Up-to-date symlink: /home/rohan/cobotx/install/nav_bot/share/nav_bot/worlds/meshes/nxt_racks/BTS00068631.png.077.png\n'}
[0.490209] (nav_bot) StdoutLine: {'line': b'-- Up-to-date symlink: /home/rohan/cobotx/install/nav_bot/share/nav_bot/worlds/meshes/nxt_racks/BTS00068631.png.078.png\n'}
[0.490333] (nav_bot) StdoutLine: {'line': b'-- Up-to-date symlink: /home/rohan/cobotx/install/nav_bot/share/nav_bot/worlds/meshes/nxt_racks/BTS00068631.png.079.png\n'}
[0.490459] (nav_bot) StdoutLine: {'line': b'-- Up-to-date symlink: /home/rohan/cobotx/install/nav_bot/share/nav_bot/worlds/meshes/nxt_racks/BTS00068631.png.080.png\n'}
[0.490600] (nav_bot) StdoutLine: {'line': b'-- Up-to-date symlink: /home/rohan/cobotx/install/nav_bot/share/nav_bot/worlds/meshes/nxt_racks/BTS00068631.png.081.png\n'}
[0.490774] (nav_bot) StdoutLine: {'line': b'-- Up-to-date symlink: /home/rohan/cobotx/install/nav_bot/share/nav_bot/worlds/meshes/nxt_racks/BTS00068631.png.082.png\n'}
[0.491072] (nav_bot) StdoutLine: {'line': b'-- Up-to-date symlink: /home/rohan/cobotx/install/nav_bot/share/nav_bot/worlds/meshes/nxt_racks/BTS00068631.png.083.png\n'}
[0.491337] (nav_bot) StdoutLine: {'line': b'-- Up-to-date symlink: /home/rohan/cobotx/install/nav_bot/share/nav_bot/worlds/meshes/nxt_racks/BTS00068631.png.084.png\n'}
[0.491606] (nav_bot) StdoutLine: {'line': b'-- Up-to-date symlink: /home/rohan/cobotx/install/nav_bot/share/nav_bot/worlds/meshes/nxt_racks/BTS00068631.png.085.png\n'}
[0.491871] (nav_bot) StdoutLine: {'line': b'-- Up-to-date symlink: /home/rohan/cobotx/install/nav_bot/share/nav_bot/worlds/meshes/nxt_racks/BTS00068631.png.086.png\n'}
[0.492094] (nav_bot) StdoutLine: {'line': b'-- Up-to-date symlink: /home/rohan/cobotx/install/nav_bot/share/nav_bot/worlds/meshes/nxt_racks/BTS00068631.png.087.png\n'}
[0.492281] (nav_bot) StdoutLine: {'line': b'-- Up-to-date symlink: /home/rohan/cobotx/install/nav_bot/share/nav_bot/worlds/meshes/nxt_racks/BTS00068631.png.088.png\n'}
[0.492497] (nav_bot) StdoutLine: {'line': b'-- Up-to-date symlink: /home/rohan/cobotx/install/nav_bot/share/nav_bot/worlds/meshes/nxt_racks/BTS00068631.png.089.png\n'}
[0.492729] (nav_bot) StdoutLine: {'line': b'-- Up-to-date symlink: /home/rohan/cobotx/install/nav_bot/share/nav_bot/worlds/meshes/nxt_racks/BTS00068631.png.090.png\n'}
[0.492952] (nav_bot) StdoutLine: {'line': b'-- Up-to-date symlink: /home/rohan/cobotx/install/nav_bot/share/nav_bot/worlds/meshes/nxt_racks/BTS00068631.png.091.png\n'}
[0.493169] (nav_bot) StdoutLine: {'line': b'-- Up-to-date symlink: /home/rohan/cobotx/install/nav_bot/share/nav_bot/worlds/meshes/nxt_racks/BTS00068631.png.092.png\n'}
[0.493391] (nav_bot) StdoutLine: {'line': b'-- Up-to-date symlink: /home/rohan/cobotx/install/nav_bot/share/nav_bot/worlds/meshes/nxt_racks/BTS00068631.png.093.png\n'}
[0.493624] (nav_bot) StdoutLine: {'line': b'-- Up-to-date symlink: /home/rohan/cobotx/install/nav_bot/share/nav_bot/worlds/meshes/nxt_racks/BTS00068631.png.094.png\n'}
[0.493761] (nav_bot) StdoutLine: {'line': b'-- Up-to-date symlink: /home/rohan/cobotx/install/nav_bot/share/nav_bot/worlds/meshes/nxt_racks/BTS00068631.png.095.png\n'}
[0.493886] (nav_bot) StdoutLine: {'line': b'-- Up-to-date symlink: /home/rohan/cobotx/install/nav_bot/share/nav_bot/worlds/meshes/nxt_racks/BTS00068631.png.096.png\n'}
[0.494014] (nav_bot) StdoutLine: {'line': b'-- Up-to-date symlink: /home/rohan/cobotx/install/nav_bot/share/nav_bot/worlds/meshes/nxt_racks/BTS00068631.png.097.png\n'}
[0.494141] (nav_bot) StdoutLine: {'line': b'-- Up-to-date symlink: /home/rohan/cobotx/install/nav_bot/share/nav_bot/worlds/meshes/nxt_racks/BTS00068631.png.098.png\n'}
[0.494266] (nav_bot) StdoutLine: {'line': b'-- Up-to-date symlink: /home/rohan/cobotx/install/nav_bot/share/nav_bot/worlds/meshes/nxt_racks/BTS00068631.png.099.png\n'}
[0.494400] (nav_bot) StdoutLine: {'line': b'-- Up-to-date symlink: /home/rohan/cobotx/install/nav_bot/share/nav_bot/worlds/meshes/nxt_racks/BTS00068631.png.100.png\n'}
[0.494529] (nav_bot) StdoutLine: {'line': b'-- Up-to-date symlink: /home/rohan/cobotx/install/nav_bot/share/nav_bot/worlds/meshes/nxt_racks/BTS00068631.png.101.png\n'}
[0.494662] (nav_bot) StdoutLine: {'line': b'-- Up-to-date symlink: /home/rohan/cobotx/install/nav_bot/share/nav_bot/worlds/meshes/nxt_racks/BTS00068631.png.102.png\n'}
[0.494793] (nav_bot) StdoutLine: {'line': b'-- Up-to-date symlink: /home/rohan/cobotx/install/nav_bot/share/nav_bot/worlds/meshes/nxt_racks/BTS00068631.png.103.png\n'}
[0.494916] (nav_bot) StdoutLine: {'line': b'-- Up-to-date symlink: /home/rohan/cobotx/install/nav_bot/share/nav_bot/worlds/meshes/nxt_racks/BTS00068631.png.104.png\n'}
[0.495041] (nav_bot) StdoutLine: {'line': b'-- Up-to-date symlink: /home/rohan/cobotx/install/nav_bot/share/nav_bot/worlds/meshes/nxt_racks/BTS00068631.png.105.png\n'}
[0.495165] (nav_bot) StdoutLine: {'line': b'-- Up-to-date symlink: /home/rohan/cobotx/install/nav_bot/share/nav_bot/worlds/meshes/nxt_racks/BTS00068631.png.106.png\n'}
[0.495291] (nav_bot) StdoutLine: {'line': b'-- Up-to-date symlink: /home/rohan/cobotx/install/nav_bot/share/nav_bot/worlds/meshes/nxt_racks/BTS00068632.png\n'}
[0.495417] (nav_bot) StdoutLine: {'line': b'-- Up-to-date symlink: /home/rohan/cobotx/install/nav_bot/share/nav_bot/worlds/meshes/nxt_racks/BTS00068633.png\n'}
[0.495545] (nav_bot) StdoutLine: {'line': b'-- Up-to-date symlink: /home/rohan/cobotx/install/nav_bot/share/nav_bot/worlds/meshes/nxt_racks/BTS00068634.png\n'}
[0.495682] (nav_bot) StdoutLine: {'line': b'-- Up-to-date symlink: /home/rohan/cobotx/install/nav_bot/share/nav_bot/worlds/meshes/nxt_racks/BTS00068635.png\n'}
[0.495812] (nav_bot) StdoutLine: {'line': b'-- Up-to-date symlink: /home/rohan/cobotx/install/nav_bot/share/nav_bot/worlds/meshes/nxt_racks/BTS00068636.png\n'}
[0.495935] (nav_bot) StdoutLine: {'line': b'-- Up-to-date symlink: /home/rohan/cobotx/install/nav_bot/share/nav_bot/worlds/meshes/nxt_racks/BTS00068637.png\n'}
[0.496210] (nav_bot) StdoutLine: {'line': b'-- Up-to-date symlink: /home/rohan/cobotx/install/nav_bot/share/nav_bot/worlds/meshes/nxt_racks/BTS00068638.png\n'}
[0.496469] (nav_bot) StdoutLine: {'line': b'-- Up-to-date symlink: /home/rohan/cobotx/install/nav_bot/share/nav_bot/worlds/meshes/nxt_racks/BTS00068639.png\n'}
[0.496743] (nav_bot) StdoutLine: {'line': b'-- Up-to-date symlink: /home/rohan/cobotx/install/nav_bot/share/nav_bot/worlds/meshes/nxt_racks/BTS00068640.png\n'}
[0.497034] (nav_bot) StdoutLine: {'line': b'-- Up-to-date symlink: /home/rohan/cobotx/install/nav_bot/share/nav_bot/worlds/meshes/nxt_racks/BTS00068641.png\n'}
[0.497252] (nav_bot) StdoutLine: {'line': b'-- Up-to-date symlink: /home/rohan/cobotx/install/nav_bot/share/nav_bot/worlds/meshes/nxt_racks/BTS00068642.png\n'}
[0.497433] (nav_bot) StdoutLine: {'line': b'-- Up-to-date symlink: /home/rohan/cobotx/install/nav_bot/share/nav_bot/worlds/meshes/nxt_racks/BTS00068643.png\n'}
[0.497653] (nav_bot) StdoutLine: {'line': b'-- Up-to-date symlink: /home/rohan/cobotx/install/nav_bot/share/nav_bot/worlds/meshes/nxt_racks/BTS00068644.png\n'}
[0.497875] (nav_bot) StdoutLine: {'line': b'-- Up-to-date symlink: /home/rohan/cobotx/install/nav_bot/share/nav_bot/worlds/meshes/nxt_racks/BTS00068645.png\n'}
[0.498130] (nav_bot) StdoutLine: {'line': b'-- Up-to-date symlink: /home/rohan/cobotx/install/nav_bot/share/nav_bot/worlds/meshes/nxt_racks/BTS00068646.png\n'}
[0.498350] (nav_bot) StdoutLine: {'line': b'-- Up-to-date symlink: /home/rohan/cobotx/install/nav_bot/share/nav_bot/worlds/meshes/nxt_racks/BTS00068647.png\n'}
[0.498575] (nav_bot) StdoutLine: {'line': b'-- Up-to-date symlink: /home/rohan/cobotx/install/nav_bot/share/nav_bot/worlds/meshes/nxt_racks/BTS00068648.png\n'}
[0.498738] (nav_bot) StdoutLine: {'line': b'-- Up-to-date symlink: /home/rohan/cobotx/install/nav_bot/share/nav_bot/worlds/meshes/nxt_racks/BTS00068649.png\n'}
[0.498866] (nav_bot) StdoutLine: {'line': b'-- Up-to-date symlink: /home/rohan/cobotx/install/nav_bot/share/nav_bot/worlds/meshes/nxt_racks/BTS00068650.png\n'}
[0.498990] (nav_bot) StdoutLine: {'line': b'-- Up-to-date symlink: /home/rohan/cobotx/install/nav_bot/share/nav_bot/worlds/meshes/nxt_racks/BTS00068651.png\n'}
[0.499122] (nav_bot) StdoutLine: {'line': b'-- Up-to-date symlink: /home/rohan/cobotx/install/nav_bot/share/nav_bot/worlds/meshes/nxt_racks/BTS00068652.png\n'}
[0.499252] (nav_bot) StdoutLine: {'line': b'-- Up-to-date symlink: /home/rohan/cobotx/install/nav_bot/share/nav_bot/worlds/meshes/nxt_racks/BTS00068653.png\n'}
[0.499385] (nav_bot) StdoutLine: {'line': b'-- Up-to-date symlink: /home/rohan/cobotx/install/nav_bot/share/nav_bot/worlds/meshes/nxt_racks/BTS00068654.png\n'}
[0.499514] (nav_bot) StdoutLine: {'line': b'-- Up-to-date symlink: /home/rohan/cobotx/install/nav_bot/share/nav_bot/worlds/meshes/nxt_racks/BTS00068655.png\n'}
[0.499646] (nav_bot) StdoutLine: {'line': b'-- Up-to-date symlink: /home/rohan/cobotx/install/nav_bot/share/nav_bot/worlds/meshes/nxt_racks/BTS00068656.png\n'}
[0.499800] (nav_bot) StdoutLine: {'line': b'-- Up-to-date symlink: /home/rohan/cobotx/install/nav_bot/share/nav_bot/worlds/meshes/nxt_racks/BTS00068657.png\n'}
[0.499913] (nav_bot) StdoutLine: {'line': b'-- Up-to-date symlink: /home/rohan/cobotx/install/nav_bot/share/nav_bot/worlds/meshes/nxt_racks/BTS00068658.png\n'}
[0.500033] (nav_bot) StdoutLine: {'line': b'-- Up-to-date symlink: /home/rohan/cobotx/install/nav_bot/share/nav_bot/worlds/meshes/nxt_racks/BTS00068659.png\n'}
[0.500158] (nav_bot) StdoutLine: {'line': b'-- Up-to-date symlink: /home/rohan/cobotx/install/nav_bot/share/nav_bot/worlds/meshes/nxt_racks/BTS00068660.png\n'}
[0.500280] (nav_bot) StdoutLine: {'line': b'-- Up-to-date symlink: /home/rohan/cobotx/install/nav_bot/share/nav_bot/worlds/meshes/nxt_racks/BTS00068661.png\n'}
[0.500334] (-) TimerEvent: {}
[0.500431] (nav_bot) StdoutLine: {'line': b'-- Up-to-date symlink: /home/rohan/cobotx/install/nav_bot/share/nav_bot/worlds/meshes/nxt_racks/BTS00068662.png\n'}
[0.500521] (nav_bot) StdoutLine: {'line': b'-- Up-to-date symlink: /home/rohan/cobotx/install/nav_bot/share/nav_bot/worlds/meshes/nxt_racks/BTS00068663.png\n'}
[0.500656] (nav_bot) StdoutLine: {'line': b'-- Up-to-date symlink: /home/rohan/cobotx/install/nav_bot/share/nav_bot/worlds/meshes/nxt_racks/BTS00068664.png\n'}
[0.500780] (nav_bot) StdoutLine: {'line': b'-- Up-to-date symlink: /home/rohan/cobotx/install/nav_bot/share/nav_bot/worlds/meshes/nxt_racks/BTS00068665.png\n'}
[0.500904] (nav_bot) StdoutLine: {'line': b'-- Up-to-date symlink: /home/rohan/cobotx/install/nav_bot/share/nav_bot/worlds/meshes/nxt_racks/BTS00068666.png\n'}
[0.501034] (nav_bot) StdoutLine: {'line': b'-- Up-to-date symlink: /home/rohan/cobotx/install/nav_bot/share/nav_bot/worlds/meshes/nxt_racks/BTS00068667.png\n'}
[0.501163] (nav_bot) StdoutLine: {'line': b'-- Up-to-date symlink: /home/rohan/cobotx/install/nav_bot/share/nav_bot/worlds/meshes/nxt_racks/BTS00068668.png.001.png\n'}
[0.501285] (nav_bot) StdoutLine: {'line': b'-- Up-to-date symlink: /home/rohan/cobotx/install/nav_bot/share/nav_bot/worlds/meshes/nxt_racks/BTS00068669.png.001.png\n'}
[0.501415] (nav_bot) StdoutLine: {'line': b'-- Up-to-date symlink: /home/rohan/cobotx/install/nav_bot/share/nav_bot/worlds/meshes/nxt_racks/BTS00068670.png.001.png\n'}
[0.501546] (nav_bot) StdoutLine: {'line': b'-- Up-to-date symlink: /home/rohan/cobotx/install/nav_bot/share/nav_bot/worlds/meshes/nxt_racks/BTS00068671.png\n'}
[0.501679] (nav_bot) StdoutLine: {'line': b'-- Up-to-date symlink: /home/rohan/cobotx/install/nav_bot/share/nav_bot/worlds/meshes/nxt_racks/BTS00068672.png\n'}
[0.501809] (nav_bot) StdoutLine: {'line': b'-- Up-to-date symlink: /home/rohan/cobotx/install/nav_bot/share/nav_bot/worlds/meshes/nxt_racks/BTS00068673.png\n'}
[0.501934] (nav_bot) StdoutLine: {'line': b'-- Up-to-date symlink: /home/rohan/cobotx/install/nav_bot/share/nav_bot/worlds/meshes/nxt_racks/BTS00068674.png\n'}
[0.502059] (nav_bot) StdoutLine: {'line': b'-- Up-to-date symlink: /home/rohan/cobotx/install/nav_bot/share/nav_bot/worlds/meshes/nxt_racks/BTS00068675.png\n'}
[0.502184] (nav_bot) StdoutLine: {'line': b'-- Up-to-date symlink: /home/rohan/cobotx/install/nav_bot/share/nav_bot/worlds/meshes/nxt_racks/BTS00068676.png\n'}
[0.502307] (nav_bot) StdoutLine: {'line': b'-- Up-to-date symlink: /home/rohan/cobotx/install/nav_bot/share/nav_bot/worlds/meshes/nxt_racks/BTS00068677.png\n'}
[0.502434] (nav_bot) StdoutLine: {'line': b'-- Up-to-date symlink: /home/rohan/cobotx/install/nav_bot/share/nav_bot/worlds/meshes/nxt_racks/BTS00068678.png\n'}
[0.502559] (nav_bot) StdoutLine: {'line': b'-- Up-to-date symlink: /home/rohan/cobotx/install/nav_bot/share/nav_bot/worlds/meshes/nxt_racks/BTS00068679.png\n'}
[0.502694] (nav_bot) StdoutLine: {'line': b'-- Up-to-date symlink: /home/rohan/cobotx/install/nav_bot/share/nav_bot/worlds/meshes/nxt_racks/BTS00068680.png\n'}
[0.502826] (nav_bot) StdoutLine: {'line': b'-- Up-to-date symlink: /home/rohan/cobotx/install/nav_bot/share/nav_bot/worlds/meshes/nxt_racks/BTS00068681.png\n'}
[0.502953] (nav_bot) StdoutLine: {'line': b'-- Up-to-date symlink: /home/rohan/cobotx/install/nav_bot/share/nav_bot/worlds/meshes/nxt_racks/BTS00068682.png.001.png\n'}
[0.503080] (nav_bot) StdoutLine: {'line': b'-- Up-to-date symlink: /home/rohan/cobotx/install/nav_bot/share/nav_bot/worlds/meshes/nxt_racks/BTS00068683.png.001.png\n'}
[0.503204] (nav_bot) StdoutLine: {'line': b'-- Up-to-date symlink: /home/rohan/cobotx/install/nav_bot/share/nav_bot/worlds/meshes/nxt_racks/BTS00068684.png\n'}
[0.503327] (nav_bot) StdoutLine: {'line': b'-- Up-to-date symlink: /home/rohan/cobotx/install/nav_bot/share/nav_bot/worlds/meshes/nxt_racks/BTS00068685.png\n'}
[0.503450] (nav_bot) StdoutLine: {'line': b'-- Up-to-date symlink: /home/rohan/cobotx/install/nav_bot/share/nav_bot/worlds/meshes/nxt_racks/BTS00068686.png\n'}
[0.503578] (nav_bot) StdoutLine: {'line': b'-- Up-to-date symlink: /home/rohan/cobotx/install/nav_bot/share/nav_bot/worlds/meshes/nxt_racks/BTS00068687.png\n'}
[0.503713] (nav_bot) StdoutLine: {'line': b'-- Up-to-date symlink: /home/rohan/cobotx/install/nav_bot/share/nav_bot/worlds/meshes/nxt_racks/BTS00068688.png\n'}
[0.503842] (nav_bot) StdoutLine: {'line': b'-- Up-to-date symlink: /home/rohan/cobotx/install/nav_bot/share/nav_bot/worlds/meshes/nxt_racks/BTS00068689.png\n'}
[0.503966] (nav_bot) StdoutLine: {'line': b'-- Up-to-date symlink: /home/rohan/cobotx/install/nav_bot/share/nav_bot/worlds/meshes/nxt_racks/BTS00068690.png\n'}
[0.504096] (nav_bot) StdoutLine: {'line': b'-- Up-to-date symlink: /home/rohan/cobotx/install/nav_bot/share/nav_bot/worlds/meshes/nxt_racks/BTS00068691.png\n'}
[0.504220] (nav_bot) StdoutLine: {'line': b'-- Up-to-date symlink: /home/rohan/cobotx/install/nav_bot/share/nav_bot/worlds/meshes/nxt_racks/BTS00068692.png\n'}
[0.504344] (nav_bot) StdoutLine: {'line': b'-- Up-to-date symlink: /home/rohan/cobotx/install/nav_bot/share/nav_bot/worlds/meshes/nxt_racks/BTS00068693.png\n'}
[0.504468] (nav_bot) StdoutLine: {'line': b'-- Up-to-date symlink: /home/rohan/cobotx/install/nav_bot/share/nav_bot/worlds/meshes/nxt_racks/BTS00068694.png\n'}
[0.504593] (nav_bot) StdoutLine: {'line': b'-- Up-to-date symlink: /home/rohan/cobotx/install/nav_bot/share/nav_bot/worlds/meshes/nxt_racks/BTS00068695.png\n'}
[0.504726] (nav_bot) StdoutLine: {'line': b'-- Up-to-date symlink: /home/rohan/cobotx/install/nav_bot/share/nav_bot/worlds/meshes/nxt_racks/BTS00068696.png\n'}
[0.504851] (nav_bot) StdoutLine: {'line': b'-- Up-to-date symlink: /home/rohan/cobotx/install/nav_bot/share/nav_bot/worlds/meshes/nxt_racks/BTS00068697.png\n'}
[0.504979] (nav_bot) StdoutLine: {'line': b'-- Up-to-date symlink: /home/rohan/cobotx/install/nav_bot/share/nav_bot/worlds/meshes/nxt_racks/BTS00068698.png\n'}
[0.505106] (nav_bot) StdoutLine: {'line': b'-- Up-to-date symlink: /home/rohan/cobotx/install/nav_bot/share/nav_bot/worlds/meshes/nxt_racks/BTS00068699.png.001.png\n'}
[0.505399] (nav_bot) StdoutLine: {'line': b'-- Up-to-date symlink: /home/rohan/cobotx/install/nav_bot/share/nav_bot/worlds/meshes/nxt_racks/BTS00068700.png\n'}
[0.505705] (nav_bot) StdoutLine: {'line': b'-- Up-to-date symlink: /home/rohan/cobotx/install/nav_bot/share/nav_bot/worlds/meshes/nxt_racks/BTS00068701.png.001.png\n'}
[0.506017] (nav_bot) StdoutLine: {'line': b'-- Up-to-date symlink: /home/rohan/cobotx/install/nav_bot/share/nav_bot/worlds/meshes/nxt_racks/BTS00068702.png.001.png\n'}
[0.506339] (nav_bot) StdoutLine: {'line': b'-- Up-to-date symlink: /home/rohan/cobotx/install/nav_bot/share/nav_bot/worlds/meshes/nxt_racks/BTS00068703.png\n'}
[0.506698] (nav_bot) StdoutLine: {'line': b'-- Up-to-date symlink: /home/rohan/cobotx/install/nav_bot/share/nav_bot/worlds/meshes/nxt_racks/BTS00068704.png\n'}
[0.506983] (nav_bot) StdoutLine: {'line': b'-- Up-to-date symlink: /home/rohan/cobotx/install/nav_bot/share/nav_bot/worlds/meshes/nxt_racks/BTS00068705.png\n'}
[0.507267] (nav_bot) StdoutLine: {'line': b'-- Up-to-date symlink: /home/rohan/cobotx/install/nav_bot/share/nav_bot/worlds/meshes/nxt_racks/BTS00068706.png\n'}
[0.507547] (nav_bot) StdoutLine: {'line': b'-- Up-to-date symlink: /home/rohan/cobotx/install/nav_bot/share/nav_bot/worlds/meshes/nxt_racks/BTS00068707.png\n'}
[0.507783] (nav_bot) StdoutLine: {'line': b'-- Up-to-date symlink: /home/rohan/cobotx/install/nav_bot/share/nav_bot/worlds/meshes/nxt_racks/BTS00068708.png\n'}
[0.508016] (nav_bot) StdoutLine: {'line': b'-- Up-to-date symlink: /home/rohan/cobotx/install/nav_bot/share/nav_bot/worlds/meshes/nxt_racks/BTS00068709.png\n'}
[0.508225] (nav_bot) StdoutLine: {'line': b'-- Up-to-date symlink: /home/rohan/cobotx/install/nav_bot/share/nav_bot/worlds/meshes/nxt_racks/BTS00068710.png\n'}
[0.508365] (nav_bot) StdoutLine: {'line': b'-- Up-to-date symlink: /home/rohan/cobotx/install/nav_bot/share/nav_bot/worlds/meshes/nxt_racks/BTS00068711.png\n'}
[0.508503] (nav_bot) StdoutLine: {'line': b'-- Up-to-date symlink: /home/rohan/cobotx/install/nav_bot/share/nav_bot/worlds/meshes/nxt_racks/BTS00068712.png\n'}
[0.508646] (nav_bot) StdoutLine: {'line': b'-- Up-to-date symlink: /home/rohan/cobotx/install/nav_bot/share/nav_bot/worlds/meshes/nxt_racks/BTS00068713.png\n'}
[0.508783] (nav_bot) StdoutLine: {'line': b'-- Up-to-date symlink: /home/rohan/cobotx/install/nav_bot/share/nav_bot/worlds/meshes/nxt_racks/BTS00068714.png\n'}
[0.508919] (nav_bot) StdoutLine: {'line': b'-- Up-to-date symlink: /home/rohan/cobotx/install/nav_bot/share/nav_bot/worlds/meshes/nxt_racks/BTS00068715.png\n'}
[0.509060] (nav_bot) StdoutLine: {'line': b'-- Up-to-date symlink: /home/rohan/cobotx/install/nav_bot/share/nav_bot/worlds/meshes/nxt_racks/BTS00068716.png\n'}
[0.509195] (nav_bot) StdoutLine: {'line': b'-- Up-to-date symlink: /home/rohan/cobotx/install/nav_bot/share/nav_bot/worlds/meshes/nxt_racks/BTS00068717.png\n'}
[0.509336] (nav_bot) StdoutLine: {'line': b'-- Up-to-date symlink: /home/rohan/cobotx/install/nav_bot/share/nav_bot/worlds/meshes/nxt_racks/BTS00068718.png\n'}
[0.509451] (nav_bot) StdoutLine: {'line': b'-- Up-to-date symlink: /home/rohan/cobotx/install/nav_bot/share/nav_bot/worlds/meshes/nxt_racks/BTS00068719.png\n'}
[0.509577] (nav_bot) StdoutLine: {'line': b'-- Up-to-date symlink: /home/rohan/cobotx/install/nav_bot/share/nav_bot/worlds/meshes/nxt_racks/BTS00068720.png\n'}
[0.509724] (nav_bot) StdoutLine: {'line': b'-- Up-to-date symlink: /home/rohan/cobotx/install/nav_bot/share/nav_bot/worlds/meshes/nxt_racks/BTS00068721.png\n'}
[0.509872] (nav_bot) StdoutLine: {'line': b'-- Up-to-date symlink: /home/rohan/cobotx/install/nav_bot/share/nav_bot/worlds/meshes/nxt_racks/BTS00068722.png\n'}
[0.510011] (nav_bot) StdoutLine: {'line': b'-- Up-to-date symlink: /home/rohan/cobotx/install/nav_bot/share/nav_bot/worlds/meshes/nxt_racks/BTS00068723.png\n'}
[0.510145] (nav_bot) StdoutLine: {'line': b'-- Up-to-date symlink: /home/rohan/cobotx/install/nav_bot/share/nav_bot/worlds/meshes/nxt_racks/BTS00068724.png\n'}
[0.510268] (nav_bot) StdoutLine: {'line': b'-- Up-to-date symlink: /home/rohan/cobotx/install/nav_bot/share/nav_bot/worlds/meshes/nxt_racks/BTS00068725.png\n'}
[0.510397] (nav_bot) StdoutLine: {'line': b'-- Up-to-date symlink: /home/rohan/cobotx/install/nav_bot/share/nav_bot/worlds/meshes/nxt_racks/BTS00068726.png\n'}
[0.510526] (nav_bot) StdoutLine: {'line': b'-- Up-to-date symlink: /home/rohan/cobotx/install/nav_bot/share/nav_bot/worlds/meshes/nxt_racks/BTS00068727.png\n'}
[0.510664] (nav_bot) StdoutLine: {'line': b'-- Up-to-date symlink: /home/rohan/cobotx/install/nav_bot/share/nav_bot/worlds/meshes/nxt_racks/BTS00068728.png\n'}
[0.510802] (nav_bot) StdoutLine: {'line': b'-- Up-to-date symlink: /home/rohan/cobotx/install/nav_bot/share/nav_bot/worlds/meshes/nxt_racks/BTS00068729.png\n'}
[0.510933] (nav_bot) StdoutLine: {'line': b'-- Up-to-date symlink: /home/rohan/cobotx/install/nav_bot/share/nav_bot/worlds/meshes/nxt_racks/BTS00068730.png\n'}
[0.511066] (nav_bot) StdoutLine: {'line': b'-- Up-to-date symlink: /home/rohan/cobotx/install/nav_bot/share/nav_bot/worlds/meshes/nxt_racks/BTS00069884.png\n'}
[0.511197] (nav_bot) StdoutLine: {'line': b'-- Up-to-date symlink: /home/rohan/cobotx/install/nav_bot/share/nav_bot/worlds/meshes/nxt_racks/BTS00069885.png\n'}
[0.511386] (nav_bot) StdoutLine: {'line': b'-- Up-to-date symlink: /home/rohan/cobotx/install/nav_bot/share/nav_bot/worlds/meshes/nxt_racks/BTS00069886.png\n'}
[0.511583] (nav_bot) StdoutLine: {'line': b'-- Up-to-date symlink: /home/rohan/cobotx/install/nav_bot/share/nav_bot/worlds/meshes/nxt_racks/BTS00069887.png\n'}
[0.511781] (nav_bot) StdoutLine: {'line': b'-- Up-to-date symlink: /home/rohan/cobotx/install/nav_bot/share/nav_bot/worlds/meshes/nxt_racks/BTS00069888.png\n'}
[0.511940] (nav_bot) StdoutLine: {'line': b'-- Up-to-date symlink: /home/rohan/cobotx/install/nav_bot/share/nav_bot/worlds/meshes/nxt_racks/BTS00069889.png\n'}
[0.512071] (nav_bot) StdoutLine: {'line': b'-- Up-to-date symlink: /home/rohan/cobotx/install/nav_bot/share/nav_bot/worlds/meshes/nxt_racks/Bois_palette.jpg\n'}
[0.512205] (nav_bot) StdoutLine: {'line': b'-- Up-to-date symlink: /home/rohan/cobotx/install/nav_bot/share/nav_bot/worlds/meshes/nxt_racks/Box_paper_04_1_Base_Color.png\n'}
[0.512351] (nav_bot) StdoutLine: {'line': b'-- Up-to-date symlink: /home/rohan/cobotx/install/nav_bot/share/nav_bot/worlds/meshes/nxt_racks/Box_paper_04_1_Base_Color.png.001.png\n'}
[0.512486] (nav_bot) StdoutLine: {'line': b'-- Up-to-date symlink: /home/rohan/cobotx/install/nav_bot/share/nav_bot/worlds/meshes/nxt_racks/HD-01_A_01.png\n'}
[0.512625] (nav_bot) StdoutLine: {'line': b'-- Up-to-date symlink: /home/rohan/cobotx/install/nav_bot/share/nav_bot/worlds/meshes/nxt_racks/HD-01_A_01.png.002.png\n'}
[0.512759] (nav_bot) StdoutLine: {'line': b'-- Up-to-date symlink: /home/rohan/cobotx/install/nav_bot/share/nav_bot/worlds/meshes/nxt_racks/HD-01_A_01.png.003.png\n'}
[0.512892] (nav_bot) StdoutLine: {'line': b'-- Up-to-date symlink: /home/rohan/cobotx/install/nav_bot/share/nav_bot/worlds/meshes/nxt_racks/HD-01_A_01.png.004.png\n'}
[0.513022] (nav_bot) StdoutLine: {'line': b'-- Up-to-date symlink: /home/rohan/cobotx/install/nav_bot/share/nav_bot/worlds/meshes/nxt_racks/HD-01_A_01.png.005.png\n'}
[0.513154] (nav_bot) StdoutLine: {'line': b'-- Up-to-date symlink: /home/rohan/cobotx/install/nav_bot/share/nav_bot/worlds/meshes/nxt_racks/HD-01_A_01.png.006.png\n'}
[0.513285] (nav_bot) StdoutLine: {'line': b'-- Up-to-date symlink: /home/rohan/cobotx/install/nav_bot/share/nav_bot/worlds/meshes/nxt_racks/HD-01_A_01.png.007.png\n'}
[0.513416] (nav_bot) StdoutLine: {'line': b'-- Up-to-date symlink: /home/rohan/cobotx/install/nav_bot/share/nav_bot/worlds/meshes/nxt_racks/HD-01_A_01.png.008.png\n'}
[0.513714] (nav_bot) StdoutLine: {'line': b'-- Up-to-date symlink: /home/rohan/cobotx/install/nav_bot/share/nav_bot/worlds/meshes/nxt_racks/HD-01_A_01.png.009.png\n'}
[0.514013] (nav_bot) StdoutLine: {'line': b'-- Up-to-date symlink: /home/rohan/cobotx/install/nav_bot/share/nav_bot/worlds/meshes/nxt_racks/HD-01_A_01.png.010.png\n'}
[0.514219] (nav_bot) StdoutLine: {'line': b'-- Up-to-date symlink: /home/rohan/cobotx/install/nav_bot/share/nav_bot/worlds/meshes/nxt_racks/HD-01_A_01.png.011.png\n'}
[0.514529] (nav_bot) StdoutLine: {'line': b'-- Up-to-date symlink: /home/rohan/cobotx/install/nav_bot/share/nav_bot/worlds/meshes/nxt_racks/HD-01_A_01.png.016.png\n'}
[0.514844] (nav_bot) StdoutLine: {'line': b'-- Up-to-date symlink: /home/rohan/cobotx/install/nav_bot/share/nav_bot/worlds/meshes/nxt_racks/HD-01_A_01.png.017.png\n'}
[0.515063] (nav_bot) StdoutLine: {'line': b'-- Up-to-date symlink: /home/rohan/cobotx/install/nav_bot/share/nav_bot/worlds/meshes/nxt_racks/HD-01_A_01.png.018.png\n'}
[0.515296] (nav_bot) StdoutLine: {'line': b'-- Up-to-date symlink: /home/rohan/cobotx/install/nav_bot/share/nav_bot/worlds/meshes/nxt_racks/HD-01_A_01.png.019.png\n'}
[0.515518] (nav_bot) StdoutLine: {'line': b'-- Up-to-date symlink: /home/rohan/cobotx/install/nav_bot/share/nav_bot/worlds/meshes/nxt_racks/HD-01_A_01.png.020.png\n'}
[0.515736] (nav_bot) StdoutLine: {'line': b'-- Up-to-date symlink: /home/rohan/cobotx/install/nav_bot/share/nav_bot/worlds/meshes/nxt_racks/HD-01_A_01.png.021.png\n'}
[0.516038] (nav_bot) StdoutLine: {'line': b'-- Up-to-date symlink: /home/rohan/cobotx/install/nav_bot/share/nav_bot/worlds/meshes/nxt_racks/HD-01_A_01.png.022.png\n'}
[0.516261] (nav_bot) StdoutLine: {'line': b'-- Up-to-date symlink: /home/rohan/cobotx/install/nav_bot/share/nav_bot/worlds/meshes/nxt_racks/HD-01_A_01.png.023.png\n'}
[0.516490] (nav_bot) StdoutLine: {'line': b'-- Up-to-date symlink: /home/rohan/cobotx/install/nav_bot/share/nav_bot/worlds/meshes/nxt_racks/HD-01_A_01.png.024.png\n'}
[0.516718] (nav_bot) StdoutLine: {'line': b'-- Up-to-date symlink: /home/rohan/cobotx/install/nav_bot/share/nav_bot/worlds/meshes/nxt_racks/HD-01_A_01.png.025.png\n'}
[0.516963] (nav_bot) StdoutLine: {'line': b'-- Up-to-date symlink: /home/rohan/cobotx/install/nav_bot/share/nav_bot/worlds/meshes/nxt_racks/HD-01_A_01.png.030.png\n'}
[0.517206] (nav_bot) StdoutLine: {'line': b'-- Up-to-date symlink: /home/rohan/cobotx/install/nav_bot/share/nav_bot/worlds/meshes/nxt_racks/HD-01_A_01.png.031.png\n'}
[0.517491] (nav_bot) StdoutLine: {'line': b'-- Up-to-date symlink: /home/rohan/cobotx/install/nav_bot/share/nav_bot/worlds/meshes/nxt_racks/HD-01_A_01.png.032.png\n'}
[0.517722] (nav_bot) StdoutLine: {'line': b'-- Up-to-date symlink: /home/rohan/cobotx/install/nav_bot/share/nav_bot/worlds/meshes/nxt_racks/HD-01_A_01.png.033.png\n'}
[0.518013] (nav_bot) StdoutLine: {'line': b'-- Up-to-date symlink: /home/rohan/cobotx/install/nav_bot/share/nav_bot/worlds/meshes/nxt_racks/HD-01_A_01.png.034.png\n'}
[0.518243] (nav_bot) StdoutLine: {'line': b'-- Up-to-date symlink: /home/rohan/cobotx/install/nav_bot/share/nav_bot/worlds/meshes/nxt_racks/HD-01_A_01.png.035.png\n'}
[0.518472] (nav_bot) StdoutLine: {'line': b'-- Up-to-date symlink: /home/rohan/cobotx/install/nav_bot/share/nav_bot/worlds/meshes/nxt_racks/HD-01_A_01.png.036.png\n'}
[0.518709] (nav_bot) StdoutLine: {'line': b'-- Up-to-date symlink: /home/rohan/cobotx/install/nav_bot/share/nav_bot/worlds/meshes/nxt_racks/HD-01_A_01.png.037.png\n'}
[0.518867] (nav_bot) StdoutLine: {'line': b'-- Up-to-date symlink: /home/rohan/cobotx/install/nav_bot/share/nav_bot/worlds/meshes/nxt_racks/HD-01_A_01.png.038.png\n'}
[0.519081] (nav_bot) StdoutLine: {'line': b'-- Up-to-date symlink: /home/rohan/cobotx/install/nav_bot/share/nav_bot/worlds/meshes/nxt_racks/HD-01_A_01.png.039.png\n'}
[0.519303] (nav_bot) StdoutLine: {'line': b'-- Up-to-date symlink: /home/rohan/cobotx/install/nav_bot/share/nav_bot/worlds/meshes/nxt_racks/HD-01_A_01.png.044.png\n'}
[0.519526] (nav_bot) StdoutLine: {'line': b'-- Up-to-date symlink: /home/rohan/cobotx/install/nav_bot/share/nav_bot/worlds/meshes/nxt_racks/HD-01_A_01.png.045.png\n'}
[0.519749] (nav_bot) StdoutLine: {'line': b'-- Up-to-date symlink: /home/rohan/cobotx/install/nav_bot/share/nav_bot/worlds/meshes/nxt_racks/HD-01_A_01.png.046.png\n'}
[0.519980] (nav_bot) StdoutLine: {'line': b'-- Up-to-date symlink: /home/rohan/cobotx/install/nav_bot/share/nav_bot/worlds/meshes/nxt_racks/HD-01_A_01.png.047.png\n'}
[0.520250] (nav_bot) StdoutLine: {'line': b'-- Up-to-date symlink: /home/rohan/cobotx/install/nav_bot/share/nav_bot/worlds/meshes/nxt_racks/HD-01_A_01.png.048.png\n'}
[0.520483] (nav_bot) StdoutLine: {'line': b'-- Up-to-date symlink: /home/rohan/cobotx/install/nav_bot/share/nav_bot/worlds/meshes/nxt_racks/HD-01_A_01.png.049.png\n'}
[0.520710] (nav_bot) StdoutLine: {'line': b'-- Up-to-date symlink: /home/rohan/cobotx/install/nav_bot/share/nav_bot/worlds/meshes/nxt_racks/HD-01_A_01.png.050.png\n'}
[0.520992] (nav_bot) StdoutLine: {'line': b'-- Up-to-date symlink: /home/rohan/cobotx/install/nav_bot/share/nav_bot/worlds/meshes/nxt_racks/HD-01_A_01.png.051.png\n'}
[0.521215] (nav_bot) StdoutLine: {'line': b'-- Up-to-date symlink: /home/rohan/cobotx/install/nav_bot/share/nav_bot/worlds/meshes/nxt_racks/HD-01_A_01.png.052.png\n'}
[0.521506] (nav_bot) StdoutLine: {'line': b'-- Up-to-date symlink: /home/rohan/cobotx/install/nav_bot/share/nav_bot/worlds/meshes/nxt_racks/HD-01_A_01.png.053.png\n'}
[0.521727] (nav_bot) StdoutLine: {'line': b'-- Up-to-date symlink: /home/rohan/cobotx/install/nav_bot/share/nav_bot/worlds/meshes/nxt_racks/HD-01_A_01.png.058.png\n'}
[0.521952] (nav_bot) StdoutLine: {'line': b'-- Up-to-date symlink: /home/rohan/cobotx/install/nav_bot/share/nav_bot/worlds/meshes/nxt_racks/HD-01_A_01.png.059.png\n'}
[0.522103] (nav_bot) StdoutLine: {'line': b'-- Up-to-date symlink: /home/rohan/cobotx/install/nav_bot/share/nav_bot/worlds/meshes/nxt_racks/HD-01_A_01.png.060.png\n'}
[0.522390] (nav_bot) StdoutLine: {'line': b'-- Up-to-date symlink: /home/rohan/cobotx/install/nav_bot/share/nav_bot/worlds/meshes/nxt_racks/HD-01_A_01.png.061.png\n'}
[0.522615] (nav_bot) StdoutLine: {'line': b'-- Up-to-date symlink: /home/rohan/cobotx/install/nav_bot/share/nav_bot/worlds/meshes/nxt_racks/HD-01_A_01.png.062.png\n'}
[0.522783] (nav_bot) StdoutLine: {'line': b'-- Up-to-date symlink: /home/rohan/cobotx/install/nav_bot/share/nav_bot/worlds/meshes/nxt_racks/HD-01_A_01.png.063.png\n'}
[0.523006] (nav_bot) StdoutLine: {'line': b'-- Up-to-date symlink: /home/rohan/cobotx/install/nav_bot/share/nav_bot/worlds/meshes/nxt_racks/HD-01_A_01.png.064.png\n'}
[0.523285] (nav_bot) StdoutLine: {'line': b'-- Up-to-date symlink: /home/rohan/cobotx/install/nav_bot/share/nav_bot/worlds/meshes/nxt_racks/HD-01_A_01.png.065.png\n'}
[0.523551] (nav_bot) StdoutLine: {'line': b'-- Up-to-date symlink: /home/rohan/cobotx/install/nav_bot/share/nav_bot/worlds/meshes/nxt_racks/HD-01_A_01.png.066.png\n'}
[0.523822] (nav_bot) StdoutLine: {'line': b'-- Up-to-date symlink: /home/rohan/cobotx/install/nav_bot/share/nav_bot/worlds/meshes/nxt_racks/HD-01_A_01.png.067.png\n'}
[0.524047] (nav_bot) StdoutLine: {'line': b'-- Up-to-date symlink: /home/rohan/cobotx/install/nav_bot/share/nav_bot/worlds/meshes/nxt_racks/HD-01_A_01.png.072.png\n'}
[0.524273] (nav_bot) StdoutLine: {'line': b'-- Up-to-date symlink: /home/rohan/cobotx/install/nav_bot/share/nav_bot/worlds/meshes/nxt_racks/HD-01_A_01.png.073.png\n'}
[0.524490] (nav_bot) StdoutLine: {'line': b'-- Up-to-date symlink: /home/rohan/cobotx/install/nav_bot/share/nav_bot/worlds/meshes/nxt_racks/HD-01_A_01.png.074.png\n'}
[0.524717] (nav_bot) StdoutLine: {'line': b'-- Up-to-date symlink: /home/rohan/cobotx/install/nav_bot/share/nav_bot/worlds/meshes/nxt_racks/HD-01_A_01.png.075.png\n'}
[0.525001] (nav_bot) StdoutLine: {'line': b'-- Up-to-date symlink: /home/rohan/cobotx/install/nav_bot/share/nav_bot/worlds/meshes/nxt_racks/HD-01_A_01.png.076.png\n'}
[0.525209] (nav_bot) StdoutLine: {'line': b'-- Up-to-date symlink: /home/rohan/cobotx/install/nav_bot/share/nav_bot/worlds/meshes/nxt_racks/HD-01_A_01.png.079.png\n'}
[0.525472] (nav_bot) StdoutLine: {'line': b'-- Up-to-date symlink: /home/rohan/cobotx/install/nav_bot/share/nav_bot/worlds/meshes/nxt_racks/HD-01_A_01.png.080.png\n'}
[0.525704] (nav_bot) StdoutLine: {'line': b'-- Up-to-date symlink: /home/rohan/cobotx/install/nav_bot/share/nav_bot/worlds/meshes/nxt_racks/HD-01_A_01.png.081.png\n'}
[0.525930] (nav_bot) StdoutLine: {'line': b'-- Up-to-date symlink: /home/rohan/cobotx/install/nav_bot/share/nav_bot/worlds/meshes/nxt_racks/HD-01_A_01.png.082.png\n'}
[0.526148] (nav_bot) StdoutLine: {'line': b'-- Up-to-date symlink: /home/rohan/cobotx/install/nav_bot/share/nav_bot/worlds/meshes/nxt_racks/HD-01_A_01.png.083.png\n'}
[0.526367] (nav_bot) StdoutLine: {'line': b'-- Up-to-date symlink: /home/rohan/cobotx/install/nav_bot/share/nav_bot/worlds/meshes/nxt_racks/HD-01_A_01.png.084.png\n'}
[0.526591] (nav_bot) StdoutLine: {'line': b'-- Up-to-date symlink: /home/rohan/cobotx/install/nav_bot/share/nav_bot/worlds/meshes/nxt_racks/HD-01_A_01.png.085.png\n'}
[0.526814] (nav_bot) StdoutLine: {'line': b'-- Up-to-date symlink: /home/rohan/cobotx/install/nav_bot/share/nav_bot/worlds/meshes/nxt_racks/HD-01_A_01.png.086.png\n'}
[0.527082] (nav_bot) StdoutLine: {'line': b'-- Up-to-date symlink: /home/rohan/cobotx/install/nav_bot/share/nav_bot/worlds/meshes/nxt_racks/HD-01_A_01.png.087.png\n'}
[0.527227] (nav_bot) StdoutLine: {'line': b'-- Up-to-date symlink: /home/rohan/cobotx/install/nav_bot/share/nav_bot/worlds/meshes/nxt_racks/HD-01_A_01.png.088.png\n'}
[0.527443] (nav_bot) StdoutLine: {'line': b'-- Up-to-date symlink: /home/rohan/cobotx/install/nav_bot/share/nav_bot/worlds/meshes/nxt_racks/HD-01_A_01.png.093.png\n'}
[0.527673] (nav_bot) StdoutLine: {'line': b'-- Up-to-date symlink: /home/rohan/cobotx/install/nav_bot/share/nav_bot/worlds/meshes/nxt_racks/HD-01_A_01.png.094.png\n'}
[0.527961] (nav_bot) StdoutLine: {'line': b'-- Up-to-date symlink: /home/rohan/cobotx/install/nav_bot/share/nav_bot/worlds/meshes/nxt_racks/HD-01_A_01.png.095.png\n'}
[0.528202] (nav_bot) StdoutLine: {'line': b'-- Up-to-date symlink: /home/rohan/cobotx/install/nav_bot/share/nav_bot/worlds/meshes/nxt_racks/HD-01_A_01.png.096.png\n'}
[0.528462] (nav_bot) StdoutLine: {'line': b'-- Up-to-date symlink: /home/rohan/cobotx/install/nav_bot/share/nav_bot/worlds/meshes/nxt_racks/HD-01_A_01.png.097.png\n'}
[0.528693] (nav_bot) StdoutLine: {'line': b'-- Up-to-date symlink: /home/rohan/cobotx/install/nav_bot/share/nav_bot/worlds/meshes/nxt_racks/HD-01_A_01.png.098.png\n'}
[0.528917] (nav_bot) StdoutLine: {'line': b'-- Up-to-date symlink: /home/rohan/cobotx/install/nav_bot/share/nav_bot/worlds/meshes/nxt_racks/HD-01_A_01.png.099.png\n'}
[0.529110] (nav_bot) StdoutLine: {'line': b'-- Up-to-date symlink: /home/rohan/cobotx/install/nav_bot/share/nav_bot/worlds/meshes/nxt_racks/HD-01_A_01.png.100.png\n'}
[0.529325] (nav_bot) StdoutLine: {'line': b'-- Up-to-date symlink: /home/rohan/cobotx/install/nav_bot/share/nav_bot/worlds/meshes/nxt_racks/HD-01_A_01.png.101.png\n'}
[0.529539] (nav_bot) StdoutLine: {'line': b'-- Up-to-date symlink: /home/rohan/cobotx/install/nav_bot/share/nav_bot/worlds/meshes/nxt_racks/HD-01_A_01.png.102.png\n'}
[0.529755] (nav_bot) StdoutLine: {'line': b'-- Up-to-date symlink: /home/rohan/cobotx/install/nav_bot/share/nav_bot/worlds/meshes/nxt_racks/HD-01_A_01.png.107.png\n'}
[0.529978] (nav_bot) StdoutLine: {'line': b'-- Up-to-date symlink: /home/rohan/cobotx/install/nav_bot/share/nav_bot/worlds/meshes/nxt_racks/HD-01_A_01.png.108.png\n'}
[0.530200] (nav_bot) StdoutLine: {'line': b'-- Up-to-date symlink: /home/rohan/cobotx/install/nav_bot/share/nav_bot/worlds/meshes/nxt_racks/HD-01_A_01.png.109.png\n'}
[0.530409] (nav_bot) StdoutLine: {'line': b'-- Up-to-date symlink: /home/rohan/cobotx/install/nav_bot/share/nav_bot/worlds/meshes/nxt_racks/HD-01_A_01.png.110.png\n'}
[0.530533] (nav_bot) StdoutLine: {'line': b'-- Up-to-date symlink: /home/rohan/cobotx/install/nav_bot/share/nav_bot/worlds/meshes/nxt_racks/HD-01_A_01.png.111.png\n'}
[0.530671] (nav_bot) StdoutLine: {'line': b'-- Up-to-date symlink: /home/rohan/cobotx/install/nav_bot/share/nav_bot/worlds/meshes/nxt_racks/HD-01_A_01.png.112.png\n'}
[0.530993] (nav_bot) StdoutLine: {'line': b'-- Up-to-date symlink: /home/rohan/cobotx/install/nav_bot/share/nav_bot/worlds/meshes/nxt_racks/HD-01_A_01.png.113.png\n'}
[0.531282] (nav_bot) StdoutLine: {'line': b'-- Up-to-date symlink: /home/rohan/cobotx/install/nav_bot/share/nav_bot/worlds/meshes/nxt_racks/HD-01_A_01.png.114.png\n'}
[0.531559] (nav_bot) StdoutLine: {'line': b'-- Up-to-date symlink: /home/rohan/cobotx/install/nav_bot/share/nav_bot/worlds/meshes/nxt_racks/HD-01_A_01.png.115.png\n'}
[0.531788] (nav_bot) StdoutLine: {'line': b'-- Up-to-date symlink: /home/rohan/cobotx/install/nav_bot/share/nav_bot/worlds/meshes/nxt_racks/HD-01_A_01.png.122.png\n'}
[0.532026] (nav_bot) StdoutLine: {'line': b'-- Up-to-date symlink: /home/rohan/cobotx/install/nav_bot/share/nav_bot/worlds/meshes/nxt_racks/HD-01_A_01.png.123.png\n'}
[0.532217] (nav_bot) StdoutLine: {'line': b'-- Up-to-date symlink: /home/rohan/cobotx/install/nav_bot/share/nav_bot/worlds/meshes/nxt_racks/HD-01_A_01.png.124.png\n'}
[0.532509] (nav_bot) StdoutLine: {'line': b'-- Up-to-date symlink: /home/rohan/cobotx/install/nav_bot/share/nav_bot/worlds/meshes/nxt_racks/HD-01_A_01.png.125.png\n'}
[0.532788] (nav_bot) StdoutLine: {'line': b'-- Up-to-date symlink: /home/rohan/cobotx/install/nav_bot/share/nav_bot/worlds/meshes/nxt_racks/HD-01_A_01.png.126.png\n'}
[0.533022] (nav_bot) StdoutLine: {'line': b'-- Up-to-date symlink: /home/rohan/cobotx/install/nav_bot/share/nav_bot/worlds/meshes/nxt_racks/HD-01_A_01.png.127.png\n'}
[0.533253] (nav_bot) StdoutLine: {'line': b'-- Up-to-date symlink: /home/rohan/cobotx/install/nav_bot/share/nav_bot/worlds/meshes/nxt_racks/HD-01_A_01.png.128.png\n'}
[0.533480] (nav_bot) StdoutLine: {'line': b'-- Up-to-date symlink: /home/rohan/cobotx/install/nav_bot/share/nav_bot/worlds/meshes/nxt_racks/HD-01_A_01.png.129.png\n'}
[0.533715] (nav_bot) StdoutLine: {'line': b'-- Up-to-date symlink: /home/rohan/cobotx/install/nav_bot/share/nav_bot/worlds/meshes/nxt_racks/HD-01_A_01.png.130.png\n'}
[0.533932] (nav_bot) StdoutLine: {'line': b'-- Up-to-date symlink: /home/rohan/cobotx/install/nav_bot/share/nav_bot/worlds/meshes/nxt_racks/HD-01_A_01.png.135.png\n'}
[0.534198] (nav_bot) StdoutLine: {'line': b'-- Up-to-date symlink: /home/rohan/cobotx/install/nav_bot/share/nav_bot/worlds/meshes/nxt_racks/HD-01_A_01.png.136.png\n'}
[0.534423] (nav_bot) StdoutLine: {'line': b'-- Up-to-date symlink: /home/rohan/cobotx/install/nav_bot/share/nav_bot/worlds/meshes/nxt_racks/HD-01_A_01.png.137.png\n'}
[0.534708] (nav_bot) StdoutLine: {'line': b'-- Up-to-date symlink: /home/rohan/cobotx/install/nav_bot/share/nav_bot/worlds/meshes/nxt_racks/HD-01_A_01.png.138.png\n'}
[0.534997] (nav_bot) StdoutLine: {'line': b'-- Up-to-date symlink: /home/rohan/cobotx/install/nav_bot/share/nav_bot/worlds/meshes/nxt_racks/HD-01_A_01.png.139.png\n'}
[0.535228] (nav_bot) StdoutLine: {'line': b'-- Up-to-date symlink: /home/rohan/cobotx/install/nav_bot/share/nav_bot/worlds/meshes/nxt_racks/HD-01_A_01.png.142.png\n'}
[0.535467] (nav_bot) StdoutLine: {'line': b'-- Up-to-date symlink: /home/rohan/cobotx/install/nav_bot/share/nav_bot/worlds/meshes/nxt_racks/HD-01_A_01.png.143.png\n'}
[0.535702] (nav_bot) StdoutLine: {'line': b'-- Up-to-date symlink: /home/rohan/cobotx/install/nav_bot/share/nav_bot/worlds/meshes/nxt_racks/HD-01_A_01.png.144.png\n'}
[0.535978] (nav_bot) StdoutLine: {'line': b'-- Up-to-date symlink: /home/rohan/cobotx/install/nav_bot/share/nav_bot/worlds/meshes/nxt_racks/HD-01_A_01.png.145.png\n'}
[0.536210] (nav_bot) StdoutLine: {'line': b'-- Up-to-date symlink: /home/rohan/cobotx/install/nav_bot/share/nav_bot/worlds/meshes/nxt_racks/HD-01_A_01.png.146.png\n'}
[0.536343] (nav_bot) StdoutLine: {'line': b'-- Up-to-date symlink: /home/rohan/cobotx/install/nav_bot/share/nav_bot/worlds/meshes/nxt_racks/HD-01_A_01.png.147.png\n'}
[0.536483] (nav_bot) StdoutLine: {'line': b'-- Up-to-date symlink: /home/rohan/cobotx/install/nav_bot/share/nav_bot/worlds/meshes/nxt_racks/HD-01_A_01.png.148.png\n'}
[0.536617] (nav_bot) StdoutLine: {'line': b'-- Up-to-date symlink: /home/rohan/cobotx/install/nav_bot/share/nav_bot/worlds/meshes/nxt_racks/HD-01_A_01.png.149.png\n'}
[0.536764] (nav_bot) StdoutLine: {'line': b'-- Up-to-date symlink: /home/rohan/cobotx/install/nav_bot/share/nav_bot/worlds/meshes/nxt_racks/HD-01_A_01.png.150.png\n'}
[0.536899] (nav_bot) StdoutLine: {'line': b'-- Up-to-date symlink: /home/rohan/cobotx/install/nav_bot/share/nav_bot/worlds/meshes/nxt_racks/HD-01_A_01.png.151.png\n'}
[0.537031] (nav_bot) StdoutLine: {'line': b'-- Up-to-date symlink: /home/rohan/cobotx/install/nav_bot/share/nav_bot/worlds/meshes/nxt_racks/HD-01_A_01.png.156.png\n'}
[0.537168] (nav_bot) StdoutLine: {'line': b'-- Up-to-date symlink: /home/rohan/cobotx/install/nav_bot/share/nav_bot/worlds/meshes/nxt_racks/HD-01_A_01.png.157.png\n'}
[0.537304] (nav_bot) StdoutLine: {'line': b'-- Up-to-date symlink: /home/rohan/cobotx/install/nav_bot/share/nav_bot/worlds/meshes/nxt_racks/HD-01_A_01.png.158.png\n'}
[0.537437] (nav_bot) StdoutLine: {'line': b'-- Up-to-date symlink: /home/rohan/cobotx/install/nav_bot/share/nav_bot/worlds/meshes/nxt_racks/HD-01_A_01.png.159.png\n'}
[0.537568] (nav_bot) StdoutLine: {'line': b'-- Up-to-date symlink: /home/rohan/cobotx/install/nav_bot/share/nav_bot/worlds/meshes/nxt_racks/HD-01_A_01.png.160.png\n'}
[0.537702] (nav_bot) StdoutLine: {'line': b'-- Up-to-date symlink: /home/rohan/cobotx/install/nav_bot/share/nav_bot/worlds/meshes/nxt_racks/HD-01_A_01.png.161.png\n'}
[0.537838] (nav_bot) StdoutLine: {'line': b'-- Up-to-date symlink: /home/rohan/cobotx/install/nav_bot/share/nav_bot/worlds/meshes/nxt_racks/HD-01_A_01.png.162.png\n'}
[0.537970] (nav_bot) StdoutLine: {'line': b'-- Up-to-date symlink: /home/rohan/cobotx/install/nav_bot/share/nav_bot/worlds/meshes/nxt_racks/HD-01_A_01.png.163.png\n'}
[0.538102] (nav_bot) StdoutLine: {'line': b'-- Up-to-date symlink: /home/rohan/cobotx/install/nav_bot/share/nav_bot/worlds/meshes/nxt_racks/HD-01_A_01.png.164.png\n'}
[0.538235] (nav_bot) StdoutLine: {'line': b'-- Up-to-date symlink: /home/rohan/cobotx/install/nav_bot/share/nav_bot/worlds/meshes/nxt_racks/HD-01_A_01.png.165.png\n'}
[0.538368] (nav_bot) StdoutLine: {'line': b'-- Up-to-date symlink: /home/rohan/cobotx/install/nav_bot/share/nav_bot/worlds/meshes/nxt_racks/HD-01_A_01.png.170.png\n'}
[0.538503] (nav_bot) StdoutLine: {'line': b'-- Up-to-date symlink: /home/rohan/cobotx/install/nav_bot/share/nav_bot/worlds/meshes/nxt_racks/HD-01_A_01.png.171.png\n'}
[0.538641] (nav_bot) StdoutLine: {'line': b'-- Up-to-date symlink: /home/rohan/cobotx/install/nav_bot/share/nav_bot/worlds/meshes/nxt_racks/HD-01_A_01.png.172.png\n'}
[0.538782] (nav_bot) StdoutLine: {'line': b'-- Up-to-date symlink: /home/rohan/cobotx/install/nav_bot/share/nav_bot/worlds/meshes/nxt_racks/HD-01_A_01.png.173.png\n'}
[0.538915] (nav_bot) StdoutLine: {'line': b'-- Up-to-date symlink: /home/rohan/cobotx/install/nav_bot/share/nav_bot/worlds/meshes/nxt_racks/HD-01_A_01.png.174.png\n'}
[0.539051] (nav_bot) StdoutLine: {'line': b'-- Up-to-date symlink: /home/rohan/cobotx/install/nav_bot/share/nav_bot/worlds/meshes/nxt_racks/HD-01_A_01.png.175.png\n'}
[0.539184] (nav_bot) StdoutLine: {'line': b'-- Up-to-date symlink: /home/rohan/cobotx/install/nav_bot/share/nav_bot/worlds/meshes/nxt_racks/HD-01_A_01.png.176.png\n'}
[0.539314] (nav_bot) StdoutLine: {'line': b'-- Up-to-date symlink: /home/rohan/cobotx/install/nav_bot/share/nav_bot/worlds/meshes/nxt_racks/HD-01_A_01.png.177.png\n'}
[0.539445] (nav_bot) StdoutLine: {'line': b'-- Up-to-date symlink: /home/rohan/cobotx/install/nav_bot/share/nav_bot/worlds/meshes/nxt_racks/HD-01_A_01.png.178.png\n'}
[0.539575] (nav_bot) StdoutLine: {'line': b'-- Up-to-date symlink: /home/rohan/cobotx/install/nav_bot/share/nav_bot/worlds/meshes/nxt_racks/HD-01_A_01.png.179.png\n'}
[0.539709] (nav_bot) StdoutLine: {'line': b'-- Up-to-date symlink: /home/rohan/cobotx/install/nav_bot/share/nav_bot/worlds/meshes/nxt_racks/HD-01_A_01.png.184.png\n'}
[0.539843] (nav_bot) StdoutLine: {'line': b'-- Up-to-date symlink: /home/rohan/cobotx/install/nav_bot/share/nav_bot/worlds/meshes/nxt_racks/HD-01_A_01.png.185.png\n'}
[0.539972] (nav_bot) StdoutLine: {'line': b'-- Up-to-date symlink: /home/rohan/cobotx/install/nav_bot/share/nav_bot/worlds/meshes/nxt_racks/HD-01_A_01.png.186.png\n'}
[0.540106] (nav_bot) StdoutLine: {'line': b'-- Up-to-date symlink: /home/rohan/cobotx/install/nav_bot/share/nav_bot/worlds/meshes/nxt_racks/HD-01_A_01.png.187.png\n'}
[0.540241] (nav_bot) StdoutLine: {'line': b'-- Up-to-date symlink: /home/rohan/cobotx/install/nav_bot/share/nav_bot/worlds/meshes/nxt_racks/HD-01_A_01.png.188.png\n'}
[0.540375] (nav_bot) StdoutLine: {'line': b'-- Up-to-date symlink: /home/rohan/cobotx/install/nav_bot/share/nav_bot/worlds/meshes/nxt_racks/HD-01_A_01.png.189.png\n'}
[0.540503] (nav_bot) StdoutLine: {'line': b'-- Up-to-date symlink: /home/rohan/cobotx/install/nav_bot/share/nav_bot/worlds/meshes/nxt_racks/HD-01_A_01.png.190.png\n'}
[0.540639] (nav_bot) StdoutLine: {'line': b'-- Up-to-date symlink: /home/rohan/cobotx/install/nav_bot/share/nav_bot/worlds/meshes/nxt_racks/HD-01_A_01.png.191.png\n'}
[0.540796] (nav_bot) StdoutLine: {'line': b'-- Up-to-date symlink: /home/rohan/cobotx/install/nav_bot/share/nav_bot/worlds/meshes/nxt_racks/HD-01_A_01.png.192.png\n'}
[0.540927] (nav_bot) StdoutLine: {'line': b'-- Up-to-date symlink: /home/rohan/cobotx/install/nav_bot/share/nav_bot/worlds/meshes/nxt_racks/HD-01_A_01.png.193.png\n'}
[0.541057] (nav_bot) StdoutLine: {'line': b'-- Up-to-date symlink: /home/rohan/cobotx/install/nav_bot/share/nav_bot/worlds/meshes/nxt_racks/HD-01_A_01.png.198.png\n'}
[0.541192] (nav_bot) StdoutLine: {'line': b'-- Up-to-date symlink: /home/rohan/cobotx/install/nav_bot/share/nav_bot/worlds/meshes/nxt_racks/HD-01_A_01.png.199.png\n'}
[0.541325] (nav_bot) StdoutLine: {'line': b'-- Up-to-date symlink: /home/rohan/cobotx/install/nav_bot/share/nav_bot/worlds/meshes/nxt_racks/HD-01_A_01.png.200.png\n'}
[0.541456] (nav_bot) StdoutLine: {'line': b'-- Up-to-date symlink: /home/rohan/cobotx/install/nav_bot/share/nav_bot/worlds/meshes/nxt_racks/HD-01_A_01.png.201.png\n'}
[0.541588] (nav_bot) StdoutLine: {'line': b'-- Up-to-date symlink: /home/rohan/cobotx/install/nav_bot/share/nav_bot/worlds/meshes/nxt_racks/HD-01_A_01.png.202.png\n'}
[0.541721] (nav_bot) StdoutLine: {'line': b'-- Up-to-date symlink: /home/rohan/cobotx/install/nav_bot/share/nav_bot/worlds/meshes/nxt_racks/HD-01_A_01.png.203.png\n'}
[0.541855] (nav_bot) StdoutLine: {'line': b'-- Up-to-date symlink: /home/rohan/cobotx/install/nav_bot/share/nav_bot/worlds/meshes/nxt_racks/HD-01_A_01.png.204.png\n'}
[0.541982] (nav_bot) StdoutLine: {'line': b'-- Up-to-date symlink: /home/rohan/cobotx/install/nav_bot/share/nav_bot/worlds/meshes/nxt_racks/HD-01_A_01.png.205.png\n'}
[0.542115] (nav_bot) StdoutLine: {'line': b'-- Up-to-date symlink: /home/rohan/cobotx/install/nav_bot/share/nav_bot/worlds/meshes/nxt_racks/HD-01_A_01.png.206.png\n'}
[0.542250] (nav_bot) StdoutLine: {'line': b'-- Up-to-date symlink: /home/rohan/cobotx/install/nav_bot/share/nav_bot/worlds/meshes/nxt_racks/HD-01_A_01.png.207.png\n'}
[0.542384] (nav_bot) StdoutLine: {'line': b'-- Up-to-date symlink: /home/rohan/cobotx/install/nav_bot/share/nav_bot/worlds/meshes/nxt_racks/HD-01_A_01.png.212.png\n'}
[0.542519] (nav_bot) StdoutLine: {'line': b'-- Up-to-date symlink: /home/rohan/cobotx/install/nav_bot/share/nav_bot/worlds/meshes/nxt_racks/HD-01_A_01.png.213.png\n'}
[0.542655] (nav_bot) StdoutLine: {'line': b'-- Up-to-date symlink: /home/rohan/cobotx/install/nav_bot/share/nav_bot/worlds/meshes/nxt_racks/HD-01_A_01.png.214.png\n'}
[0.542792] (nav_bot) StdoutLine: {'line': b'-- Up-to-date symlink: /home/rohan/cobotx/install/nav_bot/share/nav_bot/worlds/meshes/nxt_racks/HD-01_A_01.png.215.png\n'}
[0.542924] (nav_bot) StdoutLine: {'line': b'-- Up-to-date symlink: /home/rohan/cobotx/install/nav_bot/share/nav_bot/worlds/meshes/nxt_racks/HD-01_A_01.png.216.png\n'}
[0.543055] (nav_bot) StdoutLine: {'line': b'-- Up-to-date symlink: /home/rohan/cobotx/install/nav_bot/share/nav_bot/worlds/meshes/nxt_racks/HD-01_A_01.png.217.png\n'}
[0.543187] (nav_bot) StdoutLine: {'line': b'-- Up-to-date symlink: /home/rohan/cobotx/install/nav_bot/share/nav_bot/worlds/meshes/nxt_racks/HD-01_A_01.png.218.png\n'}
[0.543317] (nav_bot) StdoutLine: {'line': b'-- Up-to-date symlink: /home/rohan/cobotx/install/nav_bot/share/nav_bot/worlds/meshes/nxt_racks/HD-01_A_01.png.219.png\n'}
[0.543445] (nav_bot) StdoutLine: {'line': b'-- Up-to-date symlink: /home/rohan/cobotx/install/nav_bot/share/nav_bot/worlds/meshes/nxt_racks/HD-01_A_01.png.220.png\n'}
[0.543580] (nav_bot) StdoutLine: {'line': b'-- Up-to-date symlink: /home/rohan/cobotx/install/nav_bot/share/nav_bot/worlds/meshes/nxt_racks/HD-01_A_01.png.221.png\n'}
[0.543715] (nav_bot) StdoutLine: {'line': b'-- Up-to-date symlink: /home/rohan/cobotx/install/nav_bot/share/nav_bot/worlds/meshes/nxt_racks/HD-01_A_01.png.226.png\n'}
[0.543855] (nav_bot) StdoutLine: {'line': b'-- Up-to-date symlink: /home/rohan/cobotx/install/nav_bot/share/nav_bot/worlds/meshes/nxt_racks/HD-01_A_01.png.227.png\n'}
[0.543988] (nav_bot) StdoutLine: {'line': b'-- Up-to-date symlink: /home/rohan/cobotx/install/nav_bot/share/nav_bot/worlds/meshes/nxt_racks/HD-01_A_01.png.228.png\n'}
[0.544118] (nav_bot) StdoutLine: {'line': b'-- Up-to-date symlink: /home/rohan/cobotx/install/nav_bot/share/nav_bot/worlds/meshes/nxt_racks/HD-01_A_01.png.229.png\n'}
[0.544253] (nav_bot) StdoutLine: {'line': b'-- Up-to-date symlink: /home/rohan/cobotx/install/nav_bot/share/nav_bot/worlds/meshes/nxt_racks/HD-01_A_01.png.230.png\n'}
[0.544385] (nav_bot) StdoutLine: {'line': b'-- Up-to-date symlink: /home/rohan/cobotx/install/nav_bot/share/nav_bot/worlds/meshes/nxt_racks/HD-01_A_01.png.231.png\n'}
[0.544517] (nav_bot) StdoutLine: {'line': b'-- Up-to-date symlink: /home/rohan/cobotx/install/nav_bot/share/nav_bot/worlds/meshes/nxt_racks/HD-01_A_01.png.232.png\n'}
[0.544658] (nav_bot) StdoutLine: {'line': b'-- Up-to-date symlink: /home/rohan/cobotx/install/nav_bot/share/nav_bot/worlds/meshes/nxt_racks/HD-01_A_01.png.233.png\n'}
[0.544957] (nav_bot) StdoutLine: {'line': b'-- Up-to-date symlink: /home/rohan/cobotx/install/nav_bot/share/nav_bot/worlds/meshes/nxt_racks/HD-01_A_01.png.234.png\n'}
[0.545240] (nav_bot) StdoutLine: {'line': b'-- Up-to-date symlink: /home/rohan/cobotx/install/nav_bot/share/nav_bot/worlds/meshes/nxt_racks/HD-01_A_01.png.235.png\n'}
[0.545520] (nav_bot) StdoutLine: {'line': b'-- Up-to-date symlink: /home/rohan/cobotx/install/nav_bot/share/nav_bot/worlds/meshes/nxt_racks/HD-01_A_01.png.240.png\n'}
[0.545806] (nav_bot) StdoutLine: {'line': b'-- Up-to-date symlink: /home/rohan/cobotx/install/nav_bot/share/nav_bot/worlds/meshes/nxt_racks/HD-01_A_01.png.241.png\n'}
[0.546083] (nav_bot) StdoutLine: {'line': b'-- Up-to-date symlink: /home/rohan/cobotx/install/nav_bot/share/nav_bot/worlds/meshes/nxt_racks/HD-01_A_01.png.242.png\n'}
[0.546356] (nav_bot) StdoutLine: {'line': b'-- Up-to-date symlink: /home/rohan/cobotx/install/nav_bot/share/nav_bot/worlds/meshes/nxt_racks/HD-01_A_01.png.243.png\n'}
[0.546639] (nav_bot) StdoutLine: {'line': b'-- Up-to-date symlink: /home/rohan/cobotx/install/nav_bot/share/nav_bot/worlds/meshes/nxt_racks/HD-01_A_01.png.244.png\n'}
[0.546945] (nav_bot) StdoutLine: {'line': b'-- Up-to-date symlink: /home/rohan/cobotx/install/nav_bot/share/nav_bot/worlds/meshes/nxt_racks/HD-01_A_01.png.245.png\n'}
[0.547176] (nav_bot) StdoutLine: {'line': b'-- Up-to-date symlink: /home/rohan/cobotx/install/nav_bot/share/nav_bot/worlds/meshes/nxt_racks/HD-01_A_01.png.246.png\n'}
[0.547405] (nav_bot) StdoutLine: {'line': b'-- Up-to-date symlink: /home/rohan/cobotx/install/nav_bot/share/nav_bot/worlds/meshes/nxt_racks/HD-01_A_01.png.247.png\n'}
[0.547642] (nav_bot) StdoutLine: {'line': b'-- Up-to-date symlink: /home/rohan/cobotx/install/nav_bot/share/nav_bot/worlds/meshes/nxt_racks/HD-01_A_01.png.248.png\n'}
[0.547819] (nav_bot) StdoutLine: {'line': b'-- Up-to-date symlink: /home/rohan/cobotx/install/nav_bot/share/nav_bot/worlds/meshes/nxt_racks/HD-01_A_01.png.249.png\n'}
[0.547949] (nav_bot) StdoutLine: {'line': b'-- Up-to-date symlink: /home/rohan/cobotx/install/nav_bot/share/nav_bot/worlds/meshes/nxt_racks/HD-01_A_01.png.254.png\n'}
[0.548087] (nav_bot) StdoutLine: {'line': b'-- Up-to-date symlink: /home/rohan/cobotx/install/nav_bot/share/nav_bot/worlds/meshes/nxt_racks/HD-01_A_01.png.255.png\n'}
[0.548222] (nav_bot) StdoutLine: {'line': b'-- Up-to-date symlink: /home/rohan/cobotx/install/nav_bot/share/nav_bot/worlds/meshes/nxt_racks/HD-01_A_01.png.256.png\n'}
[0.548358] (nav_bot) StdoutLine: {'line': b'-- Up-to-date symlink: /home/rohan/cobotx/install/nav_bot/share/nav_bot/worlds/meshes/nxt_racks/HD-01_A_01.png.257.png\n'}
[0.548497] (nav_bot) StdoutLine: {'line': b'-- Up-to-date symlink: /home/rohan/cobotx/install/nav_bot/share/nav_bot/worlds/meshes/nxt_racks/HD-01_A_01.png.258.png\n'}
[0.548638] (nav_bot) StdoutLine: {'line': b'-- Up-to-date symlink: /home/rohan/cobotx/install/nav_bot/share/nav_bot/worlds/meshes/nxt_racks/HD-01_A_02.png\n'}
[0.548781] (nav_bot) StdoutLine: {'line': b'-- Up-to-date symlink: /home/rohan/cobotx/install/nav_bot/share/nav_bot/worlds/meshes/nxt_racks/HD-01_A_03.png\n'}
[0.548913] (nav_bot) StdoutLine: {'line': b'-- Up-to-date symlink: /home/rohan/cobotx/install/nav_bot/share/nav_bot/worlds/meshes/nxt_racks/HD-01_A_04.png\n'}
[0.549046] (nav_bot) StdoutLine: {'line': b'-- Up-to-date symlink: /home/rohan/cobotx/install/nav_bot/share/nav_bot/worlds/meshes/nxt_racks/HD-01_A_05.png\n'}
[0.549183] (nav_bot) StdoutLine: {'line': b'-- Up-to-date symlink: /home/rohan/cobotx/install/nav_bot/share/nav_bot/worlds/meshes/nxt_racks/HD-01_A_06.png\n'}
[0.549317] (nav_bot) StdoutLine: {'line': b'-- Up-to-date symlink: /home/rohan/cobotx/install/nav_bot/share/nav_bot/worlds/meshes/nxt_racks/HD-01_A_07.png\n'}
[0.549448] (nav_bot) StdoutLine: {'line': b'-- Up-to-date symlink: /home/rohan/cobotx/install/nav_bot/share/nav_bot/worlds/meshes/nxt_racks/HD-01_A_08.png\n'}
[0.549584] (nav_bot) StdoutLine: {'line': b'-- Up-to-date symlink: /home/rohan/cobotx/install/nav_bot/share/nav_bot/worlds/meshes/nxt_racks/HD-01_A_09.png\n'}
[0.549721] (nav_bot) StdoutLine: {'line': b'-- Up-to-date symlink: /home/rohan/cobotx/install/nav_bot/share/nav_bot/worlds/meshes/nxt_racks/HD-01_A_10.png\n'}
[0.549863] (nav_bot) StdoutLine: {'line': b'-- Up-to-date symlink: /home/rohan/cobotx/install/nav_bot/share/nav_bot/worlds/meshes/nxt_racks/HD-01_A_11.png\n'}
[0.549996] (nav_bot) StdoutLine: {'line': b'-- Up-to-date symlink: /home/rohan/cobotx/install/nav_bot/share/nav_bot/worlds/meshes/nxt_racks/HD-01_A_12.png\n'}
[0.550132] (nav_bot) StdoutLine: {'line': b'-- Up-to-date symlink: /home/rohan/cobotx/install/nav_bot/share/nav_bot/worlds/meshes/nxt_racks/HD-01_A_13.png\n'}
[0.550269] (nav_bot) StdoutLine: {'line': b'-- Up-to-date symlink: /home/rohan/cobotx/install/nav_bot/share/nav_bot/worlds/meshes/nxt_racks/HD-01_A_14.png\n'}
[0.550403] (nav_bot) StdoutLine: {'line': b'-- Up-to-date symlink: /home/rohan/cobotx/install/nav_bot/share/nav_bot/worlds/meshes/nxt_racks/HD-01_A_15.png\n'}
[0.550537] (nav_bot) StdoutLine: {'line': b'-- Up-to-date symlink: /home/rohan/cobotx/install/nav_bot/share/nav_bot/worlds/meshes/nxt_racks/HD-01_A_15.png.001.png\n'}
[0.550679] (nav_bot) StdoutLine: {'line': b'-- Up-to-date symlink: /home/rohan/cobotx/install/nav_bot/share/nav_bot/worlds/meshes/nxt_racks/HD-01_A_16.png\n'}
[0.550814] (nav_bot) StdoutLine: {'line': b'-- Up-to-date symlink: /home/rohan/cobotx/install/nav_bot/share/nav_bot/worlds/meshes/nxt_racks/HD-01_A_19.png\n'}
[0.550950] (nav_bot) StdoutLine: {'line': b'-- Up-to-date symlink: /home/rohan/cobotx/install/nav_bot/share/nav_bot/worlds/meshes/nxt_racks/HD-01_A_20.png\n'}
[0.551083] (nav_bot) StdoutLine: {'line': b'-- Up-to-date symlink: /home/rohan/cobotx/install/nav_bot/share/nav_bot/worlds/meshes/nxt_racks/HD-01_A_21.png\n'}
[0.551216] (nav_bot) StdoutLine: {'line': b'-- Up-to-date symlink: /home/rohan/cobotx/install/nav_bot/share/nav_bot/worlds/meshes/nxt_racks/HD-01_A_21.png.001.png\n'}
[0.551350] (nav_bot) StdoutLine: {'line': b'-- Up-to-date symlink: /home/rohan/cobotx/install/nav_bot/share/nav_bot/worlds/meshes/nxt_racks/HD-01_A_22.png\n'}
[0.551486] (nav_bot) StdoutLine: {'line': b'-- Up-to-date symlink: /home/rohan/cobotx/install/nav_bot/share/nav_bot/worlds/meshes/nxt_racks/HD-01_A_23.png\n'}
[0.551622] (nav_bot) StdoutLine: {'line': b'-- Up-to-date symlink: /home/rohan/cobotx/install/nav_bot/share/nav_bot/worlds/meshes/nxt_racks/HD-01_A_24.png\n'}
[0.551760] (nav_bot) StdoutLine: {'line': b'-- Up-to-date symlink: /home/rohan/cobotx/install/nav_bot/share/nav_bot/worlds/meshes/nxt_racks/HD-01_A_25.png\n'}
[0.551890] (nav_bot) StdoutLine: {'line': b'-- Up-to-date symlink: /home/rohan/cobotx/install/nav_bot/share/nav_bot/worlds/meshes/nxt_racks/HD-01_A_26.png\n'}
[0.552024] (nav_bot) StdoutLine: {'line': b'-- Up-to-date symlink: /home/rohan/cobotx/install/nav_bot/share/nav_bot/worlds/meshes/nxt_racks/HD-01_A_27.png\n'}
[0.552154] (nav_bot) StdoutLine: {'line': b'-- Up-to-date symlink: /home/rohan/cobotx/install/nav_bot/share/nav_bot/worlds/meshes/nxt_racks/HD-01_A_28.png\n'}
[0.552286] (nav_bot) StdoutLine: {'line': b'-- Up-to-date symlink: /home/rohan/cobotx/install/nav_bot/share/nav_bot/worlds/meshes/nxt_racks/HD-01_A_29.png\n'}
[0.552420] (nav_bot) StdoutLine: {'line': b'-- Up-to-date symlink: /home/rohan/cobotx/install/nav_bot/share/nav_bot/worlds/meshes/nxt_racks/HD-01_A_30.png\n'}
[0.552554] (nav_bot) StdoutLine: {'line': b'-- Up-to-date symlink: /home/rohan/cobotx/install/nav_bot/share/nav_bot/worlds/meshes/nxt_racks/HD-01_A_31.png\n'}
[0.552696] (nav_bot) StdoutLine: {'line': b'-- Up-to-date symlink: /home/rohan/cobotx/install/nav_bot/share/nav_bot/worlds/meshes/nxt_racks/HD-01_A_32.png\n'}
[0.552835] (nav_bot) StdoutLine: {'line': b'-- Up-to-date symlink: /home/rohan/cobotx/install/nav_bot/share/nav_bot/worlds/meshes/nxt_racks/HD-01_A_33.png\n'}
[0.552968] (nav_bot) StdoutLine: {'line': b'-- Up-to-date symlink: /home/rohan/cobotx/install/nav_bot/share/nav_bot/worlds/meshes/nxt_racks/HD-01_A_33.png.001.png\n'}
[0.553101] (nav_bot) StdoutLine: {'line': b'-- Up-to-date symlink: /home/rohan/cobotx/install/nav_bot/share/nav_bot/worlds/meshes/nxt_racks/HD-01_A_34.png\n'}
[0.553238] (nav_bot) StdoutLine: {'line': b'-- Up-to-date symlink: /home/rohan/cobotx/install/nav_bot/share/nav_bot/worlds/meshes/nxt_racks/HD-01_A_35.png\n'}
[0.553370] (nav_bot) StdoutLine: {'line': b'-- Up-to-date symlink: /home/rohan/cobotx/install/nav_bot/share/nav_bot/worlds/meshes/nxt_racks/HD-01_A_36.png\n'}
[0.553502] (nav_bot) StdoutLine: {'line': b'-- Up-to-date symlink: /home/rohan/cobotx/install/nav_bot/share/nav_bot/worlds/meshes/nxt_racks/HD-01_A_37.png\n'}
[0.553636] (nav_bot) StdoutLine: {'line': b'-- Up-to-date symlink: /home/rohan/cobotx/install/nav_bot/share/nav_bot/worlds/meshes/nxt_racks/HD-01_A_37.png.001.png\n'}
[0.553775] (nav_bot) StdoutLine: {'line': b'-- Up-to-date symlink: /home/rohan/cobotx/install/nav_bot/share/nav_bot/worlds/meshes/nxt_racks/HD-01_A_38.png\n'}
[0.553905] (nav_bot) StdoutLine: {'line': b'-- Up-to-date symlink: /home/rohan/cobotx/install/nav_bot/share/nav_bot/worlds/meshes/nxt_racks/HD-01_B_01.png\n'}
[0.554030] (nav_bot) StdoutLine: {'line': b'-- Up-to-date symlink: /home/rohan/cobotx/install/nav_bot/share/nav_bot/worlds/meshes/nxt_racks/HD-01_B_02.png\n'}
[0.554162] (nav_bot) StdoutLine: {'line': b'-- Up-to-date symlink: /home/rohan/cobotx/install/nav_bot/share/nav_bot/worlds/meshes/nxt_racks/HD-01_B_03.png\n'}
[0.554290] (nav_bot) StdoutLine: {'line': b'-- Up-to-date symlink: /home/rohan/cobotx/install/nav_bot/share/nav_bot/worlds/meshes/nxt_racks/HD-01_B_04.png\n'}
[0.554414] (nav_bot) StdoutLine: {'line': b'-- Up-to-date symlink: /home/rohan/cobotx/install/nav_bot/share/nav_bot/worlds/meshes/nxt_racks/HD-01_B_05.png\n'}
[0.554551] (nav_bot) StdoutLine: {'line': b'-- Up-to-date symlink: /home/rohan/cobotx/install/nav_bot/share/nav_bot/worlds/meshes/nxt_racks/HD-01_B_06.png\n'}
[0.554736] (nav_bot) StdoutLine: {'line': b'-- Up-to-date symlink: /home/rohan/cobotx/install/nav_bot/share/nav_bot/worlds/meshes/nxt_racks/HD-01_B_07.png\n'}
[0.554880] (nav_bot) StdoutLine: {'line': b'-- Up-to-date symlink: /home/rohan/cobotx/install/nav_bot/share/nav_bot/worlds/meshes/nxt_racks/HD-01_B_07.png.001.png\n'}
[0.555017] (nav_bot) StdoutLine: {'line': b'-- Up-to-date symlink: /home/rohan/cobotx/install/nav_bot/share/nav_bot/worlds/meshes/nxt_racks/HD-01_B_08.png\n'}
[0.555157] (nav_bot) StdoutLine: {'line': b'-- Up-to-date symlink: /home/rohan/cobotx/install/nav_bot/share/nav_bot/worlds/meshes/nxt_racks/HD-01_B_09.png\n'}
[0.555295] (nav_bot) StdoutLine: {'line': b'-- Up-to-date symlink: /home/rohan/cobotx/install/nav_bot/share/nav_bot/worlds/meshes/nxt_racks/HD-01_B_10.png\n'}
[0.555428] (nav_bot) StdoutLine: {'line': b'-- Up-to-date symlink: /home/rohan/cobotx/install/nav_bot/share/nav_bot/worlds/meshes/nxt_racks/HD-01_B_11.png\n'}
[0.555559] (nav_bot) StdoutLine: {'line': b'-- Up-to-date symlink: /home/rohan/cobotx/install/nav_bot/share/nav_bot/worlds/meshes/nxt_racks/HD-01_B_12.png\n'}
[0.555699] (nav_bot) StdoutLine: {'line': b'-- Up-to-date symlink: /home/rohan/cobotx/install/nav_bot/share/nav_bot/worlds/meshes/nxt_racks/HD-01_B_13.png\n'}
[0.555840] (nav_bot) StdoutLine: {'line': b'-- Up-to-date symlink: /home/rohan/cobotx/install/nav_bot/share/nav_bot/worlds/meshes/nxt_racks/HD-01_B_14.png\n'}
[0.555954] (nav_bot) StdoutLine: {'line': b'-- Up-to-date symlink: /home/rohan/cobotx/install/nav_bot/share/nav_bot/worlds/meshes/nxt_racks/HD-01_B_15.png\n'}
[0.556083] (nav_bot) StdoutLine: {'line': b'-- Up-to-date symlink: /home/rohan/cobotx/install/nav_bot/share/nav_bot/worlds/meshes/nxt_racks/HD-01_B_16.png\n'}
[0.556219] (nav_bot) StdoutLine: {'line': b'-- Up-to-date symlink: /home/rohan/cobotx/install/nav_bot/share/nav_bot/worlds/meshes/nxt_racks/HD-01_B_19.png\n'}
[0.556412] (nav_bot) StdoutLine: {'line': b'-- Up-to-date symlink: /home/rohan/cobotx/install/nav_bot/share/nav_bot/worlds/meshes/nxt_racks/HD-01_B_20.png\n'}
[0.556557] (nav_bot) StdoutLine: {'line': b'-- Up-to-date symlink: /home/rohan/cobotx/install/nav_bot/share/nav_bot/worlds/meshes/nxt_racks/HD-01_B_22.png\n'}
[0.556698] (nav_bot) StdoutLine: {'line': b'-- Up-to-date symlink: /home/rohan/cobotx/install/nav_bot/share/nav_bot/worlds/meshes/nxt_racks/HD-01_B_23.png\n'}
[0.556828] (nav_bot) StdoutLine: {'line': b'-- Up-to-date symlink: /home/rohan/cobotx/install/nav_bot/share/nav_bot/worlds/meshes/nxt_racks/HD-01_B_24.png\n'}
[0.556953] (nav_bot) StdoutLine: {'line': b'-- Up-to-date symlink: /home/rohan/cobotx/install/nav_bot/share/nav_bot/worlds/meshes/nxt_racks/HD-01_B_25.png\n'}
[0.557082] (nav_bot) StdoutLine: {'line': b'-- Up-to-date symlink: /home/rohan/cobotx/install/nav_bot/share/nav_bot/worlds/meshes/nxt_racks/HD-01_B_26.png\n'}
[0.557214] (nav_bot) StdoutLine: {'line': b'-- Up-to-date symlink: /home/rohan/cobotx/install/nav_bot/share/nav_bot/worlds/meshes/nxt_racks/HD-01_B_27.png\n'}
[0.557374] (nav_bot) StdoutLine: {'line': b'-- Up-to-date symlink: /home/rohan/cobotx/install/nav_bot/share/nav_bot/worlds/meshes/nxt_racks/HD-01_B_28.png\n'}
[0.557567] (nav_bot) StdoutLine: {'line': b'-- Up-to-date symlink: /home/rohan/cobotx/install/nav_bot/share/nav_bot/worlds/meshes/nxt_racks/HD-01_B_29.png\n'}
[0.557719] (nav_bot) StdoutLine: {'line': b'-- Up-to-date symlink: /home/rohan/cobotx/install/nav_bot/share/nav_bot/worlds/meshes/nxt_racks/HD-01_B_30.png\n'}
[0.557864] (nav_bot) StdoutLine: {'line': b'-- Up-to-date symlink: /home/rohan/cobotx/install/nav_bot/share/nav_bot/worlds/meshes/nxt_racks/HD-01_B_31.png\n'}
[0.558006] (nav_bot) StdoutLine: {'line': b'-- Up-to-date symlink: /home/rohan/cobotx/install/nav_bot/share/nav_bot/worlds/meshes/nxt_racks/HD-01_B_32.png\n'}
[0.558147] (nav_bot) StdoutLine: {'line': b'-- Up-to-date symlink: /home/rohan/cobotx/install/nav_bot/share/nav_bot/worlds/meshes/nxt_racks/HD-01_B_34.png\n'}
[0.558286] (nav_bot) StdoutLine: {'line': b'-- Up-to-date symlink: /home/rohan/cobotx/install/nav_bot/share/nav_bot/worlds/meshes/nxt_racks/HD-01_B_35.png\n'}
[0.558573] (nav_bot) StdoutLine: {'line': b'-- Up-to-date symlink: /home/rohan/cobotx/install/nav_bot/share/nav_bot/worlds/meshes/nxt_racks/HD-01_B_36.png\n'}
[0.558870] (nav_bot) StdoutLine: {'line': b'-- Up-to-date symlink: /home/rohan/cobotx/install/nav_bot/share/nav_bot/worlds/meshes/nxt_racks/HD-01_B_38.png.001.png\n'}
[0.559176] (nav_bot) StdoutLine: {'line': b'-- Up-to-date symlink: /home/rohan/cobotx/install/nav_bot/share/nav_bot/worlds/meshes/nxt_racks/HD-01_C_01.png\n'}
[0.559459] (nav_bot) StdoutLine: {'line': b'-- Up-to-date symlink: /home/rohan/cobotx/install/nav_bot/share/nav_bot/worlds/meshes/nxt_racks/HD-01_C_02.png\n'}
[0.559689] (nav_bot) StdoutLine: {'line': b'-- Up-to-date symlink: /home/rohan/cobotx/install/nav_bot/share/nav_bot/worlds/meshes/nxt_racks/HD-01_C_03.png\n'}
[0.559885] (nav_bot) StdoutLine: {'line': b'-- Up-to-date symlink: /home/rohan/cobotx/install/nav_bot/share/nav_bot/worlds/meshes/nxt_racks/HD-01_C_04.png\n'}
[0.560112] (nav_bot) StdoutLine: {'line': b'-- Up-to-date symlink: /home/rohan/cobotx/install/nav_bot/share/nav_bot/worlds/meshes/nxt_racks/HD-01_C_05.png\n'}
[0.560389] (nav_bot) StdoutLine: {'line': b'-- Up-to-date symlink: /home/rohan/cobotx/install/nav_bot/share/nav_bot/worlds/meshes/nxt_racks/HD-01_C_06.png\n'}
[0.560667] (nav_bot) StdoutLine: {'line': b'-- Up-to-date symlink: /home/rohan/cobotx/install/nav_bot/share/nav_bot/worlds/meshes/nxt_racks/HD-01_C_07.png\n'}
[0.560899] (nav_bot) StdoutLine: {'line': b'-- Up-to-date symlink: /home/rohan/cobotx/install/nav_bot/share/nav_bot/worlds/meshes/nxt_racks/HD-01_C_08.png\n'}
[0.561120] (nav_bot) StdoutLine: {'line': b'-- Up-to-date symlink: /home/rohan/cobotx/install/nav_bot/share/nav_bot/worlds/meshes/nxt_racks/HD-01_C_09.png\n'}
[0.561336] (nav_bot) StdoutLine: {'line': b'-- Up-to-date symlink: /home/rohan/cobotx/install/nav_bot/share/nav_bot/worlds/meshes/nxt_racks/HD-01_C_10.png\n'}
[0.561470] (nav_bot) StdoutLine: {'line': b'-- Up-to-date symlink: /home/rohan/cobotx/install/nav_bot/share/nav_bot/worlds/meshes/nxt_racks/HD-01_C_11.png\n'}
[0.561602] (nav_bot) StdoutLine: {'line': b'-- Up-to-date symlink: /home/rohan/cobotx/install/nav_bot/share/nav_bot/worlds/meshes/nxt_racks/HD-01_C_12.png\n'}
[0.561739] (nav_bot) StdoutLine: {'line': b'-- Up-to-date symlink: /home/rohan/cobotx/install/nav_bot/share/nav_bot/worlds/meshes/nxt_racks/HD-01_C_13.png\n'}
[0.561874] (nav_bot) StdoutLine: {'line': b'-- Up-to-date symlink: /home/rohan/cobotx/install/nav_bot/share/nav_bot/worlds/meshes/nxt_racks/HD-01_C_14.png\n'}
[0.562007] (nav_bot) StdoutLine: {'line': b'-- Up-to-date symlink: /home/rohan/cobotx/install/nav_bot/share/nav_bot/worlds/meshes/nxt_racks/HD-01_C_15.png\n'}
[0.562141] (nav_bot) StdoutLine: {'line': b'-- Up-to-date symlink: /home/rohan/cobotx/install/nav_bot/share/nav_bot/worlds/meshes/nxt_racks/HD-01_C_16.png\n'}
[0.562439] (nav_bot) StdoutLine: {'line': b'-- Up-to-date symlink: /home/rohan/cobotx/install/nav_bot/share/nav_bot/worlds/meshes/nxt_racks/HD-01_C_19.png\n'}
[0.562719] (nav_bot) StdoutLine: {'line': b'-- Up-to-date symlink: /home/rohan/cobotx/install/nav_bot/share/nav_bot/worlds/meshes/nxt_racks/HD-01_C_20.png\n'}
[0.563021] (nav_bot) StdoutLine: {'line': b'-- Up-to-date symlink: /home/rohan/cobotx/install/nav_bot/share/nav_bot/worlds/meshes/nxt_racks/HD-01_C_21.png\n'}
[0.563304] (nav_bot) StdoutLine: {'line': b'-- Up-to-date symlink: /home/rohan/cobotx/install/nav_bot/share/nav_bot/worlds/meshes/nxt_racks/HD-01_C_22.png\n'}
[0.563531] (nav_bot) StdoutLine: {'line': b'-- Up-to-date symlink: /home/rohan/cobotx/install/nav_bot/share/nav_bot/worlds/meshes/nxt_racks/HD-01_C_23.png\n'}
[0.563787] (nav_bot) StdoutLine: {'line': b'-- Up-to-date symlink: /home/rohan/cobotx/install/nav_bot/share/nav_bot/worlds/meshes/nxt_racks/HD-01_C_24.png\n'}
[0.564082] (nav_bot) StdoutLine: {'line': b'-- Up-to-date symlink: /home/rohan/cobotx/install/nav_bot/share/nav_bot/worlds/meshes/nxt_racks/HD-01_C_25.png\n'}
[0.564310] (nav_bot) StdoutLine: {'line': b'-- Up-to-date symlink: /home/rohan/cobotx/install/nav_bot/share/nav_bot/worlds/meshes/nxt_racks/HD-01_C_26.png\n'}
[0.564585] (nav_bot) StdoutLine: {'line': b'-- Up-to-date symlink: /home/rohan/cobotx/install/nav_bot/share/nav_bot/worlds/meshes/nxt_racks/HD-01_C_27.png\n'}
[0.564816] (nav_bot) StdoutLine: {'line': b'-- Up-to-date symlink: /home/rohan/cobotx/install/nav_bot/share/nav_bot/worlds/meshes/nxt_racks/HD-01_C_28.png\n'}
[0.565052] (nav_bot) StdoutLine: {'line': b'-- Up-to-date symlink: /home/rohan/cobotx/install/nav_bot/share/nav_bot/worlds/meshes/nxt_racks/HD-01_C_29.png\n'}
[0.565230] (nav_bot) StdoutLine: {'line': b'-- Up-to-date symlink: /home/rohan/cobotx/install/nav_bot/share/nav_bot/worlds/meshes/nxt_racks/HD-01_C_30.png\n'}
[0.565367] (nav_bot) StdoutLine: {'line': b'-- Up-to-date symlink: /home/rohan/cobotx/install/nav_bot/share/nav_bot/worlds/meshes/nxt_racks/HD-01_C_31.png\n'}
[0.565508] (nav_bot) StdoutLine: {'line': b'-- Up-to-date symlink: /home/rohan/cobotx/install/nav_bot/share/nav_bot/worlds/meshes/nxt_racks/HD-01_C_32.png\n'}
[0.565650] (nav_bot) StdoutLine: {'line': b'-- Up-to-date symlink: /home/rohan/cobotx/install/nav_bot/share/nav_bot/worlds/meshes/nxt_racks/HD-01_C_33.png\n'}
[0.565811] (nav_bot) StdoutLine: {'line': b'-- Up-to-date symlink: /home/rohan/cobotx/install/nav_bot/share/nav_bot/worlds/meshes/nxt_racks/HD-01_C_34.png\n'}
[0.565944] (nav_bot) StdoutLine: {'line': b'-- Up-to-date symlink: /home/rohan/cobotx/install/nav_bot/share/nav_bot/worlds/meshes/nxt_racks/HD-01_C_35.png\n'}
[0.566074] (nav_bot) StdoutLine: {'line': b'-- Up-to-date symlink: /home/rohan/cobotx/install/nav_bot/share/nav_bot/worlds/meshes/nxt_racks/HD-01_C_36.png\n'}
[0.566208] (nav_bot) StdoutLine: {'line': b'-- Up-to-date symlink: /home/rohan/cobotx/install/nav_bot/share/nav_bot/worlds/meshes/nxt_racks/HD-01_C_37.png\n'}
[0.566340] (nav_bot) StdoutLine: {'line': b'-- Up-to-date symlink: /home/rohan/cobotx/install/nav_bot/share/nav_bot/worlds/meshes/nxt_racks/HD-01_C_38.png\n'}
[0.566473] (nav_bot) StdoutLine: {'line': b'-- Up-to-date symlink: /home/rohan/cobotx/install/nav_bot/share/nav_bot/worlds/meshes/nxt_racks/HD-01_C_38.png.001.png\n'}
[0.566606] (nav_bot) StdoutLine: {'line': b'-- Up-to-date symlink: /home/rohan/cobotx/install/nav_bot/share/nav_bot/worlds/meshes/nxt_racks/HD-01_D_01.png\n'}
[0.566741] (nav_bot) StdoutLine: {'line': b'-- Up-to-date symlink: /home/rohan/cobotx/install/nav_bot/share/nav_bot/worlds/meshes/nxt_racks/HD-01_D_02.png\n'}
[0.566880] (nav_bot) StdoutLine: {'line': b'-- Up-to-date symlink: /home/rohan/cobotx/install/nav_bot/share/nav_bot/worlds/meshes/nxt_racks/HD-01_D_03.png\n'}
[0.567017] (nav_bot) StdoutLine: {'line': b'-- Up-to-date symlink: /home/rohan/cobotx/install/nav_bot/share/nav_bot/worlds/meshes/nxt_racks/HD-01_D_04.png\n'}
[0.567152] (nav_bot) StdoutLine: {'line': b'-- Up-to-date symlink: /home/rohan/cobotx/install/nav_bot/share/nav_bot/worlds/meshes/nxt_racks/HD-01_D_05.png\n'}
[0.567284] (nav_bot) StdoutLine: {'line': b'-- Up-to-date symlink: /home/rohan/cobotx/install/nav_bot/share/nav_bot/worlds/meshes/nxt_racks/HD-01_D_06.png\n'}
[0.567416] (nav_bot) StdoutLine: {'line': b'-- Up-to-date symlink: /home/rohan/cobotx/install/nav_bot/share/nav_bot/worlds/meshes/nxt_racks/HD-01_D_08.png\n'}
[0.567551] (nav_bot) StdoutLine: {'line': b'-- Up-to-date symlink: /home/rohan/cobotx/install/nav_bot/share/nav_bot/worlds/meshes/nxt_racks/HD-01_D_09.png\n'}
[0.567691] (nav_bot) StdoutLine: {'line': b'-- Up-to-date symlink: /home/rohan/cobotx/install/nav_bot/share/nav_bot/worlds/meshes/nxt_racks/HD-01_D_10.png\n'}
[0.567830] (nav_bot) StdoutLine: {'line': b'-- Up-to-date symlink: /home/rohan/cobotx/install/nav_bot/share/nav_bot/worlds/meshes/nxt_racks/HD-01_D_11.png\n'}
[0.567961] (nav_bot) StdoutLine: {'line': b'-- Up-to-date symlink: /home/rohan/cobotx/install/nav_bot/share/nav_bot/worlds/meshes/nxt_racks/HD-01_D_12.png\n'}
[0.568099] (nav_bot) StdoutLine: {'line': b'-- Up-to-date symlink: /home/rohan/cobotx/install/nav_bot/share/nav_bot/worlds/meshes/nxt_racks/HD-01_D_13.png\n'}
[0.568235] (nav_bot) StdoutLine: {'line': b'-- Up-to-date symlink: /home/rohan/cobotx/install/nav_bot/share/nav_bot/worlds/meshes/nxt_racks/HD-01_D_14.png\n'}
[0.568366] (nav_bot) StdoutLine: {'line': b'-- Up-to-date symlink: /home/rohan/cobotx/install/nav_bot/share/nav_bot/worlds/meshes/nxt_racks/HD-01_D_16.png\n'}
[0.568498] (nav_bot) StdoutLine: {'line': b'-- Up-to-date symlink: /home/rohan/cobotx/install/nav_bot/share/nav_bot/worlds/meshes/nxt_racks/HD-01_D_17.png\n'}
[0.568648] (nav_bot) StdoutLine: {'line': b'-- Up-to-date symlink: /home/rohan/cobotx/install/nav_bot/share/nav_bot/worlds/meshes/nxt_racks/HD-01_D_18.png\n'}
[0.568785] (nav_bot) StdoutLine: {'line': b'-- Up-to-date symlink: /home/rohan/cobotx/install/nav_bot/share/nav_bot/worlds/meshes/nxt_racks/HD-01_D_19.png\n'}
[0.568922] (nav_bot) StdoutLine: {'line': b'-- Up-to-date symlink: /home/rohan/cobotx/install/nav_bot/share/nav_bot/worlds/meshes/nxt_racks/HD-01_D_20.png\n'}
[0.569056] (nav_bot) StdoutLine: {'line': b'-- Up-to-date symlink: /home/rohan/cobotx/install/nav_bot/share/nav_bot/worlds/meshes/nxt_racks/HD-01_D_21.png\n'}
[0.569191] (nav_bot) StdoutLine: {'line': b'-- Up-to-date symlink: /home/rohan/cobotx/install/nav_bot/share/nav_bot/worlds/meshes/nxt_racks/HD-01_D_22.png\n'}
[0.569328] (nav_bot) StdoutLine: {'line': b'-- Up-to-date symlink: /home/rohan/cobotx/install/nav_bot/share/nav_bot/worlds/meshes/nxt_racks/HD-01_D_23.png\n'}
[0.569465] (nav_bot) StdoutLine: {'line': b'-- Up-to-date symlink: /home/rohan/cobotx/install/nav_bot/share/nav_bot/worlds/meshes/nxt_racks/HD-01_D_24.png\n'}
[0.569655] (nav_bot) StdoutLine: {'line': b'-- Up-to-date symlink: /home/rohan/cobotx/install/nav_bot/share/nav_bot/worlds/meshes/nxt_racks/HD-01_D_25.png\n'}
[0.569792] (nav_bot) StdoutLine: {'line': b'-- Up-to-date symlink: /home/rohan/cobotx/install/nav_bot/share/nav_bot/worlds/meshes/nxt_racks/HD-01_D_26.png\n'}
[0.569923] (nav_bot) StdoutLine: {'line': b'-- Up-to-date symlink: /home/rohan/cobotx/install/nav_bot/share/nav_bot/worlds/meshes/nxt_racks/HD-01_D_27.png\n'}
[0.570056] (nav_bot) StdoutLine: {'line': b'-- Up-to-date symlink: /home/rohan/cobotx/install/nav_bot/share/nav_bot/worlds/meshes/nxt_racks/HD-01_D_28.png\n'}
[0.570189] (nav_bot) StdoutLine: {'line': b'-- Up-to-date symlink: /home/rohan/cobotx/install/nav_bot/share/nav_bot/worlds/meshes/nxt_racks/HD-01_D_29.png\n'}
[0.570321] (nav_bot) StdoutLine: {'line': b'-- Up-to-date symlink: /home/rohan/cobotx/install/nav_bot/share/nav_bot/worlds/meshes/nxt_racks/HD-01_D_30.png\n'}
[0.570453] (nav_bot) StdoutLine: {'line': b'-- Up-to-date symlink: /home/rohan/cobotx/install/nav_bot/share/nav_bot/worlds/meshes/nxt_racks/HD-01_D_31.png\n'}
[0.570585] (nav_bot) StdoutLine: {'line': b'-- Up-to-date symlink: /home/rohan/cobotx/install/nav_bot/share/nav_bot/worlds/meshes/nxt_racks/HD-01_D_32.png\n'}
[0.570724] (nav_bot) StdoutLine: {'line': b'-- Up-to-date symlink: /home/rohan/cobotx/install/nav_bot/share/nav_bot/worlds/meshes/nxt_racks/HD-01_D_33.png\n'}
[0.570865] (nav_bot) StdoutLine: {'line': b'-- Up-to-date symlink: /home/rohan/cobotx/install/nav_bot/share/nav_bot/worlds/meshes/nxt_racks/HD-01_D_34.png\n'}
[0.571001] (nav_bot) StdoutLine: {'line': b'-- Up-to-date symlink: /home/rohan/cobotx/install/nav_bot/share/nav_bot/worlds/meshes/nxt_racks/HD-01_D_35.png\n'}
[0.571137] (nav_bot) StdoutLine: {'line': b'-- Up-to-date symlink: /home/rohan/cobotx/install/nav_bot/share/nav_bot/worlds/meshes/nxt_racks/HD-01_D_36.png\n'}
[0.571270] (nav_bot) StdoutLine: {'line': b'-- Up-to-date symlink: /home/rohan/cobotx/install/nav_bot/share/nav_bot/worlds/meshes/nxt_racks/HD-01_D_37.png\n'}
[0.571403] (nav_bot) StdoutLine: {'line': b'-- Up-to-date symlink: /home/rohan/cobotx/install/nav_bot/share/nav_bot/worlds/meshes/nxt_racks/HD-01_D_38.png\n'}
[0.571543] (nav_bot) StdoutLine: {'line': b'-- Up-to-date symlink: /home/rohan/cobotx/install/nav_bot/share/nav_bot/worlds/meshes/nxt_racks/HD-01_E_01.png\n'}
[0.571684] (nav_bot) StdoutLine: {'line': b'-- Up-to-date symlink: /home/rohan/cobotx/install/nav_bot/share/nav_bot/worlds/meshes/nxt_racks/HD-01_E_02.png\n'}
[0.571823] (nav_bot) StdoutLine: {'line': b'-- Up-to-date symlink: /home/rohan/cobotx/install/nav_bot/share/nav_bot/worlds/meshes/nxt_racks/HD-01_E_03.png\n'}
[0.571953] (nav_bot) StdoutLine: {'line': b'-- Up-to-date symlink: /home/rohan/cobotx/install/nav_bot/share/nav_bot/worlds/meshes/nxt_racks/HD-01_E_04.png\n'}
[0.572086] (nav_bot) StdoutLine: {'line': b'-- Up-to-date symlink: /home/rohan/cobotx/install/nav_bot/share/nav_bot/worlds/meshes/nxt_racks/HD-01_E_05.png\n'}
[0.572223] (nav_bot) StdoutLine: {'line': b'-- Up-to-date symlink: /home/rohan/cobotx/install/nav_bot/share/nav_bot/worlds/meshes/nxt_racks/HD-01_E_06.png\n'}
[0.572504] (nav_bot) StdoutLine: {'line': b'-- Up-to-date symlink: /home/rohan/cobotx/install/nav_bot/share/nav_bot/worlds/meshes/nxt_racks/HD-01_E_07.png\n'}
[0.572791] (nav_bot) StdoutLine: {'line': b'-- Up-to-date symlink: /home/rohan/cobotx/install/nav_bot/share/nav_bot/worlds/meshes/nxt_racks/HD-01_E_08.png\n'}
[0.573071] (nav_bot) StdoutLine: {'line': b'-- Up-to-date symlink: /home/rohan/cobotx/install/nav_bot/share/nav_bot/worlds/meshes/nxt_racks/HD-01_E_09.png\n'}
[0.573353] (nav_bot) StdoutLine: {'line': b'-- Up-to-date symlink: /home/rohan/cobotx/install/nav_bot/share/nav_bot/worlds/meshes/nxt_racks/HD-01_E_10.png\n'}
[0.573577] (nav_bot) StdoutLine: {'line': b'-- Up-to-date symlink: /home/rohan/cobotx/install/nav_bot/share/nav_bot/worlds/meshes/nxt_racks/HD-01_E_11.png\n'}
[0.573782] (nav_bot) StdoutLine: {'line': b'-- Up-to-date symlink: /home/rohan/cobotx/install/nav_bot/share/nav_bot/worlds/meshes/nxt_racks/HD-01_E_12.png\n'}
[0.574012] (nav_bot) StdoutLine: {'line': b'-- Up-to-date symlink: /home/rohan/cobotx/install/nav_bot/share/nav_bot/worlds/meshes/nxt_racks/HD-01_E_13.png\n'}
[0.574240] (nav_bot) StdoutLine: {'line': b'-- Up-to-date symlink: /home/rohan/cobotx/install/nav_bot/share/nav_bot/worlds/meshes/nxt_racks/HD-01_E_14.png\n'}
[0.574468] (nav_bot) StdoutLine: {'line': b'-- Up-to-date symlink: /home/rohan/cobotx/install/nav_bot/share/nav_bot/worlds/meshes/nxt_racks/HD-01_E_15.png\n'}
[0.574752] (nav_bot) StdoutLine: {'line': b'-- Up-to-date symlink: /home/rohan/cobotx/install/nav_bot/share/nav_bot/worlds/meshes/nxt_racks/HD-01_E_16.png\n'}
[0.575000] (nav_bot) StdoutLine: {'line': b'-- Up-to-date symlink: /home/rohan/cobotx/install/nav_bot/share/nav_bot/worlds/meshes/nxt_racks/HD-01_E_17.png\n'}
[0.575169] (nav_bot) StdoutLine: {'line': b'-- Up-to-date symlink: /home/rohan/cobotx/install/nav_bot/share/nav_bot/worlds/meshes/nxt_racks/HD-01_E_18.png\n'}
[0.575303] (nav_bot) StdoutLine: {'line': b'-- Up-to-date symlink: /home/rohan/cobotx/install/nav_bot/share/nav_bot/worlds/meshes/nxt_racks/HD-01_E_19.png\n'}
[0.575436] (nav_bot) StdoutLine: {'line': b'-- Up-to-date symlink: /home/rohan/cobotx/install/nav_bot/share/nav_bot/worlds/meshes/nxt_racks/HD-01_E_20.png\n'}
[0.575567] (nav_bot) StdoutLine: {'line': b'-- Up-to-date symlink: /home/rohan/cobotx/install/nav_bot/share/nav_bot/worlds/meshes/nxt_racks/HD-01_E_21.png\n'}
[0.575707] (nav_bot) StdoutLine: {'line': b'-- Up-to-date symlink: /home/rohan/cobotx/install/nav_bot/share/nav_bot/worlds/meshes/nxt_racks/HD-01_E_22.png\n'}
[0.575844] (nav_bot) StdoutLine: {'line': b'-- Up-to-date symlink: /home/rohan/cobotx/install/nav_bot/share/nav_bot/worlds/meshes/nxt_racks/HD-01_E_23.png\n'}
[0.575983] (nav_bot) StdoutLine: {'line': b'-- Up-to-date symlink: /home/rohan/cobotx/install/nav_bot/share/nav_bot/worlds/meshes/nxt_racks/HD-01_E_24.png\n'}
[0.576119] (nav_bot) StdoutLine: {'line': b'-- Up-to-date symlink: /home/rohan/cobotx/install/nav_bot/share/nav_bot/worlds/meshes/nxt_racks/HD-01_E_25.png\n'}
[0.576255] (nav_bot) StdoutLine: {'line': b'-- Up-to-date symlink: /home/rohan/cobotx/install/nav_bot/share/nav_bot/worlds/meshes/nxt_racks/HD-01_E_26.png\n'}
[0.576389] (nav_bot) StdoutLine: {'line': b'-- Up-to-date symlink: /home/rohan/cobotx/install/nav_bot/share/nav_bot/worlds/meshes/nxt_racks/HD-01_E_27.png\n'}
[0.576523] (nav_bot) StdoutLine: {'line': b'-- Up-to-date symlink: /home/rohan/cobotx/install/nav_bot/share/nav_bot/worlds/meshes/nxt_racks/HD-01_E_28.png\n'}
[0.576661] (nav_bot) StdoutLine: {'line': b'-- Up-to-date symlink: /home/rohan/cobotx/install/nav_bot/share/nav_bot/worlds/meshes/nxt_racks/HD-01_E_29.png\n'}
[0.576795] (nav_bot) StdoutLine: {'line': b'-- Up-to-date symlink: /home/rohan/cobotx/install/nav_bot/share/nav_bot/worlds/meshes/nxt_racks/HD-01_E_30.png\n'}
[0.576928] (nav_bot) StdoutLine: {'line': b'-- Up-to-date symlink: /home/rohan/cobotx/install/nav_bot/share/nav_bot/worlds/meshes/nxt_racks/HD-01_E_31.png\n'}
[0.577063] (nav_bot) StdoutLine: {'line': b'-- Up-to-date symlink: /home/rohan/cobotx/install/nav_bot/share/nav_bot/worlds/meshes/nxt_racks/HD-01_E_32.png\n'}
[0.577200] (nav_bot) StdoutLine: {'line': b'-- Up-to-date symlink: /home/rohan/cobotx/install/nav_bot/share/nav_bot/worlds/meshes/nxt_racks/HD-01_E_33.png\n'}
[0.577336] (nav_bot) StdoutLine: {'line': b'-- Up-to-date symlink: /home/rohan/cobotx/install/nav_bot/share/nav_bot/worlds/meshes/nxt_racks/HD-01_E_34.png\n'}
[0.577472] (nav_bot) StdoutLine: {'line': b'-- Up-to-date symlink: /home/rohan/cobotx/install/nav_bot/share/nav_bot/worlds/meshes/nxt_racks/HD-01_E_35.png\n'}
[0.577607] (nav_bot) StdoutLine: {'line': b'-- Up-to-date symlink: /home/rohan/cobotx/install/nav_bot/share/nav_bot/worlds/meshes/nxt_racks/HD-01_E_36.png\n'}
[0.577752] (nav_bot) StdoutLine: {'line': b'-- Up-to-date symlink: /home/rohan/cobotx/install/nav_bot/share/nav_bot/worlds/meshes/nxt_racks/HD-01_E_37.png\n'}
[0.577885] (nav_bot) StdoutLine: {'line': b'-- Up-to-date symlink: /home/rohan/cobotx/install/nav_bot/share/nav_bot/worlds/meshes/nxt_racks/HD-01_E_38.png\n'}
[0.578016] (nav_bot) StdoutLine: {'line': b'-- Up-to-date symlink: /home/rohan/cobotx/install/nav_bot/share/nav_bot/worlds/meshes/nxt_racks/HD-01_F_01.png\n'}
[0.578149] (nav_bot) StdoutLine: {'line': b'-- Up-to-date symlink: /home/rohan/cobotx/install/nav_bot/share/nav_bot/worlds/meshes/nxt_racks/HD-01_F_02.png\n'}
[0.578281] (nav_bot) StdoutLine: {'line': b'-- Up-to-date symlink: /home/rohan/cobotx/install/nav_bot/share/nav_bot/worlds/meshes/nxt_racks/HD-01_F_03.png\n'}
[0.578415] (nav_bot) StdoutLine: {'line': b'-- Up-to-date symlink: /home/rohan/cobotx/install/nav_bot/share/nav_bot/worlds/meshes/nxt_racks/HD-01_F_04.png\n'}
[0.578551] (nav_bot) StdoutLine: {'line': b'-- Up-to-date symlink: /home/rohan/cobotx/install/nav_bot/share/nav_bot/worlds/meshes/nxt_racks/HD-01_F_05.png\n'}
[0.578694] (nav_bot) StdoutLine: {'line': b'-- Up-to-date symlink: /home/rohan/cobotx/install/nav_bot/share/nav_bot/worlds/meshes/nxt_racks/HD-01_F_06.png\n'}
[0.578832] (nav_bot) StdoutLine: {'line': b'-- Up-to-date symlink: /home/rohan/cobotx/install/nav_bot/share/nav_bot/worlds/meshes/nxt_racks/HD-01_F_07.png\n'}
[0.578966] (nav_bot) StdoutLine: {'line': b'-- Up-to-date symlink: /home/rohan/cobotx/install/nav_bot/share/nav_bot/worlds/meshes/nxt_racks/HD-01_F_08.png\n'}
[0.579105] (nav_bot) StdoutLine: {'line': b'-- Up-to-date symlink: /home/rohan/cobotx/install/nav_bot/share/nav_bot/worlds/meshes/nxt_racks/HD-01_F_09.png\n'}
[0.579237] (nav_bot) StdoutLine: {'line': b'-- Up-to-date symlink: /home/rohan/cobotx/install/nav_bot/share/nav_bot/worlds/meshes/nxt_racks/HD-01_F_10.png\n'}
[0.579368] (nav_bot) StdoutLine: {'line': b'-- Up-to-date symlink: /home/rohan/cobotx/install/nav_bot/share/nav_bot/worlds/meshes/nxt_racks/HD-01_F_12.png\n'}
[0.579529] (nav_bot) StdoutLine: {'line': b'-- Up-to-date symlink: /home/rohan/cobotx/install/nav_bot/share/nav_bot/worlds/meshes/nxt_racks/HD-01_F_13.png\n'}
[0.579680] (nav_bot) StdoutLine: {'line': b'-- Up-to-date symlink: /home/rohan/cobotx/install/nav_bot/share/nav_bot/worlds/meshes/nxt_racks/HD-01_F_14.png\n'}
[0.579825] (nav_bot) StdoutLine: {'line': b'-- Up-to-date symlink: /home/rohan/cobotx/install/nav_bot/share/nav_bot/worlds/meshes/nxt_racks/HD-01_F_15.png\n'}
[0.579967] (nav_bot) StdoutLine: {'line': b'-- Up-to-date symlink: /home/rohan/cobotx/install/nav_bot/share/nav_bot/worlds/meshes/nxt_racks/HD-01_F_16.png\n'}
[0.580109] (nav_bot) StdoutLine: {'line': b'-- Up-to-date symlink: /home/rohan/cobotx/install/nav_bot/share/nav_bot/worlds/meshes/nxt_racks/HD-01_F_17.png\n'}
[0.580251] (nav_bot) StdoutLine: {'line': b'-- Up-to-date symlink: /home/rohan/cobotx/install/nav_bot/share/nav_bot/worlds/meshes/nxt_racks/HD-01_F_18.png\n'}
[0.580398] (nav_bot) StdoutLine: {'line': b'-- Up-to-date symlink: /home/rohan/cobotx/install/nav_bot/share/nav_bot/worlds/meshes/nxt_racks/HD-01_F_19.png\n'}
[0.580538] (nav_bot) StdoutLine: {'line': b'-- Up-to-date symlink: /home/rohan/cobotx/install/nav_bot/share/nav_bot/worlds/meshes/nxt_racks/HD-01_F_20.png\n'}
[0.580674] (nav_bot) StdoutLine: {'line': b'-- Up-to-date symlink: /home/rohan/cobotx/install/nav_bot/share/nav_bot/worlds/meshes/nxt_racks/HD-01_F_21.png\n'}
[0.580809] (nav_bot) StdoutLine: {'line': b'-- Up-to-date symlink: /home/rohan/cobotx/install/nav_bot/share/nav_bot/worlds/meshes/nxt_racks/HD-01_F_22.png\n'}
[0.580942] (nav_bot) StdoutLine: {'line': b'-- Up-to-date symlink: /home/rohan/cobotx/install/nav_bot/share/nav_bot/worlds/meshes/nxt_racks/HD-01_F_23.png\n'}
[0.581077] (nav_bot) StdoutLine: {'line': b'-- Up-to-date symlink: /home/rohan/cobotx/install/nav_bot/share/nav_bot/worlds/meshes/nxt_racks/HD-01_F_24.png\n'}
[0.581209] (nav_bot) StdoutLine: {'line': b'-- Up-to-date symlink: /home/rohan/cobotx/install/nav_bot/share/nav_bot/worlds/meshes/nxt_racks/HD-01_F_25.png\n'}
[0.581342] (nav_bot) StdoutLine: {'line': b'-- Up-to-date symlink: /home/rohan/cobotx/install/nav_bot/share/nav_bot/worlds/meshes/nxt_racks/HD-01_F_26.png\n'}
[0.581473] (nav_bot) StdoutLine: {'line': b'-- Up-to-date symlink: /home/rohan/cobotx/install/nav_bot/share/nav_bot/worlds/meshes/nxt_racks/HD-01_F_27.png\n'}
[0.581608] (nav_bot) StdoutLine: {'line': b'-- Up-to-date symlink: /home/rohan/cobotx/install/nav_bot/share/nav_bot/worlds/meshes/nxt_racks/HD-01_F_28.png\n'}
[0.581741] (nav_bot) StdoutLine: {'line': b'-- Up-to-date symlink: /home/rohan/cobotx/install/nav_bot/share/nav_bot/worlds/meshes/nxt_racks/HD-01_F_29.png\n'}
[0.582034] (nav_bot) StdoutLine: {'line': b'-- Up-to-date symlink: /home/rohan/cobotx/install/nav_bot/share/nav_bot/worlds/meshes/nxt_racks/HD-01_F_30.png\n'}
[0.582324] (nav_bot) StdoutLine: {'line': b'-- Up-to-date symlink: /home/rohan/cobotx/install/nav_bot/share/nav_bot/worlds/meshes/nxt_racks/HD-01_F_31.png\n'}
[0.582629] (nav_bot) StdoutLine: {'line': b'-- Up-to-date symlink: /home/rohan/cobotx/install/nav_bot/share/nav_bot/worlds/meshes/nxt_racks/HD-01_F_32.png\n'}
[0.582932] (nav_bot) StdoutLine: {'line': b'-- Up-to-date symlink: /home/rohan/cobotx/install/nav_bot/share/nav_bot/worlds/meshes/nxt_racks/HD-01_F_33.png\n'}
[0.583215] (nav_bot) StdoutLine: {'line': b'-- Up-to-date symlink: /home/rohan/cobotx/install/nav_bot/share/nav_bot/worlds/meshes/nxt_racks/HD-01_F_34.png\n'}
[0.583478] (nav_bot) StdoutLine: {'line': b'-- Up-to-date symlink: /home/rohan/cobotx/install/nav_bot/share/nav_bot/worlds/meshes/nxt_racks/HD-01_F_35.png\n'}
[0.583713] (nav_bot) StdoutLine: {'line': b'-- Up-to-date symlink: /home/rohan/cobotx/install/nav_bot/share/nav_bot/worlds/meshes/nxt_racks/HD-01_F_36.png\n'}
[0.584008] (nav_bot) StdoutLine: {'line': b'-- Up-to-date symlink: /home/rohan/cobotx/install/nav_bot/share/nav_bot/worlds/meshes/nxt_racks/HD-01_F_37.png\n'}
[0.584239] (nav_bot) StdoutLine: {'line': b'-- Up-to-date symlink: /home/rohan/cobotx/install/nav_bot/share/nav_bot/worlds/meshes/nxt_racks/HD-01_F_38.png\n'}
[0.584532] (nav_bot) StdoutLine: {'line': b'-- Up-to-date symlink: /home/rohan/cobotx/install/nav_bot/share/nav_bot/worlds/meshes/nxt_racks/HD-01_G_01.png\n'}
[0.584764] (nav_bot) StdoutLine: {'line': b'-- Up-to-date symlink: /home/rohan/cobotx/install/nav_bot/share/nav_bot/worlds/meshes/nxt_racks/HD-01_G_02.png\n'}
[0.584931] (nav_bot) StdoutLine: {'line': b'-- Up-to-date symlink: /home/rohan/cobotx/install/nav_bot/share/nav_bot/worlds/meshes/nxt_racks/HD-01_G_03.png\n'}
[0.585068] (nav_bot) StdoutLine: {'line': b'-- Up-to-date symlink: /home/rohan/cobotx/install/nav_bot/share/nav_bot/worlds/meshes/nxt_racks/HD-01_G_04.png\n'}
[0.585207] (nav_bot) StdoutLine: {'line': b'-- Up-to-date symlink: /home/rohan/cobotx/install/nav_bot/share/nav_bot/worlds/meshes/nxt_racks/HD-01_G_05.png\n'}
[0.585341] (nav_bot) StdoutLine: {'line': b'-- Up-to-date symlink: /home/rohan/cobotx/install/nav_bot/share/nav_bot/worlds/meshes/nxt_racks/HD-01_G_06.png\n'}
[0.585480] (nav_bot) StdoutLine: {'line': b'-- Up-to-date symlink: /home/rohan/cobotx/install/nav_bot/share/nav_bot/worlds/meshes/nxt_racks/HD-01_G_07.png\n'}
[0.585624] (nav_bot) StdoutLine: {'line': b'-- Up-to-date symlink: /home/rohan/cobotx/install/nav_bot/share/nav_bot/worlds/meshes/nxt_racks/HD-01_G_08.png\n'}
[0.585760] (nav_bot) StdoutLine: {'line': b'-- Up-to-date symlink: /home/rohan/cobotx/install/nav_bot/share/nav_bot/worlds/meshes/nxt_racks/HD-01_G_09.png\n'}
[0.585896] (nav_bot) StdoutLine: {'line': b'-- Up-to-date symlink: /home/rohan/cobotx/install/nav_bot/share/nav_bot/worlds/meshes/nxt_racks/HD-01_G_10.png\n'}
[0.586035] (nav_bot) StdoutLine: {'line': b'-- Up-to-date symlink: /home/rohan/cobotx/install/nav_bot/share/nav_bot/worlds/meshes/nxt_racks/HD-01_G_11.png\n'}
[0.586170] (nav_bot) StdoutLine: {'line': b'-- Up-to-date symlink: /home/rohan/cobotx/install/nav_bot/share/nav_bot/worlds/meshes/nxt_racks/HD-01_G_12.png\n'}
[0.586315] (nav_bot) StdoutLine: {'line': b'-- Up-to-date symlink: /home/rohan/cobotx/install/nav_bot/share/nav_bot/worlds/meshes/nxt_racks/HD-01_G_13.png\n'}
[0.586448] (nav_bot) StdoutLine: {'line': b'-- Up-to-date symlink: /home/rohan/cobotx/install/nav_bot/share/nav_bot/worlds/meshes/nxt_racks/HD-01_G_14.png\n'}
[0.586583] (nav_bot) StdoutLine: {'line': b'-- Up-to-date symlink: /home/rohan/cobotx/install/nav_bot/share/nav_bot/worlds/meshes/nxt_racks/HD-01_G_15.png\n'}
[0.586727] (nav_bot) StdoutLine: {'line': b'-- Up-to-date symlink: /home/rohan/cobotx/install/nav_bot/share/nav_bot/worlds/meshes/nxt_racks/HD-01_G_16.png\n'}
[0.586868] (nav_bot) StdoutLine: {'line': b'-- Up-to-date symlink: /home/rohan/cobotx/install/nav_bot/share/nav_bot/worlds/meshes/nxt_racks/HD-01_G_17.png\n'}
[0.587006] (nav_bot) StdoutLine: {'line': b'-- Up-to-date symlink: /home/rohan/cobotx/install/nav_bot/share/nav_bot/worlds/meshes/nxt_racks/HD-01_G_18.png\n'}
[0.587148] (nav_bot) StdoutLine: {'line': b'-- Up-to-date symlink: /home/rohan/cobotx/install/nav_bot/share/nav_bot/worlds/meshes/nxt_racks/HD-01_G_19.png\n'}
[0.587283] (nav_bot) StdoutLine: {'line': b'-- Up-to-date symlink: /home/rohan/cobotx/install/nav_bot/share/nav_bot/worlds/meshes/nxt_racks/HD-01_G_20.png\n'}
[0.587417] (nav_bot) StdoutLine: {'line': b'-- Up-to-date symlink: /home/rohan/cobotx/install/nav_bot/share/nav_bot/worlds/meshes/nxt_racks/HD-01_G_21.png\n'}
[0.587549] (nav_bot) StdoutLine: {'line': b'-- Up-to-date symlink: /home/rohan/cobotx/install/nav_bot/share/nav_bot/worlds/meshes/nxt_racks/HD-01_G_22.png\n'}
[0.587689] (nav_bot) StdoutLine: {'line': b'-- Up-to-date symlink: /home/rohan/cobotx/install/nav_bot/share/nav_bot/worlds/meshes/nxt_racks/HD-01_G_23.png\n'}
[0.587826] (nav_bot) StdoutLine: {'line': b'-- Up-to-date symlink: /home/rohan/cobotx/install/nav_bot/share/nav_bot/worlds/meshes/nxt_racks/HD-01_G_24.png\n'}
[0.587959] (nav_bot) StdoutLine: {'line': b'-- Up-to-date symlink: /home/rohan/cobotx/install/nav_bot/share/nav_bot/worlds/meshes/nxt_racks/HD-01_G_25.png\n'}
[0.588090] (nav_bot) StdoutLine: {'line': b'-- Up-to-date symlink: /home/rohan/cobotx/install/nav_bot/share/nav_bot/worlds/meshes/nxt_racks/HD-01_G_26.png\n'}
[0.588222] (nav_bot) StdoutLine: {'line': b'-- Up-to-date symlink: /home/rohan/cobotx/install/nav_bot/share/nav_bot/worlds/meshes/nxt_racks/HD-01_G_27.png\n'}
[0.588353] (nav_bot) StdoutLine: {'line': b'-- Up-to-date symlink: /home/rohan/cobotx/install/nav_bot/share/nav_bot/worlds/meshes/nxt_racks/HD-01_G_28.png\n'}
[0.588489] (nav_bot) StdoutLine: {'line': b'-- Up-to-date symlink: /home/rohan/cobotx/install/nav_bot/share/nav_bot/worlds/meshes/nxt_racks/HD-01_G_29.png\n'}
[0.588627] (nav_bot) StdoutLine: {'line': b'-- Up-to-date symlink: /home/rohan/cobotx/install/nav_bot/share/nav_bot/worlds/meshes/nxt_racks/HD-01_G_30.png\n'}
[0.588771] (nav_bot) StdoutLine: {'line': b'-- Up-to-date symlink: /home/rohan/cobotx/install/nav_bot/share/nav_bot/worlds/meshes/nxt_racks/HD-01_G_31.png\n'}
[0.588910] (nav_bot) StdoutLine: {'line': b'-- Up-to-date symlink: /home/rohan/cobotx/install/nav_bot/share/nav_bot/worlds/meshes/nxt_racks/HD-01_G_32.png\n'}
[0.589046] (nav_bot) StdoutLine: {'line': b'-- Up-to-date symlink: /home/rohan/cobotx/install/nav_bot/share/nav_bot/worlds/meshes/nxt_racks/HD-01_G_33.png\n'}
[0.589178] (nav_bot) StdoutLine: {'line': b'-- Up-to-date symlink: /home/rohan/cobotx/install/nav_bot/share/nav_bot/worlds/meshes/nxt_racks/HD-01_G_34.png\n'}
[0.589310] (nav_bot) StdoutLine: {'line': b'-- Up-to-date symlink: /home/rohan/cobotx/install/nav_bot/share/nav_bot/worlds/meshes/nxt_racks/HD-01_G_35.png\n'}
[0.589443] (nav_bot) StdoutLine: {'line': b'-- Up-to-date symlink: /home/rohan/cobotx/install/nav_bot/share/nav_bot/worlds/meshes/nxt_racks/HD-01_G_36.png\n'}
[0.589575] (nav_bot) StdoutLine: {'line': b'-- Up-to-date symlink: /home/rohan/cobotx/install/nav_bot/share/nav_bot/worlds/meshes/nxt_racks/HD-01_G_37.png\n'}
[0.589713] (nav_bot) StdoutLine: {'line': b'-- Up-to-date symlink: /home/rohan/cobotx/install/nav_bot/share/nav_bot/worlds/meshes/nxt_racks/HD-01_G_38.png\n'}
[0.589864] (nav_bot) StdoutLine: {'line': b'-- Up-to-date symlink: /home/rohan/cobotx/install/nav_bot/share/nav_bot/worlds/meshes/nxt_racks/NxT_warehouse.dae\n'}
[0.589997] (nav_bot) StdoutLine: {'line': b'-- Up-to-date symlink: /home/rohan/cobotx/install/nav_bot/share/nav_bot/worlds/meshes/nxt_racks/NxT_warehouse_colision.stl\n'}
[0.590137] (nav_bot) StdoutLine: {'line': b'-- Up-to-date symlink: /home/rohan/cobotx/install/nav_bot/share/nav_bot/worlds/meshes/nxt_racks/Rough_Square_Concrete_Block.jpg\n'}
[0.590273] (nav_bot) StdoutLine: {'line': b'-- Up-to-date symlink: /home/rohan/cobotx/install/nav_bot/share/nav_bot/worlds/meshes/nxt_racks/Tape001_1K_Color.png\n'}
[0.590412] (nav_bot) StdoutLine: {'line': b'-- Up-to-date symlink: /home/rohan/cobotx/install/nav_bot/share/nav_bot/worlds/meshes/nxt_racks/Terrazzo005_1K_Color.jpg\n'}
[0.590550] (nav_bot) StdoutLine: {'line': b'-- Up-to-date symlink: /home/rohan/cobotx/install/nav_bot/share/nav_bot/worlds/meshes/nxt_racks/back.png\n'}
[0.590722] (nav_bot) StdoutLine: {'line': b'-- Up-to-date symlink: /home/rohan/cobotx/install/nav_bot/share/nav_bot/worlds/meshes/nxt_racks/bts_qr_codes/BTS00068631.png\n'}
[0.590865] (nav_bot) StdoutLine: {'line': b'-- Up-to-date symlink: /home/rohan/cobotx/install/nav_bot/share/nav_bot/worlds/meshes/nxt_racks/bts_qr_codes/BTS00068632.png\n'}
[0.591003] (nav_bot) StdoutLine: {'line': b'-- Up-to-date symlink: /home/rohan/cobotx/install/nav_bot/share/nav_bot/worlds/meshes/nxt_racks/bts_qr_codes/BTS00068633.png\n'}
[0.591136] (nav_bot) StdoutLine: {'line': b'-- Up-to-date symlink: /home/rohan/cobotx/install/nav_bot/share/nav_bot/worlds/meshes/nxt_racks/bts_qr_codes/BTS00068634.png\n'}
[0.591275] (nav_bot) StdoutLine: {'line': b'-- Up-to-date symlink: /home/rohan/cobotx/install/nav_bot/share/nav_bot/worlds/meshes/nxt_racks/bts_qr_codes/BTS00068635.png\n'}
[0.591412] (nav_bot) StdoutLine: {'line': b'-- Up-to-date symlink: /home/rohan/cobotx/install/nav_bot/share/nav_bot/worlds/meshes/nxt_racks/bts_qr_codes/BTS00068636.png\n'}
[0.591546] (nav_bot) StdoutLine: {'line': b'-- Up-to-date symlink: /home/rohan/cobotx/install/nav_bot/share/nav_bot/worlds/meshes/nxt_racks/bts_qr_codes/BTS00068637.png\n'}
[0.591692] (nav_bot) StdoutLine: {'line': b'-- Up-to-date symlink: /home/rohan/cobotx/install/nav_bot/share/nav_bot/worlds/meshes/nxt_racks/bts_qr_codes/BTS00068638.png\n'}
[0.591834] (nav_bot) StdoutLine: {'line': b'-- Up-to-date symlink: /home/rohan/cobotx/install/nav_bot/share/nav_bot/worlds/meshes/nxt_racks/bts_qr_codes/BTS00068639.png\n'}
[0.591968] (nav_bot) StdoutLine: {'line': b'-- Up-to-date symlink: /home/rohan/cobotx/install/nav_bot/share/nav_bot/worlds/meshes/nxt_racks/bts_qr_codes/BTS00068640.png\n'}
[0.592107] (nav_bot) StdoutLine: {'line': b'-- Up-to-date symlink: /home/rohan/cobotx/install/nav_bot/share/nav_bot/worlds/meshes/nxt_racks/bts_qr_codes/BTS00068641.png\n'}
[0.592241] (nav_bot) StdoutLine: {'line': b'-- Up-to-date symlink: /home/rohan/cobotx/install/nav_bot/share/nav_bot/worlds/meshes/nxt_racks/bts_qr_codes/BTS00068642.png\n'}
[0.592375] (nav_bot) StdoutLine: {'line': b'-- Up-to-date symlink: /home/rohan/cobotx/install/nav_bot/share/nav_bot/worlds/meshes/nxt_racks/bts_qr_codes/BTS00068643.png\n'}
[0.592515] (nav_bot) StdoutLine: {'line': b'-- Up-to-date symlink: /home/rohan/cobotx/install/nav_bot/share/nav_bot/worlds/meshes/nxt_racks/bts_qr_codes/BTS00068644.png\n'}
[0.592661] (nav_bot) StdoutLine: {'line': b'-- Up-to-date symlink: /home/rohan/cobotx/install/nav_bot/share/nav_bot/worlds/meshes/nxt_racks/bts_qr_codes/BTS00068645.png\n'}
[0.592800] (nav_bot) StdoutLine: {'line': b'-- Up-to-date symlink: /home/rohan/cobotx/install/nav_bot/share/nav_bot/worlds/meshes/nxt_racks/bts_qr_codes/BTS00068646.png\n'}
[0.592938] (nav_bot) StdoutLine: {'line': b'-- Up-to-date symlink: /home/rohan/cobotx/install/nav_bot/share/nav_bot/worlds/meshes/nxt_racks/bts_qr_codes/BTS00068647.png\n'}
[0.593080] (nav_bot) StdoutLine: {'line': b'-- Up-to-date symlink: /home/rohan/cobotx/install/nav_bot/share/nav_bot/worlds/meshes/nxt_racks/bts_qr_codes/BTS00068648.png\n'}
[0.593217] (nav_bot) StdoutLine: {'line': b'-- Up-to-date symlink: /home/rohan/cobotx/install/nav_bot/share/nav_bot/worlds/meshes/nxt_racks/bts_qr_codes/BTS00068649.png\n'}
[0.593353] (nav_bot) StdoutLine: {'line': b'-- Up-to-date symlink: /home/rohan/cobotx/install/nav_bot/share/nav_bot/worlds/meshes/nxt_racks/bts_qr_codes/BTS00068650.png\n'}
[0.593489] (nav_bot) StdoutLine: {'line': b'-- Up-to-date symlink: /home/rohan/cobotx/install/nav_bot/share/nav_bot/worlds/meshes/nxt_racks/bts_qr_codes/BTS00068651.png\n'}
[0.593631] (nav_bot) StdoutLine: {'line': b'-- Up-to-date symlink: /home/rohan/cobotx/install/nav_bot/share/nav_bot/worlds/meshes/nxt_racks/bts_qr_codes/BTS00068652.png\n'}
[0.593770] (nav_bot) StdoutLine: {'line': b'-- Up-to-date symlink: /home/rohan/cobotx/install/nav_bot/share/nav_bot/worlds/meshes/nxt_racks/bts_qr_codes/BTS00068653.png\n'}
[0.593910] (nav_bot) StdoutLine: {'line': b'-- Up-to-date symlink: /home/rohan/cobotx/install/nav_bot/share/nav_bot/worlds/meshes/nxt_racks/bts_qr_codes/BTS00068654.png\n'}
[0.594050] (nav_bot) StdoutLine: {'line': b'-- Up-to-date symlink: /home/rohan/cobotx/install/nav_bot/share/nav_bot/worlds/meshes/nxt_racks/bts_qr_codes/BTS00068655.png\n'}
[0.594191] (nav_bot) StdoutLine: {'line': b'-- Up-to-date symlink: /home/rohan/cobotx/install/nav_bot/share/nav_bot/worlds/meshes/nxt_racks/bts_qr_codes/BTS00068656.png\n'}
[0.594335] (nav_bot) StdoutLine: {'line': b'-- Up-to-date symlink: /home/rohan/cobotx/install/nav_bot/share/nav_bot/worlds/meshes/nxt_racks/bts_qr_codes/BTS00068657.png\n'}
[0.594476] (nav_bot) StdoutLine: {'line': b'-- Up-to-date symlink: /home/rohan/cobotx/install/nav_bot/share/nav_bot/worlds/meshes/nxt_racks/bts_qr_codes/BTS00068658.png\n'}
[0.594612] (nav_bot) StdoutLine: {'line': b'-- Up-to-date symlink: /home/rohan/cobotx/install/nav_bot/share/nav_bot/worlds/meshes/nxt_racks/bts_qr_codes/BTS00068659.png\n'}
[0.594760] (nav_bot) StdoutLine: {'line': b'-- Up-to-date symlink: /home/rohan/cobotx/install/nav_bot/share/nav_bot/worlds/meshes/nxt_racks/bts_qr_codes/BTS00068660.png\n'}
[0.594899] (nav_bot) StdoutLine: {'line': b'-- Up-to-date symlink: /home/rohan/cobotx/install/nav_bot/share/nav_bot/worlds/meshes/nxt_racks/bts_qr_codes/BTS00068661.png\n'}
[0.595040] (nav_bot) StdoutLine: {'line': b'-- Up-to-date symlink: /home/rohan/cobotx/install/nav_bot/share/nav_bot/worlds/meshes/nxt_racks/bts_qr_codes/BTS00068662.png\n'}
[0.595180] (nav_bot) StdoutLine: {'line': b'-- Up-to-date symlink: /home/rohan/cobotx/install/nav_bot/share/nav_bot/worlds/meshes/nxt_racks/bts_qr_codes/BTS00068663.png\n'}
[0.595321] (nav_bot) StdoutLine: {'line': b'-- Up-to-date symlink: /home/rohan/cobotx/install/nav_bot/share/nav_bot/worlds/meshes/nxt_racks/bts_qr_codes/BTS00068664.png\n'}
[0.595461] (nav_bot) StdoutLine: {'line': b'-- Up-to-date symlink: /home/rohan/cobotx/install/nav_bot/share/nav_bot/worlds/meshes/nxt_racks/bts_qr_codes/BTS00068665.png\n'}
[0.595604] (nav_bot) StdoutLine: {'line': b'-- Up-to-date symlink: /home/rohan/cobotx/install/nav_bot/share/nav_bot/worlds/meshes/nxt_racks/bts_qr_codes/BTS00068666.png\n'}
[0.595750] (nav_bot) StdoutLine: {'line': b'-- Up-to-date symlink: /home/rohan/cobotx/install/nav_bot/share/nav_bot/worlds/meshes/nxt_racks/bts_qr_codes/BTS00068667.png\n'}
[0.595893] (nav_bot) StdoutLine: {'line': b'-- Up-to-date symlink: /home/rohan/cobotx/install/nav_bot/share/nav_bot/worlds/meshes/nxt_racks/bts_qr_codes/BTS00068668.png\n'}
[0.596034] (nav_bot) StdoutLine: {'line': b'-- Up-to-date symlink: /home/rohan/cobotx/install/nav_bot/share/nav_bot/worlds/meshes/nxt_racks/bts_qr_codes/BTS00068669.png\n'}
[0.596174] (nav_bot) StdoutLine: {'line': b'-- Up-to-date symlink: /home/rohan/cobotx/install/nav_bot/share/nav_bot/worlds/meshes/nxt_racks/bts_qr_codes/BTS00068670.png\n'}
[0.596315] (nav_bot) StdoutLine: {'line': b'-- Up-to-date symlink: /home/rohan/cobotx/install/nav_bot/share/nav_bot/worlds/meshes/nxt_racks/bts_qr_codes/BTS00068671.png\n'}
[0.596455] (nav_bot) StdoutLine: {'line': b'-- Up-to-date symlink: /home/rohan/cobotx/install/nav_bot/share/nav_bot/worlds/meshes/nxt_racks/bts_qr_codes/BTS00068672.png\n'}
[0.596597] (nav_bot) StdoutLine: {'line': b'-- Up-to-date symlink: /home/rohan/cobotx/install/nav_bot/share/nav_bot/worlds/meshes/nxt_racks/bts_qr_codes/BTS00068673.png\n'}
[0.596743] (nav_bot) StdoutLine: {'line': b'-- Up-to-date symlink: /home/rohan/cobotx/install/nav_bot/share/nav_bot/worlds/meshes/nxt_racks/bts_qr_codes/BTS00068674.png\n'}
[0.596886] (nav_bot) StdoutLine: {'line': b'-- Up-to-date symlink: /home/rohan/cobotx/install/nav_bot/share/nav_bot/worlds/meshes/nxt_racks/bts_qr_codes/BTS00068675.png\n'}
[0.597032] (nav_bot) StdoutLine: {'line': b'-- Up-to-date symlink: /home/rohan/cobotx/install/nav_bot/share/nav_bot/worlds/meshes/nxt_racks/bts_qr_codes/BTS00068676.png\n'}
[0.597172] (nav_bot) StdoutLine: {'line': b'-- Up-to-date symlink: /home/rohan/cobotx/install/nav_bot/share/nav_bot/worlds/meshes/nxt_racks/bts_qr_codes/BTS00068677.png\n'}
[0.597314] (nav_bot) StdoutLine: {'line': b'-- Up-to-date symlink: /home/rohan/cobotx/install/nav_bot/share/nav_bot/worlds/meshes/nxt_racks/bts_qr_codes/BTS00068678.png\n'}
[0.597457] (nav_bot) StdoutLine: {'line': b'-- Up-to-date symlink: /home/rohan/cobotx/install/nav_bot/share/nav_bot/worlds/meshes/nxt_racks/bts_qr_codes/BTS00068679.png\n'}
[0.597596] (nav_bot) StdoutLine: {'line': b'-- Up-to-date symlink: /home/rohan/cobotx/install/nav_bot/share/nav_bot/worlds/meshes/nxt_racks/bts_qr_codes/BTS00068680.png\n'}
[0.597744] (nav_bot) StdoutLine: {'line': b'-- Up-to-date symlink: /home/rohan/cobotx/install/nav_bot/share/nav_bot/worlds/meshes/nxt_racks/bts_qr_codes/BTS00068681.png\n'}
[0.597887] (nav_bot) StdoutLine: {'line': b'-- Up-to-date symlink: /home/rohan/cobotx/install/nav_bot/share/nav_bot/worlds/meshes/nxt_racks/bts_qr_codes/BTS00068682.png\n'}
[0.598026] (nav_bot) StdoutLine: {'line': b'-- Up-to-date symlink: /home/rohan/cobotx/install/nav_bot/share/nav_bot/worlds/meshes/nxt_racks/bts_qr_codes/BTS00068683.png\n'}
[0.598168] (nav_bot) StdoutLine: {'line': b'-- Up-to-date symlink: /home/rohan/cobotx/install/nav_bot/share/nav_bot/worlds/meshes/nxt_racks/bts_qr_codes/BTS00068684.png\n'}
[0.598307] (nav_bot) StdoutLine: {'line': b'-- Up-to-date symlink: /home/rohan/cobotx/install/nav_bot/share/nav_bot/worlds/meshes/nxt_racks/bts_qr_codes/BTS00068685.png\n'}
[0.598447] (nav_bot) StdoutLine: {'line': b'-- Up-to-date symlink: /home/rohan/cobotx/install/nav_bot/share/nav_bot/worlds/meshes/nxt_racks/bts_qr_codes/BTS00068686.png\n'}
[0.598590] (nav_bot) StdoutLine: {'line': b'-- Up-to-date symlink: /home/rohan/cobotx/install/nav_bot/share/nav_bot/worlds/meshes/nxt_racks/bts_qr_codes/BTS00068687.png\n'}
[0.598755] (nav_bot) StdoutLine: {'line': b'-- Up-to-date symlink: /home/rohan/cobotx/install/nav_bot/share/nav_bot/worlds/meshes/nxt_racks/bts_qr_codes/BTS00068688.png\n'}
[0.598899] (nav_bot) StdoutLine: {'line': b'-- Up-to-date symlink: /home/rohan/cobotx/install/nav_bot/share/nav_bot/worlds/meshes/nxt_racks/bts_qr_codes/BTS00068689.png\n'}
[0.599042] (nav_bot) StdoutLine: {'line': b'-- Up-to-date symlink: /home/rohan/cobotx/install/nav_bot/share/nav_bot/worlds/meshes/nxt_racks/bts_qr_codes/BTS00068690.png\n'}
[0.599184] (nav_bot) StdoutLine: {'line': b'-- Up-to-date symlink: /home/rohan/cobotx/install/nav_bot/share/nav_bot/worlds/meshes/nxt_racks/bts_qr_codes/BTS00068691.png\n'}
[0.599325] (nav_bot) StdoutLine: {'line': b'-- Up-to-date symlink: /home/rohan/cobotx/install/nav_bot/share/nav_bot/worlds/meshes/nxt_racks/bts_qr_codes/BTS00068692.png\n'}
[0.599467] (nav_bot) StdoutLine: {'line': b'-- Up-to-date symlink: /home/rohan/cobotx/install/nav_bot/share/nav_bot/worlds/meshes/nxt_racks/bts_qr_codes/BTS00068693.png\n'}
[0.599608] (nav_bot) StdoutLine: {'line': b'-- Up-to-date symlink: /home/rohan/cobotx/install/nav_bot/share/nav_bot/worlds/meshes/nxt_racks/bts_qr_codes/BTS00068694.png\n'}
[0.599749] (nav_bot) StdoutLine: {'line': b'-- Up-to-date symlink: /home/rohan/cobotx/install/nav_bot/share/nav_bot/worlds/meshes/nxt_racks/bts_qr_codes/BTS00068695.png\n'}
[0.599891] (nav_bot) StdoutLine: {'line': b'-- Up-to-date symlink: /home/rohan/cobotx/install/nav_bot/share/nav_bot/worlds/meshes/nxt_racks/bts_qr_codes/BTS00068696.png\n'}
[0.600033] (nav_bot) StdoutLine: {'line': b'-- Up-to-date symlink: /home/rohan/cobotx/install/nav_bot/share/nav_bot/worlds/meshes/nxt_racks/bts_qr_codes/BTS00068697.png\n'}
[0.600175] (nav_bot) StdoutLine: {'line': b'-- Up-to-date symlink: /home/rohan/cobotx/install/nav_bot/share/nav_bot/worlds/meshes/nxt_racks/bts_qr_codes/BTS00068698.png\n'}
[0.600316] (nav_bot) StdoutLine: {'line': b'-- Up-to-date symlink: /home/rohan/cobotx/install/nav_bot/share/nav_bot/worlds/meshes/nxt_racks/bts_qr_codes/BTS00068699.png\n'}
[0.600361] (-) TimerEvent: {}
[0.600463] (nav_bot) StdoutLine: {'line': b'-- Up-to-date symlink: /home/rohan/cobotx/install/nav_bot/share/nav_bot/worlds/meshes/nxt_racks/bts_qr_codes/BTS00068700.png\n'}
[0.600629] (nav_bot) StdoutLine: {'line': b'-- Up-to-date symlink: /home/rohan/cobotx/install/nav_bot/share/nav_bot/worlds/meshes/nxt_racks/bts_qr_codes/BTS00068701.png\n'}
[0.600796] (nav_bot) StdoutLine: {'line': b'-- Up-to-date symlink: /home/rohan/cobotx/install/nav_bot/share/nav_bot/worlds/meshes/nxt_racks/bts_qr_codes/BTS00068702.png\n'}
[0.600933] (nav_bot) StdoutLine: {'line': b'-- Up-to-date symlink: /home/rohan/cobotx/install/nav_bot/share/nav_bot/worlds/meshes/nxt_racks/bts_qr_codes/BTS00068703.png\n'}
[0.601070] (nav_bot) StdoutLine: {'line': b'-- Up-to-date symlink: /home/rohan/cobotx/install/nav_bot/share/nav_bot/worlds/meshes/nxt_racks/bts_qr_codes/BTS00068704.png\n'}
[0.601346] (nav_bot) StdoutLine: {'line': b'-- Up-to-date symlink: /home/rohan/cobotx/install/nav_bot/share/nav_bot/worlds/meshes/nxt_racks/bts_qr_codes/BTS00068705.png\n'}
[0.601641] (nav_bot) StdoutLine: {'line': b'-- Up-to-date symlink: /home/rohan/cobotx/install/nav_bot/share/nav_bot/worlds/meshes/nxt_racks/bts_qr_codes/BTS00068706.png\n'}
[0.601935] (nav_bot) StdoutLine: {'line': b'-- Up-to-date symlink: /home/rohan/cobotx/install/nav_bot/share/nav_bot/worlds/meshes/nxt_racks/bts_qr_codes/BTS00068707.png\n'}
[0.602218] (nav_bot) StdoutLine: {'line': b'-- Up-to-date symlink: /home/rohan/cobotx/install/nav_bot/share/nav_bot/worlds/meshes/nxt_racks/bts_qr_codes/BTS00068708.png\n'}
[0.602514] (nav_bot) StdoutLine: {'line': b'-- Up-to-date symlink: /home/rohan/cobotx/install/nav_bot/share/nav_bot/worlds/meshes/nxt_racks/bts_qr_codes/BTS00068709.png\n'}
[0.602730] (nav_bot) StdoutLine: {'line': b'-- Up-to-date symlink: /home/rohan/cobotx/install/nav_bot/share/nav_bot/worlds/meshes/nxt_racks/bts_qr_codes/BTS00068710.png\n'}
[0.602968] (nav_bot) StdoutLine: {'line': b'-- Up-to-date symlink: /home/rohan/cobotx/install/nav_bot/share/nav_bot/worlds/meshes/nxt_racks/bts_qr_codes/BTS00068711.png\n'}
[0.603256] (nav_bot) StdoutLine: {'line': b'-- Up-to-date symlink: /home/rohan/cobotx/install/nav_bot/share/nav_bot/worlds/meshes/nxt_racks/bts_qr_codes/BTS00068712.png\n'}
[0.603491] (nav_bot) StdoutLine: {'line': b'-- Up-to-date symlink: /home/rohan/cobotx/install/nav_bot/share/nav_bot/worlds/meshes/nxt_racks/bts_qr_codes/BTS00068713.png\n'}
[0.603772] (nav_bot) StdoutLine: {'line': b'-- Up-to-date symlink: /home/rohan/cobotx/install/nav_bot/share/nav_bot/worlds/meshes/nxt_racks/bts_qr_codes/BTS00068714.png\n'}
[0.604005] (nav_bot) StdoutLine: {'line': b'-- Up-to-date symlink: /home/rohan/cobotx/install/nav_bot/share/nav_bot/worlds/meshes/nxt_racks/bts_qr_codes/BTS00068715.png\n'}
[0.604184] (nav_bot) StdoutLine: {'line': b'-- Up-to-date symlink: /home/rohan/cobotx/install/nav_bot/share/nav_bot/worlds/meshes/nxt_racks/bts_qr_codes/BTS00068716.png\n'}
[0.604322] (nav_bot) StdoutLine: {'line': b'-- Up-to-date symlink: /home/rohan/cobotx/install/nav_bot/share/nav_bot/worlds/meshes/nxt_racks/bts_qr_codes/BTS00068717.png\n'}
[0.604468] (nav_bot) StdoutLine: {'line': b'-- Up-to-date symlink: /home/rohan/cobotx/install/nav_bot/share/nav_bot/worlds/meshes/nxt_racks/bts_qr_codes/BTS00068718.png\n'}
[0.604612] (nav_bot) StdoutLine: {'line': b'-- Up-to-date symlink: /home/rohan/cobotx/install/nav_bot/share/nav_bot/worlds/meshes/nxt_racks/bts_qr_codes/BTS00068719.png\n'}
[0.604772] (nav_bot) StdoutLine: {'line': b'-- Up-to-date symlink: /home/rohan/cobotx/install/nav_bot/share/nav_bot/worlds/meshes/nxt_racks/bts_qr_codes/BTS00068720.png\n'}
[0.605042] (nav_bot) StdoutLine: {'line': b'-- Up-to-date symlink: /home/rohan/cobotx/install/nav_bot/share/nav_bot/worlds/meshes/nxt_racks/bts_qr_codes/BTS00068721.png\n'}
[0.605130] (nav_bot) StdoutLine: {'line': b'-- Up-to-date symlink: /home/rohan/cobotx/install/nav_bot/share/nav_bot/worlds/meshes/nxt_racks/bts_qr_codes/BTS00068722.png\n'}
[0.605312] (nav_bot) StdoutLine: {'line': b'-- Up-to-date symlink: /home/rohan/cobotx/install/nav_bot/share/nav_bot/worlds/meshes/nxt_racks/bts_qr_codes/BTS00068723.png\n'}
[0.605523] (nav_bot) StdoutLine: {'line': b'-- Up-to-date symlink: /home/rohan/cobotx/install/nav_bot/share/nav_bot/worlds/meshes/nxt_racks/bts_qr_codes/BTS00068724.png\n'}
[0.605784] (nav_bot) StdoutLine: {'line': b'-- Up-to-date symlink: /home/rohan/cobotx/install/nav_bot/share/nav_bot/worlds/meshes/nxt_racks/bts_qr_codes/BTS00068725.png\n'}
[0.606000] (nav_bot) StdoutLine: {'line': b'-- Up-to-date symlink: /home/rohan/cobotx/install/nav_bot/share/nav_bot/worlds/meshes/nxt_racks/bts_qr_codes/BTS00068726.png\n'}
[0.606212] (nav_bot) StdoutLine: {'line': b'-- Up-to-date symlink: /home/rohan/cobotx/install/nav_bot/share/nav_bot/worlds/meshes/nxt_racks/bts_qr_codes/BTS00068727.png\n'}
[0.606430] (nav_bot) StdoutLine: {'line': b'-- Up-to-date symlink: /home/rohan/cobotx/install/nav_bot/share/nav_bot/worlds/meshes/nxt_racks/bts_qr_codes/BTS00068728.png\n'}
[0.606640] (nav_bot) StdoutLine: {'line': b'-- Up-to-date symlink: /home/rohan/cobotx/install/nav_bot/share/nav_bot/worlds/meshes/nxt_racks/bts_qr_codes/BTS00068729.png\n'}
[0.606853] (nav_bot) StdoutLine: {'line': b'-- Up-to-date symlink: /home/rohan/cobotx/install/nav_bot/share/nav_bot/worlds/meshes/nxt_racks/bts_qr_codes/BTS00068730.png\n'}
[0.607066] (nav_bot) StdoutLine: {'line': b'-- Up-to-date symlink: /home/rohan/cobotx/install/nav_bot/share/nav_bot/worlds/meshes/nxt_racks/bts_qr_codes/BTS00069884.png\n'}
[0.607263] (nav_bot) StdoutLine: {'line': b'-- Up-to-date symlink: /home/rohan/cobotx/install/nav_bot/share/nav_bot/worlds/meshes/nxt_racks/bts_qr_codes/BTS00069885.png\n'}
[0.607439] (nav_bot) StdoutLine: {'line': b'-- Up-to-date symlink: /home/rohan/cobotx/install/nav_bot/share/nav_bot/worlds/meshes/nxt_racks/bts_qr_codes/BTS00069886.png\n'}
[0.607656] (nav_bot) StdoutLine: {'line': b'-- Up-to-date symlink: /home/rohan/cobotx/install/nav_bot/share/nav_bot/worlds/meshes/nxt_racks/bts_qr_codes/BTS00069887.png\n'}
[0.607847] (nav_bot) StdoutLine: {'line': b'-- Up-to-date symlink: /home/rohan/cobotx/install/nav_bot/share/nav_bot/worlds/meshes/nxt_racks/bts_qr_codes/BTS00069888.png\n'}
[0.608061] (nav_bot) StdoutLine: {'line': b'-- Up-to-date symlink: /home/rohan/cobotx/install/nav_bot/share/nav_bot/worlds/meshes/nxt_racks/bts_qr_codes/BTS00069889.png\n'}
[0.608239] (nav_bot) StdoutLine: {'line': b'-- Up-to-date symlink: /home/rohan/cobotx/install/nav_bot/share/nav_bot/worlds/meshes/nxt_racks/bts_qr_codes/BTS00069890.png\n'}
[0.608428] (nav_bot) StdoutLine: {'line': b'-- Up-to-date symlink: /home/rohan/cobotx/install/nav_bot/share/nav_bot/worlds/meshes/nxt_racks/bts_qr_codes/BTS00069891.png\n'}
[0.608576] (nav_bot) StdoutLine: {'line': b'-- Up-to-date symlink: /home/rohan/cobotx/install/nav_bot/share/nav_bot/worlds/meshes/nxt_racks/bts_qr_codes/BTS00069892.png\n'}
[0.608776] (nav_bot) StdoutLine: {'line': b'-- Up-to-date symlink: /home/rohan/cobotx/install/nav_bot/share/nav_bot/worlds/meshes/nxt_racks/bts_qr_codes/BTS00069893.png\n'}
[0.608980] (nav_bot) StdoutLine: {'line': b'-- Up-to-date symlink: /home/rohan/cobotx/install/nav_bot/share/nav_bot/worlds/meshes/nxt_racks/bts_qr_codes/BTS00069894.png\n'}
[0.609163] (nav_bot) StdoutLine: {'line': b'-- Up-to-date symlink: /home/rohan/cobotx/install/nav_bot/share/nav_bot/worlds/meshes/nxt_racks/bts_qr_codes/BTS00069895.png\n'}
[0.609376] (nav_bot) StdoutLine: {'line': b'-- Up-to-date symlink: /home/rohan/cobotx/install/nav_bot/share/nav_bot/worlds/meshes/nxt_racks/bts_qr_codes/BTS00069896.png\n'}
[0.609564] (nav_bot) StdoutLine: {'line': b'-- Up-to-date symlink: /home/rohan/cobotx/install/nav_bot/share/nav_bot/worlds/meshes/nxt_racks/bts_qr_codes/BTS00069897.png\n'}
[0.609866] (nav_bot) StdoutLine: {'line': b'-- Up-to-date symlink: /home/rohan/cobotx/install/nav_bot/share/nav_bot/worlds/meshes/nxt_racks/bts_qr_codes/BTS00069898.png\n'}
[0.610102] (nav_bot) StdoutLine: {'line': b'-- Up-to-date symlink: /home/rohan/cobotx/install/nav_bot/share/nav_bot/worlds/meshes/nxt_racks/bts_qr_codes/BTS00069899.png\n'}
[0.610392] (nav_bot) StdoutLine: {'line': b'-- Up-to-date symlink: /home/rohan/cobotx/install/nav_bot/share/nav_bot/worlds/meshes/nxt_racks/bts_qr_codes/BTS00069900.png\n'}
[0.610708] (nav_bot) StdoutLine: {'line': b'-- Up-to-date symlink: /home/rohan/cobotx/install/nav_bot/share/nav_bot/worlds/meshes/nxt_racks/front.png\n'}
[0.610995] (nav_bot) StdoutLine: {'line': b'-- Up-to-date symlink: /home/rohan/cobotx/install/nav_bot/share/nav_bot/worlds/meshes/nxt_racks/ground.png\n'}
[0.611242] (nav_bot) StdoutLine: {'line': b'-- Up-to-date symlink: /home/rohan/cobotx/install/nav_bot/share/nav_bot/worlds/meshes/nxt_racks/left.png\n'}
[0.611828] (nav_bot) StdoutLine: {'line': b'-- Up-to-date symlink: /home/rohan/cobotx/install/nav_bot/share/nav_bot/worlds/meshes/nxt_racks/qr_output/HD-01_A_01.png\n'}
[0.612197] (nav_bot) StdoutLine: {'line': b'-- Up-to-date symlink: /home/rohan/cobotx/install/nav_bot/share/nav_bot/worlds/meshes/nxt_racks/qr_output/HD-01_A_02.png\n'}
[0.612338] (nav_bot) StdoutLine: {'line': b'-- Up-to-date symlink: /home/rohan/cobotx/install/nav_bot/share/nav_bot/worlds/meshes/nxt_racks/qr_output/HD-01_A_03.png\n'}
[0.612482] (nav_bot) StdoutLine: {'line': b'-- Up-to-date symlink: /home/rohan/cobotx/install/nav_bot/share/nav_bot/worlds/meshes/nxt_racks/qr_output/HD-01_A_04.png\n'}
[0.612624] (nav_bot) StdoutLine: {'line': b'-- Up-to-date symlink: /home/rohan/cobotx/install/nav_bot/share/nav_bot/worlds/meshes/nxt_racks/qr_output/HD-01_A_05.png\n'}
[0.612768] (nav_bot) StdoutLine: {'line': b'-- Up-to-date symlink: /home/rohan/cobotx/install/nav_bot/share/nav_bot/worlds/meshes/nxt_racks/qr_output/HD-01_A_06.png\n'}
[0.612904] (nav_bot) StdoutLine: {'line': b'-- Up-to-date symlink: /home/rohan/cobotx/install/nav_bot/share/nav_bot/worlds/meshes/nxt_racks/qr_output/HD-01_A_07.png\n'}
[0.613048] (nav_bot) StdoutLine: {'line': b'-- Up-to-date symlink: /home/rohan/cobotx/install/nav_bot/share/nav_bot/worlds/meshes/nxt_racks/qr_output/HD-01_A_08.png\n'}
[0.613186] (nav_bot) StdoutLine: {'line': b'-- Up-to-date symlink: /home/rohan/cobotx/install/nav_bot/share/nav_bot/worlds/meshes/nxt_racks/qr_output/HD-01_A_09.png\n'}
[0.613323] (nav_bot) StdoutLine: {'line': b'-- Up-to-date symlink: /home/rohan/cobotx/install/nav_bot/share/nav_bot/worlds/meshes/nxt_racks/qr_output/HD-01_A_10.png\n'}
[0.613472] (nav_bot) StdoutLine: {'line': b'-- Up-to-date symlink: /home/rohan/cobotx/install/nav_bot/share/nav_bot/worlds/meshes/nxt_racks/qr_output/HD-01_A_11.png\n'}
[0.613609] (nav_bot) StdoutLine: {'line': b'-- Up-to-date symlink: /home/rohan/cobotx/install/nav_bot/share/nav_bot/worlds/meshes/nxt_racks/qr_output/HD-01_A_12.png\n'}
[0.613752] (nav_bot) StdoutLine: {'line': b'-- Up-to-date symlink: /home/rohan/cobotx/install/nav_bot/share/nav_bot/worlds/meshes/nxt_racks/qr_output/HD-01_A_13.png\n'}
[0.613885] (nav_bot) StdoutLine: {'line': b'-- Up-to-date symlink: /home/rohan/cobotx/install/nav_bot/share/nav_bot/worlds/meshes/nxt_racks/qr_output/HD-01_A_14.png\n'}
[0.614015] (nav_bot) StdoutLine: {'line': b'-- Up-to-date symlink: /home/rohan/cobotx/install/nav_bot/share/nav_bot/worlds/meshes/nxt_racks/qr_output/HD-01_A_15.png\n'}
[0.614149] (nav_bot) StdoutLine: {'line': b'-- Up-to-date symlink: /home/rohan/cobotx/install/nav_bot/share/nav_bot/worlds/meshes/nxt_racks/qr_output/HD-01_A_16.png\n'}
[0.614300] (nav_bot) StdoutLine: {'line': b'-- Up-to-date symlink: /home/rohan/cobotx/install/nav_bot/share/nav_bot/worlds/meshes/nxt_racks/qr_output/HD-01_A_17.png\n'}
[0.614422] (nav_bot) StdoutLine: {'line': b'-- Up-to-date symlink: /home/rohan/cobotx/install/nav_bot/share/nav_bot/worlds/meshes/nxt_racks/qr_output/HD-01_A_18.png\n'}
[0.614579] (nav_bot) StdoutLine: {'line': b'-- Up-to-date symlink: /home/rohan/cobotx/install/nav_bot/share/nav_bot/worlds/meshes/nxt_racks/qr_output/HD-01_A_19.png\n'}
[0.614724] (nav_bot) StdoutLine: {'line': b'-- Up-to-date symlink: /home/rohan/cobotx/install/nav_bot/share/nav_bot/worlds/meshes/nxt_racks/qr_output/HD-01_A_20.png\n'}
[0.614870] (nav_bot) StdoutLine: {'line': b'-- Up-to-date symlink: /home/rohan/cobotx/install/nav_bot/share/nav_bot/worlds/meshes/nxt_racks/qr_output/HD-01_A_21.png\n'}
[0.615000] (nav_bot) StdoutLine: {'line': b'-- Up-to-date symlink: /home/rohan/cobotx/install/nav_bot/share/nav_bot/worlds/meshes/nxt_racks/qr_output/HD-01_A_22.png\n'}
[0.615138] (nav_bot) StdoutLine: {'line': b'-- Up-to-date symlink: /home/rohan/cobotx/install/nav_bot/share/nav_bot/worlds/meshes/nxt_racks/qr_output/HD-01_A_23.png\n'}
[0.615274] (nav_bot) StdoutLine: {'line': b'-- Up-to-date symlink: /home/rohan/cobotx/install/nav_bot/share/nav_bot/worlds/meshes/nxt_racks/qr_output/HD-01_A_24.png\n'}
[0.615422] (nav_bot) StdoutLine: {'line': b'-- Up-to-date symlink: /home/rohan/cobotx/install/nav_bot/share/nav_bot/worlds/meshes/nxt_racks/qr_output/HD-01_A_25.png\n'}
[0.615566] (nav_bot) StdoutLine: {'line': b'-- Up-to-date symlink: /home/rohan/cobotx/install/nav_bot/share/nav_bot/worlds/meshes/nxt_racks/qr_output/HD-01_A_26.png\n'}
[0.615709] (nav_bot) StdoutLine: {'line': b'-- Up-to-date symlink: /home/rohan/cobotx/install/nav_bot/share/nav_bot/worlds/meshes/nxt_racks/qr_output/HD-01_A_27.png\n'}
[0.615852] (nav_bot) StdoutLine: {'line': b'-- Up-to-date symlink: /home/rohan/cobotx/install/nav_bot/share/nav_bot/worlds/meshes/nxt_racks/qr_output/HD-01_A_28.png\n'}
[0.615996] (nav_bot) StdoutLine: {'line': b'-- Up-to-date symlink: /home/rohan/cobotx/install/nav_bot/share/nav_bot/worlds/meshes/nxt_racks/qr_output/HD-01_A_29.png\n'}
[0.616138] (nav_bot) StdoutLine: {'line': b'-- Up-to-date symlink: /home/rohan/cobotx/install/nav_bot/share/nav_bot/worlds/meshes/nxt_racks/qr_output/HD-01_A_30.png\n'}
[0.616284] (nav_bot) StdoutLine: {'line': b'-- Up-to-date symlink: /home/rohan/cobotx/install/nav_bot/share/nav_bot/worlds/meshes/nxt_racks/qr_output/HD-01_A_31.png\n'}
[0.616430] (nav_bot) StdoutLine: {'line': b'-- Up-to-date symlink: /home/rohan/cobotx/install/nav_bot/share/nav_bot/worlds/meshes/nxt_racks/qr_output/HD-01_A_32.png\n'}
[0.616577] (nav_bot) StdoutLine: {'line': b'-- Up-to-date symlink: /home/rohan/cobotx/install/nav_bot/share/nav_bot/worlds/meshes/nxt_racks/qr_output/HD-01_A_33.png\n'}
[0.616719] (nav_bot) StdoutLine: {'line': b'-- Up-to-date symlink: /home/rohan/cobotx/install/nav_bot/share/nav_bot/worlds/meshes/nxt_racks/qr_output/HD-01_A_34.png\n'}
[0.616868] (nav_bot) StdoutLine: {'line': b'-- Up-to-date symlink: /home/rohan/cobotx/install/nav_bot/share/nav_bot/worlds/meshes/nxt_racks/qr_output/HD-01_A_35.png\n'}
[0.617017] (nav_bot) StdoutLine: {'line': b'-- Up-to-date symlink: /home/rohan/cobotx/install/nav_bot/share/nav_bot/worlds/meshes/nxt_racks/qr_output/HD-01_A_36.png\n'}
[0.617168] (nav_bot) StdoutLine: {'line': b'-- Up-to-date symlink: /home/rohan/cobotx/install/nav_bot/share/nav_bot/worlds/meshes/nxt_racks/qr_output/HD-01_A_37.png\n'}
[0.617311] (nav_bot) StdoutLine: {'line': b'-- Up-to-date symlink: /home/rohan/cobotx/install/nav_bot/share/nav_bot/worlds/meshes/nxt_racks/qr_output/HD-01_A_38.png\n'}
[0.617456] (nav_bot) StdoutLine: {'line': b'-- Up-to-date symlink: /home/rohan/cobotx/install/nav_bot/share/nav_bot/worlds/meshes/nxt_racks/qr_output/HD-01_B_01.png\n'}
[0.617611] (nav_bot) StdoutLine: {'line': b'-- Up-to-date symlink: /home/rohan/cobotx/install/nav_bot/share/nav_bot/worlds/meshes/nxt_racks/qr_output/HD-01_B_02.png\n'}
[0.617779] (nav_bot) StdoutLine: {'line': b'-- Up-to-date symlink: /home/rohan/cobotx/install/nav_bot/share/nav_bot/worlds/meshes/nxt_racks/qr_output/HD-01_B_03.png\n'}
[0.617924] (nav_bot) StdoutLine: {'line': b'-- Up-to-date symlink: /home/rohan/cobotx/install/nav_bot/share/nav_bot/worlds/meshes/nxt_racks/qr_output/HD-01_B_04.png\n'}
[0.618070] (nav_bot) StdoutLine: {'line': b'-- Up-to-date symlink: /home/rohan/cobotx/install/nav_bot/share/nav_bot/worlds/meshes/nxt_racks/qr_output/HD-01_B_05.png\n'}
[0.618213] (nav_bot) StdoutLine: {'line': b'-- Up-to-date symlink: /home/rohan/cobotx/install/nav_bot/share/nav_bot/worlds/meshes/nxt_racks/qr_output/HD-01_B_06.png\n'}
[0.618367] (nav_bot) StdoutLine: {'line': b'-- Up-to-date symlink: /home/rohan/cobotx/install/nav_bot/share/nav_bot/worlds/meshes/nxt_racks/qr_output/HD-01_B_07.png\n'}
[0.618501] (nav_bot) StdoutLine: {'line': b'-- Up-to-date symlink: /home/rohan/cobotx/install/nav_bot/share/nav_bot/worlds/meshes/nxt_racks/qr_output/HD-01_B_08.png\n'}
[0.618649] (nav_bot) StdoutLine: {'line': b'-- Up-to-date symlink: /home/rohan/cobotx/install/nav_bot/share/nav_bot/worlds/meshes/nxt_racks/qr_output/HD-01_B_09.png\n'}
[0.618797] (nav_bot) StdoutLine: {'line': b'-- Up-to-date symlink: /home/rohan/cobotx/install/nav_bot/share/nav_bot/worlds/meshes/nxt_racks/qr_output/HD-01_B_10.png\n'}
[0.618943] (nav_bot) StdoutLine: {'line': b'-- Up-to-date symlink: /home/rohan/cobotx/install/nav_bot/share/nav_bot/worlds/meshes/nxt_racks/qr_output/HD-01_B_11.png\n'}
[0.619091] (nav_bot) StdoutLine: {'line': b'-- Up-to-date symlink: /home/rohan/cobotx/install/nav_bot/share/nav_bot/worlds/meshes/nxt_racks/qr_output/HD-01_B_12.png\n'}
[0.619238] (nav_bot) StdoutLine: {'line': b'-- Up-to-date symlink: /home/rohan/cobotx/install/nav_bot/share/nav_bot/worlds/meshes/nxt_racks/qr_output/HD-01_B_13.png\n'}
[0.619389] (nav_bot) StdoutLine: {'line': b'-- Up-to-date symlink: /home/rohan/cobotx/install/nav_bot/share/nav_bot/worlds/meshes/nxt_racks/qr_output/HD-01_B_14.png\n'}
[0.619534] (nav_bot) StdoutLine: {'line': b'-- Up-to-date symlink: /home/rohan/cobotx/install/nav_bot/share/nav_bot/worlds/meshes/nxt_racks/qr_output/HD-01_B_15.png\n'}
[0.619691] (nav_bot) StdoutLine: {'line': b'-- Up-to-date symlink: /home/rohan/cobotx/install/nav_bot/share/nav_bot/worlds/meshes/nxt_racks/qr_output/HD-01_B_16.png\n'}
[0.619840] (nav_bot) StdoutLine: {'line': b'-- Up-to-date symlink: /home/rohan/cobotx/install/nav_bot/share/nav_bot/worlds/meshes/nxt_racks/qr_output/HD-01_B_17.png\n'}
[0.619986] (nav_bot) StdoutLine: {'line': b'-- Up-to-date symlink: /home/rohan/cobotx/install/nav_bot/share/nav_bot/worlds/meshes/nxt_racks/qr_output/HD-01_B_18.png\n'}
[0.620128] (nav_bot) StdoutLine: {'line': b'-- Up-to-date symlink: /home/rohan/cobotx/install/nav_bot/share/nav_bot/worlds/meshes/nxt_racks/qr_output/HD-01_B_19.png\n'}
[0.620267] (nav_bot) StdoutLine: {'line': b'-- Up-to-date symlink: /home/rohan/cobotx/install/nav_bot/share/nav_bot/worlds/meshes/nxt_racks/qr_output/HD-01_B_20.png\n'}
[0.620405] (nav_bot) StdoutLine: {'line': b'-- Up-to-date symlink: /home/rohan/cobotx/install/nav_bot/share/nav_bot/worlds/meshes/nxt_racks/qr_output/HD-01_B_21.png\n'}
[0.620544] (nav_bot) StdoutLine: {'line': b'-- Up-to-date symlink: /home/rohan/cobotx/install/nav_bot/share/nav_bot/worlds/meshes/nxt_racks/qr_output/HD-01_B_22.png\n'}
[0.620693] (nav_bot) StdoutLine: {'line': b'-- Up-to-date symlink: /home/rohan/cobotx/install/nav_bot/share/nav_bot/worlds/meshes/nxt_racks/qr_output/HD-01_B_23.png\n'}
[0.620844] (nav_bot) StdoutLine: {'line': b'-- Up-to-date symlink: /home/rohan/cobotx/install/nav_bot/share/nav_bot/worlds/meshes/nxt_racks/qr_output/HD-01_B_24.png\n'}
[0.620980] (nav_bot) StdoutLine: {'line': b'-- Up-to-date symlink: /home/rohan/cobotx/install/nav_bot/share/nav_bot/worlds/meshes/nxt_racks/qr_output/HD-01_B_25.png\n'}
[0.621117] (nav_bot) StdoutLine: {'line': b'-- Up-to-date symlink: /home/rohan/cobotx/install/nav_bot/share/nav_bot/worlds/meshes/nxt_racks/qr_output/HD-01_B_26.png\n'}
[0.621253] (nav_bot) StdoutLine: {'line': b'-- Up-to-date symlink: /home/rohan/cobotx/install/nav_bot/share/nav_bot/worlds/meshes/nxt_racks/qr_output/HD-01_B_27.png\n'}
[0.621392] (nav_bot) StdoutLine: {'line': b'-- Up-to-date symlink: /home/rohan/cobotx/install/nav_bot/share/nav_bot/worlds/meshes/nxt_racks/qr_output/HD-01_B_28.png\n'}
[0.621528] (nav_bot) StdoutLine: {'line': b'-- Up-to-date symlink: /home/rohan/cobotx/install/nav_bot/share/nav_bot/worlds/meshes/nxt_racks/qr_output/HD-01_B_29.png\n'}
[0.621677] (nav_bot) StdoutLine: {'line': b'-- Up-to-date symlink: /home/rohan/cobotx/install/nav_bot/share/nav_bot/worlds/meshes/nxt_racks/qr_output/HD-01_B_30.png\n'}
[0.621817] (nav_bot) StdoutLine: {'line': b'-- Up-to-date symlink: /home/rohan/cobotx/install/nav_bot/share/nav_bot/worlds/meshes/nxt_racks/qr_output/HD-01_B_31.png\n'}
[0.621959] (nav_bot) StdoutLine: {'line': b'-- Up-to-date symlink: /home/rohan/cobotx/install/nav_bot/share/nav_bot/worlds/meshes/nxt_racks/qr_output/HD-01_B_32.png\n'}
[0.622094] (nav_bot) StdoutLine: {'line': b'-- Up-to-date symlink: /home/rohan/cobotx/install/nav_bot/share/nav_bot/worlds/meshes/nxt_racks/qr_output/HD-01_B_33.png\n'}
[0.622232] (nav_bot) StdoutLine: {'line': b'-- Up-to-date symlink: /home/rohan/cobotx/install/nav_bot/share/nav_bot/worlds/meshes/nxt_racks/qr_output/HD-01_B_34.png\n'}
[0.622369] (nav_bot) StdoutLine: {'line': b'-- Up-to-date symlink: /home/rohan/cobotx/install/nav_bot/share/nav_bot/worlds/meshes/nxt_racks/qr_output/HD-01_B_35.png\n'}
[0.622508] (nav_bot) StdoutLine: {'line': b'-- Up-to-date symlink: /home/rohan/cobotx/install/nav_bot/share/nav_bot/worlds/meshes/nxt_racks/qr_output/HD-01_B_36.png\n'}
[0.622649] (nav_bot) StdoutLine: {'line': b'-- Up-to-date symlink: /home/rohan/cobotx/install/nav_bot/share/nav_bot/worlds/meshes/nxt_racks/qr_output/HD-01_B_37.png\n'}
[0.622790] (nav_bot) StdoutLine: {'line': b'-- Up-to-date symlink: /home/rohan/cobotx/install/nav_bot/share/nav_bot/worlds/meshes/nxt_racks/qr_output/HD-01_B_38.png\n'}
[0.622926] (nav_bot) StdoutLine: {'line': b'-- Up-to-date symlink: /home/rohan/cobotx/install/nav_bot/share/nav_bot/worlds/meshes/nxt_racks/qr_output/HD-01_C_01.png\n'}
[0.623064] (nav_bot) StdoutLine: {'line': b'-- Up-to-date symlink: /home/rohan/cobotx/install/nav_bot/share/nav_bot/worlds/meshes/nxt_racks/qr_output/HD-01_C_02.png\n'}
[0.623202] (nav_bot) StdoutLine: {'line': b'-- Up-to-date symlink: /home/rohan/cobotx/install/nav_bot/share/nav_bot/worlds/meshes/nxt_racks/qr_output/HD-01_C_03.png\n'}
[0.623340] (nav_bot) StdoutLine: {'line': b'-- Up-to-date symlink: /home/rohan/cobotx/install/nav_bot/share/nav_bot/worlds/meshes/nxt_racks/qr_output/HD-01_C_04.png\n'}
[0.623478] (nav_bot) StdoutLine: {'line': b'-- Up-to-date symlink: /home/rohan/cobotx/install/nav_bot/share/nav_bot/worlds/meshes/nxt_racks/qr_output/HD-01_C_05.png\n'}
[0.623766] (nav_bot) StdoutLine: {'line': b'-- Up-to-date symlink: /home/rohan/cobotx/install/nav_bot/share/nav_bot/worlds/meshes/nxt_racks/qr_output/HD-01_C_06.png\n'}
[0.624055] (nav_bot) StdoutLine: {'line': b'-- Up-to-date symlink: /home/rohan/cobotx/install/nav_bot/share/nav_bot/worlds/meshes/nxt_racks/qr_output/HD-01_C_07.png\n'}
[0.624359] (nav_bot) StdoutLine: {'line': b'-- Up-to-date symlink: /home/rohan/cobotx/install/nav_bot/share/nav_bot/worlds/meshes/nxt_racks/qr_output/HD-01_C_08.png\n'}
[0.624673] (nav_bot) StdoutLine: {'line': b'-- Up-to-date symlink: /home/rohan/cobotx/install/nav_bot/share/nav_bot/worlds/meshes/nxt_racks/qr_output/HD-01_C_09.png\n'}
[0.624906] (nav_bot) StdoutLine: {'line': b'-- Up-to-date symlink: /home/rohan/cobotx/install/nav_bot/share/nav_bot/worlds/meshes/nxt_racks/qr_output/HD-01_C_10.png\n'}
[0.625111] (nav_bot) StdoutLine: {'line': b'-- Up-to-date symlink: /home/rohan/cobotx/install/nav_bot/share/nav_bot/worlds/meshes/nxt_racks/qr_output/HD-01_C_11.png\n'}
[0.625343] (nav_bot) StdoutLine: {'line': b'-- Up-to-date symlink: /home/rohan/cobotx/install/nav_bot/share/nav_bot/worlds/meshes/nxt_racks/qr_output/HD-01_C_12.png\n'}
[0.625629] (nav_bot) StdoutLine: {'line': b'-- Up-to-date symlink: /home/rohan/cobotx/install/nav_bot/share/nav_bot/worlds/meshes/nxt_racks/qr_output/HD-01_C_13.png\n'}
[0.625866] (nav_bot) StdoutLine: {'line': b'-- Up-to-date symlink: /home/rohan/cobotx/install/nav_bot/share/nav_bot/worlds/meshes/nxt_racks/qr_output/HD-01_C_14.png\n'}
[0.626144] (nav_bot) StdoutLine: {'line': b'-- Up-to-date symlink: /home/rohan/cobotx/install/nav_bot/share/nav_bot/worlds/meshes/nxt_racks/qr_output/HD-01_C_15.png\n'}
[0.626380] (nav_bot) StdoutLine: {'line': b'-- Up-to-date symlink: /home/rohan/cobotx/install/nav_bot/share/nav_bot/worlds/meshes/nxt_racks/qr_output/HD-01_C_16.png\n'}
[0.626553] (nav_bot) StdoutLine: {'line': b'-- Up-to-date symlink: /home/rohan/cobotx/install/nav_bot/share/nav_bot/worlds/meshes/nxt_racks/qr_output/HD-01_C_17.png\n'}
[0.626695] (nav_bot) StdoutLine: {'line': b'-- Up-to-date symlink: /home/rohan/cobotx/install/nav_bot/share/nav_bot/worlds/meshes/nxt_racks/qr_output/HD-01_C_18.png\n'}
[0.626837] (nav_bot) StdoutLine: {'line': b'-- Up-to-date symlink: /home/rohan/cobotx/install/nav_bot/share/nav_bot/worlds/meshes/nxt_racks/qr_output/HD-01_C_19.png\n'}
[0.626976] (nav_bot) StdoutLine: {'line': b'-- Up-to-date symlink: /home/rohan/cobotx/install/nav_bot/share/nav_bot/worlds/meshes/nxt_racks/qr_output/HD-01_C_20.png\n'}
[0.627114] (nav_bot) StdoutLine: {'line': b'-- Up-to-date symlink: /home/rohan/cobotx/install/nav_bot/share/nav_bot/worlds/meshes/nxt_racks/qr_output/HD-01_C_21.png\n'}
[0.627249] (nav_bot) StdoutLine: {'line': b'-- Up-to-date symlink: /home/rohan/cobotx/install/nav_bot/share/nav_bot/worlds/meshes/nxt_racks/qr_output/HD-01_C_22.png\n'}
[0.627390] (nav_bot) StdoutLine: {'line': b'-- Up-to-date symlink: /home/rohan/cobotx/install/nav_bot/share/nav_bot/worlds/meshes/nxt_racks/qr_output/HD-01_C_23.png\n'}
[0.627531] (nav_bot) StdoutLine: {'line': b'-- Up-to-date symlink: /home/rohan/cobotx/install/nav_bot/share/nav_bot/worlds/meshes/nxt_racks/qr_output/HD-01_C_24.png\n'}
[0.627677] (nav_bot) StdoutLine: {'line': b'-- Up-to-date symlink: /home/rohan/cobotx/install/nav_bot/share/nav_bot/worlds/meshes/nxt_racks/qr_output/HD-01_C_25.png\n'}
[0.627817] (nav_bot) StdoutLine: {'line': b'-- Up-to-date symlink: /home/rohan/cobotx/install/nav_bot/share/nav_bot/worlds/meshes/nxt_racks/qr_output/HD-01_C_26.png\n'}
[0.627958] (nav_bot) StdoutLine: {'line': b'-- Up-to-date symlink: /home/rohan/cobotx/install/nav_bot/share/nav_bot/worlds/meshes/nxt_racks/qr_output/HD-01_C_27.png\n'}
[0.628094] (nav_bot) StdoutLine: {'line': b'-- Up-to-date symlink: /home/rohan/cobotx/install/nav_bot/share/nav_bot/worlds/meshes/nxt_racks/qr_output/HD-01_C_28.png\n'}
[0.628231] (nav_bot) StdoutLine: {'line': b'-- Up-to-date symlink: /home/rohan/cobotx/install/nav_bot/share/nav_bot/worlds/meshes/nxt_racks/qr_output/HD-01_C_29.png\n'}
[0.628362] (nav_bot) StdoutLine: {'line': b'-- Up-to-date symlink: /home/rohan/cobotx/install/nav_bot/share/nav_bot/worlds/meshes/nxt_racks/qr_output/HD-01_C_30.png\n'}
[0.628494] (nav_bot) StdoutLine: {'line': b'-- Up-to-date symlink: /home/rohan/cobotx/install/nav_bot/share/nav_bot/worlds/meshes/nxt_racks/qr_output/HD-01_C_31.png\n'}
[0.628634] (nav_bot) StdoutLine: {'line': b'-- Up-to-date symlink: /home/rohan/cobotx/install/nav_bot/share/nav_bot/worlds/meshes/nxt_racks/qr_output/HD-01_C_32.png\n'}
[0.628781] (nav_bot) StdoutLine: {'line': b'-- Up-to-date symlink: /home/rohan/cobotx/install/nav_bot/share/nav_bot/worlds/meshes/nxt_racks/qr_output/HD-01_C_33.png\n'}
[0.628928] (nav_bot) StdoutLine: {'line': b'-- Up-to-date symlink: /home/rohan/cobotx/install/nav_bot/share/nav_bot/worlds/meshes/nxt_racks/qr_output/HD-01_C_34.png\n'}
[0.629063] (nav_bot) StdoutLine: {'line': b'-- Up-to-date symlink: /home/rohan/cobotx/install/nav_bot/share/nav_bot/worlds/meshes/nxt_racks/qr_output/HD-01_C_35.png\n'}
[0.629200] (nav_bot) StdoutLine: {'line': b'-- Up-to-date symlink: /home/rohan/cobotx/install/nav_bot/share/nav_bot/worlds/meshes/nxt_racks/qr_output/HD-01_C_36.png\n'}
[0.629336] (nav_bot) StdoutLine: {'line': b'-- Up-to-date symlink: /home/rohan/cobotx/install/nav_bot/share/nav_bot/worlds/meshes/nxt_racks/qr_output/HD-01_C_37.png\n'}
[0.629473] (nav_bot) StdoutLine: {'line': b'-- Up-to-date symlink: /home/rohan/cobotx/install/nav_bot/share/nav_bot/worlds/meshes/nxt_racks/qr_output/HD-01_C_38.png\n'}
[0.629615] (nav_bot) StdoutLine: {'line': b'-- Up-to-date symlink: /home/rohan/cobotx/install/nav_bot/share/nav_bot/worlds/meshes/nxt_racks/qr_output/HD-01_D_01.png\n'}
[0.629762] (nav_bot) StdoutLine: {'line': b'-- Up-to-date symlink: /home/rohan/cobotx/install/nav_bot/share/nav_bot/worlds/meshes/nxt_racks/qr_output/HD-01_D_02.png\n'}
[0.629903] (nav_bot) StdoutLine: {'line': b'-- Up-to-date symlink: /home/rohan/cobotx/install/nav_bot/share/nav_bot/worlds/meshes/nxt_racks/qr_output/HD-01_D_03.png\n'}
[0.630041] (nav_bot) StdoutLine: {'line': b'-- Up-to-date symlink: /home/rohan/cobotx/install/nav_bot/share/nav_bot/worlds/meshes/nxt_racks/qr_output/HD-01_D_04.png\n'}
[0.630178] (nav_bot) StdoutLine: {'line': b'-- Up-to-date symlink: /home/rohan/cobotx/install/nav_bot/share/nav_bot/worlds/meshes/nxt_racks/qr_output/HD-01_D_05.png\n'}
[0.630310] (nav_bot) StdoutLine: {'line': b'-- Up-to-date symlink: /home/rohan/cobotx/install/nav_bot/share/nav_bot/worlds/meshes/nxt_racks/qr_output/HD-01_D_06.png\n'}
[0.630455] (nav_bot) StdoutLine: {'line': b'-- Up-to-date symlink: /home/rohan/cobotx/install/nav_bot/share/nav_bot/worlds/meshes/nxt_racks/qr_output/HD-01_D_07.png\n'}
[0.630585] (nav_bot) StdoutLine: {'line': b'-- Up-to-date symlink: /home/rohan/cobotx/install/nav_bot/share/nav_bot/worlds/meshes/nxt_racks/qr_output/HD-01_D_08.png\n'}
[0.630725] (nav_bot) StdoutLine: {'line': b'-- Up-to-date symlink: /home/rohan/cobotx/install/nav_bot/share/nav_bot/worlds/meshes/nxt_racks/qr_output/HD-01_D_09.png\n'}
[0.630868] (nav_bot) StdoutLine: {'line': b'-- Up-to-date symlink: /home/rohan/cobotx/install/nav_bot/share/nav_bot/worlds/meshes/nxt_racks/qr_output/HD-01_D_10.png\n'}
[0.631005] (nav_bot) StdoutLine: {'line': b'-- Up-to-date symlink: /home/rohan/cobotx/install/nav_bot/share/nav_bot/worlds/meshes/nxt_racks/qr_output/HD-01_D_11.png\n'}
[0.631141] (nav_bot) StdoutLine: {'line': b'-- Up-to-date symlink: /home/rohan/cobotx/install/nav_bot/share/nav_bot/worlds/meshes/nxt_racks/qr_output/HD-01_D_12.png\n'}
[0.631279] (nav_bot) StdoutLine: {'line': b'-- Up-to-date symlink: /home/rohan/cobotx/install/nav_bot/share/nav_bot/worlds/meshes/nxt_racks/qr_output/HD-01_D_13.png\n'}
[0.631420] (nav_bot) StdoutLine: {'line': b'-- Up-to-date symlink: /home/rohan/cobotx/install/nav_bot/share/nav_bot/worlds/meshes/nxt_racks/qr_output/HD-01_D_14.png\n'}
[0.631556] (nav_bot) StdoutLine: {'line': b'-- Up-to-date symlink: /home/rohan/cobotx/install/nav_bot/share/nav_bot/worlds/meshes/nxt_racks/qr_output/HD-01_D_15.png\n'}
[0.631700] (nav_bot) StdoutLine: {'line': b'-- Up-to-date symlink: /home/rohan/cobotx/install/nav_bot/share/nav_bot/worlds/meshes/nxt_racks/qr_output/HD-01_D_16.png\n'}
[0.631856] (nav_bot) StdoutLine: {'line': b'-- Up-to-date symlink: /home/rohan/cobotx/install/nav_bot/share/nav_bot/worlds/meshes/nxt_racks/qr_output/HD-01_D_17.png\n'}
[0.632001] (nav_bot) StdoutLine: {'line': b'-- Up-to-date symlink: /home/rohan/cobotx/install/nav_bot/share/nav_bot/worlds/meshes/nxt_racks/qr_output/HD-01_D_18.png\n'}
[0.632140] (nav_bot) StdoutLine: {'line': b'-- Up-to-date symlink: /home/rohan/cobotx/install/nav_bot/share/nav_bot/worlds/meshes/nxt_racks/qr_output/HD-01_D_19.png\n'}
[0.632282] (nav_bot) StdoutLine: {'line': b'-- Up-to-date symlink: /home/rohan/cobotx/install/nav_bot/share/nav_bot/worlds/meshes/nxt_racks/qr_output/HD-01_D_20.png\n'}
[0.632420] (nav_bot) StdoutLine: {'line': b'-- Up-to-date symlink: /home/rohan/cobotx/install/nav_bot/share/nav_bot/worlds/meshes/nxt_racks/qr_output/HD-01_D_21.png\n'}
[0.632556] (nav_bot) StdoutLine: {'line': b'-- Up-to-date symlink: /home/rohan/cobotx/install/nav_bot/share/nav_bot/worlds/meshes/nxt_racks/qr_output/HD-01_D_22.png\n'}
[0.632709] (nav_bot) StdoutLine: {'line': b'-- Up-to-date symlink: /home/rohan/cobotx/install/nav_bot/share/nav_bot/worlds/meshes/nxt_racks/qr_output/HD-01_D_23.png\n'}
[0.632850] (nav_bot) StdoutLine: {'line': b'-- Up-to-date symlink: /home/rohan/cobotx/install/nav_bot/share/nav_bot/worlds/meshes/nxt_racks/qr_output/HD-01_D_24.png\n'}
[0.632988] (nav_bot) StdoutLine: {'line': b'-- Up-to-date symlink: /home/rohan/cobotx/install/nav_bot/share/nav_bot/worlds/meshes/nxt_racks/qr_output/HD-01_D_25.png\n'}
[0.633126] (nav_bot) StdoutLine: {'line': b'-- Up-to-date symlink: /home/rohan/cobotx/install/nav_bot/share/nav_bot/worlds/meshes/nxt_racks/qr_output/HD-01_D_26.png\n'}
[0.633264] (nav_bot) StdoutLine: {'line': b'-- Up-to-date symlink: /home/rohan/cobotx/install/nav_bot/share/nav_bot/worlds/meshes/nxt_racks/qr_output/HD-01_D_27.png\n'}
[0.633404] (nav_bot) StdoutLine: {'line': b'-- Up-to-date symlink: /home/rohan/cobotx/install/nav_bot/share/nav_bot/worlds/meshes/nxt_racks/qr_output/HD-01_D_28.png\n'}
[0.633540] (nav_bot) StdoutLine: {'line': b'-- Up-to-date symlink: /home/rohan/cobotx/install/nav_bot/share/nav_bot/worlds/meshes/nxt_racks/qr_output/HD-01_D_29.png\n'}
[0.633686] (nav_bot) StdoutLine: {'line': b'-- Up-to-date symlink: /home/rohan/cobotx/install/nav_bot/share/nav_bot/worlds/meshes/nxt_racks/qr_output/HD-01_D_30.png\n'}
[0.633832] (nav_bot) StdoutLine: {'line': b'-- Up-to-date symlink: /home/rohan/cobotx/install/nav_bot/share/nav_bot/worlds/meshes/nxt_racks/qr_output/HD-01_D_31.png\n'}
[0.633969] (nav_bot) StdoutLine: {'line': b'-- Up-to-date symlink: /home/rohan/cobotx/install/nav_bot/share/nav_bot/worlds/meshes/nxt_racks/qr_output/HD-01_D_32.png\n'}
[0.634108] (nav_bot) StdoutLine: {'line': b'-- Up-to-date symlink: /home/rohan/cobotx/install/nav_bot/share/nav_bot/worlds/meshes/nxt_racks/qr_output/HD-01_D_33.png\n'}
[0.634244] (nav_bot) StdoutLine: {'line': b'-- Up-to-date symlink: /home/rohan/cobotx/install/nav_bot/share/nav_bot/worlds/meshes/nxt_racks/qr_output/HD-01_D_34.png\n'}
[0.634381] (nav_bot) StdoutLine: {'line': b'-- Up-to-date symlink: /home/rohan/cobotx/install/nav_bot/share/nav_bot/worlds/meshes/nxt_racks/qr_output/HD-01_D_35.png\n'}
[0.634517] (nav_bot) StdoutLine: {'line': b'-- Up-to-date symlink: /home/rohan/cobotx/install/nav_bot/share/nav_bot/worlds/meshes/nxt_racks/qr_output/HD-01_D_36.png\n'}
[0.634662] (nav_bot) StdoutLine: {'line': b'-- Up-to-date symlink: /home/rohan/cobotx/install/nav_bot/share/nav_bot/worlds/meshes/nxt_racks/qr_output/HD-01_D_37.png\n'}
[0.634806] (nav_bot) StdoutLine: {'line': b'-- Up-to-date symlink: /home/rohan/cobotx/install/nav_bot/share/nav_bot/worlds/meshes/nxt_racks/qr_output/HD-01_D_38.png\n'}
[0.634945] (nav_bot) StdoutLine: {'line': b'-- Up-to-date symlink: /home/rohan/cobotx/install/nav_bot/share/nav_bot/worlds/meshes/nxt_racks/qr_output/HD-01_E_01.png\n'}
[0.635086] (nav_bot) StdoutLine: {'line': b'-- Up-to-date symlink: /home/rohan/cobotx/install/nav_bot/share/nav_bot/worlds/meshes/nxt_racks/qr_output/HD-01_E_02.png\n'}
[0.635224] (nav_bot) StdoutLine: {'line': b'-- Up-to-date symlink: /home/rohan/cobotx/install/nav_bot/share/nav_bot/worlds/meshes/nxt_racks/qr_output/HD-01_E_03.png\n'}
[0.635363] (nav_bot) StdoutLine: {'line': b'-- Up-to-date symlink: /home/rohan/cobotx/install/nav_bot/share/nav_bot/worlds/meshes/nxt_racks/qr_output/HD-01_E_04.png\n'}
[0.635500] (nav_bot) StdoutLine: {'line': b'-- Up-to-date symlink: /home/rohan/cobotx/install/nav_bot/share/nav_bot/worlds/meshes/nxt_racks/qr_output/HD-01_E_05.png\n'}
[0.635639] (nav_bot) StdoutLine: {'line': b'-- Up-to-date symlink: /home/rohan/cobotx/install/nav_bot/share/nav_bot/worlds/meshes/nxt_racks/qr_output/HD-01_E_06.png\n'}
[0.635790] (nav_bot) StdoutLine: {'line': b'-- Up-to-date symlink: /home/rohan/cobotx/install/nav_bot/share/nav_bot/worlds/meshes/nxt_racks/qr_output/HD-01_E_07.png\n'}
[0.635943] (nav_bot) StdoutLine: {'line': b'-- Up-to-date symlink: /home/rohan/cobotx/install/nav_bot/share/nav_bot/worlds/meshes/nxt_racks/qr_output/HD-01_E_08.png\n'}
[0.636082] (nav_bot) StdoutLine: {'line': b'-- Up-to-date symlink: /home/rohan/cobotx/install/nav_bot/share/nav_bot/worlds/meshes/nxt_racks/qr_output/HD-01_E_09.png\n'}
[0.636218] (nav_bot) StdoutLine: {'line': b'-- Up-to-date symlink: /home/rohan/cobotx/install/nav_bot/share/nav_bot/worlds/meshes/nxt_racks/qr_output/HD-01_E_10.png\n'}
[0.636356] (nav_bot) StdoutLine: {'line': b'-- Up-to-date symlink: /home/rohan/cobotx/install/nav_bot/share/nav_bot/worlds/meshes/nxt_racks/qr_output/HD-01_E_11.png\n'}
[0.636494] (nav_bot) StdoutLine: {'line': b'-- Up-to-date symlink: /home/rohan/cobotx/install/nav_bot/share/nav_bot/worlds/meshes/nxt_racks/qr_output/HD-01_E_12.png\n'}
[0.636636] (nav_bot) StdoutLine: {'line': b'-- Up-to-date symlink: /home/rohan/cobotx/install/nav_bot/share/nav_bot/worlds/meshes/nxt_racks/qr_output/HD-01_E_13.png\n'}
[0.636778] (nav_bot) StdoutLine: {'line': b'-- Up-to-date symlink: /home/rohan/cobotx/install/nav_bot/share/nav_bot/worlds/meshes/nxt_racks/qr_output/HD-01_E_14.png\n'}
[0.636916] (nav_bot) StdoutLine: {'line': b'-- Up-to-date symlink: /home/rohan/cobotx/install/nav_bot/share/nav_bot/worlds/meshes/nxt_racks/qr_output/HD-01_E_15.png\n'}
[0.637058] (nav_bot) StdoutLine: {'line': b'-- Up-to-date symlink: /home/rohan/cobotx/install/nav_bot/share/nav_bot/worlds/meshes/nxt_racks/qr_output/HD-01_E_16.png\n'}
[0.637204] (nav_bot) StdoutLine: {'line': b'-- Up-to-date symlink: /home/rohan/cobotx/install/nav_bot/share/nav_bot/worlds/meshes/nxt_racks/qr_output/HD-01_E_17.png\n'}
[0.637344] (nav_bot) StdoutLine: {'line': b'-- Up-to-date symlink: /home/rohan/cobotx/install/nav_bot/share/nav_bot/worlds/meshes/nxt_racks/qr_output/HD-01_E_18.png\n'}
[0.637484] (nav_bot) StdoutLine: {'line': b'-- Up-to-date symlink: /home/rohan/cobotx/install/nav_bot/share/nav_bot/worlds/meshes/nxt_racks/qr_output/HD-01_E_19.png\n'}
[0.637629] (nav_bot) StdoutLine: {'line': b'-- Up-to-date symlink: /home/rohan/cobotx/install/nav_bot/share/nav_bot/worlds/meshes/nxt_racks/qr_output/HD-01_E_20.png\n'}
[0.637771] (nav_bot) StdoutLine: {'line': b'-- Up-to-date symlink: /home/rohan/cobotx/install/nav_bot/share/nav_bot/worlds/meshes/nxt_racks/qr_output/HD-01_E_21.png\n'}
[0.637908] (nav_bot) StdoutLine: {'line': b'-- Up-to-date symlink: /home/rohan/cobotx/install/nav_bot/share/nav_bot/worlds/meshes/nxt_racks/qr_output/HD-01_E_22.png\n'}
[0.638046] (nav_bot) StdoutLine: {'line': b'-- Up-to-date symlink: /home/rohan/cobotx/install/nav_bot/share/nav_bot/worlds/meshes/nxt_racks/qr_output/HD-01_E_23.png\n'}
[0.638183] (nav_bot) StdoutLine: {'line': b'-- Up-to-date symlink: /home/rohan/cobotx/install/nav_bot/share/nav_bot/worlds/meshes/nxt_racks/qr_output/HD-01_E_24.png\n'}
[0.638324] (nav_bot) StdoutLine: {'line': b'-- Up-to-date symlink: /home/rohan/cobotx/install/nav_bot/share/nav_bot/worlds/meshes/nxt_racks/qr_output/HD-01_E_25.png\n'}
[0.638466] (nav_bot) StdoutLine: {'line': b'-- Up-to-date symlink: /home/rohan/cobotx/install/nav_bot/share/nav_bot/worlds/meshes/nxt_racks/qr_output/HD-01_E_26.png\n'}
[0.638610] (nav_bot) StdoutLine: {'line': b'-- Up-to-date symlink: /home/rohan/cobotx/install/nav_bot/share/nav_bot/worlds/meshes/nxt_racks/qr_output/HD-01_E_27.png\n'}
[0.638773] (nav_bot) StdoutLine: {'line': b'-- Up-to-date symlink: /home/rohan/cobotx/install/nav_bot/share/nav_bot/worlds/meshes/nxt_racks/qr_output/HD-01_E_28.png\n'}
[0.638910] (nav_bot) StdoutLine: {'line': b'-- Up-to-date symlink: /home/rohan/cobotx/install/nav_bot/share/nav_bot/worlds/meshes/nxt_racks/qr_output/HD-01_E_29.png\n'}
[0.639054] (nav_bot) StdoutLine: {'line': b'-- Up-to-date symlink: /home/rohan/cobotx/install/nav_bot/share/nav_bot/worlds/meshes/nxt_racks/qr_output/HD-01_E_30.png\n'}
[0.639191] (nav_bot) StdoutLine: {'line': b'-- Up-to-date symlink: /home/rohan/cobotx/install/nav_bot/share/nav_bot/worlds/meshes/nxt_racks/qr_output/HD-01_E_31.png\n'}
[0.639332] (nav_bot) StdoutLine: {'line': b'-- Up-to-date symlink: /home/rohan/cobotx/install/nav_bot/share/nav_bot/worlds/meshes/nxt_racks/qr_output/HD-01_E_32.png\n'}
[0.639473] (nav_bot) StdoutLine: {'line': b'-- Up-to-date symlink: /home/rohan/cobotx/install/nav_bot/share/nav_bot/worlds/meshes/nxt_racks/qr_output/HD-01_E_33.png\n'}
[0.639611] (nav_bot) StdoutLine: {'line': b'-- Up-to-date symlink: /home/rohan/cobotx/install/nav_bot/share/nav_bot/worlds/meshes/nxt_racks/qr_output/HD-01_E_34.png\n'}
[0.639768] (nav_bot) StdoutLine: {'line': b'-- Up-to-date symlink: /home/rohan/cobotx/install/nav_bot/share/nav_bot/worlds/meshes/nxt_racks/qr_output/HD-01_E_35.png\n'}
[0.639910] (nav_bot) StdoutLine: {'line': b'-- Up-to-date symlink: /home/rohan/cobotx/install/nav_bot/share/nav_bot/worlds/meshes/nxt_racks/qr_output/HD-01_E_36.png\n'}
[0.640047] (nav_bot) StdoutLine: {'line': b'-- Up-to-date symlink: /home/rohan/cobotx/install/nav_bot/share/nav_bot/worlds/meshes/nxt_racks/qr_output/HD-01_E_37.png\n'}
[0.640184] (nav_bot) StdoutLine: {'line': b'-- Up-to-date symlink: /home/rohan/cobotx/install/nav_bot/share/nav_bot/worlds/meshes/nxt_racks/qr_output/HD-01_E_38.png\n'}
[0.640323] (nav_bot) StdoutLine: {'line': b'-- Up-to-date symlink: /home/rohan/cobotx/install/nav_bot/share/nav_bot/worlds/meshes/nxt_racks/qr_output/HD-01_F_01.png\n'}
[0.640459] (nav_bot) StdoutLine: {'line': b'-- Up-to-date symlink: /home/rohan/cobotx/install/nav_bot/share/nav_bot/worlds/meshes/nxt_racks/qr_output/HD-01_F_02.png\n'}
[0.640600] (nav_bot) StdoutLine: {'line': b'-- Up-to-date symlink: /home/rohan/cobotx/install/nav_bot/share/nav_bot/worlds/meshes/nxt_racks/qr_output/HD-01_F_03.png\n'}
[0.640741] (nav_bot) StdoutLine: {'line': b'-- Up-to-date symlink: /home/rohan/cobotx/install/nav_bot/share/nav_bot/worlds/meshes/nxt_racks/qr_output/HD-01_F_04.png\n'}
[0.640885] (nav_bot) StdoutLine: {'line': b'-- Up-to-date symlink: /home/rohan/cobotx/install/nav_bot/share/nav_bot/worlds/meshes/nxt_racks/qr_output/HD-01_F_05.png\n'}
[0.641028] (nav_bot) StdoutLine: {'line': b'-- Up-to-date symlink: /home/rohan/cobotx/install/nav_bot/share/nav_bot/worlds/meshes/nxt_racks/qr_output/HD-01_F_06.png\n'}
[0.641169] (nav_bot) StdoutLine: {'line': b'-- Up-to-date symlink: /home/rohan/cobotx/install/nav_bot/share/nav_bot/worlds/meshes/nxt_racks/qr_output/HD-01_F_07.png\n'}
[0.641309] (nav_bot) StdoutLine: {'line': b'-- Up-to-date symlink: /home/rohan/cobotx/install/nav_bot/share/nav_bot/worlds/meshes/nxt_racks/qr_output/HD-01_F_08.png\n'}
[0.641447] (nav_bot) StdoutLine: {'line': b'-- Up-to-date symlink: /home/rohan/cobotx/install/nav_bot/share/nav_bot/worlds/meshes/nxt_racks/qr_output/HD-01_F_09.png\n'}
[0.641584] (nav_bot) StdoutLine: {'line': b'-- Up-to-date symlink: /home/rohan/cobotx/install/nav_bot/share/nav_bot/worlds/meshes/nxt_racks/qr_output/HD-01_F_10.png\n'}
[0.641728] (nav_bot) StdoutLine: {'line': b'-- Up-to-date symlink: /home/rohan/cobotx/install/nav_bot/share/nav_bot/worlds/meshes/nxt_racks/qr_output/HD-01_F_11.png\n'}
[0.641869] (nav_bot) StdoutLine: {'line': b'-- Up-to-date symlink: /home/rohan/cobotx/install/nav_bot/share/nav_bot/worlds/meshes/nxt_racks/qr_output/HD-01_F_12.png\n'}
[0.642010] (nav_bot) StdoutLine: {'line': b'-- Up-to-date symlink: /home/rohan/cobotx/install/nav_bot/share/nav_bot/worlds/meshes/nxt_racks/qr_output/HD-01_F_13.png\n'}
[0.642153] (nav_bot) StdoutLine: {'line': b'-- Up-to-date symlink: /home/rohan/cobotx/install/nav_bot/share/nav_bot/worlds/meshes/nxt_racks/qr_output/HD-01_F_14.png\n'}
[0.642295] (nav_bot) StdoutLine: {'line': b'-- Up-to-date symlink: /home/rohan/cobotx/install/nav_bot/share/nav_bot/worlds/meshes/nxt_racks/qr_output/HD-01_F_15.png\n'}
[0.642436] (nav_bot) StdoutLine: {'line': b'-- Up-to-date symlink: /home/rohan/cobotx/install/nav_bot/share/nav_bot/worlds/meshes/nxt_racks/qr_output/HD-01_F_16.png\n'}
[0.642572] (nav_bot) StdoutLine: {'line': b'-- Up-to-date symlink: /home/rohan/cobotx/install/nav_bot/share/nav_bot/worlds/meshes/nxt_racks/qr_output/HD-01_F_17.png\n'}
[0.642861] (nav_bot) StdoutLine: {'line': b'-- Up-to-date symlink: /home/rohan/cobotx/install/nav_bot/share/nav_bot/worlds/meshes/nxt_racks/qr_output/HD-01_F_18.png\n'}
[0.643144] (nav_bot) StdoutLine: {'line': b'-- Up-to-date symlink: /home/rohan/cobotx/install/nav_bot/share/nav_bot/worlds/meshes/nxt_racks/qr_output/HD-01_F_19.png\n'}
[0.643430] (nav_bot) StdoutLine: {'line': b'-- Up-to-date symlink: /home/rohan/cobotx/install/nav_bot/share/nav_bot/worlds/meshes/nxt_racks/qr_output/HD-01_F_20.png\n'}
[0.643724] (nav_bot) StdoutLine: {'line': b'-- Up-to-date symlink: /home/rohan/cobotx/install/nav_bot/share/nav_bot/worlds/meshes/nxt_racks/qr_output/HD-01_F_21.png\n'}
[0.643965] (nav_bot) StdoutLine: {'line': b'-- Up-to-date symlink: /home/rohan/cobotx/install/nav_bot/share/nav_bot/worlds/meshes/nxt_racks/qr_output/HD-01_F_22.png\n'}
[0.644227] (nav_bot) StdoutLine: {'line': b'-- Up-to-date symlink: /home/rohan/cobotx/install/nav_bot/share/nav_bot/worlds/meshes/nxt_racks/qr_output/HD-01_F_23.png\n'}
[0.644463] (nav_bot) StdoutLine: {'line': b'-- Up-to-date symlink: /home/rohan/cobotx/install/nav_bot/share/nav_bot/worlds/meshes/nxt_racks/qr_output/HD-01_F_24.png\n'}
[0.644698] (nav_bot) StdoutLine: {'line': b'-- Up-to-date symlink: /home/rohan/cobotx/install/nav_bot/share/nav_bot/worlds/meshes/nxt_racks/qr_output/HD-01_F_25.png\n'}
[0.644938] (nav_bot) StdoutLine: {'line': b'-- Up-to-date symlink: /home/rohan/cobotx/install/nav_bot/share/nav_bot/worlds/meshes/nxt_racks/qr_output/HD-01_F_26.png\n'}
[0.645172] (nav_bot) StdoutLine: {'line': b'-- Up-to-date symlink: /home/rohan/cobotx/install/nav_bot/share/nav_bot/worlds/meshes/nxt_racks/qr_output/HD-01_F_27.png\n'}
[0.645405] (nav_bot) StdoutLine: {'line': b'-- Up-to-date symlink: /home/rohan/cobotx/install/nav_bot/share/nav_bot/worlds/meshes/nxt_racks/qr_output/HD-01_F_28.png\n'}
[0.645578] (nav_bot) StdoutLine: {'line': b'-- Up-to-date symlink: /home/rohan/cobotx/install/nav_bot/share/nav_bot/worlds/meshes/nxt_racks/qr_output/HD-01_F_29.png\n'}
[0.645718] (nav_bot) StdoutLine: {'line': b'-- Up-to-date symlink: /home/rohan/cobotx/install/nav_bot/share/nav_bot/worlds/meshes/nxt_racks/qr_output/HD-01_F_30.png\n'}
[0.645859] (nav_bot) StdoutLine: {'line': b'-- Up-to-date symlink: /home/rohan/cobotx/install/nav_bot/share/nav_bot/worlds/meshes/nxt_racks/qr_output/HD-01_F_31.png\n'}
[0.646001] (nav_bot) StdoutLine: {'line': b'-- Up-to-date symlink: /home/rohan/cobotx/install/nav_bot/share/nav_bot/worlds/meshes/nxt_racks/qr_output/HD-01_F_32.png\n'}
[0.646142] (nav_bot) StdoutLine: {'line': b'-- Up-to-date symlink: /home/rohan/cobotx/install/nav_bot/share/nav_bot/worlds/meshes/nxt_racks/qr_output/HD-01_F_33.png\n'}
[0.646279] (nav_bot) StdoutLine: {'line': b'-- Up-to-date symlink: /home/rohan/cobotx/install/nav_bot/share/nav_bot/worlds/meshes/nxt_racks/qr_output/HD-01_F_34.png\n'}
[0.646418] (nav_bot) StdoutLine: {'line': b'-- Up-to-date symlink: /home/rohan/cobotx/install/nav_bot/share/nav_bot/worlds/meshes/nxt_racks/qr_output/HD-01_F_35.png\n'}
[0.646561] (nav_bot) StdoutLine: {'line': b'-- Up-to-date symlink: /home/rohan/cobotx/install/nav_bot/share/nav_bot/worlds/meshes/nxt_racks/qr_output/HD-01_F_36.png\n'}
[0.646710] (nav_bot) StdoutLine: {'line': b'-- Up-to-date symlink: /home/rohan/cobotx/install/nav_bot/share/nav_bot/worlds/meshes/nxt_racks/qr_output/HD-01_F_37.png\n'}
[0.646854] (nav_bot) StdoutLine: {'line': b'-- Up-to-date symlink: /home/rohan/cobotx/install/nav_bot/share/nav_bot/worlds/meshes/nxt_racks/qr_output/HD-01_F_38.png\n'}
[0.646998] (nav_bot) StdoutLine: {'line': b'-- Up-to-date symlink: /home/rohan/cobotx/install/nav_bot/share/nav_bot/worlds/meshes/nxt_racks/qr_output/HD-01_G_01.png\n'}
[0.647137] (nav_bot) StdoutLine: {'line': b'-- Up-to-date symlink: /home/rohan/cobotx/install/nav_bot/share/nav_bot/worlds/meshes/nxt_racks/qr_output/HD-01_G_02.png\n'}
[0.647275] (nav_bot) StdoutLine: {'line': b'-- Up-to-date symlink: /home/rohan/cobotx/install/nav_bot/share/nav_bot/worlds/meshes/nxt_racks/qr_output/HD-01_G_03.png\n'}
[0.647413] (nav_bot) StdoutLine: {'line': b'-- Up-to-date symlink: /home/rohan/cobotx/install/nav_bot/share/nav_bot/worlds/meshes/nxt_racks/qr_output/HD-01_G_04.png\n'}
[0.647549] (nav_bot) StdoutLine: {'line': b'-- Up-to-date symlink: /home/rohan/cobotx/install/nav_bot/share/nav_bot/worlds/meshes/nxt_racks/qr_output/HD-01_G_05.png\n'}
[0.647696] (nav_bot) StdoutLine: {'line': b'-- Up-to-date symlink: /home/rohan/cobotx/install/nav_bot/share/nav_bot/worlds/meshes/nxt_racks/qr_output/HD-01_G_06.png\n'}
[0.647840] (nav_bot) StdoutLine: {'line': b'-- Up-to-date symlink: /home/rohan/cobotx/install/nav_bot/share/nav_bot/worlds/meshes/nxt_racks/qr_output/HD-01_G_07.png\n'}
[0.648063] (nav_bot) StdoutLine: {'line': b'-- Up-to-date symlink: /home/rohan/cobotx/install/nav_bot/share/nav_bot/worlds/meshes/nxt_racks/qr_output/HD-01_G_08.png\n'}
[0.648202] (nav_bot) StdoutLine: {'line': b'-- Up-to-date symlink: /home/rohan/cobotx/install/nav_bot/share/nav_bot/worlds/meshes/nxt_racks/qr_output/HD-01_G_09.png\n'}
[0.648341] (nav_bot) StdoutLine: {'line': b'-- Up-to-date symlink: /home/rohan/cobotx/install/nav_bot/share/nav_bot/worlds/meshes/nxt_racks/qr_output/HD-01_G_10.png\n'}
[0.648481] (nav_bot) StdoutLine: {'line': b'-- Up-to-date symlink: /home/rohan/cobotx/install/nav_bot/share/nav_bot/worlds/meshes/nxt_racks/qr_output/HD-01_G_11.png\n'}
[0.648626] (nav_bot) StdoutLine: {'line': b'-- Up-to-date symlink: /home/rohan/cobotx/install/nav_bot/share/nav_bot/worlds/meshes/nxt_racks/qr_output/HD-01_G_12.png\n'}
[0.648768] (nav_bot) StdoutLine: {'line': b'-- Up-to-date symlink: /home/rohan/cobotx/install/nav_bot/share/nav_bot/worlds/meshes/nxt_racks/qr_output/HD-01_G_13.png\n'}
[0.648905] (nav_bot) StdoutLine: {'line': b'-- Up-to-date symlink: /home/rohan/cobotx/install/nav_bot/share/nav_bot/worlds/meshes/nxt_racks/qr_output/HD-01_G_14.png\n'}
[0.649044] (nav_bot) StdoutLine: {'line': b'-- Up-to-date symlink: /home/rohan/cobotx/install/nav_bot/share/nav_bot/worlds/meshes/nxt_racks/qr_output/HD-01_G_15.png\n'}
[0.649183] (nav_bot) StdoutLine: {'line': b'-- Up-to-date symlink: /home/rohan/cobotx/install/nav_bot/share/nav_bot/worlds/meshes/nxt_racks/qr_output/HD-01_G_16.png\n'}
[0.649327] (nav_bot) StdoutLine: {'line': b'-- Up-to-date symlink: /home/rohan/cobotx/install/nav_bot/share/nav_bot/worlds/meshes/nxt_racks/qr_output/HD-01_G_17.png\n'}
[0.649471] (nav_bot) StdoutLine: {'line': b'-- Up-to-date symlink: /home/rohan/cobotx/install/nav_bot/share/nav_bot/worlds/meshes/nxt_racks/qr_output/HD-01_G_18.png\n'}
[0.649613] (nav_bot) StdoutLine: {'line': b'-- Up-to-date symlink: /home/rohan/cobotx/install/nav_bot/share/nav_bot/worlds/meshes/nxt_racks/qr_output/HD-01_G_19.png\n'}
[0.649762] (nav_bot) StdoutLine: {'line': b'-- Up-to-date symlink: /home/rohan/cobotx/install/nav_bot/share/nav_bot/worlds/meshes/nxt_racks/qr_output/HD-01_G_20.png\n'}
[0.649905] (nav_bot) StdoutLine: {'line': b'-- Up-to-date symlink: /home/rohan/cobotx/install/nav_bot/share/nav_bot/worlds/meshes/nxt_racks/qr_output/HD-01_G_21.png\n'}
[0.650047] (nav_bot) StdoutLine: {'line': b'-- Up-to-date symlink: /home/rohan/cobotx/install/nav_bot/share/nav_bot/worlds/meshes/nxt_racks/qr_output/HD-01_G_22.png\n'}
[0.650186] (nav_bot) StdoutLine: {'line': b'-- Up-to-date symlink: /home/rohan/cobotx/install/nav_bot/share/nav_bot/worlds/meshes/nxt_racks/qr_output/HD-01_G_23.png\n'}
[0.650325] (nav_bot) StdoutLine: {'line': b'-- Up-to-date symlink: /home/rohan/cobotx/install/nav_bot/share/nav_bot/worlds/meshes/nxt_racks/qr_output/HD-01_G_24.png\n'}
[0.650464] (nav_bot) StdoutLine: {'line': b'-- Up-to-date symlink: /home/rohan/cobotx/install/nav_bot/share/nav_bot/worlds/meshes/nxt_racks/qr_output/HD-01_G_25.png\n'}
[0.650608] (nav_bot) StdoutLine: {'line': b'-- Up-to-date symlink: /home/rohan/cobotx/install/nav_bot/share/nav_bot/worlds/meshes/nxt_racks/qr_output/HD-01_G_26.png\n'}
[0.650756] (nav_bot) StdoutLine: {'line': b'-- Up-to-date symlink: /home/rohan/cobotx/install/nav_bot/share/nav_bot/worlds/meshes/nxt_racks/qr_output/HD-01_G_27.png\n'}
[0.650895] (nav_bot) StdoutLine: {'line': b'-- Up-to-date symlink: /home/rohan/cobotx/install/nav_bot/share/nav_bot/worlds/meshes/nxt_racks/qr_output/HD-01_G_28.png\n'}
[0.651035] (nav_bot) StdoutLine: {'line': b'-- Up-to-date symlink: /home/rohan/cobotx/install/nav_bot/share/nav_bot/worlds/meshes/nxt_racks/qr_output/HD-01_G_29.png\n'}
[0.651180] (nav_bot) StdoutLine: {'line': b'-- Up-to-date symlink: /home/rohan/cobotx/install/nav_bot/share/nav_bot/worlds/meshes/nxt_racks/qr_output/HD-01_G_30.png\n'}
[0.651318] (nav_bot) StdoutLine: {'line': b'-- Up-to-date symlink: /home/rohan/cobotx/install/nav_bot/share/nav_bot/worlds/meshes/nxt_racks/qr_output/HD-01_G_31.png\n'}
[0.651457] (nav_bot) StdoutLine: {'line': b'-- Up-to-date symlink: /home/rohan/cobotx/install/nav_bot/share/nav_bot/worlds/meshes/nxt_racks/qr_output/HD-01_G_32.png\n'}
[0.651597] (nav_bot) StdoutLine: {'line': b'-- Up-to-date symlink: /home/rohan/cobotx/install/nav_bot/share/nav_bot/worlds/meshes/nxt_racks/qr_output/HD-01_G_33.png\n'}
[0.651748] (nav_bot) StdoutLine: {'line': b'-- Up-to-date symlink: /home/rohan/cobotx/install/nav_bot/share/nav_bot/worlds/meshes/nxt_racks/qr_output/HD-01_G_34.png\n'}
[0.651893] (nav_bot) StdoutLine: {'line': b'-- Up-to-date symlink: /home/rohan/cobotx/install/nav_bot/share/nav_bot/worlds/meshes/nxt_racks/qr_output/HD-01_G_35.png\n'}
[0.652037] (nav_bot) StdoutLine: {'line': b'-- Up-to-date symlink: /home/rohan/cobotx/install/nav_bot/share/nav_bot/worlds/meshes/nxt_racks/qr_output/HD-01_G_36.png\n'}
[0.652178] (nav_bot) StdoutLine: {'line': b'-- Up-to-date symlink: /home/rohan/cobotx/install/nav_bot/share/nav_bot/worlds/meshes/nxt_racks/qr_output/HD-01_G_37.png\n'}
[0.652321] (nav_bot) StdoutLine: {'line': b'-- Up-to-date symlink: /home/rohan/cobotx/install/nav_bot/share/nav_bot/worlds/meshes/nxt_racks/qr_output/HD-01_G_38.png\n'}
[0.652461] (nav_bot) StdoutLine: {'line': b'-- Up-to-date symlink: /home/rohan/cobotx/install/nav_bot/share/nav_bot/worlds/meshes/nxt_racks/rack.dae\n'}
[0.652596] (nav_bot) StdoutLine: {'line': b'-- Up-to-date symlink: /home/rohan/cobotx/install/nav_bot/share/nav_bot/worlds/meshes/nxt_racks/right.png\n'}
[0.652695] (nav_bot) StdoutLine: {'line': b'-- Up-to-date symlink: /home/rohan/cobotx/install/nav_bot/share/nav_bot/worlds/obstacle_world.sdf\n'}
[0.652788] (nav_bot) StdoutLine: {'line': b'-- Up-to-date symlink: /home/rohan/cobotx/install/nav_bot/share/nav_bot/worlds/office_world.sdf\n'}
[0.652875] (nav_bot) StdoutLine: {'line': b'-- Up-to-date symlink: /home/rohan/cobotx/install/nav_bot/share/nav_bot/worlds/small_house_world.sdf\n'}
[0.652969] (nav_bot) StdoutLine: {'line': b'-- Up-to-date symlink: /home/rohan/cobotx/install/nav_bot/share/nav_bot/worlds/warehouse.sdf\n'}
[0.653055] (nav_bot) StdoutLine: {'line': b'-- Up-to-date symlink: /home/rohan/cobotx/install/nav_bot/share/nav_bot/worlds/warehouse_1.sdf\n'}
[0.653326] (nav_bot) StdoutLine: {'line': b'-- Up-to-date symlink: /home/rohan/cobotx/install/nav_bot/share/nav_bot/environment/pythonpath.sh\n'}
[0.653488] (nav_bot) StdoutLine: {'line': b'-- Up-to-date symlink: /home/rohan/cobotx/install/nav_bot/share/nav_bot/environment/pythonpath.dsv\n'}
[0.653768] (nav_bot) StdoutLine: {'line': b'-- Up-to-date symlink: /home/rohan/cobotx/install/nav_bot/local/lib/python3.10/dist-packages/scripts-0.0.0-py3.10.egg-info/PKG-INFO\n'}
[0.653908] (nav_bot) StdoutLine: {'line': b'-- Up-to-date symlink: /home/rohan/cobotx/install/nav_bot/local/lib/python3.10/dist-packages/scripts-0.0.0-py3.10.egg-info/SOURCES.txt\n'}
[0.654042] (nav_bot) StdoutLine: {'line': b'-- Up-to-date symlink: /home/rohan/cobotx/install/nav_bot/local/lib/python3.10/dist-packages/scripts-0.0.0-py3.10.egg-info/dependency_links.txt\n'}
[0.654176] (nav_bot) StdoutLine: {'line': b'-- Up-to-date symlink: /home/rohan/cobotx/install/nav_bot/local/lib/python3.10/dist-packages/scripts-0.0.0-py3.10.egg-info/top_level.txt\n'}
[0.654517] (nav_bot) StdoutLine: {'line': b'-- Up-to-date symlink: /home/rohan/cobotx/install/nav_bot/local/lib/python3.10/dist-packages/scripts/__init__.py\n'}
[0.654652] (nav_bot) StdoutLine: {'line': b'-- Up-to-date symlink: /home/rohan/cobotx/install/nav_bot/local/lib/python3.10/dist-packages/scripts/multi_robot_teleop.py\n'}
[0.654747] (nav_bot) StdoutLine: {'line': b'-- Up-to-date symlink: /home/rohan/cobotx/install/nav_bot/local/lib/python3.10/dist-packages/scripts/object_detection.py\n'}
[0.654837] (nav_bot) StdoutLine: {'line': b'-- Up-to-date symlink: /home/rohan/cobotx/install/nav_bot/local/lib/python3.10/dist-packages/scripts/utils.py\n'}
[0.655031] (nav_bot) StdoutLine: {'line': b'-- Up-to-date symlink: /home/rohan/cobotx/install/nav_bot/lib/nav_bot/multi_robot_teleop.py\n'}
[0.655124] (nav_bot) StdoutLine: {'line': b'-- Up-to-date symlink: /home/rohan/cobotx/install/nav_bot/lib/nav_bot/object_detection.py\n'}
[0.655260] (nav_bot) StdoutLine: {'line': b'-- Up-to-date symlink: /home/rohan/cobotx/install/nav_bot/share/ament_index/resource_index/package_run_dependencies/nav_bot\n'}
[0.655464] (nav_bot) StdoutLine: {'line': b'-- Up-to-date symlink: /home/rohan/cobotx/install/nav_bot/share/ament_index/resource_index/parent_prefix_path/nav_bot\n'}
[0.655672] (nav_bot) StdoutLine: {'line': b'-- Up-to-date symlink: /home/rohan/cobotx/install/nav_bot/share/nav_bot/environment/ament_prefix_path.sh\n'}
[0.655847] (nav_bot) StdoutLine: {'line': b'-- Up-to-date symlink: /home/rohan/cobotx/install/nav_bot/share/nav_bot/environment/ament_prefix_path.dsv\n'}
[0.656005] (nav_bot) StdoutLine: {'line': b'-- Up-to-date symlink: /home/rohan/cobotx/install/nav_bot/share/nav_bot/environment/path.sh\n'}
[0.656156] (nav_bot) StdoutLine: {'line': b'-- Up-to-date symlink: /home/rohan/cobotx/install/nav_bot/share/nav_bot/environment/path.dsv\n'}
[0.656307] (nav_bot) StdoutLine: {'line': b'-- Up-to-date symlink: /home/rohan/cobotx/install/nav_bot/share/nav_bot/local_setup.bash\n'}
[0.656466] (nav_bot) StdoutLine: {'line': b'-- Up-to-date symlink: /home/rohan/cobotx/install/nav_bot/share/nav_bot/local_setup.sh\n'}
[0.656613] (nav_bot) StdoutLine: {'line': b'-- Up-to-date symlink: /home/rohan/cobotx/install/nav_bot/share/nav_bot/local_setup.zsh\n'}
[0.656777] (nav_bot) StdoutLine: {'line': b'-- Up-to-date symlink: /home/rohan/cobotx/install/nav_bot/share/nav_bot/local_setup.dsv\n'}
[0.656863] (nav_bot) StdoutLine: {'line': b'-- Symlinking: /home/rohan/cobotx/install/nav_bot/share/nav_bot/package.dsv\n'}
[0.667202] (nav_bot) StdoutLine: {'line': b'-- Up-to-date symlink: /home/rohan/cobotx/install/nav_bot/share/ament_index/resource_index/packages/nav_bot\n'}
[0.667441] (nav_bot) StdoutLine: {'line': b'-- Up-to-date symlink: /home/rohan/cobotx/install/nav_bot/share/nav_bot/cmake/nav_botConfig.cmake\n'}
[0.667582] (nav_bot) StdoutLine: {'line': b'-- Up-to-date symlink: /home/rohan/cobotx/install/nav_bot/share/nav_bot/cmake/nav_botConfig-version.cmake\n'}
[0.667748] (nav_bot) StdoutLine: {'line': b'-- Up-to-date symlink: /home/rohan/cobotx/install/nav_bot/share/nav_bot/package.xml\n'}
[0.695482] (nav_bot) StdoutLine: {'line': b"Listing '/home/rohan/cobotx/install/nav_bot/local/lib/python3.10/dist-packages/scripts'...\n"}
[0.700437] (-) TimerEvent: {}
[0.701064] (nav_bot) CommandEnded: {'returncode': 0}
[0.732246] (nav_bot) JobEnded: {'identifier': 'nav_bot', 'rc': 0}
[0.732872] (-) EventReactorShutdown: {}
